NDVI,NDWI,Elevation,Rainfall,LandCover,Distance_From_River,Label,Feature_Year,Prediction_Year,Latitude,Longitude
-0.19337979,0.43120393,188,1817.8675085306168,0,0.0,0,2018,2019,21.582788268963004,83.87753962457217
0.4609019,-0.47812712,177,1837.575457572937,4,1060.6601717798212,0,2018,2019,21.54245391270604,84.09232680900514
0.47769028,-0.50083303,167,1883.515177965164,4,875.956619930462,0,2018,2019,21.46528862980017,84.03923637571368
-0.25685117,0.46077368,188,1879.656286597252,0,0.0,0,2018,2019,21.569313539701213,83.97312037080248
0.6929939,-0.64215773,182,1864.4806005470452,1,934.3446901438462,0,2018,2019,21.47121751067536,83.98515779560968
0.15188399,-0.24733596,153,1811.7444865852597,4,44.7213595499958,0,2018,2019,21.399621782531035,83.9049382407378
0.4506584,-0.51963645,189,1799.8032282292843,1,389.48684188300894,0,2018,2019,21.380308003922465,84.17137855400766
0.2596554,-0.31840795,151,1864.4806005470452,1,461.7358552246078,0,2018,2019,21.460886884907985,83.99917151404195
0.3032768,-0.3757019,161,1824.735069680493,4,362.3534186398688,0,2018,2019,21.46888189093665,83.9273961228408
0.7692308,-0.6513635,215,1863.3773620426653,1,663.0987860040161,0,2018,2019,21.48909398482934,84.18305665270121
0.72925174,-0.6292591,218,1777.1123813986778,1,630.3173803727769,0,2018,2019,21.58736967691201,84.11217957678419
0.53261393,-0.5368217,169,1821.555781364441,1,1280.0,0,2018,2019,21.509126415665204,84.04795003396964
0.26672536,-0.41494593,175,1750.1960060186684,1,716.9379331573969,0,2018,2019,21.394501385411555,84.03375665248055
0.59855115,-0.5668639,159,1883.515177965164,1,1280.0,0,2018,2019,21.489902468585047,84.00276477517842
0.34787473,-0.440526,161,1865.214292049408,5,215.40659228538016,0,2018,2019,21.477146391550548,84.08720641188566
0.6559723,-0.6028972,191,1877.1579506397247,1,494.06477308142496,0,2018,2019,21.53230294999549,84.10391507617028
0.741822,-0.66734004,294,1811.028529509902,1,1280.0,0,2018,2019,21.409413419127937,84.08765556952773
-0.2170754,0.44601542,188,1817.8675085306168,0,0.0,0,2018,2019,21.5692237081728,83.86990394465715
0.704296,-0.60592514,153,1821.555781364441,1,419.7618372363071,0,2018,2019,21.507419616625377,84.03133120121343
0.28014505,-0.35965335,161,1877.4567596316335,4,666.1080993352356,0,2018,2019,21.44166293782783,84.04633306645822
0.4743025,-0.52236545,210,1748.453401837498,1,192.09372712298543,0,2018,2019,21.357760290291065,84.08127753101047
0.61924326,-0.61564744,201,1799.8032282292843,1,315.75306807693886,0,2018,2019,21.363419676581017,84.15422073208097
0.52434915,-0.5579903,174,1806.7297364473343,4,322.80024783137947,0,2018,2019,21.551347234018824,84.08118769948206
0.17961437,-0.31554762,158,1830.1350152492523,5,398.4971769034255,0,2018,2019,21.413366006378062,83.91652650790296
0.31426644,-0.44628724,196,1879.656286597252,4,434.1658669218482,0,2018,2019,21.55583881043942,83.97222205551836
0.7221784,-0.6778162,324,1748.453401837498,1,1280.0,0,2018,2019,21.36575529631973,84.06241291004396
0.4033873,-0.45509368,198,1841.7995253801344,5,134.53624047073708,0,2018,2019,21.565810110093143,83.94464377629589
-0.25825244,0.507732,188,1808.514024615288,0,0.0,0,2018,2019,21.53113514012613,83.86505304212291
0.19815364,-0.28047922,166,1865.214292049408,6,986.0020283954794,0,2018,2019,21.450286764555376,84.06079594253255
0.68582374,-0.6210526,197,1791.6786192953589,1,399.6248240537617,0,2018,2019,21.366563780075435,84.14820201967738
0.503305,-0.484613,167,1865.214292049408,4,644.0496875241847,0,2018,2019,21.485231229107622,84.08864371634026
0.4120735,-0.4293305,158,1862.205259859562,1,1022.154587134451,0,2018,2019,21.502299219505897,83.937906411665
0.37545663,-0.45124912,187,1813.083622455597,1,742.4957912338629,0,2018,2019,21.4068981363324,84.15844281391634
0.5251256,-0.523212,150,1877.4567596316335,4,388.9730067755345,0,2018,2019,21.446513840362076,84.03609227221926
0.64300483,-0.5772411,176,1865.214292049408,1,436.0045871318328,0,2018,2019,21.46106654796481,84.07975039502747
0.47835863,-0.5088927,152,1843.4924929630945,4,512.2499389946279,0,2018,2019,21.4038438643664,83.99476976914977
0.70614487,-0.6577718,207,1866.5584846138956,1,853.7564055396598,0,2018,2019,21.53975896685368,84.18557193549675
0.4358108,-0.50816184,163,1865.214292049408,1,710.2112361825881,0,2018,2019,21.48406341923827,84.09933366822128
0.381839,-0.44734472,196,1853.2677980661392,4,111.80339887498948,0,2018,2019,21.553413359172296,84.1694022603826
0.44257027,-0.5092437,180,1844.913420587778,1,890.6739021662192,0,2018,2019,21.423606800617023,84.13984768753507
0.6086809,-0.55134076,162,1877.4567596316335,4,1136.001760562016,0,2018,2019,21.406179484105103,84.03501429387832
-0.23635164,0.4337546,188,1841.7995253801344,0,0.0,0,2018,2019,21.574972925991165,83.90098565348768
0.36586338,-0.4209054,179,1862.205259859562,1,234.0939982143925,0,2018,2019,21.54577767925728,83.94590141769366
0.18114077,-0.12883595,140,1843.4924929630945,0,42.426406871192846,0,2018,2019,21.445705356606368,83.96692199534206
0.68896675,-0.61432874,254,1748.453401837498,1,761.5773105863909,0,2018,2019,21.35695180653536,84.07301303039658
0.6866417,-0.6257521,200,1786.3003811836245,1,667.0832032063167,0,2018,2019,21.44480704132225,83.88643294588495
0.49757203,-0.4791367,183,1806.7297364473343,4,735.7309290766564,0,2018,2019,21.58512388870172,84.07606730236257
0.38545126,-0.51585203,177,1813.083622455597,4,857.0297544426331,0,2018,2019,21.44121378018577,84.16149708588235
0.3714508,-0.48525694,180,1813.083622455597,1,590.592922409336,0,2018,2019,21.425852588827325,84.19985514851425
-0.21462502,0.43525514,188,1841.7995253801344,0,0.0,0,2018,2019,21.56482196328061,83.9018839687718
0.60339946,-0.5716765,182,1769.5761865973473,1,1040.0,0,2018,2019,21.469959869277595,83.85526140552601
0.6992899,-0.63323444,215,1769.5761865973473,1,388.329756778952,0,2018,2019,21.462503852419403,83.87547349941869
0.36045846,-0.49308175,180,1748.453401837498,1,301.4962686336267,0,2018,2019,21.394681048468374,84.07507915555004
-0.2361111,0.46666667,188,1808.514024615288,0,0.0,0,2018,2019,21.52826053121695,83.85112915521906
0.6958614,-0.6390698,213,1748.453401837498,1,1280.0,0,2018,2019,21.38875216759319,84.09484209180067
-0.26612905,0.5146667,188,1808.514024615288,0,0.0,0,2018,2019,21.525565585364596,83.86011230806025
0.106080204,-0.17445055,172,1786.3003811836245,6,680.294054067798,0,2018,2019,21.41677960445772,83.86828697714573
0.62477696,-0.6214704,408,1853.2677980661392,1,1275.7742747053649,0,2018,2019,21.58377641577553,84.19958565392902
0.47197044,-0.47727475,174,1907.0745749771595,4,686.804193347711,0,2018,2019,21.532033455410254,83.95802867402928
0.5319549,-0.46648672,167,1821.555781364441,1,560.8921464952064,0,2018,2019,21.522870639512234,84.02989389675884
0.34206858,-0.4357292,146,1843.4924929630945,4,360.0,0,2018,2019,21.41507280541789,83.99198499176899
0.53979737,-0.54202896,154,1877.4567596316335,4,1280.0,0,2018,2019,21.425044105071617,84.04651272951504
0.48720813,-0.5034588,164,1824.735069680493,1,934.7726996441436,0,2018,2019,21.498166969198945,83.93314534065917
0.3700067,-0.47414473,193,1866.5584846138956,5,101.9803902718557,0,2018,2019,21.535716548075143,84.15458005819463
0.6289985,-0.5968416,159,1907.0745749771595,4,740.4052944165107,0,2018,2019,21.50068225199448,83.9641372179613
0.2945852,-0.4248223,181,1813.083622455597,4,1105.3506231056278,0,2018,2019,21.43753068752088,84.16068860212664
0.5307635,-0.5147625,176,1817.3649086654184,1,996.0923651951158,0,2018,2019,21.57164915943992,84.01102927579232
0.56237715,-0.5673544,165,1817.3649086654184,4,912.8526715741156,0,2018,2019,21.55035908720629,84.03717025056021
0.55311817,-0.528686,154,1779.127650797367,4,923.0926280715278,0,2018,2019,21.376265585143926,83.8747548471914
0.34899232,-0.46128476,183,1866.5584846138956,4,577.2347875864725,0,2018,2019,21.516492600994983,84.15772416168905
0.45600536,-0.48279387,160,1779.127650797367,4,1280.0,0,2018,2019,21.3580297848763,83.8559800577533
0.6927536,-0.6399888,157,1811.028529509902,4,1280.0,0,2018,2019,21.42621191494097,84.05307043108913
0.5499845,-0.5473505,172,1838.1995061337948,4,1234.8279232346504,0,2018,2019,21.460797053379576,84.14110532893284
0.5041783,-0.51738673,172,1865.214292049408,4,417.7319714841085,0,2018,2019,21.45244272123726,84.09151832524944
0.62056303,-0.5741723,167,1838.1995061337948,1,684.470598345904,0,2018,2019,21.47121751067536,84.11173041914212
0.5561635,-0.5145003,154,1824.735069680493,1,358.05027579936313,0,2018,2019,21.47157683678901,83.93422331900011
0.6708993,-0.6112944,144,1845.9195078182968,1,558.6591089385369,0,2018,2019,21.37779272112693,83.95120147786997
0.72987723,-0.67227167,375,1750.1960060186684,1,1280.0,0,2018,2019,21.37545710138822,84.04372795213428
0.27400216,-0.39763314,160,1779.127650797367,5,790.5694150420949,0,2018,2019,21.397286162792323,83.89110418536237
0.4431735,-0.5205414,174,1838.1995061337948,1,473.8143096192854,0,2018,2019,21.460437727265926,84.110832103858
0.47009647,-0.47961167,153,1883.515177965164,1,388.329756778952,0,2018,2019,21.485500723692866,84.01066994967869
0.46689597,-0.4932602,159,1907.0745749771595,4,1138.5077953180646,0,2018,2019,21.50391618701731,83.95084215175632
0.3174798,-0.4457896,148,1845.9195078182968,4,810.2468759581859,0,2018,2019,21.35847894251836,83.96368806031923
0.54331684,-0.52584887,153,1877.4567596316335,1,1280.0,0,2018,2019,21.421271180878318,84.04821952855488
0.35733098,-0.47004753,172,1877.1579506397247,4,961.7692030835672,0,2018,2019,21.509036584136798,84.13724257321113
0.61279696,-0.5500403,143,1864.4806005470452,1,171.17242768623692,0,2018,2019,21.468253070237765,83.95156080398361
0.542238,-0.5005765,172,1821.555781364441,4,912.414379544733,0,2018,2019,21.53715385252973,84.0018664598943
0.15766738,-0.25456977,147,1862.205259859562,5,80.62257748298549,0,2018,2019,21.51307900291533,83.90206363182863
0.28,-0.40370116,172,1769.5761865973473,5,756.6372975210778,0,2018,2019,21.480110831988146,83.87538366789028
0.69782245,-0.6160714,194,1769.5761865973473,1,247.58836806279896,0,2018,2019,21.471397173732186,83.87349720579363
0.46623018,-0.4911512,171,1824.735069680493,1,483.83881613611777,0,2018,2019,21.45675463460104,83.91122644772665
-0.21814467,0.42933843,188,1841.7995253801344,0,0.0,0,2018,2019,21.574074610707047,83.94509293393796
0.5058824,-0.52033216,181,1830.1350152492523,1,370.5401462729781,0,2018,2019,21.411928701923472,83.9334148352444
0.4794081,-0.50217235,200,1799.8032282292843,1,67.0820393249937,0,2018,2019,21.385428401041946,84.15278342762639
-0.23713236,0.48286605,188,1817.8675085306168,0,0.0,0,2018,2019,21.553233696115477,83.86379540072514
0.68382126,-0.6194428,251,1750.1960060186684,1,666.1080993352356,0,2018,2019,21.396208184451385,84.04561441423093
0.6458333,-0.59014404,216,1817.8675085306168,1,230.8679276123039,0,2018,2019,21.554401505984828,83.87439552107774
0.2959381,-0.3819182,172,1786.3003811836245,4,588.3026432033091,0,2018,2019,21.420013539480543,83.86667000963432
0.10566893,-0.07543008,193,1799.8032282292843,1,661.2866246946176,0,2018,2019,21.396837005150264,84.19015334344576
0.30196312,-0.4599227,193,1777.1123813986778,5,801.1242100947892,0,2018,2019,21.584315404946008,84.13427813277353
0.4544965,-0.5148626,152,1877.4567596316335,4,1280.0,0,2018,2019,21.4174084251566,84.04732121327075
0.6957087,-0.6506329,208,1853.2677980661392,1,407.9215610874228,0,2018,2019,21.55296420153024,84.18503294632627
0.71811223,-0.6360324,197,1799.8032282292843,1,1280.0,0,2018,2019,21.36898923134256,84.17937356003632
0.60450506,-0.57583493,201,1799.8032282292843,1,389.1015291668744,0,2018,2019,21.388572504536366,84.15350207985368
0.59683985,-0.5414837,173,1806.7297364473343,1,822.0097323024831,0,2018,2019,21.56509145786585,84.07507915555004
0.5437629,-0.5227736,181,1808.514024615288,1,212.1320343559643,0,2018,2019,21.50616197522761,83.85885466666248
0.3820968,-0.4693232,149,1811.7444865852597,5,799.0619500389191,0,2018,2019,21.386326716326067,83.90969931174365
0.35916767,-0.4597571,181,1838.1995061337948,5,674.2403132415029,0,2018,2019,21.453341036521383,84.11945593058556
0.479921,-0.4872643,155,1883.515177965164,4,1034.64969917359,0,2018,2019,21.47373279347089,84.02441417352571
0.7270173,-0.6484513,401,1853.2677980661392,1,1280.0,0,2018,2019,21.58916630748025,84.19823818100284
0.4610133,-0.49870992,409,1853.2677980661392,1,787.4642849044012,0,2018,2019,21.579195007826527,84.19994498004266
0.48091152,-0.5396923,168,1865.214292049408,4,1280.0,0,2018,2019,21.493495729721523,84.06825195939074
0.45993882,-0.47664708,172,1844.913420587778,1,1256.0254774486066,0,2018,2019,21.420642360179432,84.12987638788134
0.7064951,-0.63919955,180,1877.1579506397247,1,876.4131445842195,0,2018,2019,21.51352816055739,84.14613589452391
-0.22532895,0.44588235,188,1841.7995253801344,0,0.0,0,2018,2019,21.5692237081728,83.91059762702777
0.39413264,-0.50085825,202,1866.5584846138956,1,859.8837130682264,0,2018,2019,21.545687847728868,84.17676844571238
0.58226466,-0.5225942,152,1779.127650797367,1,487.5448697299562,0,2018,2019,21.38650637938289,83.89775171846486
0.21968709,-0.33893907,199,1907.0745749771595,5,339.7057550292606,0,2018,2019,21.5406572821378,83.98381032268351
0.38701588,-0.48464063,192,1866.5584846138956,1,693.1810730249349,0,2018,2019,21.50795860579585,84.18179901130345
0.4090619,-0.472982,170,1865.214292049408,4,237.06539182259397,0,2018,2019,21.45181390053838,84.08639792812995
0.47671232,-0.51724136,176,1844.913420587778,1,1280.0,0,2018,2019,21.41462364777583,84.13715274168271
0.54033613,-0.49785495,192,1806.7297364473343,1,930.3762679690408,0,2018,2019,21.578206861014,84.05298059956071
0.20823483,-0.31285456,135,1811.7444865852597,6,78.10249675906654,0,2018,2019,21.360994225313892,83.93889455847753
0.4157639,-0.4254819,194,1817.3649086654184,1,214.7091055358389,0,2018,2019,21.59356805237244,84.00285460670683
0.6302003,-0.5732342,170,1865.214292049408,1,493.6598018878993,0,2018,2019,21.45316137346456,84.0829843300503
0.39330143,-0.47567567,190,1863.3773620426653,1,400.24992192379,0,2018,2019,21.48406341923827,84.18108035907615
0.46484017,-0.46243617,175,1817.3649086654184,4,1280.0,0,2018,2019,21.565630447036323,84.04516525658887
0.30439916,-0.38778076,163,1821.555781364441,4,873.2124598286491,0,2018,2019,21.535896211131966,84.04983649606629
0.6359486,-0.58472997,190,1777.1123813986778,1,330.15148038438355,0,2018,2019,21.55997106074637,84.12412717006298
0.6687569,-0.61427295,195,1799.8032282292843,1,330.15148038438355,0,2018,2019,21.398364141133268,84.19913649628695
0.33044016,-0.4600626,173,1813.083622455597,4,174.6424919657298,0,2018,2019,21.4422019269983,84.17991254920679
0.22005571,-0.28826538,138,1845.9195078182968,5,191.049731745428,0,2018,2019,21.38650637938289,83.96853896285347
0.42680207,-0.46629557,156,1811.7444865852597,6,811.5417426109393,0,2018,2019,21.390908124275075,83.90700436589128
0.41632652,-0.3715415,152,1845.9195078182968,4,1271.416532848303,0,2018,2019,21.389560651348894,83.9927036439963
0.47519952,-0.4786023,160,1862.205259859562,4,505.6678751908213,0,2018,2019,21.533650422921667,83.91787398082913
-0.19969986,0.42059836,188,1841.7995253801344,0,0.0,0,2018,2019,21.56230668048508,83.90691453436287
0.43742883,-0.47824275,146,1845.9195078182968,4,1140.175425099138,0,2018,2019,21.368719736757324,83.98488830102445
0.308204,-0.44740877,195,1791.6786192953589,4,590.592922409336,0,2018,2019,21.37653507972916,84.12673228438692
0.35989085,-0.43879908,191,1877.1579506397247,1,699.714227381436,0,2018,2019,21.500322925880837,84.14532741076819
0.69447803,-0.59969556,287,1750.1960060186684,1,1280.0,0,2018,2019,21.359646752387714,84.02701928784965
0.30090898,-0.37005034,174,1824.735069680493,6,530.0943312279428,0,2018,2019,21.45244272123726,83.91149594231189
0.7504873,-0.6642838,361,1750.1960060186684,1,1280.0,0,2018,2019,21.365036644092434,84.0363617668045
0.44376472,-0.4819665,251,1862.205259859562,1,910.494371207203,0,2018,2019,21.502119556449077,83.92335370406227
0.42025316,-0.4685864,164,1786.3003811836245,4,892.6925562588724,0,2018,2019,21.407976114673342,83.88894822868049
0.16939253,-0.24116553,171,1750.1960060186684,6,914.4397191723464,0,2018,2019,21.39899296183215,84.03169052732707
0.2567714,-0.4206981,206,1866.5584846138956,4,183.8477631085024,0,2018,2019,21.538591156984324,84.17272602693384
0.4440843,-0.4678748,162,1808.514024615288,1,314.00636936215164,0,2018,2019,21.5270927213476,83.87798878221423
0.27701148,-0.4045512,168,1769.5761865973473,4,230.0,0,2018,2019,21.47130734220377,83.89263132134538
0.5298182,-0.50599605,177,1817.3649086654184,1,788.5429601486528,0,2018,2019,21.56509145786585,84.0213599015597
0.3141649,-0.44289693,176,1769.5761865973473,5,1120.4017136723774,0,2018,2019,21.469151385521887,83.85355460648617
0.36821952,-0.42648038,172,1769.5761865973473,6,371.21422386541167,0,2018,2019,21.485141397579213,83.87879726596994
0.46520483,-0.51204574,179,1777.1123813986778,1,1233.693641063291,0,2018,2019,21.553413359172296,84.11298806053989
0.44487178,-0.4356688,161,1786.3003811836245,4,616.1980201201559,0,2018,2019,21.407437125502877,83.8703531022992
0.47341612,-0.51340747,184,1769.5761865973473,1,1247.397290361014,0,2018,2019,21.468342901766174,83.85984281347501
0.63510174,-0.58206743,188,1777.1123813986778,1,613.2699242584786,0,2018,2019,21.5774882087867,84.12394750700615
0.51209396,-0.52739966,165,1779.127650797367,4,1077.0329614269008,0,2018,2019,21.39153694497396,83.86163944404325
0.5283462,-0.5151985,171,1786.3003811836245,6,490.40799340956914,0,2018,2019,21.424505115901145,83.89918902291944
0.48727497,-0.4993742,160,1779.127650797367,4,1280.0,0,2018,2019,21.36575529631973,83.85714786762266
0.5577924,-0.55833334,196,1866.5584846138956,1,729.9315036357864,0,2018,2019,21.51002473094933,84.16823445051324
-0.16422349,0.33622047,188,1841.7995253801344,0,0.0,0,2018,2019,21.599766427832865,83.92155707349403
0.3225339,-0.45186943,187,1777.1123813986778,4,308.05843601498725,0,2018,2019,21.571559327911512,84.11334738665354
0.5544646,-0.5590091,174,1837.575457572937,4,1280.0,0,2018,2019,21.534099580563726,84.08514028673218
0.737807,-0.6499179,513,1750.1960060186684,1,1280.0,0,2018,2019,21.359017931688832,84.04148216392397
0.36936072,-0.4448777,177,1907.0745749771595,1,342.0526275297414,0,2018,2019,21.53733351558656,83.9619812612794
0.46234912,-0.50295395,178,1907.0745749771595,1,1280.0,0,2018,2019,21.513168834443743,83.98920021438822
0.2752396,-0.40451646,182,1863.3773620426653,4,471.6990566028302,0,2018,2019,21.45657497154421,84.17937356003632
0.24239317,-0.3964391,179,1813.083622455597,4,381.8376618407357,0,2018,2019,21.435823888481053,84.18251766353075
0.6288602,-0.5689562,396,1811.028529509902,1,1020.4410811016968,0,2018,2019,21.416510109872483,84.09035051538008
-0.23536636,0.4515561,188,1841.7995253801344,0,0.0,0,2018,2019,21.572996632366102,83.936379275682
0.44335744,-0.51307964,195,1791.6786192953589,1,716.1005515987263,0,2018,2019,21.377253731956458,84.11990508822761
0.49553853,-0.524033,149,1811.7444865852597,1,754.3208866258443,0,2018,2019,21.38623688479765,83.90502807226622
0.39891806,-0.4438891,159,1811.7444865852597,4,1170.4699910719626,0,2018,2019,21.3805774985077,83.9033212732264
0.42089552,-0.47216496,172,1779.127650797367,4,254.95097567963924,0,2018,2019,21.39998110864468,83.85642921539535
-0.19620447,0.39511672,188,1879.656286597252,0,0.0,0,2018,2019,21.577398377258287,83.9643168810181
0.58830845,-0.5663907,174,1777.1123813986778,4,1062.1205204683697,0,2018,2019,21.56042021838843,84.11352704971037
0.45028788,-0.5247993,157,1811.7444865852597,1,1280.0,0,2018,2019,21.39423189082632,83.94886585813126
0.28326946,-0.3790832,178,1777.1123813986778,1,1187.139418939494,0,2018,2019,21.55682695725195,84.10795749494882
0.6199123,-0.59543633,153,1845.9195078182968,4,443.846820423443,0,2018,2019,21.36530613867767,83.99908168251353
0.033419024,0.07373272,189,1866.5584846138956,0,10.0,0,2018,2019,21.52897918344425,84.16464118937677
0.35642102,-0.458519,184,1907.0745749771595,1,886.8483523128405,0,2018,2019,21.549281108865348,83.96171176669417
0.3234533,-0.46091923,186,1863.3773620426653,4,244.13111231467408,0,2018,2019,21.494573708062468,84.17595996195666
-0.17714755,0.39692742,188,1841.7995253801344,0,0.0,0,2018,2019,21.574344105292283,83.91212476301077
-0.16202793,0.36514023,188,1841.7995253801344,0,0.0,0,2018,2019,21.5940172100145,83.9273961228408
0.7209711,-0.6300708,223,1777.1123813986778,1,1209.669376317347,0,2018,2019,21.59257990555991,84.12825942036993
0.3329609,-0.41854936,158,1808.514024615288,1,940.4786015641184,0,2018,2019,21.50966540483568,83.8935296366295
0.102169394,-0.16621596,164,1864.4806005470452,6,607.4537019394976,0,2018,2019,21.49619067557388,83.96090328293846
0.51412874,-0.4976708,155,1883.515177965164,1,872.0091742636656,0,2018,2019,21.461425874078454,84.02719895090648
0.475891,-0.4555479,166,1806.7297364473343,1,796.3039620647382,0,2018,2019,21.56230668048508,84.06861128550439
0.46905088,-0.46451834,152,1877.4567596316335,4,1104.2191811411356,0,2018,2019,21.41273718567918,84.03348715789531
0.2746607,-0.3915833,195,1866.5584846138956,5,280.0,0,2018,2019,21.53041648789884,84.15502921583669
0.5308979,-0.554785,178,1777.1123813986778,1,1012.4228365658294,0,2018,2019,21.55188622318929,84.11694064779002
0.61163193,-0.5819718,203,1799.8032282292843,1,1048.093507278811,0,2018,2019,21.36440782339355,84.17595996195666
0.47677594,-0.48285323,168,1779.127650797367,4,411.82520563948,0,2018,2019,21.399082793360563,83.86235809627054
0.29818183,-0.41292876,168,1769.5761865973473,4,220.0,0,2018,2019,21.47121751067536,83.89254148981696
0.5368917,-0.49808723,163,1786.3003811836245,1,666.1080993352356,0,2018,2019,21.41345583790648,83.89191266911808
0.35692117,-0.4740391,197,1866.5584846138956,6,705.1950084905593,0,2018,2019,21.50697045898332,84.1686836081553
0.5596196,-0.5091802,194,1817.3649086654184,1,127.27922061357856,0,2018,2019,21.596981650452094,84.01704798819593
0.39124486,-0.47766075,169,1808.514024615288,1,550.8175741568165,0,2018,2019,21.52601474300665,83.87340737426521
0.68799514,-0.6099971,202,1748.453401837498,1,1160.5602095539896,0,2018,2019,21.38749452619542,84.07148589441357
0.69499266,-0.5958231,275,1837.575457572937,1,537.5872022286245,0,2018,2019,21.51406714972786,84.05881964890749
0.52534425,-0.5429757,173,1838.1995061337948,4,965.6603957913984,0,2018,2019,21.459629243510214,84.14622572605232
0.45135048,-0.50067294,164,1811.028529509902,4,1280.0,0,2018,2019,21.430074670662687,84.05333992567435
0.5051287,-0.52389383,175,1844.913420587778,1,467.5467891024384,0,2018,2019,21.43456624708329,84.13463745888717
0.33622828,-0.45491388,161,1779.127650797367,5,840.0,0,2018,2019,21.39854380419009,83.88706176658383
0.56050736,-0.52444744,156,1877.4567596316335,4,802.3091673413684,0,2018,2019,21.427110230225093,84.03968553335574
0.3667426,-0.39372823,173,1769.5761865973473,6,624.2595614005443,0,2018,2019,21.495741517931823,83.87744979304375
0.4016298,-0.46421126,185,1806.7297364473343,4,980.0,0,2018,2019,21.577847534900343,84.05774167056654
-0.19606967,0.42654866,188,1841.7995253801344,0,0.0,0,2018,2019,21.56230668048508,83.91230442606759
0.26797056,-0.362988,180,1862.205259859562,5,1280.0,0,2018,2019,21.5346385697342,83.93224702537505
0.5804509,-0.53818667,175,1862.205259859562,1,727.8049189171504,0,2018,2019,21.505892480642373,83.93009106869316
-0.18841796,0.4276413,188,1841.7995253801344,0,0.0,0,2018,2019,21.57694921961623,83.9026026209991
0.106530346,-0.18761063,174,1824.735069680493,6,660.6814663663572,0,2018,2019,21.452891878879324,83.92461134546002
0.48088577,-0.5033128,236,1864.4806005470452,1,842.9116205154606,0,2018,2019,21.48532106063604,83.97886958862085
0.7641804,-0.6584444,178,1838.1995061337948,1,545.8937625582472,0,2018,2019,21.475259929453895,84.14550707382502
0.740113,-0.65258217,278,1853.2677980661392,1,1111.6204388189342,0,2018,2019,21.582698437434598,84.19401609916747
0.57640415,-0.577394,163,1811.028529509902,4,892.0201791439474,0,2018,2019,21.440315464901648,84.07175538899881
0.5876043,-0.5489873,167,1838.1995061337948,4,1090.366910723175,0,2018,2019,21.49834663225577,84.10499305451123
0.34781745,-0.39394143,135,1811.7444865852597,1,520.0961449578338,0,2018,2019,21.35910776321725,83.94679973297778
0.4067151,-0.4787234,150,1843.4924929630945,4,490.9175083453431,0,2018,2019,21.40680830480399,83.9867747631211
0.4523745,-0.49886686,164,1907.0745749771595,1,1280.0,0,2018,2019,21.505802649113964,83.97419834914342
0.44222835,-0.48723406,175,1817.3649086654184,4,1085.5873986004074,0,2018,2019,21.558803250877013,84.04345845754904
0.31464174,-0.32454488,169,1865.214292049408,4,76.15773105863909,0,2018,2019,21.4504664276122,84.09780653223827
-0.19720767,0.42571786,188,1817.8675085306168,0,0.0,0,2018,2019,21.56302533271237,83.88876856562366
0.37030888,-0.43763065,145,1843.4924929630945,5,796.3039620647382,0,2018,2019,21.4339374263844,83.9883018991041
0.45013264,-0.45226386,161,1824.735069680493,4,277.8488797889961,0,2018,2019,21.481637967971142,83.91113661619823
0.40656716,-0.47066167,161,1877.4567596316335,4,810.2468759581859,0,2018,2019,21.40438285353687,84.04830936008328
0.32421178,-0.43474057,175,1769.5761865973473,5,130.0,0,2018,2019,21.457652949885155,83.88813974492477
-0.20336135,0.43838862,188,1808.514024615288,0,0.0,0,2018,2019,21.54622683689934,83.87017343924238
0.5184175,-0.5643008,263,1769.5761865973473,1,1165.0321883965266,0,2018,2019,21.467264923425237,83.86631068352067
0.54569685,-0.53227633,181,1817.3649086654184,1,1280.0,0,2018,2019,21.56257617507032,84.00069865002496
0.45205986,-0.4345099,163,1830.1350152492523,1,614.6543744251724,0,2018,2019,21.41947455031008,83.90430942003893
0.5017684,-0.4752784,155,1811.7444865852597,4,644.0496875241847,0,2018,2019,21.394591216939965,83.9079026811754
0.27218065,-0.35427967,177,1907.0745749771595,4,811.5417426109393,0,2018,2019,21.518648557676872,83.95793884250087
0.2511949,-0.40258968,183,1838.1995061337948,5,1194.026800369238,0,2018,2019,21.49412455042041,84.14451892701248
0.24383937,-0.40888172,189,1777.1123813986778,5,172.6267650163207,0,2018,2019,21.55970156616113,84.12906790412563
0.76667774,-0.6681291,235,1791.6786192953589,1,421.070065428546,0,2018,2019,21.38830300995113,84.139398529893
0.3294503,-0.44063115,170,1811.028529509902,1,1280.0,0,2018,2019,21.406448978690342,84.06501802436792
0.7450664,-0.6658768,322,1853.2677980661392,1,1280.0,0,2018,2019,21.599227438662396,84.19060250108782
0.52501506,-0.5296252,158,1811.028529509902,4,1280.0,0,2018,2019,21.43294927957187,84.05567554541307
0.35059935,-0.456948,175,1838.1995061337948,1,1015.9232254457028,0,2018,2019,21.456305476958978,84.12781026272786
0.3651149,-0.3823896,184,1907.0745749771595,6,111.80339887498948,0,2018,2019,21.52538592230777,83.96144227210893
0.4359313,-0.45454547,158,1864.4806005470452,6,1280.0,0,2018,2019,21.486668533562217,83.95344726608026
0.6700326,-0.5808138,213,1777.1123813986778,1,902.4965373894794,0,2018,2019,21.594915525298617,84.13805105696683
0.30251274,-0.37623274,151,1845.9195078182968,4,675.4257916307313,0,2018,2019,21.353178882342057,83.96835929979665
0.2951873,-0.35040265,137,1811.7444865852597,6,84.85281374238569,0,2018,2019,21.365934959376556,83.94194883044354
0.39914745,-0.4453873,162,1824.735069680493,6,60.0,0,2018,2019,21.490261794698693,83.93799624319341
-0.18080549,0.41564792,188,1817.8675085306168,0,0.0,0,2018,2019,21.57892551324129,83.89083469077714
0.6976307,-0.59036994,217,1837.575457572937,1,795.5501241279521,0,2018,2019,21.52134350352923,84.05342975720276
0.4916439,-0.5061211,145,1845.9195078182968,1,403.11288741492746,0,2018,2019,21.363329845052608,83.95982530459752
-0.1951431,0.43380108,188,1808.514024615288,0,0.0,0,2018,2019,21.534458906677376,83.86047163417389
0.3422002,-0.47412726,185,1877.1579506397247,1,768.505042273634,0,2018,2019,21.547933635939167,84.12520514840392
0.6974038,-0.6186682,308,1748.453401837498,1,1280.0,0,2018,2019,21.38839284147954,84.08352331922077
0.37911668,-0.4794499,190,1879.656286597252,1,200.0,0,2018,2019,21.55790493559289,83.95623204346104
-0.1961608,0.41510138,188,1841.7995253801344,0,0.0,0,2018,2019,21.59096293804849,83.92524016615891
0.4409462,-0.47661316,163,1907.0745749771595,4,907.9647570252934,0,2018,2019,21.509216247193617,83.95093198328473
0.23002422,-0.29262087,168,1907.0745749771595,6,473.8143096192854,0,2018,2019,21.500502588937657,83.9995308401556
0.40456316,-0.49881235,154,1845.9195078182968,4,830.2409288875127,0,2018,2019,21.35524500749553,83.99530875832023
0.5638367,-0.5633301,161,1811.028529509902,4,1153.9497389401324,0,2018,2019,21.438698497390234,84.08514028673218
0.3704626,-0.45707408,166,1862.205259859562,5,344.0930106817051,0,2018,2019,21.53050631942725,83.91751465471549
0.57026625,-0.5395214,162,1821.555781364441,4,620.0,0,2018,2019,21.52206215575653,84.0416618269808
0.43987992,-0.46995062,159,1830.1350152492523,1,205.18284528683196,0,2018,2019,21.400609929343567,83.9237130301759
0.51095587,-0.53856105,179,1877.1579506397247,1,762.7581530209953,0,2018,2019,21.51164169846074,84.14451892701248
0.25339225,-0.36847547,196,1907.0745749771595,5,1207.0211265756702,0,2018,2019,21.528440194273774,83.97464750678549
0.4304169,-0.47725895,159,1786.3003811836245,4,1079.3516572461451,0,2018,2019,21.40716763091764,83.88409732614623
0.5704388,-0.55861163,201,1748.453401837498,1,1097.8615577567143,0,2018,2019,21.36755192688797,84.07265370428293
0.54168385,-0.53783727,169,1838.1995061337948,4,841.486779456457,0,2018,2019,21.464569977572875,84.13068487163704
0.707365,-0.6381909,188,1750.1960060186684,1,1167.2617529928752,0,2018,2019,21.360006078501364,84.02333619518477
0.48009223,-0.5022625,180,1821.555781364441,1,569.3856338194703,0,2018,2019,21.534279243620556,84.00824449841156
0.40347826,-0.45013478,169,1769.5761865973473,6,570.701322935211,0,2018,2019,21.474271782641367,83.89146351147602
0.22291021,-0.26265317,157,1843.4924929630945,6,1006.2305898749054,0,2018,2019,21.4429205792256,83.99755454653054
0.6915367,-0.6111979,214,1777.1123813986778,1,591.3543776789007,0,2018,2019,21.59608333516797,84.14245280185901
0.48180956,-0.49267048,147,1843.4924929630945,4,333.7663853655727,0,2018,2019,21.409233756071117,83.99926134557036
0.43271223,-0.49245146,167,1838.1995061337948,1,570.701322935211,0,2018,2019,21.469870037749185,84.10095063573269
0.60088694,-0.5578423,211,1817.8675085306168,1,123.6931687685298,0,2018,2019,21.557096451837182,83.87223956439585
0.69185406,-0.618033,149,1845.9195078182968,1,688.1860213634102,0,2018,2019,21.39117761886031,83.9830916704562
0.35364917,-0.47488838,176,1750.1960060186684,4,1176.860229593982,0,2018,2019,21.392614923314905,84.03007355981566
0.5553426,-0.54028726,150,1811.7444865852597,1,818.3520025025906,0,2018,2019,21.38470974881465,83.90430942003893
0.40520447,-0.44930583,155,1824.735069680493,1,1280.0,0,2018,2019,21.496819496272767,83.94958451035855
0.7650679,-0.65693194,224,1791.6786192953589,1,965.6603957913984,0,2018,2019,21.359556920859305,84.11020328315912
0.47589397,-0.4947748,167,1862.205259859562,6,1012.4228365658294,0,2018,2019,21.519726536017814,83.9237130301759
0.30839694,-0.34010947,164,1877.4567596316335,6,438.29214001622256,0,2018,2019,21.449747775384903,84.02908541300313
0.24783961,-0.3747144,203,1879.656286597252,5,210.0,0,2018,2019,21.575601746690047,83.99647656818959
0.50455374,-0.5105151,174,1769.5761865973473,4,869.7700845625814,0,2018,2019,21.45136474289632,83.85562073163965
0.18488838,-0.2448216,166,1824.735069680493,1,191.049731745428,0,2018,2019,21.486309207448567,83.90772301811859
-0.20846696,0.41177404,188,1879.656286597252,0,0.0,0,2018,2019,21.57838652407082,83.96629317464317
0.71324974,-0.66740185,182,1865.214292049408,1,1028.3968105745953,0,2018,2019,21.499424610596712,84.08505045520377
0.5313783,-0.5408675,151,1845.9195078182968,4,910.2197536858888,0,2018,2019,21.356861975006947,83.98785274146205
0.73867595,-0.6528652,458,1750.1960060186684,1,1280.0,0,2018,2019,21.35605349125124,84.04229064767969
0.5631303,-0.55376345,160,1830.1350152492523,1,218.4032966784156,0,2018,2019,21.40123875004245,83.92362319864749
0.73471576,-0.65315163,190,1863.3773620426653,1,1028.0077820717115,0,2018,2019,21.49448387653405,84.18772789217864
0.52059925,-0.5104167,149,1877.4567596316335,1,152.64337522473747,0,2018,2019,21.432589953458223,84.03609227221926
0.51411587,-0.50294983,154,1877.4567596316335,6,911.8113840043894,0,2018,2019,21.44911895468602,84.00492073186031
0.27456725,-0.41006628,184,1777.1123813986778,5,1280.0,0,2018,2019,21.55350319070071,84.11020328315912
0.55745935,-0.5760837,151,1750.1960060186684,4,722.4956747275377,0,2018,2019,21.375816427501867,84.0010579761386
0.43580613,-0.47656384,171,1907.0745749771595,1,574.2821606144493,0,2018,2019,21.53517755890467,83.96216092433623
0.38899782,-0.47493014,183,1844.913420587778,4,70.71067811865476,0,2018,2019,21.411030386639357,84.12313902325045
0.4701463,-0.4997983,198,1791.6786192953589,1,357.3513677041127,0,2018,2019,21.396477679036614,84.13068487163704
0.41718802,-0.45454547,157,1862.205259859562,4,858.0209787645055,0,2018,2019,21.50571281758555,83.94904552118808
0.008709422,0.12479963,158,1824.735069680493,0,10.0,0,2018,2019,21.477415886135784,83.9176044862439
0.29150578,-0.41737288,183,1813.083622455597,4,779.3587107359485,0,2018,2019,21.43483574166852,84.16230556963805
0.30416322,-0.3398764,139,1843.4924929630945,0,368.78177829171545,0,2018,2019,21.42603225188415,83.98381032268351
0.44446716,-0.48410338,166,1830.1350152492523,1,480.10415536631217,0,2018,2019,21.42594242035573,83.92128757890879
0.2890587,-0.4081369,196,1777.1123813986778,5,212.1320343559643,0,2018,2019,21.5857527094006,84.14254263338742
0.53940135,-0.57697123,162,1811.028529509902,4,1055.367234662892,0,2018,2019,21.409413419127937,84.052172115805
0.40408164,-0.4411578,167,1907.0745749771595,4,1280.0,0,2018,2019,21.509036584136798,83.97958824084814
0.46857044,-0.47679916,174,1817.3649086654184,4,1227.1104269787622,0,2018,2019,21.56994236040009,84.04211098462287
0.65643156,-0.6183784,161,1779.127650797367,4,1280.0,0,2018,2019,21.385248737985123,83.86190893862849
0.6726027,-0.61081797,194,1769.5761865973473,1,475.3945729601885,0,2018,2019,21.468702227879827,83.87385653190728
0.60060227,-0.5695829,162,1821.555781364441,4,1232.3960402403118,0,2018,2019,21.510473888591385,84.0408533432251
0.363226,-0.47797716,183,1877.1579506397247,5,976.3708311906906,0,2018,2019,21.548921782751695,84.13796122543842
0.683053,-0.59302056,160,1864.4806005470452,6,1280.0,0,2018,2019,21.48720752273269,83.95407608677915
0.28247893,-0.41899768,176,1844.913420587778,5,361.2478373637688,0,2018,2019,21.41408465860536,84.12520514840392
0.41627353,-0.44911972,154,1864.4806005470452,6,84.85281374238569,0,2018,2019,21.467714081067296,83.96593384852953
0.28525123,-0.39715168,183,1838.1995061337948,4,951.892851112981,0,2018,2019,21.497268653914823,84.14721387286485
0.7815293,-0.6649652,334,1748.453401837498,1,1280.0,0,2018,2019,21.350843262603345,84.05307043108913
0.6424189,-0.55518675,183,1877.4567596316335,1,1280.0,0,2018,2019,21.40222689685498,84.02773794007695
0.46595743,-0.54385406,182,1813.083622455597,1,640.7027391856539,0,2018,2019,21.4203728655942,84.18458378868422
0.7445009,-0.662233,263,1748.453401837498,1,1280.0,0,2018,2019,21.38390126505894,84.05468739860054
0.7012914,-0.6378378,348,1811.028529509902,1,1280.0,0,2018,2019,21.40078959240039,84.09178781983468
0.26442897,-0.38893884,198,1866.5584846138956,5,563.0275304103699,0,2018,2019,21.539579303796856,84.15260376456956
0.6560675,-0.60654706,237,1748.453401837498,1,711.1258679024411,0,2018,2019,21.3971064997355,84.08136736253888
-0.1905565,0.4292509,188,1808.514024615288,0,0.0,0,2018,2019,21.54245391270604,83.86190893862849
0.35648996,-0.4673698,186,1863.3773620426653,4,640.0781202322104,0,2018,2019,21.49232791985217,84.16778529287119
0.09594595,-0.12249135,150,1877.4567596316335,0,400.24992192379,0,2018,2019,21.44875962857237,84.04624323492982
0.379994,-0.4618934,202,1799.8032282292843,1,191.049731745428,0,2018,2019,21.38650637938289,84.15332241679685
-0.31544867,0.5416254,158,1824.735069680493,0,0.0,0,2018,2019,21.49089061539758,83.90502807226622
0.2083123,-0.2761994,144,1824.735069680493,3,106.3014581273465,0,2018,2019,21.49187876221011,83.92173673655084
0.292858,-0.3939394,170,1838.1995061337948,4,667.6076692189806,0,2018,2019,21.49879578989783,84.13005605093817
0.48867315,-0.51860744,155,1779.127650797367,6,359.02646142032484,0,2018,2019,21.35362803998412,83.88849907103842
0.47563604,-0.44571188,171,1883.515177965164,1,784.4743462982075,0,2018,2019,21.464120819930816,84.03977536488415
0.61675906,-0.56563246,171,1811.028529509902,1,1280.0,0,2018,2019,21.42198983310561,84.07202488358405
0.5307387,-0.5231709,140,1811.7444865852597,1,210.2379604162864,0,2018,2019,21.363779002694667,83.92820460659651
0.4822077,-0.48815167,177,1806.7297364473343,4,512.4451190127583,0,2018,2019,21.57712888267305,84.07184522052722
0.7680525,-0.6711479,317,1811.028529509902,1,1202.081528017131,0,2018,2019,21.400879423928803,84.09762686918145
0.44153005,-0.46854705,162,1837.575457572937,6,551.5432893255071,0,2018,2019,21.53418941209214,84.06340105685649
0.25299582,-0.3752032,175,1806.7297364473343,4,142.12670403551894,0,2018,2019,21.57856618712764,84.06816212786232
0.52431595,-0.5159611,168,1838.1995061337948,4,286.35642126552705,0,2018,2019,21.46861239635141,84.12260003407997
0.52805656,-0.50827426,156,1864.4806005470452,6,1280.0,0,2018,2019,21.486668533562217,83.95254895079614
0.73950416,-0.6550899,244,1777.1123813986778,1,944.0338976964756,0,2018,2019,21.59895794407716,84.12816958884152
0.56572163,-0.5779221,213,1777.1123813986778,1,787.1467461661771,0,2018,2019,21.561767691314607,84.14065617129077
-0.25296444,0.51004535,188,1817.8675085306168,0,0.0,0,2018,2019,21.55673712572354,83.86684967269115
0.489665,-0.46512443,155,1821.555781364441,4,563.0275304103699,0,2018,2019,21.5053534914719,84.02333619518477
0.0983288,-0.27125505,169,1769.5761865973473,6,126.49110640673518,0,2018,2019,21.4707683530333,83.89972801208992
0.35371444,-0.46844485,194,1853.2677980661392,1,747.9304780526061,0,2018,2019,21.55529982126895,84.15862247697316
0.44222626,-0.52234995,176,1863.3773620426653,5,475.3945729601885,0,2018,2019,21.492148256795343,84.17362434221796
0.49744752,-0.52689415,158,1877.4567596316335,4,1065.6922632730332,0,2018,2019,21.40590998951987,84.02225821684382
0.19846743,-0.31594446,202,1817.3649086654184,5,1123.0761327710602,0,2018,2019,21.57039151804216,84.00366309046255
0.45263848,-0.48724833,154,1779.127650797367,4,1280.0,0,2018,2019,21.355334839023943,83.86792765103209
0.39322382,-0.476605,171,1865.214292049408,1,670.8203932499368,0,2018,2019,21.46951071163553,84.0972675430678
0.30201793,-0.2146418,136,1845.9195078182968,0,348.28149534536,0,2018,2019,21.38192497143388,83.96377789184764
0.5276107,-0.53516483,268,1853.2677980661392,1,1280.0,0,2018,2019,21.59257990555991,84.19329744694018
0.28432956,-0.33333334,192,1817.8675085306168,0,14.142135623730953,0,2018,2019,21.55215571777453,83.88436682073147
-0.14578006,0.2973352,200,1791.6786192953589,0,0.0,0,2018,2019,21.37689440584281,84.14613589452391
0.47273892,-0.5024468,148,1845.9195078182968,4,876.9264507357501,0,2018,2019,21.35910776321725,83.98093571377433
0.49096167,-0.5122846,167,1883.515177965164,4,1044.0306508910548,0,2018,2019,21.49466353959088,84.03905671265686
0.35871238,-0.45017612,196,1853.2677980661392,4,483.3218389437829,0,2018,2019,21.578206861014,84.16589883077454
0.51014745,-0.54498667,175,1806.7297364473343,1,653.6818798161687,0,2018,2019,21.57551191516164,84.09142849372103
0.6064611,-0.5797834,174,1863.3773620426653,1,648.8451279003334,0,2018,2019,21.490800783869165,84.1724565323486
0.49076742,-0.53819263,168,1837.575457572937,4,1132.651755836718,0,2018,2019,21.52385878632477,84.0747198294364
0.41253406,-0.4124058,138,1864.4806005470452,4,161.24515496597098,0,2018,2019,21.4549580040328,83.97159323481948
-0.22354004,0.4425206,188,1841.7995253801344,0,0.0,0,2018,2019,21.5962629982248,83.91185526842553
0.55655,-0.5273453,172,1806.7297364473343,1,823.6504112789601,0,2018,2019,21.573984779178637,84.07373168262387
0.4191907,-0.5181821,181,1838.1995061337948,1,604.1522986797286,0,2018,2019,21.477056560022135,84.12511531687551
0.4159751,-0.4889048,156,1824.735069680493,1,354.682957019364,0,2018,2019,21.477056560022135,83.9335046667728
0.43926555,-0.4897661,181,1769.5761865973473,1,1240.0,0,2018,2019,21.468073407180945,83.85274612273047
0.5509267,-0.53108805,152,1811.7444865852597,1,1228.0065146407,0,2018,2019,21.376085922087103,83.90269245252752
0.3153527,-0.44049987,159,1877.4567596316335,4,1062.308806327049,0,2018,2019,21.43905782350388,84.01049028662186
0.21141832,-0.3015731,190,1791.6786192953589,0,22.360679774997894,0,2018,2019,21.38839284147954,84.1114609245569
0.29930687,-0.43254134,192,1799.8032282292843,4,269.2582403567252,0,2018,2019,21.398723467246917,84.19958565392902
0.4108816,-0.46732,175,1844.913420587778,1,202.48456731316588,0,2018,2019,21.438698497390234,84.12520514840392
0.22907385,-0.36688396,189,1863.3773620426653,4,174.6424919657298,0,2018,2019,21.48532106063604,84.18548210396834
0.647205,-0.592474,192,1748.453401837498,1,1280.0,0,2018,2019,21.374019796933627,84.07373168262387
0.53330153,-0.524256,146,1811.7444865852597,4,451.22056690713913,0,2018,2019,21.36584512784814,83.9273961228408
0.48971024,-0.51218206,149,1845.9195078182968,4,1280.0,0,2018,2019,21.398633635718504,83.95713035874516
0.5243684,-0.5371466,178,1817.3649086654184,4,734.0980860893181,0,2018,2019,21.56410331105332,84.01992259710511
0.25,-0.4115822,184,1877.1579506397247,6,562.9387178015028,0,2018,2019,21.513168834443743,84.12457632770503
0.40234593,-0.4529321,189,1817.3649086654184,1,120.0,0,2018,2019,21.59913760713398,84.02333619518477
0.2761062,-0.42654577,183,1806.7297364473343,5,565.8621740318043,0,2018,2019,21.581440796036823,84.06286206768603
0.43468952,-0.4505304,182,1837.575457572937,6,416.17304093369626,0,2018,2019,21.54919127733693,84.08567927590266
0.79064727,-0.6619718,426,1750.1960060186684,1,1280.0,0,2018,2019,21.354706018325057,84.04264997379333
0.5681656,-0.54405046,176,1830.1350152492523,1,894.035793466906,0,2018,2019,21.40896426148588,83.93907422153436
0.5135909,-0.5035528,208,1748.453401837498,1,971.8538984847464,0,2018,2019,21.352729724699994,84.09843535293716
0.60684705,-0.5851592,179,1877.1579506397247,1,444.0720662234904,0,2018,2019,21.503736523960487,84.13823072002366
0.07100718,0.05966051,135,1843.4924929630945,0,14.142135623730953,0,2018,2019,21.41058122899729,83.9785102625072
0.661321,-0.5552163,190,1799.8032282292843,1,707.2481884034769,0,2018,2019,21.38237412907594,84.16697680911548
0.4026045,-0.49200815,176,1777.1123813986778,5,866.8333173107735,0,2018,2019,21.552335380831355,84.12484582229027
0.72461826,-0.6167755,218,1844.913420587778,1,526.1178575186362,0,2018,2019,21.410850723582527,84.10014215197698
0.23007198,-0.33160174,196,1866.5584846138956,5,313.2091952673165,0,2018,2019,21.50975523636409,84.17200737470654
0.46740764,-0.52895147,169,1837.575457572937,4,1280.0,0,2018,2019,21.51873838920528,84.07957073197065
0.5378281,-0.5299539,174,1821.555781364441,6,1212.1056059601408,0,2018,2019,21.54919127733693,84.04040418558303
0.39192325,-0.43145835,139,1843.4924929630945,6,72.80109889280519,0,2018,2019,21.412916848736003,83.98012723001861
0.5289333,-0.5574388,263,1799.8032282292843,1,1280.0,0,2018,2019,21.35605349125124,84.17380400527479
0.52314126,-0.5389953,172,1837.575457572937,4,1280.0,0,2018,2019,21.53553688501832,84.08379281380601
0.45478398,-0.4894653,152,1843.4924929630945,4,500.09999000199946,0,2018,2019,21.447232492589368,83.95650153804627
0.71087265,-0.6212586,206,1837.575457572937,1,702.1395872616783,0,2018,2019,21.511372203875503,84.06331122532808
0.45603752,-0.48446214,160,1865.214292049408,4,114.0175425099138,0,2018,2019,21.480559989630205,84.07337235651022
0.4877689,-0.51181203,166,1838.1995061337948,1,180.27756377319943,0,2018,2019,21.46798357565253,84.11999491975602
0.282632,-0.3957704,185,1806.7297364473343,5,1019.6568050084302,0,2018,2019,21.58701035079837,84.06816212786232
0.68110234,-0.642759,198,1791.6786192953589,1,431.740662898458,0,2018,2019,21.384170759644174,84.13014588246658
0.7052827,-0.6300496,197,1853.2677980661392,1,942.0191080864548,0,2018,2019,21.55907274546225,84.17524130972937
-0.3404711,0.58038145,188,1808.514024615288,0,0.0,0,2018,2019,21.541375934365096,83.8778091191574
0.378488,-0.45029226,162,1830.1350152492523,1,367.6955262170047,0,2018,2019,21.4482206394019,83.93799624319341
0.60899496,-0.55983984,159,1769.5761865973473,1,122.06555615733704,0,2018,2019,21.496100844045472,83.89945851750468
0.6617334,-0.6125608,240,1777.1123813986778,1,1247.7980605851253,0,2018,2019,21.591412095690558,84.10436423381235
0.4067859,-0.45270672,163,1811.7444865852597,1,1280.0,0,2018,2019,21.39764548890597,83.94958451035855
0.44761905,-0.47572815,159,1865.214292049408,4,148.66068747318505,0,2018,2019,21.48047015810179,84.07373168262387
0.2805444,-0.37885097,181,1844.913420587778,6,233.45235059857504,0,2018,2019,21.44543586202113,84.11631182709114
0.4437791,-0.48944688,169,1877.1579506397247,4,1172.3907198540935,0,2018,2019,21.50202972492066,84.12538481146075
0.57886016,-0.56244236,160,1830.1350152492523,1,396.232255123179,0,2018,2019,21.418755898082782,83.91490954039153
0.38236886,-0.488643,171,1748.453401837498,1,801.5609770940699,0,2018,2019,21.396837005150264,84.06106543711779
0.6427029,-0.6065178,161,1811.028529509902,4,1280.0,0,2018,2019,21.41345583790648,84.05899931196431
0.3565692,-0.40467972,170,1907.0745749771595,4,568.59475903318,0,2018,2019,21.521074008943994,83.95488457053486
0.6072595,-0.5684052,199,1777.1123813986778,1,250.0,0,2018,2019,21.567876235246622,84.13113402927911
0.40719628,-0.451939,161,1864.4806005470452,1,1191.007976463634,0,2018,2019,21.498616126841007,83.97590514818326
0.7165076,-0.6556427,308,1786.3003811836245,1,702.1395872616783,0,2018,2019,21.433757763327577,83.883827831561
0.32345426,-0.4550562,190,1866.5584846138956,5,567.5385449465084,0,2018,2019,21.5038263554889,84.17371417374638
0.55259466,-0.5221726,169,1864.4806005470452,6,1280.0,0,2018,2019,21.47912268517561,83.99476976914977
0.5813953,-0.57388103,189,1813.083622455597,1,782.6237921249264,0,2018,2019,21.410132071355232,84.18862620746276
0.41128814,-0.4528774,224,1866.5584846138956,6,130.384048104053,0,2018,2019,21.54658616301299,84.19599239279253
0.47536945,-0.5154965,160,1779.127650797367,4,1280.0,0,2018,2019,21.3805774985077,83.86253775932737
0.48762968,-0.47235388,168,1769.5761865973473,6,492.5444142409901,0,2018,2019,21.49762798002848,83.87421585802092
0.7863956,-0.6691993,227,1791.6786192953589,1,740.2702209328698,0,2018,2019,21.36090439378548,84.12610346368804
0.45225805,-0.53494716,202,1866.5584846138956,4,288.61739379323626,0,2018,2019,21.538680988512738,84.1754209727862
0.54320365,-0.5584283,184,1791.6786192953589,1,143.17821063276352,0,2018,2019,21.39791498349121,84.13472729041558
-0.2184874,0.4057508,188,1817.8675085306168,0,0.0,0,2018,2019,21.56733724607615,83.85355460648617
0.71483475,-0.6380323,244,1748.453401837498,1,1280.0,0,2018,2019,21.378960530996284,84.09609973319844
0.53268766,-0.5424916,172,1748.453401837498,6,319.0611226708764,0,2018,2019,21.395938689866146,84.07229437816927
0.37345332,-0.48721072,168,1811.028529509902,5,1280.0,0,2018,2019,21.408335440786995,84.06573667659521
0.7508786,-0.6718866,333,1811.028529509902,1,1280.0,0,2018,2019,21.411479544281413,84.08585893895949
0.52564687,-0.48133147,165,1862.205259859562,6,452.7692569068709,0,2018,2019,21.539040314626384,83.91149594231189
0.6213532,-0.55337495,177,1786.3003811836245,6,1172.3907198540935,0,2018,2019,21.408335440786995,83.85085966063382
0.44479495,-0.49274075,160,1883.515177965164,1,802.807573457052,0,2018,2019,21.49735848544324,84.01794630348004
-0.23452158,0.43096235,158,1769.5761865973473,0,0.0,0,2018,2019,21.48999230011346,83.89460761497044
0.50737786,-0.55121535,266,1853.2677980661392,1,1280.0,0,2018,2019,21.595274851412267,84.19302795235494
0.5894215,-0.57898194,162,1750.1960060186684,4,1091.4210919713803,0,2018,2019,21.38560806409877,84.01507169457086
0.34194192,-0.46867228,178,1838.1995061337948,5,965.090669315583,0,2018,2019,21.456305476958978,84.12951706176769
0.49373323,-0.45118505,172,1863.3773620426653,0,489.1829923454004,0,2018,2019,21.46618694508429,84.16032927601299
0.49313745,-0.5240726,189,1806.7297364473343,1,199.24858845171275,0,2018,2019,21.579464502411764,84.09978282586333
0.60010237,-0.5757287,174,1863.3773620426653,1,1280.0,0,2018,2019,21.492597414437405,84.1514359547002
0.34595525,-0.43267176,160,1877.4567596316335,4,585.2349955359813,0,2018,2019,21.429356018435392,84.03977536488415
0.37340012,-0.45283297,189,1799.8032282292843,4,332.41540277189324,0,2018,2019,21.38794368383748,84.17452265750208
0.31534126,-0.44918725,185,1866.5584846138956,4,524.9761899362675,0,2018,2019,21.501131409636542,84.15592753112081
0.27586207,-0.3327616,150,1877.4567596316335,1,202.23748416156684,0,2018,2019,21.42441528437273,84.0296244021736
0.5113777,-0.50827366,169,1907.0745749771595,1,958.8013350011564,0,2018,2019,21.510653551648208,83.95497440206327
0.23666814,-0.36147502,161,1821.555781364441,6,536.0037313302959,0,2018,2019,21.50616197522761,84.00680719395696
-0.035939578,0.17740145,140,1864.4806005470452,0,0.0,0,2018,2019,21.46277334700464,83.96898812049554
0.28703254,-0.30173156,155,1862.205259859562,6,712.1797525905943,0,2018,2019,21.506341638284432,83.93745725402293
0.6574767,-0.5962722,173,1811.7444865852597,1,772.3341245859851,0,2018,2019,21.390458966633016,83.92901309035221
0.5155794,-0.5075153,158,1811.7444865852597,1,832.1658488546619,0,2018,2019,21.392794586371725,83.90799251270381
0.19978632,-0.34089553,157,1877.4567596316335,4,1260.634760745554,0,2018,2019,21.40770662008811,84.04579407728775
0.67018324,-0.60855615,166,1786.3003811836245,4,536.0037313302959,0,2018,2019,21.40590998951987,83.8597529819466
-0.25061426,0.4790221,188,1879.656286597252,0,0.0,0,2018,2019,21.564462637166965,83.95299810843821
0.7254902,-0.6505158,284,1748.453401837498,1,1280.0,0,2018,2019,21.3602755730866,84.06169425781667
0.51590425,-0.53496933,158,1811.028529509902,4,1097.3149046650192,0,2018,2019,21.43896799197547,84.06915027467485
0.7151424,-0.63662374,209,1769.5761865973473,1,252.38858928247924,0,2018,2019,21.490800783869165,83.85615972081013
0.67979896,-0.60946745,155,1843.4924929630945,4,984.1239759298622,0,2018,2019,21.435554393895817,83.95811850555769
-0.1601006,0.37218046,188,1817.8675085306168,0,0.0,0,2018,2019,21.58206961673571,83.86523270517972
0.31517354,-0.34115225,152,1864.4806005470452,6,482.59714048054616,0,2018,2019,21.474720940283422,83.96620334311476
0.46503922,-0.4831421,174,1837.575457572937,4,1280.0,0,2018,2019,21.52682322676236,84.08621826507313
0.3935243,-0.4870432,179,1877.1579506397247,4,76.15773105863909,0,2018,2019,21.506880627454905,84.14936982954673
0.47411144,-0.46591035,171,1862.205259859562,4,1095.9014554237986,0,2018,2019,21.52314013409747,83.92766561742603
0.6956522,-0.6351542,224,1791.6786192953589,1,444.0720662234904,0,2018,2019,21.37141468260968,84.10643035896582
0.46864685,-0.51747656,167,1863.3773620426653,1,578.013840664737,0,2018,2019,21.465378461328584,84.16059877059823
0.3309545,-0.46159875,189,1853.2677980661392,4,940.0,0,2018,2019,21.57245764319563,84.15278342762639
0.39930314,-0.44877344,161,1883.515177965164,4,1019.803902718557,0,2018,2019,21.471037847618536,84.03438547317944
0.36627105,-0.5022762,194,1866.5584846138956,5,793.7883848986453,0,2018,2019,21.50706029051173,84.18215833741709
-0.1826522,0.3859649,188,1817.8675085306168,0,0.0,0,2018,2019,21.583147595076653,83.86684967269115
0.4564876,-0.4882825,154,1779.127650797367,4,1280.0,0,2018,2019,21.35335854539888,83.87026327077079
-0.22071308,0.42372882,188,1817.8675085306168,0,0.0,0,2018,2019,21.579464502411764,83.87529383636186
0.33612674,-0.4453258,190,1879.656286597252,1,582.1511831131154,0,2018,2019,21.55305403305865,83.96395755490447
0.7404624,-0.6557602,227,1866.5584846138956,1,680.0735254367721,0,2018,2019,21.546855657598226,84.18512277785469
0.35321528,-0.46297228,182,1838.1995061337948,4,996.0923651951158,0,2018,2019,21.496819496272767,84.14757319897849
0.530175,-0.5286961,163,1838.1995061337948,4,1280.0,0,2018,2019,21.49008213164187,84.10598120132376
0.48381013,-0.5167095,164,1883.515177965164,4,593.6328831862331,0,2018,2019,21.48424308229509,84.04256014226492
0.6970228,-0.6206301,171,1811.7444865852597,1,1280.0,0,2018,2019,21.399531951002626,83.93521146581264
0.4059098,-0.43321443,158,1883.515177965164,6,180.0,0,2018,2019,21.45037659608379,84.04875851772535
0.4516961,-0.43868202,195,1879.656286597252,1,50.0,0,2018,2019,21.59446636765656,83.95919648389864
0.45624048,-0.5135456,189,1777.1123813986778,1,912.1403400793104,0,2018,2019,21.574793262934342,84.1423629703306
-0.23890063,0.49509117,188,1817.8675085306168,0,0.0,0,2018,2019,21.552604875416588,83.8876007557543
0.32007954,-0.3881533,189,1866.5584846138956,0,20.0,0,2018,2019,21.52134350352923,84.171019227894
-0.19466248,0.35907546,133,1845.9195078182968,0,0.0,0,2018,2019,21.366473948547025,83.95461507594962
0.24639823,-0.37583253,189,1813.083622455597,4,323.10988842807024,0,2018,2019,21.42261865380449,84.16571916771771
0.451339,-0.47665724,173,1817.3649086654184,4,456.17978911828175,0,2018,2019,21.55574897891101,84.01902428182099
0.17265238,-0.2518925,147,1824.735069680493,5,250.59928172283333,0,2018,2019,21.497088990858003,83.92011976903943
0.56052536,-0.53813857,170,1838.1995061337948,4,336.00595232822883,0,2018,2019,21.47121751067536,84.14963932413197
0.42213643,-0.47235176,157,1883.515177965164,4,335.26109228480425,0,2018,2019,21.468073407180945,84.01300556941739
0.713177,-0.6172161,227,1799.8032282292843,1,610.5735008989499,0,2018,2019,21.36090439378548,84.16778529287119
0.65886295,-0.5907528,159,1864.4806005470452,6,1280.0,0,2018,2019,21.48226678867003,83.98812223604727
0.3720738,-0.4503639,175,1865.214292049408,6,1280.0,0,2018,2019,21.49843646378418,84.06456886672585
0.33213213,-0.42270687,177,1786.3003811836245,1,553.1726674375732,0,2018,2019,21.44327990533924,83.89379913121473
0.44300342,-0.48978153,166,1883.515177965164,4,161.55494421403512,0,2018,2019,21.47759554919261,84.03986519641256
0.39871794,-0.45758182,168,1808.514024615288,4,150.0,0,2018,2019,21.5270927213476,83.86756832491844
0.28964692,-0.44849604,193,1808.514024615288,1,420.11903075200007,0,2018,2019,21.54353189104698,83.89038553313507
0.35191217,-0.41684848,166,1862.205259859562,6,1043.8869670610895,0,2018,2019,21.537692841700206,83.90619588213558
0.42999753,-0.49937528,172,1844.913420587778,4,92.19544457292886,0,2018,2019,21.418396571969133,84.11047277774436
0.5737483,-0.54860187,171,1786.3003811836245,1,964.002074686564,0,2018,2019,21.434027257912813,83.87295821662316
0.42827004,-0.44627216,175,1862.205259859562,1,384.70768123342685,0,2018,2019,21.548292962052816,83.90655520824923
0.49166405,-0.4954273,164,1883.515177965164,4,560.8029957123981,0,2018,2019,21.47669723390849,84.03402614706579
0.5137992,-0.5464907,156,1750.1960060186684,4,1280.0,0,2018,2019,21.391087787331895,84.00680719395696
0.6168456,-0.5720594,266,1769.5761865973473,1,1090.1834707974615,0,2018,2019,21.466905597311587,83.86738866186161
0.1296205,-0.1402985,188,1817.8675085306168,0,20.0,1,2018,2019,21.597969797264625,83.87304804815157
0.17715177,-0.11552981,196,1841.7995253801344,0,30.0,1,2018,2019,21.59958676477604,83.92613848144303
0.17441158,-0.17441158,147,1808.514024615288,0,22.360679774997894,1,2018,2019,21.517929905449577,83.89245165828855
-0.25923547,0.37089074,192,1879.656286597252,0,0.0,1,2018,2019,21.562037185899843,83.97383902302978
0.27027026,-0.18238993,181,1844.913420587778,0,30.0,1,2018,2019,21.43860866586182,84.14478842159772
0.24461493,-0.34117648,196,1817.8675085306168,0,22.360679774997894,1,2018,2019,21.55997106074637,83.86909546090145
0.34001407,-0.42867854,179,1844.913420587778,1,30.0,1,2018,2019,21.430793322889983,84.14451892701248
-0.25019613,0.38581744,191,1841.7995253801344,0,0.0,1,2018,2019,21.552604875416588,83.92191639960767
-0.07114192,0.19251506,192,1841.7995253801344,0,0.0,1,2018,2019,21.55817443017813,83.94967434188696
0.50011563,-0.40696833,190,1879.656286597252,0,28.284271247461906,1,2018,2019,21.59222057944626,83.99647656818959
-0.122636415,0.1628866,182,1806.7297364473343,4,0.0,1,2018,2019,21.581710290622063,84.08172668865254
0.3506681,-0.40813252,162,1779.127650797367,4,30.0,1,2018,2019,21.36386883422308,83.88822957645318
-0.084348574,0.21547182,158,1824.735069680493,0,0.0,1,2018,2019,21.48720752273269,83.90197380030021
0.291372,-0.33797398,195,1817.8675085306168,0,14.142135623730953,1,2018,2019,21.5594320715759,83.87241922745268
0.43990666,-0.49878544,189,1866.5584846138956,0,30.0,1,2018,2019,21.531404634711368,84.16455135784835
0.6137436,-0.5214306,173,1811.7444865852597,1,30.0,1,2018,2019,21.3723129978938,83.9183231384712
0.37086022,-0.37570918,196,1862.205259859562,0,20.0,1,2018,2019,21.548292962052816,83.91715532860184
0.5088757,-0.4707498,159,1830.1350152492523,0,30.0,1,2018,2019,21.428188208566034,83.93817590625024
0.17879517,0.005691057,158,1824.735069680493,0,20.0,1,2018,2019,21.494034718892,83.9010754850161
0.10085131,-0.22196946,184,1907.0745749771595,0,22.360679774997894,1,2018,2019,21.541465765893506,83.96593384852953
0.045059167,0.10374043,141,1864.4806005470452,3,20.0,1,2018,2019,21.465108966743347,83.95542355970532
0.20188658,-0.21134226,193,1841.7995253801344,0,14.142135623730953,1,2018,2019,21.5940172100145,83.9011653165445
-0.043414276,0.13217624,161,1821.555781364441,0,10.0,1,2018,2019,21.511372203875503,84.00806483535473
0.2632219,-0.32694763,194,1817.8675085306168,0,20.0,1,2018,2019,21.56230668048508,83.8680174825605
-0.006329114,0.114245415,158,1769.5761865973473,0,14.142135623730953,1,2018,2019,21.486488870505397,83.8913736799476
-0.05143599,0.1413464,192,1841.7995253801344,0,10.0,1,2018,2019,21.56365415341126,83.94482343935272
0.10584251,-0.0077160494,188,1817.8675085306168,0,14.142135623730953,1,2018,2019,21.560150723803197,83.89559576178297
0.057654075,-0.014299333,179,1862.205259859562,0,14.142135623730953,1,2018,2019,21.54721498371187,83.942487819614
0.2277378,-0.27291656,143,1824.735069680493,0,30.0,1,2018,2019,21.48936347941457,83.92874359576697
0.54101914,-0.51098514,198,1808.514024615288,0,22.360679774997894,1,2018,2019,21.549999761092643,83.88562446212924
-0.19106258,0.28844222,190,1841.7995253801344,0,0.0,1,2018,2019,21.551077739433588,83.92335370406227
0.40071175,-0.44546455,174,1821.555781364441,1,22.360679774997894,1,2018,2019,21.527631710518065,84.01102927579232
0.17235023,-0.033586133,142,1843.4924929630945,0,14.142135623730953,1,2018,2019,21.4068981363324,83.97985773543338
0.30627972,-0.35490525,197,1862.205259859562,0,20.0,1,2018,2019,21.54982009803582,83.91464004580631
-0.19386777,0.31591502,192,1841.7995253801344,0,0.0,1,2018,2019,21.55413201139959,83.93628944415359
0.5262689,-0.49602863,188,1841.7995253801344,0,30.0,1,2018,2019,21.55790493559289,83.90350093628322
0.17038777,-0.14893617,190,1879.656286597252,0,22.360679774997894,1,2018,2019,21.59823929184986,83.99441044303612
0.097841725,-0.07578428,194,1879.656286597252,0,10.0,1,2018,2019,21.5774882087867,83.99333246469517
0.04299297,0.063039646,193,1841.7995253801344,0,10.0,1,2018,2019,21.55449133751324,83.91733499165866
-0.11610592,0.25613287,188,1817.3649086654184,0,0.0,1,2018,2019,21.598329123378274,84.00366309046255
-0.030356357,0.13794002,158,1824.735069680493,0,10.0,1,2018,2019,21.47175649984583,83.91167560536871
0.35111958,-0.36938676,195,1808.514024615288,0,20.0,1,2018,2019,21.500772083522893,83.85166814438952
-0.036471587,0.12548114,147,1843.4924929630945,0,20.0,1,2018,2019,21.400879423928803,83.99099684495646
0.07780248,0.06629986,158,1769.5761865973473,0,30.0,1,2018,2019,21.49376522430676,83.89829070763533
-0.033419024,0.13264129,190,1817.3649086654184,0,10.0,1,2018,2019,21.598418954906684,84.01821579806528
0.26105088,-0.17209302,172,1865.214292049408,0,20.0,1,2018,2019,21.451095248311084,84.09825568988033
0.078322716,0.011149033,193,1841.7995253801344,0,10.0,1,2018,2019,21.550089592621056,83.92577915532938
0.295725,-0.35796767,193,1817.8675085306168,0,28.284271247461906,1,2018,2019,21.55628796808148,83.87574299400393
0.27577364,-0.18433166,135,1845.9195078182968,0,30.0,1,2018,2019,21.37545710138822,83.96234058739304
0.1270666,-0.059345864,191,1879.656286597252,0,20.0,1,2018,2019,21.56500162633744,83.95030316258585
0.59553105,-0.5385307,163,1843.4924929630945,0,30.0,1,2018,2019,21.443908726038128,83.95093198328473
0.16248108,-0.11289739,192,1841.7995253801344,0,20.0,1,2018,2019,21.555030326683717,83.91481970886312
0.43272105,-0.50223947,207,1791.6786192953589,0,28.284271247461906,1,2018,2019,21.352639893171585,84.14182398116013
0.29938883,-0.2880096,142,1864.4806005470452,3,22.360679774997894,1,2018,2019,21.464030988402403,83.95686086415992
0.3998785,-0.31093332,138,1843.4924929630945,0,28.284271247461906,1,2018,2019,21.400879423928803,83.98192386058686
0.05473204,0.06988437,191,1841.7995253801344,0,20.0,1,2018,2019,21.55206588624612,83.91248408912442
0.22285175,-0.15625,193,1841.7995253801344,0,20.0,1,2018,2019,21.59958676477604,83.92524016615891
0.085470594,-0.006020238,147,1862.205259859562,0,20.0,1,2018,2019,21.5165824325234,83.9010754850161
0.32969067,-0.2541129,144,1824.735069680493,0,22.360679774997894,1,2018,2019,21.469241217050296,83.94401495559701
0.17598684,-0.12025069,190,1879.656286597252,0,14.142135623730953,1,2018,2019,21.58440523647442,83.995039263735
0.2462406,-0.36209553,204,1866.5584846138956,4,30.0,1,2018,2019,21.529428341086305,84.19212963707082
0.54755044,-0.5140088,201,1799.8032282292843,0,28.284271247461906,1,2018,2019,21.384889411871477,84.15242410151274
0.33198106,-0.3733008,195,1791.6786192953589,4,20.0,1,2018,2019,21.3933335755422,84.13194251303482
0.15395863,-0.12299248,194,1879.656286597252,0,14.142135623730953,1,2018,2019,21.560240555331607,83.95802867402928
-0.09250244,0.16337523,142,1877.4567596316335,0,0.0,1,2018,2019,21.418486403497543,84.025132825753
0.31646967,-0.22157383,144,1864.4806005470452,3,28.284271247461906,1,2018,2019,21.45226305818044,83.96287957656352
-0.10538373,0.15430428,193,1879.656286597252,0,0.0,1,2018,2019,21.58251877437777,83.99234431788264
0.04114907,0.09810845,145,1824.735069680493,0,10.0,1,2018,2019,21.46861239635141,83.94464377629589
0.059331886,0.024109423,191,1907.0745749771595,0,28.284271247461906,1,2018,2019,21.547304815240285,83.97877975709244
-0.045604758,0.16796312,190,1817.3649086654184,0,0.0,1,2018,2019,21.59805962879304,84.0183056295937
0.38603425,-0.3019802,155,1808.514024615288,0,22.360679774997894,1,2018,2019,21.519726536017814,83.86631068352067
0.25814062,-0.32735872,193,1879.656286597252,0,28.284271247461906,1,2018,2019,21.57928483935494,83.99369179080882
0.41234222,-0.44892088,201,1769.5761865973473,1,28.284271247461906,1,2018,2019,21.481009147272264,83.85786651984995
-0.18695039,0.34404448,191,1841.7995253801344,0,0.0,1,2018,2019,21.558713419348603,83.9485065320176
-0.1303669,0.27615336,192,1817.3649086654184,0,0.0,1,2018,2019,21.599227438662396,84.02189889073017
-0.16524702,0.21974522,191,1879.656286597252,0,0.0,1,2018,2019,21.583686584247125,83.9927036439963
-0.05887535,0.16901636,149,1811.7444865852597,0,0.0,1,2018,2019,21.37931985710993,83.91437055122107
0.37693706,-0.3007554,158,1769.5761865973473,0,30.0,1,2018,2019,21.48756684884633,83.89631441401026
0.20888157,-0.08327192,149,1808.514024615288,0,10.0,1,2018,2019,21.524936764665707,83.89164317453285
-0.119438075,0.2256566,192,1879.656286597252,0,0.0,1,2018,2019,21.592490074031492,83.99135617107011
0.31146246,-0.283559,175,1786.3003811836245,4,20.0,1,2018,2019,21.41785758279866,83.85589022622489
-0.24789116,0.356461,193,1841.7995253801344,0,0.0,1,2018,2019,21.552245549302945,83.92577915532938
0.038844623,0.14121038,170,1830.1350152492523,0,10.0,1,2018,2019,21.440674791015297,83.91140611078347
0.21808511,-0.1501758,223,1748.453401837498,1,10.0,1,2018,2019,21.35542467055236,84.07966056349906
-0.04334057,0.17938372,156,1824.735069680493,0,0.0,1,2018,2019,21.452083395123616,83.94221832502878
0.0515935,0.031629976,140,1864.4806005470452,0,10.0,1,2018,2019,21.46789374412412,83.9643168810181
0.060633484,-0.11406844,190,1808.514024615288,0,10.0,1,2018,2019,21.503556860903664,83.85247662814523
0.16269344,-0.2279152,188,1817.8675085306168,0,10.0,1,2018,2019,21.56778640371821,83.85427325871348
0.09277915,-0.11874291,139,1843.4924929630945,0,20.0,1,2018,2019,21.405281168820988,83.98210352364367
-0.22389936,0.3234649,191,1879.656286597252,0,0.0,1,2018,2019,21.58386624730395,83.99261381246788
0.07301965,0.14016265,165,1830.1350152492523,0,10.0,1,2018,2019,21.418127077383897,83.92802494353968
0.38282168,-0.23123798,162,1830.1350152492523,0,10.0,1,2018,2019,21.41597112070201,83.92631814449986
0.1426087,-0.21948956,194,1879.656286597252,0,30.0,1,2018,2019,21.5594320715759,83.95623204346104
-0.040572792,0.20483205,155,1864.4806005470452,0,0.0,1,2018,2019,21.485680386749685,83.97114407717741
0.10229292,-0.09457529,172,1824.735069680493,4,14.142135623730953,1,2018,2019,21.45361053110662,83.91850280152802
-0.08123916,0.1741238,133,1862.205259859562,0,0.0,1,2018,2019,21.50068225199448,83.91131627925506
0.11850649,-0.13884297,154,1865.214292049408,0,28.284271247461906,1,2018,2019,21.46151570560687,84.05944846960637
0.00444367,0.043398887,153,1864.4806005470452,6,10.0,1,2018,2019,21.46259368394781,83.9860561108938
0.1530305,-0.21055526,139,1843.4924929630945,0,22.360679774997894,1,2018,2019,21.4053710003494,83.98210352364367
0.19961868,-0.16231526,194,1879.656286597252,0,28.284271247461906,1,2018,2019,21.560599881445253,83.95497440206327
0.19456682,-0.2838824,193,1808.514024615288,0,28.284271247461906,1,2018,2019,21.5406572821378,83.8837380000326
0.13612917,-0.06383872,151,1811.7444865852597,0,10.0,1,2018,2019,21.37914019405311,83.9161671817893
0.17028381,-0.08012327,159,1883.515177965164,0,20.0,1,2018,2019,21.45405968874868,84.03196002191231
0.48898265,-0.4495664,168,1811.028529509902,1,20.0,1,2018,2019,21.44301041075401,84.09448276568703
0.4976526,-0.48027843,152,1865.214292049408,1,30.0,1,2018,2019,21.463312336175107,84.05953830113478
-0.012608738,0.16067925,141,1864.4806005470452,0,0.0,1,2018,2019,21.466007282027466,83.95407608677915
-0.20918836,0.36368677,190,1841.7995253801344,0,0.0,1,2018,2019,21.55188622318929,83.93512163428423
-0.21015272,0.32845646,191,1841.7995253801344,0,0.0,1,2018,2019,21.552245549302945,83.93593011803993
0.3368591,-0.4543711,192,1791.6786192953589,4,28.284271247461906,1,2018,2019,21.38264362366117,84.11137109302848
-0.1838565,0.30357143,190,1866.5584846138956,0,0.0,1,2018,2019,21.53095547706931,84.16527001007564
0.4353693,-0.4093445,154,1808.514024615288,5,22.360679774997894,1,2018,2019,21.53113514012613,83.87385653190728
-0.09585492,0.19770116,194,1879.656286597252,0,0.0,1,2018,2019,21.56140836520096,83.97401868608661
0.60891217,-0.45530704,159,1830.1350152492523,0,22.360679774997894,1,2018,2019,21.407347293974464,83.9213774104372
0.34021437,-0.35582328,154,1808.514024615288,0,30.0,1,2018,2019,21.521074008943994,83.86262759085578
0.11363781,0.028357547,156,1824.735069680493,0,30.0,1,2018,2019,21.460347895737517,83.9371877594377
0.28639975,-0.31723052,195,1879.656286597252,0,20.0,1,2018,2019,21.573355958479752,83.9860561108938
0.13017456,-0.010254124,202,1791.6786192953589,0,10.0,1,2018,2019,21.356772143478533,84.1190966044719
-0.07542653,0.19763313,194,1841.7995253801344,0,0.0,1,2018,2019,21.59913760713398,83.92793511201127
0.237691,-0.15898252,191,1817.3649086654184,0,22.360679774997894,1,2018,2019,21.59904777560557,84.02010226016193
-0.10065851,0.15547703,150,1865.214292049408,0,0.0,1,2018,2019,21.462234357834166,84.05792133362337
-0.08508722,0.17073986,188,1841.7995253801344,0,0.0,1,2018,2019,21.559162576990666,83.90538739837987
0.32316872,-0.40513903,197,1769.5761865973473,1,30.0,1,2018,2019,21.48029049504497,83.8582258459636
0.27932772,-0.27050182,194,1879.656286597252,0,30.0,1,2018,2019,21.562037185899843,83.95102181481315
-0.01618705,0.13059603,161,1830.1350152492523,0,22.360679774997894,1,2018,2019,21.438429002805,83.93530129734106
0.28320193,-0.28125945,190,1777.1123813986778,0,20.0,1,2018,2019,21.57838652407082,84.10238794018728
0.102406666,0.116601884,135,1811.7444865852597,0,10.0,1,2018,2019,21.36063489920025,83.92712662825556
0.31504938,-0.3124577,136,1845.9195078182968,0,20.0,1,2018,2019,21.392345428729666,83.9702457618933
-0.24252898,0.3705018,190,1841.7995253801344,0,0.0,1,2018,2019,21.552604875416588,83.91257392065283
-0.1800931,0.26057476,191,1879.656286597252,0,0.0,1,2018,2019,21.562037185899843,83.97294070774566
0.18021548,-0.11574074,192,1817.3649086654184,0,20.0,1,2018,2019,21.587818834554074,84.00078848155336
-0.06898585,0.19232737,192,1879.656286597252,0,0.0,1,2018,2019,21.59590367211115,83.95281844538138
0.20398532,-0.109714836,200,1791.6786192953589,0,20.0,1,2018,2019,21.37770288959852,84.14496808465455
0.33031374,-0.3083123,196,1879.656286597252,0,30.0,1,2018,2019,21.599227438662396,83.96153210363734
0.08037035,0.05602313,145,1864.4806005470452,0,14.142135623730953,1,2018,2019,21.464569977572875,83.95209979315409
0.3558952,-0.28041238,195,1866.5584846138956,0,14.142135623730953,1,2018,2019,21.50014326282401,84.19500424598
0.1321255,-0.0039184955,192,1841.7995253801344,0,10.0,1,2018,2019,21.55035908720629,83.91347223593695
0.060195636,0.040517535,158,1824.735069680493,0,28.284271247461906,1,2018,2019,21.4730141412436,83.91329257288012
-0.2601908,0.41009682,191,1841.7995253801344,0,0.0,1,2018,2019,21.55278453847341,83.92146724196562
0.45893922,-0.4339096,160,1824.735069680493,0,28.284271247461906,1,2018,2019,21.476337907794843,83.92568932380097
0.23217829,-0.16369483,160,1824.735069680493,0,20.0,1,2018,2019,21.49098044692599,83.91652650790296
0.4379128,-0.4003424,140,1845.9195078182968,0,30.0,1,2018,2019,21.399262456417382,83.98102554530273
0.09283019,-0.026222536,151,1808.514024615288,0,10.0,1,2018,2019,21.51694175863705,83.88652277741336
0.021803182,0.049081437,191,1841.7995253801344,0,20.0,1,2018,2019,21.56284566965555,83.94715905909143
0.055574313,0.011433776,158,1830.1350152492523,0,28.284271247461906,1,2018,2019,21.411030386639357,83.90691453436287
-0.019196061,0.15538727,144,1824.735069680493,0,0.0,1,2018,2019,21.469061553993477,83.9439251240686
0.00026102844,-0.0036668412,151,1808.514024615288,0,10.0,1,2018,2019,21.53095547706931,83.87709046693011
0.14375988,-0.066273935,164,1786.3003811836245,0,22.360679774997894,1,2018,2019,21.411030386639357,83.87430568954933
0.007662835,0.11447811,197,1769.5761865973473,0,10.0,1,2018,2019,21.483883756181445,83.85687837303742
0.46078432,-0.25915492,159,1830.1350152492523,0,10.0,1,2018,2019,21.40447268506528,83.92110791585196
0.54618335,-0.521262,201,1769.5761865973473,0,30.0,1,2018,2019,21.48711769120428,83.85490207941235
0.41365463,-0.45454547,197,1799.8032282292843,4,28.284271247461906,1,2018,2019,21.3933335755422,84.1979686864176
0.05077225,0.08302926,188,1841.7995253801344,0,10.0,1,2018,2019,21.561588028257784,83.90386026239686
-0.24672008,0.36723018,192,1879.656286597252,0,0.0,1,2018,2019,21.56221684895667,83.97338986538772
0.042859137,0.14705163,135,1811.7444865852597,0,28.284271247461906,1,2018,2019,21.36207220365484,83.92847410118175
0.11868193,-0.019273583,134,1845.9195078182968,0,20.0,1,2018,2019,21.371953671780155,83.96090328293846
0.10342368,-0.023283504,192,1817.3649086654184,0,20.0,1,2018,2019,21.591052769576905,84.00213595447954
-0.12734325,0.27963117,192,1817.3649086654184,0,0.0,1,2018,2019,21.599227438662396,84.02198872225858
-0.10373444,0.21916643,158,1824.735069680493,0,0.0,1,2018,2019,21.48594988133492,83.90197380030021
0.35353535,-0.30994824,195,1791.6786192953589,0,20.0,1,2018,2019,21.38893183065001,84.12951706176769
-0.04467766,0.06978102,192,1841.7995253801344,0,14.142135623730953,1,2018,2019,21.56122870214414,83.94976417341537
-0.2513369,0.3772242,191,1841.7995253801344,0,0.0,1,2018,2019,21.55574897891101,83.93557079192628
0.446527,-0.44123033,152,1808.514024615288,0,30.0,1,2018,2019,21.519277378375754,83.86523270517972
0.3604463,-0.4744081,193,1791.6786192953589,4,30.0,1,2018,2019,21.38291311824641,84.11343721818196
0.2091222,-0.3120112,198,1866.5584846138956,4,30.0,1,2018,2019,21.545687847728868,84.16607849383135
0.21815643,-0.11471173,136,1811.7444865852597,0,28.284271247461906,1,2018,2019,21.35515517596712,83.94158950432988
0.4103733,-0.46656418,193,1907.0745749771595,1,30.0,1,2018,2019,21.535447053489907,83.9837204911551
0.43589744,-0.476082,200,1769.5761865973473,1,28.284271247461906,1,2018,2019,21.485141397579213,83.85562073163965
0.21901964,-0.2374208,191,1879.656286597252,0,20.0,1,2018,2019,21.593747715429263,83.99180532871218
0.26607955,-0.27526882,190,1879.656286597252,0,20.0,1,2018,2019,21.58215944826412,83.99647656818959
0.18812862,-0.1739296,146,1824.735069680493,0,28.284271247461906,1,2018,2019,21.49232791985217,83.92461134546002
0.5497896,-0.5291472,196,1817.8675085306168,1,30.0,1,2018,2019,21.55188622318929,83.87619215164598
-0.100995734,0.19387755,179,1769.5761865973473,0,0.0,1,2018,2019,21.45100541678267,83.88867873409525
0.4450028,-0.35936666,142,1864.4806005470452,0,20.0,1,2018,2019,21.45729362377151,83.9641372179613
-0.08460472,0.30232558,195,1769.5761865973473,0,0.0,1,2018,2019,21.480021000459733,83.85777668832154
0.0020025487,0.19532163,157,1830.1350152492523,0,0.0,1,2018,2019,21.426481409526207,83.93539112886947
0.1956669,-0.25248227,154,1808.514024615288,0,28.284271247461906,1,2018,2019,21.51568411723928,83.87673114081646
0.35309374,-0.41660202,186,1866.5584846138956,0,30.0,1,2018,2019,21.504185681602547,84.1596106237857
0.39431652,-0.41560492,165,1824.735069680493,0,28.284271247461906,1,2018,2019,21.46501913521493,83.93476230817058
0.59464765,-0.51542896,146,1808.514024615288,0,30.0,1,2018,2019,21.52835036274536,83.89263132134538
0.22267802,-0.17567408,191,1841.7995253801344,0,20.0,1,2018,2019,21.55206588624612,83.91266375218125
0.060204122,0.018152984,189,1879.656286597252,0,10.0,1,2018,2019,21.5940172100145,83.95910665237022
0.3658045,-0.37970817,188,1817.8675085306168,0,28.284271247461906,1,2018,2019,21.5676965721898,83.85364443801458
-0.034026466,0.10586177,158,1769.5761865973473,0,14.142135623730953,1,2018,2019,21.494304213477232,83.89092452230555
0.3743091,-0.3225532,158,1824.735069680493,0,22.360679774997894,1,2018,2019,21.47543959251072,83.91805364388595
0.28723082,-0.20928907,135,1845.9195078182968,0,28.284271247461906,1,2018,2019,21.391896271087607,83.97033559342171
-0.15053092,0.22374429,190,1879.656286597252,0,0.0,1,2018,2019,21.583237426605063,83.99225448635423
0.4852018,-0.4375,145,1808.514024615288,0,22.360679774997894,1,2018,2019,21.527991036631715,83.89218216370331
0.16464181,-0.23555556,194,1769.5761865973473,0,10.0,1,2018,2019,21.48064982115861,83.85786651984995
-0.039306197,0.13653508,193,1841.7995253801344,0,10.0,1,2018,2019,21.5616778597862,83.94922518424491
-0.1537797,0.30679405,188,1841.7995253801344,0,0.0,1,2018,2019,21.558443924763367,83.90044666431722
-0.0845649,0.25877246,156,1824.735069680493,0,0.0,1,2018,2019,21.45244272123726,83.94221832502878
0.2508834,-0.13721891,158,1824.735069680493,0,20.0,1,2018,2019,21.48828550107363,83.90233312641386
-0.00469894,0.14334086,158,1769.5761865973473,0,14.142135623730953,1,2018,2019,21.493944887363583,83.89856020222057
0.21318822,-0.21241203,194,1879.656286597252,0,14.142135623730953,1,2018,2019,21.57551191516164,83.99135617107011
0.4055975,-0.33863598,147,1824.735069680493,0,22.360679774997894,1,2018,2019,21.48038032657338,83.9387148954207
-0.10577547,0.2365651,191,1879.656286597252,0,0.0,1,2018,2019,21.592849400145145,83.9928833070531
-0.04412043,0.11032781,192,1879.656286597252,0,10.0,1,2018,2019,21.561588028257784,83.9529082769098
0.09623082,0.12610516,155,1830.1350152492523,0,10.0,1,2018,2019,21.439147655032293,83.94437428171067
0.024283951,0.09569716,140,1864.4806005470452,0,20.0,1,2018,2019,21.46259368394781,83.96961694119442
-0.2503516,0.39362913,194,1879.656286597252,0,0.0,1,2018,2019,21.560689712973662,83.95793884250087
0.27592134,-0.21519594,142,1864.4806005470452,0,30.0,1,2018,2019,21.45729362377151,83.964945701717
0.28738374,-0.32857496,193,1879.656286597252,0,22.360679774997894,1,2018,2019,21.58251877437777,83.99602741054753
0.01690141,0.10643564,158,1769.5761865973473,0,10.0,1,2018,2019,21.48774651190316,83.89128384841919
0.21006893,-0.28968382,220,1853.2677980661392,5,30.0,1,2018,2019,21.572727137780863,84.19769919183236
0.22280018,-0.33633348,197,1866.5584846138956,4,30.0,1,2018,2019,21.54586751078569,84.16607849383135
0.30243444,-0.31785884,200,1808.514024615288,0,30.0,1,2018,2019,21.54883195122329,83.88445665225989
0.022183176,0.16624865,159,1830.1350152492523,0,0.0,1,2018,2019,21.41210836498029,83.92416218781797
0.35762817,-0.32489452,192,1817.3649086654184,0,22.360679774997894,1,2018,2019,21.58674085621313,84.00060881849654
0.44398445,-0.309856,144,1864.4806005470452,3,22.360679774997894,1,2018,2019,21.46160553713528,83.95632187498944
-0.15587634,0.28653374,193,1879.656286597252,0,0.0,1,2018,2019,21.561138870615725,83.96701182687048
-0.00059896545,0.09575813,184,1907.0745749771595,0,22.360679774997894,1,2018,2019,21.538680988512738,83.98587644783699
0.3506192,-0.36328125,200,1808.514024615288,0,20.0,1,2018,2019,21.548921782751695,83.8845464837883
-0.021971377,0.09452272,190,1841.7995253801344,0,10.0,1,2018,2019,21.555569315854186,83.9387148954207
-0.053930208,0.14286855,189,1879.656286597252,0,10.0,1,2018,2019,21.560150723803197,83.95937614695545
0.3741209,-0.36083144,194,1879.656286597252,0,30.0,1,2018,2019,21.599227438662396,83.96135244058051
-0.14101647,0.26289925,191,1879.656286597252,0,0.0,1,2018,2019,21.58485439411648,83.99485960067817
0.4941894,-0.47375086,162,1830.1350152492523,0,28.284271247461906,1,2018,2019,21.414893142361063,83.92541982921574
-0.19936034,0.3443911,192,1879.656286597252,0,0.0,1,2018,2019,21.560330386860016,83.95757951638721
0.56779486,-0.5408306,160,1830.1350152492523,1,30.0,1,2018,2019,21.420013539480543,83.92883342729539
0.37404156,-0.35009962,145,1824.735069680493,3,28.284271247461906,1,2018,2019,21.48082948421544,83.93988270529006
-0.13344385,0.23015325,192,1841.7995253801344,0,0.0,1,2018,2019,21.55538965279736,83.93709792790929
-0.0032258064,0.10304789,158,1769.5761865973473,0,14.142135623730953,1,2018,2019,21.48594988133492,83.89146351147602
-0.09215956,0.22261484,190,1841.7995253801344,0,0.0,1,2018,2019,21.55206588624612,83.92227572572132
0.5773816,-0.48387095,165,1769.5761865973473,0,20.0,1,2018,2019,21.490621120812342,83.8965839085955
0.040532365,0.14616658,172,1830.1350152492523,0,20.0,1,2018,2019,21.440944285600533,83.91167560536871
0.024535023,0.18683994,157,1830.1350152492523,0,0.0,1,2018,2019,21.426481409526207,83.93521146581264
-0.18460192,0.30291697,192,1841.7995253801344,0,0.0,1,2018,2019,21.554221842928005,83.93628944415359
-0.07179044,0.14055388,157,1824.735069680493,0,22.360679774997894,1,2018,2019,21.491249941511224,83.91679600248818
0.3008066,-0.17421417,135,1811.7444865852597,0,14.142135623730953,1,2018,2019,21.36054506767184,83.92694696519874
0.20174165,-0.14320779,195,1879.656286597252,0,22.360679774997894,1,2018,2019,21.56149819672937,83.95281844538138
0.038030934,0.109650165,156,1824.735069680493,0,10.0,1,2018,2019,21.452083395123616,83.93763691707976
-0.13505948,0.26950353,190,1817.8675085306168,0,0.0,1,2018,2019,21.55628796808148,83.8785277713847
0.4509074,-0.4023988,192,1841.7995253801344,0,28.284271247461906,1,2018,2019,21.5669779199625,83.9461709122789
0.14969498,-0.2459739,199,1853.2677980661392,4,28.284271247461906,1,2018,2019,21.552604875416588,84.17012091260989
0.21710612,-0.14146616,166,1830.1350152492523,1,14.142135623730953,1,2018,2019,21.43860866586182,83.92829443812492
0.33723268,-0.40422264,207,1791.6786192953589,0,22.360679774997894,1,2018,2019,21.353089050813644,84.14254263338742
0.0018259282,0.09758772,193,1841.7995253801344,0,10.0,1,2018,2019,21.550628581791525,83.93485213969899
-0.04347826,0.21920906,156,1824.735069680493,0,0.0,1,2018,2019,21.459539411981808,83.93709792790929
0.3561394,-0.29577994,196,1879.656286597252,0,22.360679774997894,1,2018,2019,21.59725114503733,83.96000496765434
0.16871305,-0.10347789,192,1817.3649086654184,0,22.360679774997894,1,2018,2019,21.5977901342078,84.00492073186031
0.08160443,0.055555556,168,1786.3003811836245,0,10.0,1,2018,2019,21.41453381624742,83.87547349941869
-0.014415473,0.17651501,155,1864.4806005470452,0,0.0,1,2018,2019,21.486578702033803,83.97105424564901
0.12984133,0.06336634,155,1830.1350152492523,0,20.0,1,2018,2019,21.439237486560707,83.94437428171067
0.22299795,-0.14670774,192,1817.3649086654184,0,22.360679774997894,1,2018,2019,21.59859861796351,84.01938360793464
-0.09418982,0.22250904,190,1817.3649086654184,0,0.0,1,2018,2019,21.599227438662396,84.01803613500846
0.013192612,0.04950495,179,1748.453401837498,1,10.0,1,2018,2019,21.397375994320736,84.07489949249323
0.46140036,-0.45878136,156,1808.514024615288,0,30.0,1,2018,2019,21.51262984527327,83.87592265706076
0.21315372,-0.2860143,192,1817.8675085306168,0,20.0,1,2018,2019,21.558803250877013,83.87349720579363
0.121071614,0.020261144,192,1841.7995253801344,0,10.0,1,2018,2019,21.55125740249041,83.91212476301077
0.2645204,-0.120679796,140,1864.4806005470452,0,28.284271247461906,1,2018,2019,21.452622384294088,83.97213222398995
-0.085220575,0.2167968,193,1879.656286597252,0,0.0,1,2018,2019,21.560150723803197,83.95766934791563
0.5628913,-0.44539663,141,1864.4806005470452,3,30.0,1,2018,2019,21.460258064209103,83.95560322276215
0.35136673,-0.44189578,199,1817.8675085306168,0,20.0,1,2018,2019,21.550718413319935,83.87538366789028
0.027527347,0.09038025,191,1817.3649086654184,0,14.142135623730953,1,2018,2019,21.59689181892368,84.00402241657619
0.59558415,-0.53017294,169,1811.7444865852597,0,30.0,1,2018,2019,21.36818074758685,83.91697566554501
0.4771319,-0.3915219,169,1830.1350152492523,0,28.284271247461906,1,2018,2019,21.418935561139605,83.92883342729539
-0.042735044,0.16881259,156,1864.4806005470452,6,0.0,1,2018,2019,21.494304213477232,83.96611351158636
0.3144031,-0.22973615,158,1824.735069680493,0,22.360679774997894,1,2018,2019,21.486309207448567,83.90080599043087
0.46003553,-0.47708896,165,1808.514024615288,0,28.284271247461906,1,2018,2019,21.5136179920858,83.85526140552601
0.5243765,-0.46410137,136,1811.7444865852597,0,28.284271247461906,1,2018,2019,21.35551450208077,83.94194883044354
0.07180385,-0.007905139,192,1841.7995253801344,0,10.0,1,2018,2019,21.554221842928005,83.91580785567565
-0.14329593,0.30228978,194,1879.656286597252,0,0.0,1,2018,2019,21.561138870615725,83.95407608677915
-0.014595942,0.15222052,155,1830.1350152492523,0,0.0,1,2018,2019,21.438429002805,83.94464377629589
0.033735685,0.14500698,155,1830.1350152492523,0,10.0,1,2018,2019,21.438429002805,83.94374546101177
0.09317365,0.08561507,181,1844.913420587778,0,10.0,1,2018,2019,21.403754032837984,84.12394750700615
0.4261665,-0.44842967,192,1817.8675085306168,0,28.284271247461906,1,2018,2019,21.555120158212123,83.87718029845851
0.32662722,-0.27676538,193,1817.8675085306168,0,22.360679774997894,1,2018,2019,21.555209989740536,83.87915659208358
0.314034,-0.21962617,194,1866.5584846138956,0,10.0,1,2018,2019,21.52412828091,84.16976158649625
-0.028641824,0.1260737,192,1817.3649086654184,0,14.142135623730953,1,2018,2019,21.598329123378274,84.02189889073017
0.18492335,-0.053835973,140,1864.4806005470452,0,14.142135623730953,1,2018,2019,21.460258064209103,83.96880845743871
0.2291024,-0.25341967,134,1845.9195078182968,0,30.0,1,2018,2019,21.385338569513536,83.969527109666
0.5267337,-0.45362905,188,1808.514024615288,0,20.0,1,2018,2019,21.501939893392247,83.85050033452016
-0.08465724,0.17867604,192,1879.656286597252,0,0.0,1,2018,2019,21.56086937603049,83.9679101421546
-0.017073171,0.13704497,164,1786.3003811836245,0,10.0,1,2018,2019,21.42513393660003,83.883827831561
0.5699313,-0.51200837,194,1817.8675085306168,1,30.0,1,2018,2019,21.561947354371437,83.86810731408892
-0.05625,0.21669418,155,1830.1350152492523,0,0.0,1,2018,2019,21.43824933974817,83.94365562948336
-0.20646483,0.35336673,191,1841.7995253801344,0,0.0,1,2018,2019,21.551796391660883,83.93431315052852
0.0804331,0.0,195,1817.8675085306168,0,10.0,1,2018,2019,21.559252408519075,83.87268872203792
0.04793704,0.03279771,195,1841.7995253801344,0,20.0,1,2018,2019,21.59949693324763,83.94742855367666
0.09192974,0.030526353,161,1824.735069680493,0,30.0,1,2018,2019,21.45100541678267,83.93925388459118
0.0033783785,0.056985293,194,1841.7995253801344,0,14.142135623730953,1,2018,2019,21.59787996573621,83.94823703743238
-0.15060109,0.26201177,191,1841.7995253801344,0,0.0,1,2018,2019,21.55574897891101,83.913921393579
0.27426416,-0.26207206,202,1853.2677980661392,0,22.360679774997894,1,2018,2019,21.579913660053823,84.16967175496784
0.012931035,0.1360294,191,1817.3649086654184,0,10.0,1,2018,2019,21.586471361627897,84.00168679683749
0.46398175,-0.38320357,171,1824.735069680493,0,28.284271247461906,1,2018,2019,21.491609267624877,83.91517903497677
-0.20024973,0.36013985,189,1841.7995253801344,0,0.0,1,2018,2019,21.55808459864972,83.94805737437555
0.58304137,-0.5571256,192,1799.8032282292843,4,30.0,1,2018,2019,21.38713520008177,84.17155821706449
-0.0770428,0.28219095,193,1879.656286597252,0,0.0,1,2018,2019,21.558443924763367,83.96764064756935
0.63087004,-0.55178386,152,1779.127650797367,4,30.0,1,2018,2019,21.354526355268234,83.89191266911808
-0.03951775,0.12382892,191,1841.7995253801344,0,10.0,1,2018,2019,21.55763544100766,83.94895568965967
0.2095121,-0.1302682,188,1841.7995253801344,0,20.0,1,2018,2019,21.558713419348603,83.90098565348768
0.10980502,0.055473216,140,1864.4806005470452,0,14.142135623730953,1,2018,2019,21.465827618970643,83.96701182687048
0.22801675,-0.109353505,155,1830.1350152492523,0,20.0,1,2018,2019,21.43780018210612,83.94230815655719
0.32065308,-0.35205927,193,1866.5584846138956,0,30.0,1,2018,2019,21.52951817261472,84.16095809671188
0.38763362,-0.3328135,195,1879.656286597252,0,30.0,1,2018,2019,21.59446636765656,83.95757951638721
-0.034280118,0.16227697,190,1877.1579506397247,0,0.0,1,2018,2019,21.542723407291277,84.11631182709114
-0.118950315,0.23837858,194,1879.656286597252,0,0.0,1,2018,2019,21.59240024250309,83.99216465482581
0.43915343,-0.45002222,184,1750.1960060186684,1,20.0,1,2018,2019,21.397016668207087,84.03986519641256
0.24740636,-0.17178725,194,1841.7995253801344,0,20.0,1,2018,2019,21.554221842928005,83.91778414930072
0.34011298,-0.38182423,175,1821.555781364441,4,22.360679774997894,1,2018,2019,21.52969783567154,84.0055495525592
0.15869707,-0.092325635,136,1845.9195078182968,0,10.0,1,2018,2019,21.377253731956458,83.96440671254652
0.204118,-0.116168104,149,1811.7444865852597,0,22.360679774997894,1,2018,2019,21.377163900428048,83.91410105663583
-0.23642944,0.39046702,207,1791.6786192953589,0,0.0,1,2018,2019,21.353089050813644,84.14155448657489
0.3889887,-0.38577285,159,1824.735069680493,0,22.360679774997894,1,2018,2019,21.48541089216445,83.92164690502243
0.11847901,-0.21670702,176,1824.735069680493,7,22.360679774997894,1,2018,2019,21.45612581390215,83.91553836109043
-0.13223732,0.28271788,192,1879.656286597252,0,0.0,1,2018,2019,21.57191865402516,83.98551712172333
-0.07308782,0.17150573,192,1879.656286597252,0,0.0,1,2018,2019,21.559521903104308,83.96377789184764
0.48278707,-0.29257926,156,1830.1350152492523,0,14.142135623730953,1,2018,2019,21.406359147161933,83.92200623113608
0.0107438015,0.073484845,193,1879.656286597252,0,22.360679774997894,1,2018,2019,21.558443924763367,83.95003366800061
0.030460624,0.10717734,155,1830.1350152492523,0,10.0,1,2018,2019,21.43654254070835,83.94599124922208
0.37521815,-0.36924413,154,1808.514024615288,0,30.0,1,2018,2019,21.516043443352924,83.86020213958867
0.43127874,-0.43657646,136,1845.9195078182968,0,30.0,1,2018,2019,21.39117761886031,83.97087458259219
0.39943212,-0.4469922,175,1786.3003811836245,1,30.0,1,2018,2019,21.42055252865102,83.89784154999327
0.43868637,-0.341691,138,1843.4924929630945,0,30.0,1,2018,2019,21.43753068752088,83.97383902302978
0.014389907,0.10725593,196,1841.7995253801344,0,10.0,1,2018,2019,21.599227438662396,83.90439925156734
0.05872622,-0.02811245,198,1777.1123813986778,0,14.142135623730953,1,2018,2019,21.584495068002838,84.12044407739809
0.19630842,-0.22184877,176,1830.1350152492523,4,14.142135623730953,1,2018,2019,21.44678333494731,83.91356206746536
0.071503684,0.0019588638,192,1841.7995253801344,0,10.0,1,2018,2019,21.555030326683717,83.93961321070482
-0.06053269,0.19756891,195,1879.656286597252,0,0.0,1,2018,2019,21.59356805237244,83.95695069568833
0.5760599,-0.5493954,163,1830.1350152492523,0,28.284271247461906,1,2018,2019,21.411569375809822,83.92326387253385
0.036777582,-0.04778761,198,1866.5584846138956,0,10.0,1,2018,2019,21.528530025802187,84.19365677305383
-0.010421836,0.08321839,195,1879.656286597252,0,10.0,1,2018,2019,21.57712888267305,83.99333246469517
0.06427543,0.040141676,199,1817.3649086654184,0,28.284271247461906,1,2018,2019,21.591951084861023,84.0108496127355
0.065675266,0.09275862,141,1864.4806005470452,0,20.0,1,2018,2019,21.45729362377151,83.96808980521142
0.5350224,-0.50564784,164,1830.1350152492523,0,28.284271247461906,1,2018,2019,21.413096511792823,83.92506050310209
0.06452438,0.09151351,160,1811.7444865852597,0,14.142135623730953,1,2018,2019,21.360814562257072,83.91643667637454
-0.16741271,0.32297987,189,1841.7995253801344,0,0.0,1,2018,2019,21.55790493559289,83.94823703743238
0.13320999,-0.06290673,193,1879.656286597252,0,22.360679774997894,1,2018,2019,21.560240555331607,83.95506423359168
-0.19588292,0.35691318,188,1841.7995253801344,0,0.0,1,2018,2019,21.552425212359765,83.91221459453918
0.21615249,-0.07324511,156,1824.735069680493,0,28.284271247461906,1,2018,2019,21.452622384294088,83.9387148954207
0.008713838,0.053629823,191,1879.656286597252,0,10.0,1,2018,2019,21.59275956861673,83.99566808443389
0.25797707,-0.176746,140,1843.4924929630945,0,28.284271247461906,1,2018,2019,21.417947414327077,83.97985773543338
0.059145544,0.014614703,147,1811.7444865852597,0,10.0,1,2018,2019,21.37949952016676,83.91580785567565
0.39791834,-0.3846154,197,1769.5761865973473,1,28.284271247461906,1,2018,2019,21.49960427365354,83.85391393259982
0.26470104,-0.2435015,194,1879.656286597252,0,20.0,1,2018,2019,21.56104903908731,83.95362692913709
0.31082425,-0.37095377,198,1817.8675085306168,0,22.360679774997894,1,2018,2019,21.56257617507032,83.86819714561732
0.71585757,-0.6576089,172,1907.0745749771595,4,28.284271247461906,1,2018,2019,21.517929905449577,83.95084215175632
-0.08584945,0.17761923,193,1879.656286597252,0,0.0,1,2018,2019,21.561138870615725,83.96710165839889
0.09307119,-0.12776051,193,1813.083622455597,4,14.142135623730953,1,2018,2019,21.416959267514542,84.16329371645058
0.32816538,-0.2675709,155,1808.514024615288,0,22.360679774997894,1,2018,2019,21.52143333505764,83.86262759085578
0.23775215,-0.18319559,150,1808.514024615288,3,22.360679774997894,1,2018,2019,21.53059615095566,83.88499564143036
-0.19676113,0.27617657,192,1841.7995253801344,0,0.0,1,2018,2019,21.555030326683717,83.93655893873881
0.050183598,0.05506608,158,1769.5761865973473,0,10.0,1,2018,2019,21.48442274535192,83.89343980510108
-0.032747604,0.098623,192,1841.7995253801344,0,10.0,1,2018,2019,21.552694706945,83.9371877594377
0.30227336,-0.23877327,158,1824.735069680493,0,28.284271247461906,1,2018,2019,21.45603598237374,83.94805737437555
-0.0068074707,0.13021879,184,1907.0745749771595,0,10.0,1,2018,2019,21.538591156984324,83.98632560547904
-0.058139537,0.1262136,158,1769.5761865973473,0,10.0,1,2018,2019,21.486938028147453,83.89469744649885
0.12575288,-0.042067915,159,1830.1350152492523,0,20.0,1,2018,2019,21.44588501966319,83.9499438364722
0.38184005,-0.46930945,152,1883.515177965164,4,30.0,1,2018,2019,21.472744646658363,84.0139038847015
-0.039871383,0.13724357,190,1841.7995253801344,0,10.0,1,2018,2019,21.55583881043942,83.93979287376165
-0.0050251256,0.12890454,191,1777.1123813986778,0,10.0,1,2018,2019,21.55350319070071,84.14703420980803
0.38273892,-0.4127585,194,1879.656286597252,0,28.284271247461906,1,2018,2019,21.59608333516797,83.96090328293846
0.17918314,-0.13650794,208,1791.6786192953589,0,14.142135623730953,1,2018,2019,21.386326716326067,84.14317145408631
0.4695833,-0.42424244,135,1845.9195078182968,0,30.0,1,2018,2019,21.38623688479765,83.97419834914342
-0.0554371,0.13980582,142,1843.4924929630945,0,22.360679774997894,1,2018,2019,21.411928701923472,83.99144600259852
0.39978608,-0.37884533,190,1813.083622455597,4,14.142135623730953,1,2018,2019,21.442022263941475,84.19778902336077
0.6352412,-0.5158099,155,1830.1350152492523,0,20.0,1,2018,2019,21.401328581570866,83.92092825279514
0.09252218,0.023782559,160,1883.515177965164,0,14.142135623730953,1,2018,2019,21.46259368394781,84.04750087632758
-0.0015067805,0.054683786,198,1853.2677980661392,0,10.0,1,2018,2019,21.552515043888175,84.16985141802466
0.12050932,0.0056497175,155,1830.1350152492523,0,14.142135623730953,1,2018,2019,21.43896799197547,83.94455394476748
-0.16913946,0.27083334,191,1734.7409273386002,0,0.0,1,2018,2019,21.6000359224181,84.02046158627559
-0.16993015,0.3162587,193,1879.656286597252,0,0.0,1,2018,2019,21.561138870615725,83.95434558136438
0.18538885,-0.23474862,198,1879.656286597252,0,30.0,1,2018,2019,21.57308646389452,83.98641543700745
-0.060075372,0.16699411,160,1830.1350152492523,0,0.0,1,2018,2019,21.43860866586182,83.93610978109676
0.29411766,-0.20604914,150,1808.514024615288,0,22.360679774997894,1,2018,2019,21.525116427722534,83.89236182676014
0.17825595,-0.06655185,158,1824.735069680493,0,30.0,1,2018,2019,21.470229363862828,83.91203493148235
0.34057578,-0.27699205,192,1879.656286597252,0,30.0,1,2018,2019,21.560150723803197,83.9679101421546
0.23563474,-0.29432625,201,1817.3649086654184,0,30.0,1,2018,2019,21.59275956861673,84.03699058750338
0.11971916,0.05079528,157,1830.1350152492523,0,10.0,1,2018,2019,21.42513393660003,83.93395382441487
0.25136897,-0.19333582,188,1841.7995253801344,0,28.284271247461906,1,2018,2019,21.558893082405422,83.90215346335704
-0.13850416,0.20831566,190,1879.656286597252,0,0.0,1,2018,2019,21.58889681289502,83.99980033474083
0.3391198,-0.4363076,191,1777.1123813986778,1,20.0,1,2018,2019,21.56832539288868,84.13751206779635
0.09957877,-0.1764918,205,1799.8032282292843,0,30.0,1,2018,2019,21.358658605575183,84.15781399321746
0.23713161,-0.22918002,143,1864.4806005470452,0,22.360679774997894,1,2018,2019,21.454508846390738,83.97042542495012
0.32133996,-0.26035503,196,1808.514024615288,0,14.142135623730953,1,2018,2019,21.54712515218346,83.88876856562366
-0.08611213,0.2521739,188,1817.3649086654184,0,0.0,1,2018,2019,21.5977901342078,84.00447157421826
-0.11606527,0.19699343,189,1841.7995253801344,0,0.0,1,2018,2019,21.556018473496245,83.939433547648
0.19050542,-0.085407265,134,1811.7444865852597,0,28.284271247461906,1,2018,2019,21.35228056705793,83.92631814449986
0.05606524,0.05732484,144,1877.4567596316335,0,22.360679774997894,1,2018,2019,21.420193202537373,84.01597000985498
0.23336291,-0.26709208,157,1808.514024615288,0,30.0,1,2018,2019,21.51999603060305,83.86379540072514
0.24624625,-0.17897727,197,1791.6786192953589,1,14.142135623730953,1,2018,2019,21.393513238599024,84.13158318692116
0.038709678,0.024242423,158,1769.5761865973473,0,14.142135623730953,1,2018,2019,21.494304213477232,83.89065502772031
-0.06941581,0.14896291,181,1769.5761865973473,0,10.0,1,2018,2019,21.451095248311084,83.88787025033955
0.5239544,-0.5118823,192,1866.5584846138956,0,22.360679774997894,1,2018,2019,21.5203553567167,84.17443282597367
0.046511628,0.0,173,1837.575457572937,4,10.0,1,2018,2019,21.521253672000817,84.0649281928395
0.34924152,-0.38150087,194,1817.8675085306168,0,22.360679774997894,1,2018,2019,21.55817443017813,83.87062259688444
-0.013804528,0.12322042,176,1863.3773620426653,0,10.0,1,2018,2019,21.452532552765675,84.15628685723445
0.6094144,-0.5329597,188,1817.8675085306168,0,20.0,1,2018,2019,21.567606740661383,83.85382410107141
-0.11893033,0.21208307,192,1879.656286597252,0,0.0,1,2018,2019,21.589615465122318,83.99989016626924
0.15931462,-0.08253272,191,1879.656286597252,0,14.142135623730953,1,2018,2019,21.55898291393384,83.96773047909777
0.23847695,-0.021487603,196,1769.5761865973473,0,10.0,1,2018,2019,21.492148256795343,83.85319528037253
0.12722027,-0.0075216247,156,1824.735069680493,0,28.284271247461906,1,2018,2019,21.45935974892498,83.93655893873881
0.3266073,-0.22619048,142,1843.4924929630945,0,14.142135623730953,1,2018,2019,21.437710350577703,83.97276104468884
0.061923582,0.004528613,158,1824.735069680493,0,28.284271247461906,1,2018,2019,21.47337346735725,83.91383156205059
0.39086705,-0.38582677,194,1817.8675085306168,0,30.0,1,2018,2019,21.59446636765656,83.89972801208992
0.084879525,0.122634746,159,1824.735069680493,0,10.0,1,2018,2019,21.45280204735091,83.94958451035855
0.23361017,-0.30928934,193,1879.656286597252,0,28.284271247461906,1,2018,2019,21.56140836520096,83.9762644742969
0.34862754,-0.34079215,185,1907.0745749771595,1,20.0,1,2018,2019,21.545059027029986,83.98982903508711
0.065679535,0.12301138,136,1811.7444865852597,0,10.0,1,2018,2019,21.36090439378548,83.92712662825556
0.086065575,-0.030126337,188,1841.7995253801344,0,10.0,1,2018,2019,21.55547948432577,83.93808607472182
-0.1381295,0.27195382,193,1879.656286597252,0,0.0,1,2018,2019,21.59222057944626,83.9545252444212
0.24128897,-0.16269939,188,1841.7995253801344,0,22.360679774997894,1,2018,2019,21.562486343541902,83.90377043086846
-0.24891305,0.39332747,189,1841.7995253801344,0,0.0,1,2018,2019,21.55188622318929,83.92128757890879
-0.22670251,0.37891328,191,1841.7995253801344,0,0.0,1,2018,2019,21.55170656013247,83.92353336711909
0.05850323,0.12190767,163,1811.7444865852597,0,10.0,1,2018,2019,21.35767045876265,83.91625701331772
0.24192773,-0.09314668,163,1811.7444865852597,0,22.360679774997894,1,2018,2019,21.35767045876265,83.91643667637454
0.056052756,0.059169114,155,1830.1350152492523,0,20.0,1,2018,2019,21.437710350577703,83.94230815655719
0.59528244,-0.5307743,156,1830.1350152492523,0,28.284271247461906,1,2018,2019,21.43573405695264,83.94751838520507
0.14203455,-0.14203455,157,1779.127650797367,0,14.142135623730953,1,2018,2019,21.36440782339355,83.88840923951001
0.2957582,-0.32128602,142,1824.735069680493,0,28.284271247461906,1,2018,2019,21.4933160666647,83.92389269323273
0.105455704,-0.0036101083,135,1811.7444865852597,0,14.142135623730953,1,2018,2019,21.364856981035608,83.94230815655719
0.23834293,-0.18633209,188,1841.7995253801344,0,30.0,1,2018,2019,21.56221684895667,83.90350093628322
0.25981122,-0.34179893,179,1769.5761865973473,0,28.284271247461906,1,2018,2019,21.452712215822498,83.88894822868049
0.15566751,-0.17701386,197,1817.8675085306168,0,14.142135623730953,1,2018,2019,21.560150723803197,83.86882596631621
-0.023319615,0.14397354,192,1817.3649086654184,0,10.0,1,2018,2019,21.5917714218042,84.00213595447954
-0.10903808,0.095692664,191,1777.1123813986778,4,10.0,1,2018,2019,21.56832539288868,84.13724257321113
0.36662945,-0.3489397,191,1879.656286597252,0,28.284271247461906,1,2018,2019,21.560330386860016,83.97365935997296
0.33708975,-0.23805591,168,1811.7444865852597,0,30.0,1,2018,2019,21.36261119282531,83.91706549707342
0.5629843,-0.4772965,194,1817.8675085306168,0,28.284271247461906,1,2018,2019,21.55350319070071,83.88266002169165
-0.039208036,0.17828913,193,1879.656286597252,0,0.0,1,2018,2019,21.55970156616113,83.95569305429056
-0.22591434,0.3382234,192,1841.7995253801344,0,0.0,1,2018,2019,21.55673712572354,83.94069118904576
-0.12871288,0.17884915,204,1866.5584846138956,0,0.0,1,2018,2019,21.52870968885901,84.19473475139476
0.01850717,0.12258473,158,1824.735069680493,0,10.0,1,2018,2019,21.47948201128926,83.92083842126672
-0.00243309,0.10284464,160,1883.515177965164,0,20.0,1,2018,2019,21.462234357834166,84.04759070785599
0.35062343,-0.45142704,176,1863.3773620426653,4,28.284271247461906,1,2018,2019,21.45316137346456,84.171019227894
0.15939087,-0.10752819,191,1879.656286597252,0,22.360679774997894,1,2018,2019,21.562037185899843,83.9514709724552
-0.19384265,0.31259117,188,1841.7995253801344,0,0.0,1,2018,2019,21.551347234018824,83.93278601454551
0.6920285,-0.5989823,157,1811.7444865852597,0,30.0,1,2018,2019,21.384170759644174,83.92155707349403
-0.046898637,0.17273779,158,1824.735069680493,0,0.0,1,2018,2019,21.475080266397075,83.91562819261884
0.08061539,0.095156305,164,1830.1350152492523,0,10.0,1,2018,2019,21.420193202537373,83.92955207952268
0.28319624,-0.34185302,202,1791.6786192953589,0,20.0,1,2018,2019,21.368809568285734,84.12933739871087
-0.23619148,0.4025101,190,1841.7995253801344,0,0.0,1,2018,2019,21.552874370001824,83.91356206746536
0.003726708,0.15569489,166,1786.3003811836245,0,0.0,1,2018,2019,21.424055958259085,83.88436682073147
0.32652366,-0.22284997,160,1824.735069680493,0,14.142135623730953,1,2018,2019,21.49286690902264,83.90377043086846
0.086975336,-0.17511305,192,1879.656286597252,0,28.284271247461906,1,2018,2019,21.567067751490917,83.98165436600162
0.025810722,0.087698646,191,1817.3649086654184,0,10.0,1,2018,2019,21.58692051926996,84.00204612295113
0.18423855,-0.04217432,199,1791.6786192953589,0,22.360679774997894,1,2018,2019,21.375816427501867,84.14874100884785
-0.012048192,0.10869565,163,1769.5761865973473,0,10.0,1,2018,2019,21.4835244300678,83.8920923321749
0.11575828,-0.052827843,190,1841.7995253801344,0,30.0,1,2018,2019,21.550448918734705,83.93332500371599
0.342246,-0.32453826,154,1811.028529509902,0,22.360679774997894,1,2018,2019,21.445705356606368,84.05253144191865
-0.013292822,0.16328502,158,1824.735069680493,0,0.0,1,2018,2019,21.48999230011346,83.90053649584563
0.09493852,0.023245431,146,1824.735069680493,0,10.0,1,2018,2019,21.481458304914323,83.93988270529006
0.28248975,-0.39069164,189,1813.083622455597,4,22.360679774997894,1,2018,2019,21.442471421583537,84.19626188737777
-0.09980928,0.20672269,191,1879.656286597252,0,0.0,1,2018,2019,21.584584899531244,83.99324263316676
-0.205074,0.30831495,189,1841.7995253801344,0,0.0,1,2018,2019,21.55188622318929,83.93323517218758
-0.018450184,0.17814456,136,1811.7444865852597,0,0.0,1,2018,2019,21.36440782339355,83.94194883044354
0.30735826,-0.4176586,184,1791.6786192953589,4,28.284271247461906,1,2018,2019,21.397825151962795,84.1198152566992
-0.028398005,0.11159564,191,1841.7995253801344,0,10.0,1,2018,2019,21.55296420153024,83.93682843332405
-0.012670676,0.14416322,156,1824.735069680493,0,14.142135623730953,1,2018,2019,21.451903732066796,83.93754708555134
-0.24359217,0.39471287,190,1841.7995253801344,0,0.0,1,2018,2019,21.551976054717706,83.93512163428423
0.1883236,-0.25353062,159,1824.735069680493,0,28.284271247461906,1,2018,2019,21.49142960456805,83.91643667637454
0.1496245,0.001917687,142,1864.4806005470452,3,22.360679774997894,1,2018,2019,21.465108966743347,83.95488457053486
-0.056736033,0.14137587,192,1817.3649086654184,0,10.0,1,2018,2019,21.588357823724547,84.00015966085448
-0.0461325,0.18276374,190,1817.3649086654184,0,0.0,1,2018,2019,21.599227438662396,84.01794630348004
0.025890958,0.07995621,156,1824.735069680493,0,22.360679774997894,1,2018,2019,21.45163423748156,83.94275731419924
0.5022146,-0.42243558,158,1824.735069680493,0,20.0,1,2018,2019,21.475619255567548,83.91661633943137
0.027449006,0.055336885,146,1862.205259859562,0,10.0,1,2018,2019,21.512809508330093,83.90143481112975
0.0072815535,0.06531531,165,1821.555781364441,4,22.360679774997894,1,2018,2019,21.50202972492066,84.03339732636691
0.3658045,-0.37970817,188,1817.8675085306168,0,20.0,1,2018,2019,21.5676965721898,83.85355460648617
-0.0029041627,0.06787331,150,1808.514024615288,0,10.0,1,2018,2019,21.524846933137297,83.89182283758967
0.030071482,0.13505122,160,1811.7444865852597,0,22.360679774997894,1,2018,2019,21.363689171166254,83.91697566554501
0.6122449,-0.5721393,195,1769.5761865973473,1,30.0,1,2018,2019,21.498526295312598,83.85283595425888
0.31408313,-0.22270931,138,1845.9195078182968,3,22.360679774997894,1,2018,2019,21.393692901655847,83.97752211569467
-0.078156315,0.23429047,188,1866.5584846138956,0,0.0,1,2018,2019,21.50463483924461,84.15996994989935
0.10322818,0.113871634,161,1830.1350152492523,0,10.0,1,2018,2019,21.42549326271368,83.93368432982963
0.18743598,-0.26564774,193,1866.5584846138956,0,20.0,1,2018,2019,21.528799520387423,84.19293812082653
0.06890997,0.09432818,135,1811.7444865852597,0,10.0,1,2018,2019,21.350304273432872,83.92236555724973
0.42954546,-0.32980973,190,1879.656286597252,0,20.0,1,2018,2019,21.59213074791785,83.998093535701
-0.094925374,0.21246754,174,1863.3773620426653,0,0.0,1,2018,2019,21.452532552765675,84.15610719417764
-0.058742225,0.1875932,158,1824.735069680493,0,0.0,1,2018,2019,21.48594988133492,83.90143481112975
-0.054245282,0.17659138,188,1841.7995253801344,0,0.0,1,2018,2019,21.56104903908731,83.90439925156734
-0.022016222,0.10021322,194,1841.7995253801344,0,10.0,1,2018,2019,21.550718413319935,83.93584028651152
0.20850678,-0.15897007,192,1841.7995253801344,0,28.284271247461906,1,2018,2019,21.59949693324763,83.92631814449986
0.37100562,-0.3318584,186,1877.1579506397247,4,22.360679774997894,1,2018,2019,21.5429030703481,84.12969672482451
0.026117237,0.008598131,194,1841.7995253801344,0,10.0,1,2018,2019,21.55458116904165,83.94176916738671
0.08752117,-0.0974359,154,1808.514024615288,0,28.284271247461906,1,2018,2019,21.51541462265404,83.8628072539126
0.031636562,0.13164866,163,1811.7444865852597,0,10.0,1,2018,2019,21.372492660950627,83.91814347541437
0.016224986,0.08814073,142,1824.735069680493,0,10.0,1,2018,2019,21.467354754953647,83.94626074380731
0.49973047,-0.42593542,194,1866.5584846138956,0,20.0,1,2018,2019,21.524757101608884,84.17173788012131
0.020902757,0.14922862,170,1830.1350152492523,0,30.0,1,2018,2019,21.44112394865736,83.91176543689711
0.09503215,-0.038120568,188,1841.7995253801344,0,30.0,1,2018,2019,21.56185752284302,83.90350093628322
-0.1117717,0.23470956,192,1841.7995253801344,0,0.0,1,2018,2019,21.59958676477604,83.9003568327888
0.03628447,0.087584786,158,1769.5761865973473,0,14.142135623730953,1,2018,2019,21.488465164130456,83.89631441401026
-0.049327355,0.15873016,189,1866.5584846138956,0,0.0,1,2018,2019,21.51873838920528,84.16625815688818
0.3986898,-0.38672903,142,1864.4806005470452,0,30.0,1,2018,2019,21.47040902691965,83.9514709724552
0.42127073,-0.414433,159,1779.127650797367,4,22.360679774997894,1,2018,2019,21.38560806409877,83.88724142964065
0.14163952,0.013782542,158,1824.735069680493,0,28.284271247461906,1,2018,2019,21.4790328536472,83.92101808432355
0.20984538,-0.13200863,145,1811.7444865852597,0,20.0,1,2018,2019,21.377972384183757,83.91437055122107
0.3710692,-0.23163842,156,1824.735069680493,0,22.360679774997894,1,2018,2019,21.452532552765675,83.94132000974466
-0.28720516,0.42511243,192,1879.656286597252,0,0.0,1,2018,2019,21.56221684895667,83.97374919150137
-0.116583765,0.24374285,192,1841.7995253801344,0,0.0,1,2018,2019,21.565181289394264,83.94302680878448
-0.2180831,0.36578172,188,1879.656286597252,0,0.0,1,2018,2019,21.57658989350258,83.98937987744505
0.60636365,-0.5321086,158,1830.1350152492523,0,28.284271247461906,1,2018,2019,21.40564049493464,83.92101808432355
-0.16749509,0.25452852,188,1841.7995253801344,0,0.0,1,2018,2019,21.555569315854186,83.937906411665
0.047284517,0.046728972,192,1879.656286597252,0,10.0,1,2018,2019,21.558264261706544,83.96467620713176
0.22594832,-0.2414177,196,1879.656286597252,0,22.360679774997894,1,2018,2019,21.57281696930928,83.98650526853586
-0.08852868,0.18141097,188,1841.7995253801344,0,0.0,1,2018,2019,21.559521903104308,83.90538739837987
-0.12980586,0.2559401,191,1841.7995253801344,0,0.0,1,2018,2019,21.55610830502465,83.91383156205059
0.3180192,-0.35448918,194,1817.8675085306168,0,28.284271247461906,1,2018,2019,21.558354093234957,83.87044293382762
0.11570248,-0.05986261,193,1841.7995253801344,0,22.360679774997894,1,2018,2019,21.56455246869538,83.9439251240686
0.4821161,-0.48719147,210,1563.0691775924818,1,490.40799340956914,0,2019,2020,21.351651746359053,84.09313529276085
-0.17146432,0.3480402,188,1640.2204654872462,0,0.0,0,2019,2020,21.53697418947291,83.85265629120205
0.47361952,-0.47337258,173,1631.9175470884852,4,1233.288287465668,0,2019,2020,21.536255537245616,83.94796754284714
0.43173832,-0.46291608,164,1611.58958593542,1,1280.0,0,2019,2020,21.393603070127437,84.0153411891561
0.21564992,-0.29519144,170,1604.2903165050077,6,714.0028011149536,0,2019,2020,21.536704694887675,84.03752957667385
0.5104979,-0.50089407,163,1604.2903165050077,4,550.8175741568165,0,2019,2020,21.53652503183085,84.0416618269808
0.67128026,-0.59933853,166,1591.9735097484568,4,1280.0,0,2019,2020,21.495741517931823,84.1280797573131
0.63065004,-0.5675564,166,1603.7002907779072,1,1280.0,0,2019,2020,21.429356018435392,84.08558944437425
0.4613538,-0.5170635,213,1510.699908208047,1,812.7115109311545,0,2019,2020,21.58386624730395,84.10867614717611
0.46106222,-0.4544275,173,1640.2204654872462,6,216.33307652783935,0,2019,2020,21.502119556449077,83.87834810832787
0.39348683,-0.4553632,171,1611.58958593542,4,1280.0,0,2019,2020,21.38309278130324,84.02252771142906
0.43520987,-0.46631902,192,1571.9161179682078,1,1280.0,0,2019,2020,21.48909398482934,84.15601736264922
0.43095058,-0.48376846,176,1613.539233859976,1,784.0918313565064,0,2019,2020,21.406448978690342,84.10840665259089
0.6962677,-0.5991911,205,1509.007941794482,1,313.8470965295043,0,2019,2020,21.553772685285946,84.18377530492852
0.6674548,-0.6064841,297,1611.58958593542,1,1280.0,0,2019,2020,21.35398736609776,84.03438547317944
0.66560775,-0.5820419,199,1571.9161179682078,1,525.5473337388365,0,2019,2020,21.48532106063604,84.19024317497417
0.6474726,-0.6029915,365,1611.58958593542,1,1280.0,0,2019,2020,21.35371787151253,84.02495316269618
0.4222808,-0.4733562,201,1509.007941794482,4,554.7071299343465,0,2019,2020,21.586112035514248,84.17425316291684
0.6164383,-0.57829034,183,1594.5462688984794,1,1280.0,0,2019,2020,21.56257617507032,84.00231561753637
0.22903356,-0.33362484,182,1613.539233859976,5,111.80339887498948,0,2019,2020,21.43905782350388,84.13957819294983
0.63323444,-0.5935587,373,1563.0691775924818,1,1280.0,0,2019,2020,21.368270579115265,84.05801116515178
0.54683006,-0.5280313,194,1538.918787408697,1,1280.0,0,2019,2020,21.58521372023013,84.0799300580843
0.32704055,-0.42811877,204,1509.007941794482,4,408.166632639171,0,2019,2020,21.59859861796351,84.17048023872354
0.4834802,-0.48819223,160,1611.58958593542,4,1280.0,0,2019,2020,21.385338569513536,84.01129877037756
0.51143086,-0.5167656,197,1540.3884270749268,1,600.832755431992,0,2019,2020,21.52466727008047,84.14478842159772
-0.15639533,0.3424987,188,1634.7582703134578,0,0.0,0,2019,2020,21.59320872625879,83.85310544884412
0.54697406,-0.51319766,216,1563.0691775924818,1,340.0,0,2019,2020,21.361533214484368,84.07660629153305
0.31004366,-0.31004366,188,1640.748784233493,0,40.0,0,2019,2020,21.597340976565743,83.99423077997929
0.67286825,-0.5688275,158,1685.77723072657,0,30.0,0,2019,2020,21.38147581379182,83.92173673655084
-0.19512042,0.2946482,188,1640.748784233493,0,0.0,0,2019,2020,21.592490074031492,83.98866122521775
0.10227823,-0.096960925,198,1634.7582703134578,0,14.142135623730953,0,2019,2020,21.55098790790517,83.8740361949641
0.50117344,-0.49869156,168,1591.9735097484568,4,1280.0,0,2019,2020,21.4933160666647,84.11640165861955
0.56816566,-0.5345945,147,1631.9175470884852,4,125.29964086141668,0,2019,2020,21.509485741778853,83.91365189899378
0.30372185,-0.34369943,164,1645.5226784301835,6,269.07248094147417,0,2019,2020,21.48774651190316,83.95865749472816
0.6603449,-0.59017795,177,1645.5226784301835,1,967.9876032264048,0,2019,2020,21.469959869277595,83.98695442617792
0.41126662,-0.43928036,196,1535.0835264685138,4,550.8175741568165,0,2019,2020,21.535806379603557,84.16428186326311
0.25420916,-0.36553878,170,1647.069976108939,4,363.59317925395686,0,2019,2020,21.42782888245239,83.90421958851051
0.39666873,-0.45540857,155,1593.7226981279111,4,1100.0454536063498,0,2019,2020,21.38048766697929,83.89963818056151
0.34276825,-0.42278033,186,1631.9175470884852,5,370.0,0,2019,2020,21.547933635939167,83.91041796397094
0.5521578,-0.5184834,143,1688.5246803463074,1,219.5449840010015,0,2019,2020,21.37491811221775,83.96773047909777
0.43549365,-0.28530413,161,1647.069976108939,0,22.360679774997894,0,2019,2020,21.41462364777583,83.92541982921574
0.44408742,-0.49960867,190,1579.7558364199476,1,596.824932455071,0,2019,2020,21.40222689685498,84.17407349986001
0.4992867,-0.50243235,178,1642.6080346339731,4,485.4894437575342,0,2019,2020,21.531404634711368,83.96521519630222
0.64146614,-0.59269404,175,1631.9175470884852,4,308.05843601498725,0,2019,2020,21.51990619907464,83.94823703743238
0.4266248,-0.4513893,190,1540.3884270749268,6,635.0590523722972,0,2019,2020,21.53418941209214,84.10265743477252
0.52051157,-0.516186,153,1593.7226981279111,4,378.021163428716,0,2019,2020,21.37132485108127,83.88427698920306
0.16714199,-0.17282525,144,1651.9320563661308,3,56.56854249492381,0,2019,2020,21.494394045005645,83.91850280152802
0.49131477,-0.5087576,169,1613.539233859976,4,1280.0,0,2019,2020,21.423606800617023,84.12754076814262
-0.16314803,0.3584083,188,1640.748784233493,0,0.0,0,2019,2020,21.5714694963831,83.96898812049554
0.38035464,-0.4476418,181,1571.9161179682078,1,1170.6835610018618,0,2019,2020,21.49223808832376,84.17604979348508
0.43729538,-0.43757528,209,1509.007941794482,1,265.70660511172844,0,2019,2020,21.578476355599232,84.17362434221796
0.3900277,-0.44219083,162,1592.1215501536285,5,542.033209314706,0,2019,2020,21.484782071465567,84.06447903519744
0.6752496,-0.6095637,167,1631.9175470884852,4,690.2897942168927,0,2019,2020,21.545059027029986,83.90996880632888
0.1234655,-0.11065097,140,1639.734637070956,0,364.9657518178932,0,2019,2020,21.42100168629308,83.9830916704562
-0.1736144,0.36233085,188,1634.7582703134578,0,0.0,0,2019,2020,21.562935501183965,83.89092452230555
0.4630963,-0.49247107,177,1591.9735097484568,1,891.0667763978186,0,2019,2020,21.456395308487387,84.13086453469387
0.4596877,-0.45906758,239,1509.007941794482,1,1280.0,0,2019,2020,21.599407101719216,84.18611092466722
0.7175435,-0.6012559,152,1639.734637070956,6,844.8076704197234,0,2019,2020,21.4429205792256,83.99414094845088
0.39767486,-0.46231416,145,1688.5246803463074,4,1280.0,0,2019,2020,21.366653611603848,83.98354082809827
0.48025593,-0.50950783,151,1639.734637070956,4,1075.6393447619885,0,2019,2020,21.430074670662687,83.9612626090521
0.43456924,-0.44590232,178,1540.3884270749268,4,642.0280367709809,0,2019,2020,21.520714682830345,84.1070591796647
0.424899,-0.4504673,161,1613.118863210927,4,963.8464608017192,0,2019,2020,21.47490060334025,84.0003393239113
0.3848716,-0.44538793,159,1647.069976108939,1,111.80339887498948,0,2019,2020,21.427200061753503,83.94967434188696
0.6359785,-0.5845505,208,1552.724454099584,1,1280.0,0,2019,2020,21.36395866575149,84.19132115331512
0.42140386,-0.47350553,206,1510.699908208047,1,380.78865529319546,0,2019,2020,21.59060361193485,84.14209347574537
0.5066901,-0.5549059,243,1510.699908208047,1,1094.8972554536797,0,2019,2020,21.593478220844027,84.1198152566992
0.47614026,-0.49329352,164,1647.069976108939,1,471.6990566028302,0,2019,2020,21.41866606655437,83.94679973297778
0.11438069,-0.182881,169,1611.58958593542,6,1280.0,0,2019,2020,21.399082793360563,84.03178035885549
0.5608118,-0.51954514,157,1613.118863210927,4,1110.180165558726,0,2019,2020,21.474720940283422,84.02639046715078
0.33802348,-0.4054657,171,1538.918787408697,4,183.8477631085024,0,2019,2020,21.55215571777453,84.07867241668653
0.54578227,-0.5441123,157,1592.1215501536285,1,567.9788728465171,0,2019,2020,21.457203792243096,84.06214341545872
0.5506895,-0.5410461,194,1567.9896123734002,1,172.04650534085255,0,2019,2020,21.39854380419009,84.14532741076819
0.3461038,-0.39870954,187,1540.3884270749268,1,423.7924020083418,0,2019,2020,21.542813238819686,84.12933739871087
0.4801701,-0.49845377,183,1642.6080346339731,1,340.0,0,2019,2020,21.531224971654545,83.99171549718376
0.49540824,-0.49461672,195,1594.5462688984794,1,384.1874542459709,0,2019,2020,21.59464603071338,84.00321393282049
0.6877409,-0.6134414,176,1594.5462688984794,1,1280.0,0,2019,2020,21.57128983332628,84.02683962479283
0.55138475,-0.512431,190,1594.5462688984794,1,853.8149682454625,0,2019,2020,21.591681590275787,84.0258514779803
0.57292783,-0.5304605,172,1642.6080346339731,1,63.24555320336759,0,2019,2020,21.54335222799016,83.95686086415992
0.586361,-0.5701301,192,1642.6080346339731,1,320.1562118716424,0,2019,2020,21.549640434978997,83.97734245263784
0.50493014,-0.502307,167,1603.7002907779072,4,366.1966684720111,0,2019,2020,21.40258622296863,84.05720268139606
0.66867435,-0.6100161,319,1611.58958593542,1,1280.0,0,2019,2020,21.36674344313226,84.03438547317944
0.35586149,-0.42892036,191,1567.9896123734002,5,420.11903075200007,0,2019,2020,21.396208184451385,84.13957819294983
0.6669141,-0.5899985,169,1647.069976108939,1,756.6372975210778,0,2019,2020,21.41606095223042,83.94563192310842
0.5364789,-0.52098763,150,1688.5246803463074,4,523.9274758971894,0,2019,2020,21.360365404615013,83.95488457053486
0.48176688,-0.5038647,185,1538.918787408697,6,1280.0,0,2019,2020,21.57461359987752,84.05477723012895
0.29437447,-0.30012152,159,1645.5226784301835,6,453.43136195018536,0,2019,2020,21.47552942403913,83.9867747631211
0.47518975,-0.44634926,170,1591.9735097484568,4,282.842712474619,0,2019,2020,21.473283635828835,84.11873727835825
0.4930494,-0.50173897,146,1688.5246803463074,4,881.1923740024082,0,2019,2020,21.385877558684005,83.98246284975733
0.36024925,-0.41732922,159,1592.1215501536285,1,164.92422502470643,0,2019,2020,21.474990434868666,84.08163685712412
0.36812755,-0.41954207,189,1535.0835264685138,5,534.8831648126533,0,2019,2020,21.50319753479001,84.16464118937677
0.38948268,-0.43904543,177,1591.9735097484568,5,1182.7087553578017,0,2019,2020,21.45918008586816,84.12610346368804
0.07527135,-0.13722974,148,1631.9175470884852,7,709.365914038728,0,2019,2020,21.51083321470503,83.904758577681
0.6138251,-0.54854125,186,1579.7558364199476,1,1280.0,0,2019,2020,21.40204723379816,84.18422446257057
0.52661645,-0.51167965,163,1613.118863210927,4,224.7220505424423,0,2019,2020,21.48181763102797,84.03986519641256
0.7184587,-0.6207475,151,1645.5226784301835,1,512.4451190127583,0,2019,2020,21.475080266397075,83.96090328293846
0.58183616,-0.5565616,144,1685.77723072657,4,1096.5856099730654,0,2019,2020,21.35093309413176,83.90134497960133
0.35938472,-0.3726731,170,1647.069976108939,6,989.9494936611666,0,2019,2020,21.437081529878817,83.92191639960767
0.34534147,-0.42283002,161,1640.2204654872462,5,442.04072210600685,0,2019,2020,21.524397775495235,83.88391766308942
0.03042619,0.117226906,139,1639.734637070956,0,10.0,0,2019,2020,21.4241457897875,83.97617464276848
0.5335428,-0.5474992,166,1575.1144623941852,4,1280.0,0,2019,2020,21.50068225199448,84.05837049126542
-0.15785237,0.31554103,188,1640.2204654872462,0,0.0,0,2019,2020,21.544879363973163,83.86667000963432
0.59372544,-0.5466865,169,1613.539233859976,1,921.9544457292888,0,2019,2020,21.425852588827325,84.1152338487502
0.40232325,-0.40049633,193,1640.748784233493,0,60.0,0,2019,2020,21.56086937603049,83.97365935997296
0.12942117,-0.18374586,162,1645.5226784301835,6,638.9053137985316,0,2019,2020,21.48783634343157,83.95479473900645
0.67550975,-0.63751256,315,1563.0691775924818,1,1280.0,0,2019,2020,21.36494681256402,84.052172115805
0.46760824,-0.52827257,161,1592.1215501536285,4,316.2277660168379,0,2019,2020,21.484692239937157,84.07121639982833
0.46631697,-0.53283495,162,1656.245478495715,4,1236.931687685298,0,2019,2020,21.40177773921292,83.88436682073147
0.25526398,-0.15834886,143,1671.026536732158,0,41.23105625617661,0,2019,2020,21.421810170048783,84.02854642383265
0.5747161,-0.5191551,212,1552.724454099584,1,1280.0,0,2019,2020,21.36386883422308,84.1987771701733
0.33512664,-0.3850936,153,1671.026536732158,4,777.8174593052023,0,2019,2020,21.42432545284432,84.00258511212161
0.505878,-0.53694326,182,1642.6080346339731,6,1257.179382586272,0,2019,2020,21.51631293793816,83.99467993762136
0.50112206,-0.48383948,182,1579.7558364199476,1,909.7252332435328,0,2019,2020,21.43465607861169,84.18638041925246
-0.22669315,0.34791222,188,1640.748784233493,0,0.0,0,2019,2020,21.59132226416214,83.99306297010993
-0.21482082,0.4057919,188,1634.7582703134578,0,0.0,0,2019,2020,21.56589994162156,83.86891579784462
0.53271395,-0.53302103,164,1592.1215501536285,1,572.1887800367987,0,2019,2020,21.483793924653035,84.09538108097115
0.20956782,-0.30018115,211,1594.5462688984794,5,1006.4790112068906,0,2019,2020,21.57039151804216,84.00222578600795
0.63128144,-0.5596985,196,1540.3884270749268,1,1280.0,0,2019,2020,21.528440194273774,84.1175694684889
-0.19198449,0.37027708,188,1634.7582703134578,0,0.0,0,2019,2020,21.57425427376387,83.86451405295243
-0.19965503,0.37967914,188,1634.7582703134578,0,0.0,0,2019,2020,21.57515258904799,83.87753962457217
0.6320407,-0.52185696,158,1651.9320563661308,3,90.0,0,2019,2020,21.48936347941457,83.90098565348768
0.4976452,-0.5158898,161,1656.245478495715,4,1071.167587261676,0,2019,2020,21.400609929343567,83.8875109242259
0.27177486,-0.3716248,188,1579.7558364199476,6,260.768096208106,0,2019,2020,21.449029123157608,84.1520647753991
0.5306487,-0.5286208,199,1567.9896123734002,1,682.4954212300622,0,2019,2020,21.370246872740328,84.13553577417129
0.4796887,-0.5197627,176,1631.9175470884852,4,370.1351104664349,0,2019,2020,21.54613700537093,83.91499937191995
0.4152249,-0.4461836,157,1631.9175470884852,1,306.10455730027934,0,2019,2020,21.51900788379052,83.91284341523806
0.35485342,-0.4141552,191,1510.699908208047,5,63.24555320336759,0,2019,2020,21.57128983332628,84.13158318692116
0.47965392,-0.49594042,174,1591.9735097484568,1,1051.189802081432,0,2019,2020,21.45693429765786,84.11999491975602
0.5222567,-0.47779047,154,1639.734637070956,6,854.7514258543241,0,2019,2020,21.442830747697183,83.9957579159623
0.6146444,-0.5678032,146,1688.5246803463074,1,624.3396511515186,0,2019,2020,21.39791498349121,83.96584401700112
0.5554523,-0.52629447,159,1604.2903165050077,4,511.9570294468082,0,2019,2020,21.515234959597212,84.01929377640623
0.45625976,-0.51002985,183,1613.539233859976,4,184.39088914585773,0,2019,2020,21.400699760871976,84.11029311468754
0.68646795,-0.5999856,141,1639.734637070956,1,155.24174696260025,0,2019,2020,21.422438990747672,83.97312037080248
0.54909945,-0.5196244,177,1642.6080346339731,1,348.8552708502482,0,2019,2020,21.54496919550157,83.95910665237022
0.50198865,-0.5156406,209,1601.671297309023,1,70.71067811865476,0,2019,2020,21.484871902993977,83.85615972081013
0.6773161,-0.5856563,152,1647.069976108939,1,78.10249675906654,0,2019,2020,21.434476415554872,83.94679973297778
0.41963688,-0.443021,148,1645.5226784301835,6,440.4543109109048,0,2019,2020,21.46205469477734,83.99647656818959
-0.2275281,0.42658558,188,1634.7582703134578,0,0.0,0,2019,2020,21.556557462666717,83.88813974492477
0.70740867,-0.6065803,147,1671.026536732158,1,219.5449840010015,0,2019,2020,21.43429675249805,84.0289057499463
0.50236964,-0.47348404,152,1688.5246803463074,4,1280.0,0,2019,2020,21.38623688479765,83.99441044303612
0.3236325,-0.377481,166,1651.9320563661308,6,256.3201123595259,0,2019,2020,21.4790328536472,83.90403992545369
0.53527766,-0.5326966,147,1688.5246803463074,4,1280.0,0,2019,2020,21.39989127711627,83.96018463071117
0.41738787,-0.42021078,167,1645.5226784301835,6,1054.229576515476,0,2019,2020,21.47067852150489,83.98407981726874
0.6113736,-0.57893515,141,1639.734637070956,1,274.5906043549196,0,2019,2020,21.44076462254371,83.98057638766068
0.5191922,-0.5052895,205,1510.699908208047,1,304.7950130825634,0,2019,2020,21.585393383286952,84.11864744682984
0.5963642,-0.52534056,181,1538.918787408697,1,570.701322935211,0,2019,2020,21.570750844155803,84.06151459475984
0.3533598,-0.3949273,153,1651.9320563661308,5,480.10415536631217,0,2019,2020,21.486309207448567,83.94132000974466
0.5538028,-0.5534746,168,1656.245478495715,4,1042.0172743289816,0,2019,2020,21.43474591014011,83.87214973286744
-0.2159969,0.38660538,188,1648.1545588437425,0,0.0,0,2019,2020,21.57173899096833,83.90386026239686
0.3870433,-0.4432495,197,1563.0691775924818,5,1238.1033882515628,0,2019,2020,21.36907906287097,84.07274353581134
0.23745641,-0.29444662,169,1601.671297309023,6,134.1640786499874,0,2019,2020,21.471037847618536,83.89739239235121
0.65439844,-0.6049956,193,1603.7002907779072,1,1280.0,0,2019,2020,21.4219000015772,84.09017085232325
0.49149096,-0.52639425,220,1567.9896123734002,1,761.5773105863909,0,2019,2020,21.36270102435372,84.1152338487502
0.38826653,-0.4129073,150,1685.77723072657,4,472.9693436154187,0,2019,2020,21.395579363752496,83.91194509995394
0.6340039,-0.5683588,190,1603.7002907779072,1,1280.0,0,2019,2020,21.403125212139106,84.07157572594198
0.31044507,-0.40116742,197,1567.9896123734002,4,290.0,0,2019,2020,21.37958935169517,84.11208974525577
0.26968902,-0.26793012,163,1631.9175470884852,6,885.2683209061533,0,2019,2020,21.52466727008047,83.9026026209991
0.4547169,-0.48154372,212,1509.007941794482,1,773.3692520394123,0,2019,2020,21.567876235246622,84.1912313217867
0.40868202,-0.45550966,145,1688.5246803463074,4,1037.111372997134,0,2019,2020,21.35246023011476,83.96368806031923
0.41545263,-0.4561993,179,1571.9161179682078,1,1138.859078200635,0,2019,2020,21.499065284483063,84.17793625558173
0.24374913,-0.33353302,195,1594.5462688984794,1,421.90046219457975,0,2019,2020,21.58530355175854,84.00815466688314
0.52838016,-0.5076531,216,1552.724454099584,1,1006.5783625729296,0,2019,2020,21.360095910029777,84.17281585846226
0.60976654,-0.52029467,202,1540.3884270749268,1,912.1951545584968,0,2019,2020,21.53553688501832,84.13903920377936
-0.15954679,0.35718688,188,1640.748784233493,0,0.0,0,2019,2020,21.58000349158224,83.95605238040422
-0.20424242,0.37659255,188,1648.1545588437425,0,0.0,0,2019,2020,21.58215944826412,83.93323517218758
0.43852952,-0.4519429,147,1671.026536732158,4,385.8756276314948,0,2019,2020,21.423966126730672,84.01650899902546
0.3152174,-0.38342923,157,1671.026536732158,6,1135.4734695271395,0,2019,2020,21.43312894262869,84.01947343946306
0.3539604,-0.4121986,181,1540.3884270749268,4,1280.0,0,2019,2020,21.527541878989656,84.11882710988667
0.46605504,-0.47416973,198,1535.0835264685138,4,516.2363799656123,0,2019,2020,21.52385878632477,84.18161934824663
0.5120148,-0.47632664,163,1651.9320563661308,4,275.86228448267445,0,2019,2020,21.48226678867003,83.91005863785729
0.31385076,-0.40684262,208,1509.007941794482,4,1280.0,0,2019,2020,21.5917714218042,84.17874473933745
0.3237886,-0.42377144,148,1688.5246803463074,4,827.3451516749221,0,2019,2020,21.360365404615013,83.96252025044987
0.53923315,-0.52955383,163,1651.9320563661308,4,591.3543776789007,0,2019,2020,21.464120819930816,83.90799251270381
0.5337174,-0.53566885,176,1592.1215501536285,1,677.2001181334805,0,2019,2020,21.46843273329459,84.08325382463553
0.50808626,-0.49160612,205,1509.007941794482,1,587.2818744010409,0,2019,2020,21.5654507839795,84.18422446257057
0.45694247,-0.45954558,197,1567.9896123734002,1,360.5551275463989,0,2019,2020,21.371774008723328,84.13131369233594
0.48421416,-0.5131709,152,1639.734637070956,4,765.7675887630659,0,2019,2020,21.4339374263844,83.95461507594962
0.22643171,-0.32361332,158,1640.2204654872462,5,206.15528128088303,0,2019,2020,21.51721125322228,83.86289708544102
0.36469686,-0.42586866,184,1594.5462688984794,5,642.8841264178172,0,2019,2020,21.579464502411764,84.03276850566802
0.24482854,-0.3933588,179,1647.069976108939,5,942.0191080864548,0,2019,2020,21.44534603049272,83.92577915532938
0.37562993,-0.4359966,187,1552.724454099584,5,560.8029957123981,0,2019,2020,21.398364141133268,84.16877343968372
0.50521463,-0.5125955,155,1613.118863210927,4,622.0128616033595,0,2019,2020,21.471936162902654,84.01075978120708
0.57138944,-0.5609358,160,1593.7226981279111,4,1280.0,0,2019,2020,21.39135728191713,83.8687361347878
0.29650086,-0.38961822,194,1509.007941794482,5,881.4193099768123,0,2019,2020,21.584764562588067,84.16311405339376
0.38307163,-0.4228467,171,1571.9161179682078,5,520.0961449578338,0,2019,2020,21.468073407180945,84.15251393304115
0.551191,-0.55192596,165,1593.7226981279111,4,1056.882207249228,0,2019,2020,21.388123346894304,83.8643343898956
0.28416392,-0.3672507,182,1640.748784233493,1,894.5389874119518,0,2019,2020,21.55368285375753,83.98659510006428
0.37974027,-0.4213993,179,1579.7558364199476,4,1258.769240170731,0,2019,2020,21.43474591014011,84.17479215208732
0.5416921,-0.52035266,167,1651.9320563661308,4,650.0,0,2019,2020,21.469151385521887,83.90574672449353
0.485926,-0.48891288,147,1593.7226981279111,4,674.68511173732,0,2019,2020,21.35183140941588,83.89766188693645
-0.25360608,0.44791466,188,1640.2204654872462,0,0.0,0,2019,2020,21.548742119694875,83.88283968474848
-0.19350146,0.38756862,188,1648.1545588437425,0,0.0,0,2019,2020,21.578206861014,83.94635057533573
-0.23502244,0.41629025,188,1640.2204654872462,0,0.0,0,2019,2020,21.536704694887675,83.87026327077079
0.42319402,-0.45927536,169,1656.245478495715,4,1280.0,0,2019,2020,21.43905782350388,83.87017343924238
0.21877556,-0.2492236,197,1642.6080346339731,5,1043.8869670610895,0,2019,2020,21.53077581401249,83.97761194722308
0.3965216,-0.40024173,161,1639.734637070956,6,1256.3439019631528,0,2019,2020,21.439506981145943,83.99764437805895
0.38007393,-0.45772377,187,1642.6080346339731,4,745.2516353554684,0,2019,2020,21.533111433751195,83.98443914338239
0.3375158,-0.3848829,160,1651.9320563661308,5,60.82762530298219,0,2019,2020,21.46277334700464,83.93628944415359
0.46591118,-0.47801748,170,1594.5462688984794,4,1021.763181955584,0,2019,2020,21.551077739433588,84.04741104479916
0.5381974,-0.509547,209,1535.0835264685138,1,1043.5037134576953,0,2019,2020,21.53400974903532,84.18081086449092
0.51797193,-0.48,175,1575.1144623941852,4,1230.0406497347965,0,2019,2020,21.50750944815379,84.08963186315279
0.4580553,-0.4783134,180,1538.918787408697,1,800.5623023850173,0,2019,2020,21.56634909926362,84.07355201956705
-0.16398151,0.35237402,188,1648.1545588437425,0,0.0,0,2019,2020,21.581800122150472,83.9183231384712
0.29519656,-0.37945822,160,1631.9175470884852,5,588.727441181401,0,2019,2020,21.509036584136798,83.90008733820356
0.4511934,-0.46799502,197,1594.5462688984794,1,439.089968002003,0,2019,2020,21.59213074791785,84.01507169457086
0.46351534,-0.5064117,205,1552.724454099584,1,259.4224354214569,0,2019,2020,21.36261119282531,84.15601736264922
0.5517252,-0.5260158,177,1601.671297309023,6,297.3213749463701,0,2019,2020,21.46304284158987,83.8957754248398
0.45494327,-0.473064,205,1567.9896123734002,4,243.3105012119288,0,2019,2020,21.356502648893297,84.12116272962538
0.2196936,-0.31584543,188,1579.7558364199476,4,848.999411071645,0,2019,2020,21.420283034065783,84.16140725435393
0.3405823,-0.3966857,186,1613.539233859976,4,291.547594742265,0,2019,2020,21.44085445407212,84.14667488369437
0.4544074,-0.45359105,146,1639.734637070956,4,220.2271554554524,0,2019,2020,21.41453381624742,83.99935117709877
0.64755225,-0.5800616,208,1567.9896123734002,1,184.39088914585773,0,2019,2020,21.372492660950627,84.12197121338109
0.5521659,-0.52925974,150,1639.734637070956,4,172.6267650163207,0,2019,2020,21.44687316647572,83.95353709760867
0.53917664,-0.52954507,213,1563.0691775924818,1,707.6722405181653,0,2019,2020,21.36934855745621,84.09529124944274
-0.20697089,0.4003085,188,1634.7582703134578,0,0.0,0,2019,2020,21.595095188355444,83.89182283758967
0.30325815,-0.37737978,187,1540.3884270749268,1,1188.4864324004711,0,2019,2020,21.5279012051033,84.12242037102315
0.30985916,-0.30617338,168,1603.7002907779072,6,1280.0,0,2019,2020,21.44687316647572,84.0754384816637
0.5441312,-0.532553,167,1575.1144623941852,4,1280.0,0,2019,2020,21.526194406063475,84.07822325904446
0.4127283,-0.41376126,193,1594.5462688984794,1,304.138126514911,0,2019,2020,21.59311889473038,84.00357325893414
0.4694025,-0.51515687,175,1594.5462688984794,4,948.1033698917012,0,2019,2020,21.553772685285946,84.01489203151404
0.50824255,-0.5223645,175,1591.9735097484568,4,877.2684879784524,0,2019,2020,21.480559989630205,84.12538481146075
0.40259385,-0.44615963,204,1567.9896123734002,5,414.8493702538309,0,2019,2020,21.381296150735,84.1460460629955
0.14588267,-0.19858278,160,1631.9175470884852,6,1280.0,0,2019,2020,21.50140090422177,83.94751838520507
0.3441015,-0.43525374,210,1567.9896123734002,4,390.1281840626232,0,2019,2020,21.353178882342057,84.14550707382502
0.37386945,-0.43856508,180,1579.7558364199476,5,453.43136195018536,0,2019,2020,21.411928701923472,84.15449022666621
0.40613723,-0.39410633,153,1603.7002907779072,1,670.6713054842886,0,2019,2020,21.44660367189049,84.05351958873118
0.3075434,-0.4003147,198,1538.918787408697,5,1280.0,0,2019,2020,21.59213074791785,84.06932993773168
0.5089975,-0.48819607,154,1613.118863210927,4,1103.4491379306978,0,2019,2020,21.456664803072623,84.02171922767334
-0.1302682,0.20905924,188,1640.748784233493,0,0.0,0,2019,2020,21.579015344769704,83.99297313858152
0.44611415,-0.44468546,152,1613.118863210927,1,519.7114584074513,0,2019,2020,21.48047015810179,84.00689702548537
0.26983616,-0.351376,197,1535.0835264685138,1,260.0,0,2019,2020,21.52421811243841,84.15655635181969
0.5793905,-0.54369587,186,1656.245478495715,1,1280.0,0,2019,2020,21.44911895468602,83.87376670037887
0.2931888,-0.36151028,177,1571.9161179682078,4,1280.0,0,2019,2020,21.470139532334414,84.16778529287119
0.5781323,-0.5544145,194,1601.671297309023,1,742.4284477308233,0,2019,2020,21.473642961942485,83.86047163417389
0.4561364,-0.4590981,151,1671.026536732158,6,589.406481131655,0,2019,2020,21.427559387867152,84.01345472705945
0.5330102,-0.5022338,221,1563.0691775924818,1,250.0,0,2019,2020,21.36934855745621,84.08711658035725
0.5161724,-0.5232758,174,1647.069976108939,1,843.0895563343197,0,2019,2020,21.407526957031287,83.93251651996027
0.3723027,-0.44053265,192,1509.007941794482,4,657.6473218982953,0,2019,2020,21.560330386860016,84.16796495592801
0.38804588,-0.44543052,206,1594.5462688984794,1,402.6164427839479,0,2019,2020,21.597071481980507,84.01165809649122
0.5188281,-0.5163062,166,1604.2903165050077,6,876.812408671319,0,2019,2020,21.514156981256274,84.01471236845721
0.5329841,-0.49123392,176,1642.6080346339731,6,1280.0,0,2019,2020,21.51164169846074,83.98381032268351
0.5628175,-0.53201956,175,1591.9735097484568,4,457.9301256742124,0,2019,2020,21.476966728493725,84.1272712735574
0.5315147,-0.53621805,192,1579.7558364199476,1,1280.0,0,2019,2020,21.40492184270734,84.18961435427529
-0.28171092,0.4358529,188,1640.2204654872462,0,0.0,0,2019,2020,21.54074711366621,83.87718029845851
0.6046134,-0.5356741,194,1510.699908208047,1,170.29386365926402,0,2019,2020,21.572996632366102,84.11289822901148
0.33758825,-0.3825241,183,1656.245478495715,5,520.0961449578338,0,2019,2020,21.44813080787349,83.89595508789661
0.48430273,-0.5007129,180,1540.3884270749268,1,1012.1264743103995,0,2019,2020,21.51550445418245,84.1272712735574
0.3570685,-0.39914286,186,1571.9161179682078,4,995.6907150315304,0,2019,2020,21.47040902691965,84.19778902336077
0.21219087,-0.3214195,181,1647.069976108939,5,335.4101966249684,0,2019,2020,21.414803310832653,83.93063005786362
0.42872244,-0.455756,185,1538.918787408697,1,434.1658669218482,0,2019,2020,21.55637779960989,84.09385394498814
0.20759998,-0.2828871,185,1594.5462688984794,5,1280.0,0,2019,2020,21.568684719002327,84.00599871020125
0.43831855,-0.4797884,176,1538.918787408697,1,691.8092222571191,0,2019,2020,21.556916788780363,84.09627939625527
0.50456685,-0.513363,156,1593.7226981279111,4,1280.0,0,2019,2020,21.353538208455703,83.85059016604858
0.68166375,-0.6325308,261,1510.699908208047,1,1222.4974437601086,0,2019,2020,21.59365788390085,84.11631182709114
0.57760274,-0.5086841,181,1579.7558364199476,1,728.3543093852057,0,2019,2020,21.424864442014798,84.19733986571872
0.58206105,-0.5340015,157,1603.7002907779072,1,1280.0,0,2019,2020,21.43474591014011,84.05881964890749
0.21389873,-0.32189736,181,1571.9161179682078,4,1280.0,0,2019,2020,21.47256498360154,84.17003108108148
0.47993377,-0.49901634,170,1642.6080346339731,4,1280.0,0,2019,2020,21.51146203540392,83.9626999135067
-0.25983816,0.43628937,188,1648.1545588437425,0,0.0,0,2019,2020,21.561318533672548,83.92119774738038
0.49505085,-0.49340764,169,1591.9735097484568,1,729.4518489934753,0,2019,2020,21.488554995658863,84.11101176691483
0.6514965,-0.5998638,302,1611.58958593542,1,1280.0,0,2019,2020,21.38381143353053,84.02755827702012
0.69898385,-0.59909266,159,1613.118863210927,4,618.1423784210236,0,2019,2020,21.46061739032275,84.03097187509978
0.5201819,-0.5320333,185,1613.539233859976,6,485.07731342539614,0,2019,2020,21.447501987174604,84.12754076814262
0.45639324,-0.46229213,218,1552.724454099584,1,1120.0446419674531,0,2019,2020,21.368270579115265,84.19545340362207
0.5082375,-0.52441955,146,1685.77723072657,4,713.8627319029899,0,2019,2020,21.369797715098265,83.93323517218758
0.53973484,-0.527599,171,1579.7558364199476,1,967.470929795826,0,2019,2020,21.43986630725959,84.171019227894
0.28864816,-0.32759824,161,1601.671297309023,4,42.426406871192846,0,2019,2020,21.49133977303964,83.88697193505543
0.5241731,-0.5146846,155,1639.734637070956,4,1153.7764081484763,0,2019,2020,21.433218774157105,83.95937614695545
0.25145558,-0.3023111,155,1640.2204654872462,3,98.99494936611666,0,2019,2020,21.515594285710865,83.87735996151534
0.00025443675,0.13769805,192,1640.748784233493,0,10.0,0,2019,2020,21.59213074791785,83.99962067168401
0.33470017,-0.39475092,169,1604.2903165050077,6,460.0,0,2019,2020,21.51990619907464,84.0160598413834
0.47211295,-0.47376087,170,1604.2903165050077,4,1280.0,0,2019,2020,21.54407088021745,84.01408354775833
0.5827165,-0.54131067,168,1591.9735097484568,4,509.6076922496363,0,2019,2020,21.473193804300426,84.14631555758072
0.51898664,-0.52168953,185,1656.245478495715,5,170.8800749063506,0,2019,2020,21.44498670437907,83.89739239235121
0.50459176,-0.5069073,169,1575.1144623941852,4,1280.0,0,2019,2020,21.53383008597849,84.07723511223193
0.5704187,-0.5704187,158,1671.026536732158,4,1280.0,0,2019,2020,21.40294554908228,84.01965310251987
0.41308963,-0.46461463,197,1571.9161179682078,4,681.1754546370561,0,2019,2020,21.479392179760847,84.19500424598
0.51915455,-0.4924349,207,1631.9175470884852,1,1280.0,0,2019,2020,21.502299219505897,83.9335046667728
0.49892557,-0.4934084,169,1642.6080346339731,4,1280.0,0,2019,2020,21.502209387977484,83.98407981726874
0.47439665,-0.49378785,173,1591.9735097484568,1,586.9412236331676,0,2019,2020,21.46888189093665,84.1340984697167
0.39392835,-0.44791666,189,1567.9896123734002,4,187.88294228055932,0,2019,2020,21.383991096587355,84.11128126150007
0.6183739,-0.55052775,169,1613.539233859976,1,1280.0,0,2019,2020,21.439147655032293,84.10661002202265
0.5452396,-0.5191376,159,1645.5226784301835,6,257.0992026436488,0,2019,2020,21.489453310942988,83.96323890267716
0.5426521,-0.548852,154,1611.58958593542,4,1280.0,0,2019,2020,21.393962396241083,84.00240544906478
0.33858892,-0.3961122,151,1613.118863210927,6,528.1098370604357,0,2019,2020,21.452083395123616,84.00312410129207
0.33285087,-0.42247677,184,1579.7558364199476,1,630.6346010171025,0,2019,2020,21.449747775384903,84.19527374056524
0.46231058,-0.5179382,199,1567.9896123734002,1,1170.0427342623002,0,2019,2020,21.388662336064776,84.10113029878951
0.42378208,-0.4651896,161,1604.2903165050077,4,563.5601121442148,0,2019,2020,21.50247888256272,84.02216838531541
0.5325684,-0.52584374,173,1591.9735097484568,4,1070.700705145934,0,2019,2020,21.4587309282261,84.13122386080752
0.49612826,-0.4963477,154,1639.734637070956,4,1034.7946656221225,0,2019,2020,21.4091439245427,83.96000496765434
0.449711,-0.4579276,167,1640.2204654872462,6,313.8470965295043,0,2019,2020,21.501939893392247,83.8770006354017
0.4271533,-0.48508233,183,1642.6080346339731,5,1191.0499569707392,0,2019,2020,21.51667226405181,83.99189516024057
0.359302,-0.41446197,176,1601.671297309023,1,1014.0019723846694,0,2019,2020,21.473822624999308,83.88427698920306
0.5937177,-0.54148835,151,1639.734637070956,1,853.8149682454625,0,2019,2020,21.42989500760586,83.95802867402928
0.47853062,-0.47720295,201,1631.9175470884852,1,78.10249675906654,0,2019,2020,21.548113298995997,83.92461134546002
0.36678812,-0.42335543,181,1642.6080346339731,1,340.147027033899,0,2019,2020,21.53041648789884,83.99225448635423
0.6200724,-0.55808043,249,1552.724454099584,1,1280.0,0,2019,2020,21.35767045876265,84.1769481087692
0.5700468,-0.5555556,162,1603.7002907779072,4,1280.0,0,2019,2020,21.44184260088465,84.07058757912945
0.44893873,-0.44864866,153,1613.118863210927,4,1110.180165558726,0,2019,2020,21.481188810329087,84.00150713378066
-0.31873557,0.5111165,188,1648.1545588437425,0,0.0,0,2019,2020,21.55529982126895,83.90080599043087
0.515698,-0.51662886,185,1535.0835264685138,1,1102.088925631684,0,2019,2020,21.50670096439808,84.16050893906981
0.34288406,-0.37941718,201,1535.0835264685138,4,1280.0,0,2019,2020,21.53921997768321,84.17730743488285
-0.16005681,0.36460587,188,1634.7582703134578,0,0.0,0,2019,2020,21.591412095690558,83.87026327077079
0.67014927,-0.5818251,227,1563.0691775924818,1,1067.379969832674,0,2019,2020,21.37437912304728,84.06897061161804
0.4846827,-0.46267852,154,1688.5246803463074,4,1280.0,0,2019,2020,21.394591216939965,83.99692572583164
0.48153788,-0.5071154,153,1639.734637070956,4,458.0392996239515,0,2019,2020,21.44732232411778,83.96054395682481
0.435751,-0.4988374,178,1571.9161179682078,5,891.5716460273959,0,2019,2020,21.49798730614212,84.15260376456956
0.3907026,-0.39250275,135,1688.5246803463074,6,574.8912940721924,0,2019,2020,21.38066733003611,83.96072361988163
0.34935644,-0.4127947,168,1613.118863210927,4,1002.2474744293448,0,2019,2020,21.488734658715693,84.04103300628192
0.28182405,-0.35436833,176,1601.671297309023,5,80.62257748298549,0,2019,2020,21.48442274535192,83.87080225994127
0.38510942,-0.43508202,191,1579.7558364199476,5,336.1547262794322,0,2019,2020,21.441034117128943,84.19859750711649
0.49442622,-0.49786395,179,1611.58958593542,1,1280.0,0,2019,2020,21.380846993092938,84.02270737448588
0.23393105,-0.19134173,179,1613.539233859976,0,376.4306044943742,0,2019,2020,21.445256198964305,84.12978655635293
0.41061866,-0.43780276,159,1685.77723072657,4,1280.0,0,2019,2020,21.39665734209344,83.94922518424491
0.26600727,-0.36593795,180,1540.3884270749268,5,250.79872407968907,0,2019,2020,21.525116427722534,84.10014215197698
0.41231474,-0.4640861,198,1552.724454099584,1,1280.0,0,2019,2020,21.36449765492196,84.18404479951374
0.63395596,-0.55765116,150,1603.7002907779072,1,1266.254318847521,0,2019,2020,21.441932432413065,84.05621453458353
0.413056,-0.344807,149,1671.026536732158,1,1027.861858422619,0,2019,2020,21.43106281747522,84.01552085221293
0.51613545,-0.5160751,159,1604.2903165050077,1,1002.2474744293448,0,2019,2020,21.50346702937525,84.0070766885422
0.3147089,-0.39099827,194,1510.699908208047,4,310.64449134018133,0,2019,2020,21.57551191516164,84.11406603888084
0.5225844,-0.543594,161,1593.7226981279111,4,1178.3462988442743,0,2019,2020,21.366473948547025,83.86002247653184
0.30741397,-0.39510244,180,1579.7558364199476,4,522.398315464359,0,2019,2020,21.441393443242596,84.18611092466722
0.4660346,-0.4987626,171,1642.6080346339731,1,832.1658488546619,0,2019,2020,21.535267390433084,83.96216092433623
0.6430703,-0.5938194,157,1611.58958593542,4,1280.0,0,2019,2020,21.371594345666505,84.00267494365002
0.3487565,-0.37297615,169,1601.671297309023,6,781.6009211867653,0,2019,2020,21.491609267624877,83.87529383636186
0.4441461,-0.4794627,182,1642.6080346339731,6,1280.0,0,2019,2020,21.51541462265404,83.98506796408127
0.5827516,-0.5803377,203,1510.699908208047,1,403.6087214122113,0,2019,2020,21.56643893079203,84.14451892701248
0.43839347,-0.4634991,231,1640.2204654872462,1,116.619037896906,0,2019,2020,21.54982009803582,83.88715159811224
0.43413532,-0.46480122,151,1688.5246803463074,4,820.9750300709517,0,2019,2020,21.383002949774824,83.9807560507175
0.41034472,-0.44615737,145,1645.5226784301835,6,703.2780389006896,0,2019,2020,21.461336042550045,83.98731375229157
0.58060986,-0.5817305,164,1613.539233859976,4,1280.0,0,2019,2020,21.43097298594681,84.10373541311345
0.5819858,-0.53963816,160,1611.58958593542,4,1280.0,0,2019,2020,21.38929115676366,84.00941230828091
0.41945317,-0.4840099,195,1567.9896123734002,1,275.86228448267445,0,2019,2020,21.3948607115252,84.13014588246658
0.39295393,-0.45353818,147,1671.026536732158,4,376.56340767525467,0,2019,2020,21.41228802803712,84.00968180286615
0.10865427,-0.21699469,138,1688.5246803463074,6,390.1281840626232,0,2019,2020,21.398364141133268,83.9717728978763
0.23922385,-0.36937508,198,1509.007941794482,4,657.4191965557441,0,2019,2020,21.567067751490917,84.16410220020629
0.41910994,-0.46917692,177,1592.1215501536285,1,395.60080889704966,0,2019,2020,21.470858184561717,84.08397247686283
0.56203794,-0.54500556,180,1540.3884270749268,1,1132.7841806805036,0,2019,2020,21.514606138898333,84.14290195950107
0.56078523,-0.5220412,156,1593.7226981279111,6,630.7138812488591,0,2019,2020,21.350843262603345,83.88652277741336
0.52021414,-0.5048838,169,1592.1215501536285,1,418.80783182743846,0,2019,2020,21.481637967971142,84.0987946790508
0.41351253,-0.46918067,184,1540.3884270749268,1,1135.2973178863765,0,2019,2020,21.542184418120804,84.14469859006931
-0.18386462,0.32909054,188,1640.748784233493,0,0.0,0,2019,2020,21.598778281020333,83.97527632748437
0.6713561,-0.6000589,142,1685.77723072657,1,858.6617494683223,0,2019,2020,21.35551450208077,83.90925015410158
0.5323255,-0.5367742,161,1592.1215501536285,1,662.872536767062,0,2019,2020,21.48442274535192,84.09771670070987
0.71315116,-0.6200407,159,1640.2204654872462,1,898.0534505250787,0,2019,2020,21.53715385252973,83.89191266911808
-0.13500154,0.2735922,193,1640.748784233493,0,0.0,0,2019,2020,21.56814572983186,83.98210352364367
-0.0613023,0.11773966,183,1579.7558364199476,0,10.0,0,2019,2020,21.42010337100896,84.1926686262413
0.37269196,-0.43285412,186,1510.699908208047,5,961.7692030835672,0,2019,2020,21.567966066775032,84.11792879460255
0.31269914,-0.3843799,179,1510.699908208047,5,1131.591799192624,0,2019,2020,21.565720278564733,84.12197121338109
0.4120273,-0.43409693,151,1639.734637070956,4,531.5072906367325,0,2019,2020,21.400160771701508,83.98641543700745
0.5147104,-0.5262975,146,1688.5246803463074,1,1280.0,0,2019,2020,21.366473948547025,83.98632560547904
0.4210919,-0.45654127,191,1601.671297309023,1,745.4528824815154,0,2019,2020,21.472744646658363,83.85768685679312
0.49672046,-0.5026302,174,1603.7002907779072,4,1280.0,0,2019,2020,21.42055252865102,84.0716655574704
0.70087737,-0.6017278,200,1594.5462688984794,1,698.7131027825369,0,2019,2020,21.595095188355444,84.02701928784965
0.661597,-0.55496764,247,1567.9896123734002,1,869.7700845625814,0,2019,2020,21.36216203518325,84.12439666464822
0.2231664,-0.1814726,145,1651.9320563661308,3,90.0,0,2019,2020,21.493495729721523,83.92488084004526
0.42619166,-0.44317654,156,1645.5226784301835,6,463.2493928760188,0,2019,2020,21.45935974892498,83.98821206757569
0.5279754,-0.52768993,174,1538.918787408697,4,1066.770828247567,0,2019,2020,21.572098317081984,84.07741477528876
0.5268799,-0.52677935,148,1593.7226981279111,4,1133.578404875463,0,2019,2020,21.36809091605844,83.89945851750468
0.3657554,-0.42826188,163,1592.1215501536285,5,107.70329614269008,0,2019,2020,21.476068413209607,84.08711658035725
0.57470095,-0.54054415,174,1647.069976108939,1,1026.9371937952194,0,2019,2020,21.44714266106096,83.9273961228408
0.42371973,-0.48466256,208,1509.007941794482,6,58.30951894845301,0,2019,2020,21.55278453847341,84.18161934824663
-0.16115375,0.36483553,188,1634.7582703134578,0,0.0,0,2019,2020,21.58772900302566,83.85741736220788
0.40884957,-0.40917706,152,1603.7002907779072,4,693.1810730249349,0,2019,2020,21.44310024228242,84.05037548523676
0.2451118,-0.28815296,178,1575.1144623941852,6,1280.0,0,2019,2020,21.516133274881337,84.09286579817561
0.6568028,-0.60600394,443,1563.0691775924818,1,1280.0,0,2019,2020,21.370336704268738,84.05729251292448
0.442228,-0.48358676,174,1540.3884270749268,4,1280.0,0,2019,2020,21.511012877761857,84.11505418569337
-0.2150216,0.4172218,188,1634.7582703134578,0,0.0,0,2019,2020,21.588267992196133,83.86523270517972
0.47925827,-0.495468,169,1613.118863210927,4,364.0054944640259,0,2019,2020,21.48082948421544,84.04273980532174
0.4809411,-0.48393318,153,1671.026536732158,4,325.5764119219941,0,2019,2020,21.43025433371951,84.02621080409395
0.49270722,-0.47163525,201,1567.9896123734002,0,31.6227766016838,0,2019,2020,21.37554693291663,84.14757319897849
0.5272151,-0.5261957,140,1685.77723072657,4,1273.4598540982752,0,2019,2020,21.35416702915459,83.9048484092094
0.4286137,-0.46937534,157,1593.7226981279111,1,445.9820624195552,0,2019,2020,21.386326716326067,83.89227199523172
0.4023478,-0.43012282,177,1591.9735097484568,4,934.0770846134704,0,2019,2020,21.459090254339745,84.14424943242726
-0.32142565,0.54855,188,1640.748784233493,0,0.0,0,2019,2020,21.56365415341126,83.96225075586463
0.49011913,-0.5391488,176,1656.245478495715,4,686.5857557508748,0,2019,2020,21.425044105071617,83.85310544884412
0.5230224,-0.5187319,173,1604.2903165050077,4,1138.4199576606163,0,2019,2020,21.537782673228616,84.00150713378066
-0.17676556,0.3477901,188,1640.2204654872462,0,0.0,0,2019,2020,21.54011829296733,83.85984281347501
0.49369478,-0.53608835,175,1656.245478495715,4,627.6941930590086,0,2019,2020,21.42657124105462,83.85193763897476
0.5935412,-0.57234234,166,1603.7002907779072,4,1167.2617529928752,0,2019,2020,21.44857996551555,84.09178781983468
0.37887293,-0.42229667,192,1640.748784233493,0,50.0,0,2019,2020,21.593747715429263,83.9912663395417
0.5244925,-0.52551967,168,1613.539233859976,1,1048.9041900955492,0,2019,2020,21.42441528437273,84.1190067729435
0.6862027,-0.56955504,166,1631.9175470884852,4,1280.0,0,2019,2020,21.515594285710865,83.92604864991462
0.56859744,-0.55185467,195,1594.5462688984794,1,366.8787265568829,0,2019,2020,21.58260860590618,84.01354455858787
0.4711993,-0.47157595,173,1540.3884270749268,4,1280.0,0,2019,2020,21.501760230335424,84.12143222421062
0.24622433,-0.32718894,192,1535.0835264685138,4,208.80613017821105,0,2019,2020,21.511372203875503,84.1746124890305
0.13381638,-0.22757094,177,1651.9320563661308,7,717.8439941937245,0,2019,2020,21.45298171040773,83.91266375218125
0.29989216,-0.40838358,150,1671.026536732158,4,1280.0,0,2019,2020,21.43465607861169,84.0108496127355
-0.26747242,0.46005616,188,1640.2204654872462,0,0.0,0,2019,2020,21.545687847728868,83.87771928762899
0.5496368,-0.53306615,211,1594.5462688984794,1,555.4277630799526,0,2019,2020,21.59608333516797,84.01300556941739
0.39723286,-0.45661727,206,1575.1144623941852,1,1280.0,0,2019,2020,21.504814502301432,84.07175538899881
0.3298965,-0.41513616,179,1510.699908208047,5,1280.0,0,2019,2020,21.56230668048508,84.11927626752873
0.6182095,-0.5783436,153,1611.58958593542,4,1280.0,0,2019,2020,21.393962396241083,84.00177662836589
0.6383058,-0.5738253,223,1535.0835264685138,1,212.1320343559643,0,2019,2020,21.538680988512738,84.18934485969005
0.592813,-0.5299886,146,1613.118863210927,1,50.0,0,2019,2020,21.45163423748156,84.0416618269808
0.5491833,-0.5565717,214,1594.5462688984794,1,332.41540277189324,0,2019,2020,21.58404591036077,84.03627193527609
0.44734076,-0.45864782,191,1594.5462688984794,1,438.6342439892262,0,2019,2020,21.57892551324129,84.04238047920809
0.49913767,-0.5274485,221,1563.0691775924818,1,756.6372975210778,0,2019,2020,21.37653507972916,84.09115899913579
-0.20476006,0.38111535,188,1634.7582703134578,0,0.0,0,2019,2020,21.59500535682703,83.85337494342934
0.24753733,-0.3610206,192,1571.9161179682078,4,1275.34309109353,0,2019,2020,21.49762798002848,84.19087199567305
0.45114344,-0.45731115,146,1639.734637070956,4,196.9771560359221,0,2019,2020,21.412647354150767,83.97042542495012
0.38577893,-0.43955168,196,1540.3884270749268,5,370.1351104664349,0,2019,2020,21.539399640740037,84.1303255455234
0.49769762,-0.50543857,162,1604.2903165050077,4,585.2349955359813,0,2019,2020,21.503107703261605,84.02908541300313
0.5663664,-0.5547607,164,1538.918787408697,4,1280.0,0,2019,2020,21.5549404951553,84.05576537694148
0.5893145,-0.5389426,162,1640.2204654872462,4,316.2277660168379,0,2019,2020,21.50319753479001,83.8747548471914
0.69924384,-0.60834306,167,1613.539233859976,4,884.5903006477066,0,2019,2020,21.43717136140723,84.1190966044719
0.11691276,-0.19905435,183,1563.0691775924818,6,160.312195418814,0,2019,2020,21.39791498349121,84.05351958873118
0.5109736,-0.5349801,158,1671.026536732158,4,720.0694410957876,0,2019,2020,21.446154514248427,84.03196002191231
0.47894636,-0.48508543,157,1613.118863210927,4,1164.3023662262308,0,2019,2020,21.467624249538883,84.02710911937807
0.4134534,-0.4418192,164,1647.069976108939,6,662.4198064671679,0,2019,2020,21.441393443242596,83.93628944415359
0.30956385,-0.3882332,176,1579.7558364199476,4,192.35384061671343,0,2019,2020,21.42046269712261,84.17676844571238
0.46671438,-0.46869808,182,1594.5462688984794,4,594.6427498927402,0,2019,2020,21.57551191516164,84.03672109291814
0.58122844,-0.5480244,178,1601.671297309023,4,1280.0,0,2019,2020,21.45037659608379,83.85921399277613
0.47964072,-0.48717305,147,1671.026536732158,4,31.6227766016838,0,2019,2020,21.415162636946302,84.0235158582416
0.42840242,-0.4630484,142,1639.734637070956,4,130.0,0,2019,2020,21.410401565940468,83.99324263316676
0.43516222,-0.47843468,169,1604.2903165050077,4,869.7700845625814,0,2019,2020,21.53472840126261,84.01354455858787
-0.17565066,0.37703106,188,1648.1545588437425,0,0.0,0,2019,2020,21.584315404946008,83.90206363182863
0.17463534,-0.24605101,149,1631.9175470884852,5,855.8621384311845,0,2019,2020,21.512450182216448,83.90071615890245
0.5081169,-0.49154174,159,1611.58958593542,1,352.2782990761707,0,2019,2020,21.36674344313226,84.0122869171901
0.574897,-0.5345275,191,1594.5462688984794,1,754.2545989253231,0,2019,2020,21.58736967691201,84.01776664042322
-0.16072494,0.35286465,188,1648.1545588437425,0,0.0,0,2019,2020,21.57236781166722,83.90152464265816
0.667755,-0.6105363,179,1631.9175470884852,1,512.2499389946279,0,2019,2020,21.54209458659239,83.91859263305643
0.43724927,-0.4499205,165,1656.245478495715,6,1203.0378215168466,0,2019,2020,21.407347293974464,83.88625328282812
0.5598966,-0.55482566,165,1656.245478495715,4,417.7319714841085,0,2019,2020,21.422708485332908,83.89496694108408
0.16441621,-0.20790991,139,1688.5246803463074,4,98.48857801796105,0,2019,2020,21.391716608030784,83.97671363193896
0.6198077,-0.56494325,172,1656.245478495715,4,1121.7842929904127,0,2019,2020,21.434027257912813,83.89263132134538
0.6544796,-0.60045725,148,1685.77723072657,1,1028.591269649903,0,2019,2020,21.37276215553586,83.93619961262517
0.74201936,-0.6396596,156,1671.026536732158,4,1280.0,0,2019,2020,21.443998557566537,84.01399371622992
0.17368014,-0.2540752,176,1579.7558364199476,4,342.0526275297414,0,2019,2020,21.419564381838487,84.17955322309315
0.22441338,-0.038150165,156,1651.9320563661308,0,20.0,0,2019,2020,21.460886884907985,83.93862506389229
0.5284891,-0.5310925,171,1591.9735097484568,4,688.1860213634102,0,2019,2020,21.47948201128926,84.14712404133644
-0.2149294,0.35206547,188,1648.1545588437425,0,0.0,0,2019,2020,21.59114260110532,83.93404365594328
0.35183746,-0.38026413,156,1593.7226981279111,6,481.6637831516919,0,2019,2020,21.356502648893297,83.8883194079816
0.5077725,-0.4981474,159,1593.7226981279111,4,1280.0,0,2019,2020,21.36638411701861,83.85220713356
0.4837962,-0.49317786,205,1509.007941794482,4,128.06248474865697,0,2019,2020,21.551437065547237,84.18036170684886
0.5825913,-0.5144449,165,1651.9320563661308,0,94.33981132056604,0,2019,2020,21.48684819661904,83.90844167034588
0.51816225,-0.5112191,175,1540.3884270749268,4,527.7309920783505,0,2019,2020,21.51954687296099,84.10139979337475
0.37807184,-0.36140808,195,1640.748784233493,5,113.1370849898476,0,2019,2020,21.59365788390085,83.95542355970532
-0.00033776936,0.109444775,168,1571.9161179682078,0,621.2889826803627,0,2019,2020,21.46969037469236,84.1574546671038
0.6882451,-0.55956423,205,1685.77723072657,1,798.1227975693967,0,2019,2020,21.37554693291663,83.92757578589762
0.6188141,-0.56263846,178,1591.9735097484568,1,1280.0,0,2019,2020,21.491699099153287,84.14883084037626
-0.0003542559,0.16836353,134,1685.77723072657,0,0.0,0,2019,2020,21.356502648893297,83.92389269323273
0.12045629,0.051341828,144,1645.5226784301835,0,30.0,0,2019,2020,21.46286317853305,83.95344726608026
0.5104916,-0.49655998,190,1535.0835264685138,1,774.1446893184763,0,2019,2020,21.502389051034307,84.19401609916747
0.31484225,-0.3861607,167,1538.918787408697,1,927.8469701410896,0,2019,2020,21.562486343541902,84.07373168262387
0.5627125,-0.5096142,218,1563.0691775924818,1,300.1666203960727,0,2019,2020,21.361443382955954,84.0769656176467
-0.1366652,0.16581197,193,1567.9896123734002,0,0.0,0,2019,2020,21.39198610261602,84.1326611652621
0.64853305,-0.58350086,170,1540.3884270749268,4,1280.0,0,2019,2020,21.50337719784684,84.13086453469387
0.58487946,-0.5562966,167,1604.2903165050077,4,1280.0,0,2019,2020,21.51146203540392,84.0446262674184
-0.1816099,0.38061383,188,1640.2204654872462,0,0.0,0,2019,2020,21.535267390433084,83.86523270517972
0.5196195,-0.54312885,176,1538.918787408697,4,396.232255123179,0,2019,2020,21.57694921961623,84.07067741065786
0.34738708,-0.42975467,187,1613.539233859976,5,1114.629983447422,0,2019,2020,21.41830674044072,84.14892067190468
0.59421784,-0.56186867,192,1640.748784233493,1,215.40659228538016,0,2019,2020,21.55610830502465,83.95317777149504
0.26609755,-0.3747188,196,1510.699908208047,5,625.859409132754,0,2019,2020,21.58162045909365,84.13975785600665
0.5234205,-0.5372115,171,1651.9320563661308,1,470.9564735726647,0,2019,2020,21.453430868049796,83.90089582195927
0.514963,-0.46947056,165,1591.9735097484568,4,408.0441152620633,0,2019,2020,21.481188810329087,84.10831682106247
0.44435483,-0.49681002,289,1601.671297309023,1,1046.900186264192,0,2019,2020,21.471936162902654,83.8657716943502
0.44792178,-0.4829667,150,1593.7226981279111,1,746.2573282722253,0,2019,2020,21.357221301120592,83.8973025608228
-0.12347248,0.28351635,140,1645.5226784301835,0,0.0,0,2019,2020,21.47238532054472,83.9507523202279
0.5795673,-0.51634604,142,1639.734637070956,1,354.682957019364,0,2019,2020,21.44184260088465,83.98129503988797
0.35655263,-0.43278956,180,1579.7558364199476,4,574.2821606144493,0,2019,2020,21.44184260088465,84.17757692946809
0.27639264,-0.35536924,179,1613.539233859976,6,501.5974481593781,0,2019,2020,21.449298617742844,84.14505791618296
0.3427847,-0.41268584,192,1540.3884270749268,5,492.5444142409901,0,2019,2020,21.52835036274536,84.1326611652621
0.40345284,-0.48246518,170,1611.58958593542,4,1280.0,0,2019,2020,21.38740469466701,84.02180905920176
0.57533795,-0.52012753,172,1642.6080346339731,4,1280.0,0,2019,2020,21.5060721436992,83.98300183892779
0.50561124,-0.49052948,181,1640.748784233493,1,263.0589287593181,0,2019,2020,21.553862516814355,83.95479473900645
0.73866284,-0.6435435,161,1601.671297309023,1,438.4062043356595,0,2019,2020,21.488824490244102,83.88445665225989
0.71516246,-0.61525047,166,1613.539233859976,1,1025.5242561733974,0,2019,2020,21.44076462254371,84.10921513634659
-0.18814667,0.37325153,188,1648.1545588437425,0,0.0,0,2019,2020,21.591861253332613,83.94275731419924
0.37323177,-0.45132765,188,1571.9161179682078,4,881.1923740024082,0,2019,2020,21.47166666831742,84.19733986571872
0.6525799,-0.5873425,224,1567.9896123734002,1,331.36083051561786,0,2019,2020,21.36898923134256,84.10652019049424
0.53040993,-0.5261992,193,1579.7558364199476,1,1280.0,0,2019,2020,21.40725746244605,84.18790755523545
0.25934014,-0.36264664,182,1613.539233859976,4,559.0169943749474,0,2019,2020,21.40626931563352,84.12924756718246
0.47882357,-0.49536768,164,1593.7226981279111,1,282.842712474619,0,2019,2020,21.38605722174083,83.89047536466349
0.58996296,-0.53439736,164,1613.118863210927,4,451.22056690713913,0,2019,2020,21.459090254339745,84.03276850566802
0.71295404,-0.62422246,271,1567.9896123734002,1,657.9513659838392,0,2019,2020,21.36386883422308,84.12646278980168
0.6259651,-0.55152595,158,1647.069976108939,1,50.0,0,2019,2020,21.40626931563352,83.9221858941929
0.5248221,-0.51848835,180,1538.918787408697,1,1070.046727951635,0,2019,2020,21.578206861014,84.09178781983468
0.4739214,-0.5115541,158,1593.7226981279111,4,1280.0,0,2019,2020,21.39117761886031,83.87008360771398
-0.22419415,0.41693988,188,1648.1545588437425,0,0.0,0,2019,2020,21.573176295422925,83.94527259699478
0.39338377,-0.44316256,142,1688.5246803463074,4,492.4428900898053,0,2019,2020,21.36243152976849,83.97338986538772
0.47109172,-0.45352247,166,1651.9320563661308,6,580.7753438292641,0,2019,2020,21.49834663225577,83.90538739837987
0.44693202,-0.4827403,207,1535.0835264685138,4,795.1100552753688,0,2019,2020,21.541375934365096,84.18251766353075
0.43079928,-0.45747364,210,1509.007941794482,1,411.0960958218893,0,2019,2020,21.57200848555357,84.19024317497417
0.5210138,-0.5379126,173,1613.539233859976,1,1029.271587094485,0,2019,2020,21.425672925770503,84.13598493181335
0.4993752,-0.5304743,188,1540.3884270749268,1,777.946013551069,0,2019,2020,21.5181095685064,84.12736110508581
0.7462121,-0.6574749,172,1592.1215501536285,1,1207.0211265756702,0,2019,2020,21.498705958369417,84.08361315074919
0.3201619,-0.39590338,183,1535.0835264685138,4,1202.6637102698326,0,2019,2020,21.50966540483568,84.16410220020629
0.16260943,-0.1136063,144,1671.026536732158,0,41.23105625617661,0,2019,2020,21.420642360179432,84.0272887824349
-0.25644076,0.4425515,188,1640.748784233493,0,0.0,0,2019,2020,21.578206861014,83.98695442617792
0.4949408,-0.51958567,159,1613.118863210927,4,967.729300992793,0,2019,2020,21.49412455042041,84.02522265728142
0.6078715,-0.4784668,151,1688.5246803463074,4,1280.0,0,2019,2020,21.38228429754753,83.99027819272916
0.60178685,-0.5480131,167,1591.9735097484568,1,1070.700705145934,0,2019,2020,21.45100541678267,84.10652019049424
0.29256406,-0.35597828,203,1510.699908208047,6,206.15528128088303,0,2019,2020,21.583686584247125,84.14748336745008
0.4815551,-0.4873797,189,1510.699908208047,1,817.8630692236935,0,2019,2020,21.580901806866358,84.12888824106881
0.6791291,-0.5753082,210,1552.724454099584,1,465.7252408878008,0,2019,2020,21.38021817239405,84.19994498004266
0.5671045,-0.56050956,172,1538.918787408697,4,1280.0,0,2019,2020,21.56859488747392,84.0943031026302
0.40417176,-0.45872727,162,1640.2204654872462,1,524.3090691567331,0,2019,2020,21.511012877761857,83.89784154999327
0.40854293,-0.46853116,202,1510.699908208047,1,460.1086828130937,0,2019,2020,21.58206961673571,84.14586639993867
0.4135414,-0.44149205,169,1651.9320563661308,1,533.1041174104736,0,2019,2020,21.46376149381717,83.92335370406227
0.49261692,-0.49290827,169,1571.9161179682078,1,731.6419889536138,0,2019,2020,21.454329183333915,84.1678751243996
0.337042,-0.21142147,188,1613.539233859976,0,20.0,1,2019,2020,21.401957402269744,84.12475599076186
-0.032321736,0.15395124,182,1579.7558364199476,0,0.0,1,2019,2020,21.425403431185263,84.16706664064388
0.46738982,-0.47602433,141,1639.734637070956,5,30.0,1,2019,2020,21.412467691093944,83.99548842137706
0.50910795,-0.38685605,146,1645.5226784301835,3,28.284271247461906,1,2019,2020,21.462324189362576,83.95488457053486
-0.009671343,0.12856591,179,1656.245478495715,0,22.360679774997894,1,2019,2020,21.444178220623364,83.89900935986262
0.123309955,0.036197122,136,1685.77723072657,0,20.0,1,2019,2020,21.35066359954652,83.91778414930072
-0.018630683,0.15352058,178,1647.069976108939,0,0.0,1,2019,2020,21.448939291629195,83.9011653165445
0.2381238,-0.08426415,156,1647.069976108939,0,30.0,1,2019,2020,21.401957402269744,83.92164690502243
-0.061912227,0.13897367,158,1651.9320563661308,0,10.0,1,2019,2020,21.48271594631209,83.91284341523806
0.49074054,-0.4879795,160,1631.9175470884852,1,22.360679774997894,1,2019,2020,21.518828220733692,83.90772301811859
0.009027082,0.11183049,201,1567.9896123734002,0,10.0,1,2019,2020,21.375816427501867,84.14757319897849
0.46804428,-0.4237003,187,1642.6080346339731,0,28.284271247461906,1,2019,2020,21.5279012051033,83.96305923962035
0.38566554,-0.4264837,154,1592.1215501536285,5,30.0,1,2019,2020,21.482895609368917,84.07795376445924
0.32295522,-0.37082508,156,1685.77723072657,6,30.0,1,2019,2020,21.396837005150264,83.90781284964699
0.339922,-0.2654203,191,1535.0835264685138,0,14.142135623730953,1,2019,2020,21.526553732177124,84.15619702570604
0.1167002,-0.0022573364,201,1567.9896123734002,0,10.0,1,2019,2020,21.37617575361552,84.14640538910913
0.3693154,-0.38922524,134,1688.5246803463074,0,28.284271247461906,1,2019,2020,21.38560806409877,83.96979660425124
0.108713694,0.05768025,200,1567.9896123734002,0,14.142135623730953,1,2019,2020,21.376624911257576,84.1454172422966
-0.2582561,0.28290546,197,1567.9896123734002,0,0.0,1,2019,2020,21.39054879816143,84.1491003349615
0.46172547,-0.33030134,141,1645.5226784301835,3,22.360679774997894,1,2019,2020,21.46277334700464,83.95964564154069
0.13836895,-0.0050432277,176,1613.539233859976,0,14.142135623730953,1,2019,2020,21.44777148175984,84.11568300639225
0.32126752,-0.37379575,183,1538.918787408697,1,30.0,1,2019,2020,21.557365946422426,84.08963186315279
0.27618134,-0.31192717,163,1593.7226981279111,0,14.142135623730953,1,2019,2020,21.39063862968984,83.88849907103842
0.00023359028,0.13387465,200,1567.9896123734002,0,10.0,1,2019,2020,21.377074068899635,84.14559690535343
0.41279352,-0.3179083,156,1685.77723072657,0,28.284271247461906,1,2019,2020,21.397825151962795,83.92281471489179
0.53457075,-0.4626772,200,1567.9896123734002,0,22.360679774997894,1,2019,2020,21.377613058070107,84.14640538910913
0.17022228,-0.05637,156,1645.5226784301835,0,10.0,1,2019,2020,21.465917450499056,83.99665623124642
0.40922627,-0.35596564,156,1645.5226784301835,6,30.0,1,2019,2020,21.46618694508429,83.9972850519453
0.24686599,-0.13788544,162,1651.9320563661308,0,22.360679774997894,1,2019,2020,21.48361426159621,83.92281471489179
-0.012150461,0.14251344,140,1639.734637070956,0,14.142135623730953,1,2019,2020,21.44004597031641,83.97285087621725
0.16795295,-0.17399335,162,1593.7226981279111,0,22.360679774997894,1,2019,2020,21.390099640519367,83.88876856562366
0.5632981,-0.48041207,160,1647.069976108939,0,28.284271247461906,1,2019,2020,21.41462364777583,83.92532999768733
0.37813267,-0.42765146,205,1509.007941794482,1,22.360679774997894,1,2019,2020,21.588717149838192,84.15125629164338
0.5318932,-0.50167924,177,1510.699908208047,0,28.284271247461906,1,2019,2020,21.56778640371821,84.10795749494882
0.09990181,-0.023238279,139,1639.734637070956,0,20.0,1,2019,2020,21.43438658402646,83.97455767525707
0.49994624,-0.46757385,136,1639.734637070956,0,30.0,1,2019,2020,21.41767791974184,83.97545599054119
-0.07533171,0.1919523,180,1656.245478495715,0,0.0,1,2019,2020,21.4444477152086,83.8989195283342
0.15347542,-0.02539202,177,1613.539233859976,0,14.142135623730953,1,2019,2020,21.447591818703017,84.11559317486383
-0.019387117,0.09573241,201,1552.724454099584,0,14.142135623730953,1,2019,2020,21.367282432302733,84.16580899924612
0.5021533,-0.48857397,199,1567.9896123734002,1,20.0,1,2019,2020,21.390908124275075,84.14901050343309
0.17324808,0.050613437,162,1656.245478495715,0,20.0,1,2019,2020,21.42441528437273,83.88436682073147
0.3039732,-0.31603068,157,1685.77723072657,6,22.360679774997894,1,2019,2020,21.39674717362185,83.9079026811754
-0.12107623,0.1580938,185,1579.7558364199476,4,0.0,1,2019,2020,21.441573106299412,84.15251393304115
0.1097561,-0.18042453,176,1591.9735097484568,3,30.0,1,2019,2020,21.459629243510214,84.10130996184634
0.36143723,-0.3271079,142,1639.734637070956,0,30.0,1,2019,2020,21.43294927957187,83.97455767525707
0.37375692,-0.4099449,145,1685.77723072657,1,22.360679774997894,1,2019,2020,21.36494681256402,83.91167560536871
0.09255302,0.043809798,191,1535.0835264685138,0,10.0,1,2019,2020,21.526733395233947,84.15610719417764
-0.06334166,0.17056042,158,1651.9320563661308,0,0.0,1,2019,2020,21.482985440897327,83.91275358370964
0.21267308,-0.28042746,167,1647.069976108939,4,22.360679774997894,1,2019,2020,21.41929488725325,83.93332500371599
0.1618891,-0.269152,176,1651.9320563661308,5,30.0,1,2019,2020,21.45675463460104,83.92029943209626
0.4307094,-0.4668772,173,1601.671297309023,1,30.0,1,2019,2020,21.459000422811336,83.88858890256684
0.6601212,-0.57005113,155,1639.734637070956,0,30.0,1,2019,2020,21.43986630725959,83.95057265717108
0.080747984,0.0022979486,168,1656.245478495715,4,14.142135623730953,1,2019,2020,21.41345583790648,83.87089209146968
-0.050771926,0.1623334,136,1685.77723072657,0,0.0,1,2019,2020,21.35039410496129,83.91724516013025
0.46296287,-0.36378524,144,1645.5226784301835,3,28.284271247461906,1,2019,2020,21.458641096697686,83.96261008197828
0.29593992,-0.30143768,187,1594.5462688984794,0,22.360679774997894,1,2019,2020,21.581800122150472,84.03824822890115
-0.07147541,0.20737168,176,1613.539233859976,0,0.0,1,2019,2020,21.44768165023143,84.11577283792066
0.46661285,-0.42189735,190,1594.5462688984794,1,28.284271247461906,1,2019,2020,21.5819797852073,84.00995129745138
0.2839203,-0.12322369,182,1579.7558364199476,0,20.0,1,2019,2020,21.42513393660003,84.16724630370071
0.35379687,-0.3937895,151,1688.5246803463074,0,28.284271247461906,1,2019,2020,21.3580297848763,83.9709644141206
0.11697902,-0.06410609,148,1685.77723072657,0,20.0,1,2019,2020,21.37294181859269,83.9145502142779
0.6150646,-0.55148536,185,1579.7558364199476,1,28.284271247461906,1,2019,2020,21.40860493537223,84.15071730247291
0.07206812,0.031490054,171,1601.671297309023,0,10.0,1,2019,2020,21.46789374412412,83.89245165828855
0.4497106,-0.45102707,193,1642.6080346339731,1,28.284271247461906,1,2019,2020,21.534908064319435,83.99081718189964
0.5815815,-0.5291678,146,1685.77723072657,0,28.284271247461906,1,2019,2020,21.377882552655343,83.91464004580631
0.030487387,0.09266658,148,1592.1215501536285,0,28.284271247461906,1,2019,2020,21.458641096697686,84.0551365562426
0.022094391,0.09356522,186,1594.5462688984794,0,20.0,1,2019,2020,21.581440796036823,84.03833806042957
0.0660251,0.020357084,194,1594.5462688984794,0,10.0,1,2019,2020,21.588267992196133,84.03959570182732
0.0090528885,0.15204348,136,1685.77723072657,0,0.0,1,2019,2020,21.350843262603345,83.9176943177723
0.1338374,0.00089117105,142,1639.734637070956,0,30.0,1,2019,2020,21.437351024464053,83.97374919150137
0.32112446,-0.38845387,190,1535.0835264685138,4,30.0,1,2019,2020,21.5098450678925,84.1754209727862
0.2642118,-0.13311397,143,1651.9320563661308,3,28.284271247461906,1,2019,2020,21.477775212249437,83.9364691072104
0.22776297,-0.13790333,169,1651.9320563661308,0,14.142135623730953,1,2019,2020,21.488554995658863,83.91625701331772
0.40668207,-0.4236135,151,1592.1215501536285,0,30.0,1,2019,2020,21.47211582595948,84.0574721759813
0.3128174,-0.2938477,156,1645.5226784301835,0,22.360679774997894,1,2019,2020,21.465917450499056,83.99692572583164
0.29555103,-0.33896315,179,1613.539233859976,0,22.360679774997894,1,2019,2020,21.448490133987136,84.11613216403431
0.068002455,-0.0026365158,157,1645.5226784301835,0,14.142135623730953,1,2019,2020,21.466007282027466,83.99647656818959
0.27184156,-0.2684356,145,1651.9320563661308,0,30.0,1,2019,2020,21.492058425266933,83.92730629131239
0.03775944,-0.032462582,196,1510.699908208047,0,22.360679774997894,1,2019,2020,21.58377641577553,84.12080340351173
0.21246345,-0.17332853,142,1639.734637070956,0,30.0,1,2019,2020,21.421181349349904,83.97437801220025
0.39021653,-0.35797,185,1613.539233859976,0,30.0,1,2019,2020,21.40222689685498,84.12304919172203
0.4428381,-0.45747286,160,1593.7226981279111,0,28.284271247461906,1,2019,2020,21.390458966633016,83.88813974492477
0.38106528,-0.41852024,180,1535.0835264685138,5,28.284271247461906,1,2019,2020,21.52278080798382,84.15071730247291
0.031053314,0.08631603,140,1639.734637070956,0,10.0,1,2019,2020,21.43932731808912,83.97222205551836
0.22244558,-0.1482486,123,1639.734637070956,0,20.0,1,2019,2020,21.436901866821994,83.97464750678549
-0.03863764,0.11816087,174,1592.1215501536285,0,20.0,1,2019,2020,21.47660740238008,84.07678595458988
0.3068492,-0.28672892,143,1651.9320563661308,0,22.360679774997894,1,2019,2020,21.48675836509063,83.93054022633521
0.13004729,0.04169115,187,1594.5462688984794,0,22.360679774997894,1,2019,2020,21.58162045909365,84.03887704960003
0.4331126,-0.45495293,154,1592.1215501536285,5,30.0,1,2019,2020,21.482536283255268,84.079211405857
0.07598537,0.018895887,198,1567.9896123734002,0,14.142135623730953,1,2019,2020,21.37590625903028,84.14640538910913
0.21471483,-0.17045167,185,1613.539233859976,0,20.0,1,2019,2020,21.40222689685498,84.12313902325045
0.16607536,-0.10149884,139,1639.734637070956,0,30.0,1,2019,2020,21.443818894509715,83.97078475106377
0.21667604,-0.11051475,142,1639.734637070956,0,28.284271247461906,1,2019,2020,21.414893142361063,83.97500683289914
0.4206842,-0.45214632,199,1567.9896123734002,0,28.284271247461906,1,2019,2020,21.37752322654169,84.1476630305069
0.4485292,-0.4770549,199,1567.9896123734002,1,20.0,1,2019,2020,21.39063862968984,84.14883084037626
0.32858485,-0.26840922,172,1651.9320563661308,0,30.0,1,2019,2020,21.485680386749685,83.9206587582099
0.2917085,-0.2118914,182,1510.699908208047,0,22.360679774997894,1,2019,2020,21.568235561360268,84.10786766342041
-0.0745582,0.15885063,160,1591.9735097484568,0,0.0,1,2019,2020,21.470139532334414,84.12682211591533
0.71626896,-0.60955894,141,1671.026536732158,1,30.0,1,2019,2020,21.413006680264417,84.00051898696813
0.0031189104,0.15028669,144,1651.9320563661308,0,0.0,1,2019,2020,21.4730141412436,83.9416793358583
0.18425423,-0.12686445,144,1631.9175470884852,0,30.0,1,2019,2020,21.500322925880837,83.91275358370964
0.3007539,-0.24707529,199,1567.9896123734002,0,22.360679774997894,1,2019,2020,21.377613058070107,84.1460460629955
0.490814,-0.43273345,212,1563.0691775924818,1,22.360679774997894,1,2019,2020,21.35659248042171,84.08208601476618
0.32443413,-0.37456077,178,1591.9735097484568,4,30.0,1,2019,2020,21.460797053379576,84.10122013031793
-0.019352438,0.024213076,197,1510.699908208047,7,14.142135623730953,1,2019,2020,21.58009332311065,84.12071357198332
0.5213235,-0.49359307,161,1575.1144623941852,1,30.0,1,2019,2020,21.53706402100132,84.05989762724843
0.13295917,-0.038778342,179,1510.699908208047,0,20.0,1,2019,2020,21.568055898303445,84.10795749494882
0.63586956,-0.54830414,169,1640.2204654872462,0,22.360679774997894,1,2019,2020,21.500502588937657,83.88212103252117
0.043128457,0.10281319,192,1535.0835264685138,0,22.360679774997894,1,2019,2020,21.52664356370553,84.15673601487651
0.5969335,-0.53210056,145,1671.026536732158,6,30.0,1,2019,2020,21.41929488725325,84.02531248880983
0.6102948,-0.53261006,167,1601.671297309023,0,28.284271247461906,1,2019,2020,21.49142960456805,83.8883194079816
0.14777546,-0.07153979,139,1639.734637070956,0,30.0,1,2019,2020,21.44022563337324,83.97186272940472
-0.066194296,0.13500069,150,1592.1215501536285,0,10.0,1,2019,2020,21.47121751067536,84.05828065973701
-0.041773017,0.18565156,142,1639.734637070956,0,0.0,1,2019,2020,21.43303911110028,83.97491700137073
0.34406763,-0.32382417,158,1651.9320563661308,0,30.0,1,2019,2020,21.48307527242574,83.92317404100544
-0.17390744,0.24611765,180,1535.0835264685138,0,0.0,1,2019,2020,21.523050302569057,84.15008848177403
-0.07707575,0.15390447,174,1594.5462688984794,0,0.0,1,2019,2020,21.55808459864972,84.04148216392397
0.18391675,-0.19512586,180,1535.0835264685138,4,14.142135623730953,1,2019,2020,21.52322996562588,84.15044780788767
0.23629466,-0.11700429,135,1685.77723072657,0,28.284271247461906,1,2019,2020,21.35883826863201,83.92488084004526
0.2814512,-0.32396588,155,1640.2204654872462,3,30.0,1,2019,2020,21.51397731819945,83.86442422142402
0.46716946,-0.4540271,157,1685.77723072657,0,30.0,1,2019,2020,21.38021817239405,83.92038926362467
0.40459952,-0.3937993,187,1613.539233859976,0,28.284271247461906,1,2019,2020,21.402496391440216,84.12295936019362
0.5032124,-0.50596315,172,1642.6080346339731,1,28.284271247461906,1,2019,2020,21.51846889462005,83.95066248869949
-0.05301224,0.13942128,195,1594.5462688984794,0,10.0,1,2019,2020,21.58853748678137,84.03968553335574
0.46695444,-0.30619547,159,1639.734637070956,0,28.284271247461906,1,2019,2020,21.44732232411778,83.9507523202279
0.043834597,-0.07246747,152,1640.2204654872462,5,14.142135623730953,1,2019,2020,21.53158429776819,83.88086339112341
0.4519597,-0.449795,164,1640.2204654872462,0,30.0,1,2019,2020,21.509216247193617,83.8597529819466
0.41805702,-0.4327281,183,1540.3884270749268,0,30.0,1,2019,2020,21.505533154528727,84.1498189871888
0.3832768,-0.425177,164,1591.9735097484568,1,28.284271247461906,1,2019,2020,21.472654815129957,84.12152205573902
0.2936409,-0.10447301,159,1685.77723072657,0,30.0,1,2019,2020,21.39845397266168,83.92119774738038
0.37117904,-0.29694647,199,1567.9896123734002,0,22.360679774997894,1,2019,2020,21.376445248200756,84.14550707382502
0.46898934,-0.46801975,161,1591.9735097484568,1,28.284271247461906,1,2019,2020,21.47175649984583,84.12044407739809
0.17107272,-0.09170887,143,1651.9320563661308,0,28.284271247461906,1,2019,2020,21.497088990858003,83.91598751873248
0.52148527,-0.35597336,156,1685.77723072657,0,30.0,1,2019,2020,21.39764548890597,83.92119774738038
0.026824482,0.10354139,133,1685.77723072657,0,28.284271247461906,1,2019,2020,21.365216307149257,83.94437428171067
0.23407699,-0.31724176,169,1651.9320563661308,0,28.284271247461906,1,2019,2020,21.464120819930816,83.91338240440854
0.5480509,-0.53599966,176,1642.6080346339731,0,30.0,1,2019,2020,21.52529609077936,83.96278974503511
0.19623233,-0.096402876,147,1640.2204654872462,0,28.284271247461906,1,2019,2020,21.519457041432577,83.86595135740703
0.088461064,-0.0052729584,158,1651.9320563661308,0,20.0,1,2019,2020,21.482985440897327,83.91248408912442
0.17117767,0.078146696,162,1656.245478495715,0,30.0,1,2019,2020,21.4241457897875,83.88418715767465
0.3394646,-0.33259818,138,1639.734637070956,0,22.360679774997894,1,2019,2020,21.434117089441223,83.97437801220025
0.018753069,0.10571678,183,1613.539233859976,0,14.142135623730953,1,2019,2020,21.40168790768451,84.12304919172203
0.38390225,-0.2948402,143,1639.734637070956,0,28.284271247461906,1,2019,2020,21.424055958259085,83.97446784372866
0.31184313,-0.30008253,185,1613.539233859976,0,30.0,1,2019,2020,21.402316728383397,84.12304919172203
0.3749524,-0.40331793,159,1645.5226784301835,6,30.0,1,2019,2020,21.466546271197934,83.99638673666118
0.45401868,-0.40562758,204,1509.007941794482,0,28.284271247461906,1,2019,2020,21.573625453064984,84.1678751243996
-0.022758558,0.12404797,195,1510.699908208047,0,10.0,1,2019,2020,21.583686584247125,84.12071357198332
0.4315156,-0.42781267,151,1593.7226981279111,1,22.360679774997894,1,2019,2020,21.36117388837072,83.89191266911808
-0.00070846616,0.1574913,202,1567.9896123734002,0,0.0,1,2019,2020,21.377074068899635,84.14586639993867
0.051741492,0.0965689,158,1651.9320563661308,0,30.0,1,2019,2020,21.475259929453895,83.91886212764166
0.20285217,-0.17517819,152,1593.7226981279111,1,14.142135623730953,1,2019,2020,21.361443382955954,83.89173300606126
0.3001376,-0.26902223,157,1645.5226784301835,6,22.360679774997894,1,2019,2020,21.46699542884,83.99674606277483
0.12131148,-0.033800494,199,1567.9896123734002,0,10.0,1,2019,2020,21.377253731956458,84.14532741076819
0.5643268,-0.55239034,172,1603.7002907779072,1,28.284271247461906,1,2019,2020,21.400879423928803,84.05468739860054
0.09438512,0.080402605,159,1685.77723072657,0,14.142135623730953,1,2019,2020,21.38560806409877,83.92182656807925
0.3728286,-0.32712126,158,1645.5226784301835,6,20.0,1,2019,2020,21.46645643966953,83.99647656818959
0.23196897,-0.06023581,155,1685.77723072657,0,30.0,1,2019,2020,21.37635541667234,83.92029943209626
0.52530134,-0.46261227,198,1567.9896123734002,0,28.284271247461906,1,2019,2020,21.37590625903028,84.14676471522279
0.58829457,-0.51893234,164,1685.77723072657,0,30.0,1,2019,2020,21.368270579115265,83.91697566554501
0.3093425,-0.15565555,182,1613.539233859976,0,28.284271247461906,1,2019,2020,21.43860866586182,84.14586639993867
0.31175452,-0.36454743,189,1642.6080346339731,4,30.0,1,2019,2020,21.539399640740037,83.97419834914342
-0.055606995,0.19274363,156,1651.9320563661308,0,0.0,1,2019,2020,21.45325120499297,83.94302680878448
-0.16869444,0.23809393,179,1535.0835264685138,0,0.0,1,2019,2020,21.523050302569057,84.15026814483085
0.57506996,-0.48772582,158,1651.9320563661308,0,28.284271247461906,1,2019,2020,21.48963297399981,83.9086213334027
0.4607302,-0.42585742,159,1593.7226981279111,4,22.360679774997894,1,2019,2020,21.386865705496536,83.88804991339636
-0.19169961,0.23796709,186,1579.7558364199476,4,0.0,1,2019,2020,21.44148327477101,84.15251393304115
0.35379,-0.23473231,139,1688.5246803463074,0,30.0,1,2019,2020,21.394591216939965,83.97599497971167
0.60388196,-0.48484334,158,1651.9320563661308,0,30.0,1,2019,2020,21.4542393518055,83.94356579795495
0.36008468,-0.40955895,185,1642.6080346339731,1,28.284271247461906,1,2019,2020,21.525745248421416,83.96296940809194
-0.006531947,0.14887801,178,1647.069976108939,0,28.284271247461906,1,2019,2020,21.449388449271257,83.90098565348768
0.24203503,-0.2838642,141,1639.734637070956,0,30.0,1,2019,2020,21.430433996776333,83.97491700137073
0.1194459,-0.14030166,186,1579.7558364199476,4,20.0,1,2019,2020,21.441573106299412,84.15233426998432
0.49423715,-0.46207324,189,1594.5462688984794,0,30.0,1,2019,2020,21.580901806866358,84.00959197133774
0.0029680617,0.072842754,179,1647.069976108939,0,10.0,1,2019,2020,21.448939291629195,83.90125514807292
0.33695063,-0.35907337,162,1640.2204654872462,0,28.284271247461906,1,2019,2020,21.505802649113964,83.87709046693011
0.43765286,-0.43565315,193,1510.699908208047,3,28.284271247461906,1,2019,2020,21.553323527643887,84.14613589452391
0.12612471,0.066645734,158,1651.9320563661308,0,20.0,1,2019,2020,21.485680386749685,83.92038926362467
0.40324572,-0.35306284,144,1685.77723072657,0,30.0,1,2019,2020,21.373390976234745,83.91446038274948
0.5204342,-0.4907649,145,1639.734637070956,0,30.0,1,2019,2020,21.43797984516294,83.97258138163201
0.12223915,0.02660969,158,1651.9320563661308,0,22.360679774997894,1,2019,2020,21.4880160064884,83.9168858340166
0.137593,-0.18416524,176,1591.9735097484568,3,30.0,1,2019,2020,21.459629243510214,84.10122013031793
0.29448268,-0.32385316,159,1593.7226981279111,6,22.360679774997894,1,2019,2020,21.373840133876804,83.88625328282812
0.31996256,-0.25966734,181,1510.699908208047,0,22.360679774997894,1,2019,2020,21.56733724607615,84.10669985355105
0.034891836,0.059538037,158,1645.5226784301835,0,28.284271247461906,1,2019,2020,21.477775212249437,83.9702457618933
0.17432123,-0.1472247,134,1685.77723072657,0,28.284271247461906,1,2019,2020,21.365934959376556,83.94437428171067
0.06136928,0.12255614,192,1535.0835264685138,0,10.0,1,2019,2020,21.526553732177124,84.1566461833481
0.095463574,0.012418779,141,1639.734637070956,0,30.0,1,2019,2020,21.430164502191097,83.97518649595595
0.022037264,0.118183486,175,1538.918787408697,0,10.0,1,2019,2020,21.577757703371937,84.06690448646457
0.21329305,-0.118247636,155,1592.1215501536285,0,22.360679774997894,1,2019,2020,21.46169536866369,84.06007729030526
0.633553,-0.5678197,143,1639.734637070956,1,30.0,1,2019,2020,21.41273718567918,83.99782404111576
0.22326875,-0.101797715,144,1645.5226784301835,3,22.360679774997894,1,2019,2020,21.4587309282261,83.96225075586463
0.008707301,0.17351139,191,1535.0835264685138,0,0.0,1,2019,2020,21.526733395233947,84.15619702570604
0.33994797,-0.23749495,134,1685.77723072657,0,20.0,1,2019,2020,21.353538208455703,83.92532999768733
-0.059482154,0.2356688,160,1593.7226981279111,0,0.0,1,2019,2020,21.390279303576197,83.88849907103842
0.46725848,-0.4694292,175,1656.245478495715,1,30.0,1,2019,2020,21.42046269712261,83.89784154999327
0.55926913,-0.4981258,195,1535.0835264685138,0,28.284271247461906,1,2019,2020,21.52682322676236,84.17443282597367
0.3730733,-0.38096976,146,1651.9320563661308,0,30.0,1,2019,2020,21.474720940283422,83.94760821673349
-0.07042254,0.17629048,161,1613.118863210927,0,0.0,1,2019,2020,21.45504783556121,84.0318701903839
0.43473923,-0.45778403,192,1509.007941794482,4,30.0,1,2019,2020,21.56149819672937,84.16203607505282
0.375464,-0.37136224,145,1651.9320563661308,5,28.284271247461906,1,2019,2020,21.490261794698693,83.9303605632784
0.36763808,-0.3490647,168,1647.069976108939,0,30.0,1,2019,2020,21.42279831686132,83.91814347541437
0.10168615,-0.046888825,187,1594.5462688984794,0,14.142135623730953,1,2019,2020,21.58162045909365,84.03842789195797
-0.03062302,0.18167232,188,1613.539233859976,0,0.0,1,2019,2020,21.40186757074133,84.1243068331198
0.307796,-0.3108784,172,1656.245478495715,4,20.0,1,2019,2020,21.420013539480543,83.89784154999327
0.1613913,-0.23096775,160,1593.7226981279111,0,22.360679774997894,1,2019,2020,21.39000980899096,83.88849907103842
0.3311642,-0.35748798,151,1685.77723072657,0,30.0,1,2019,2020,21.372851987064276,83.91446038274948
0.3500013,-0.3161112,138,1639.734637070956,0,30.0,1,2019,2020,21.445166367435892,83.96988643577966
0.026055565,0.106919765,149,1685.77723072657,0,28.284271247461906,1,2019,2020,21.377882552655343,83.91401122510742
0.25386333,-0.33300978,179,1535.0835264685138,0,20.0,1,2019,2020,21.523050302569057,84.15053763941609
0.02547008,0.12691839,156,1651.9320563661308,0,10.0,1,2019,2020,21.45325120499297,83.94293697725607
0.15599786,-0.10133106,163,1647.069976108939,0,22.360679774997894,1,2019,2020,21.41228802803712,83.9243418508748
0.14516549,-0.0578393,160,1591.9735097484568,0,14.142135623730953,1,2019,2020,21.470139532334414,84.12709161050057
0.00031956602,0.13596806,169,1651.9320563661308,0,10.0,1,2019,2020,21.46439031451605,83.91338240440854
0.3816151,-0.38103637,151,1592.1215501536285,0,28.284271247461906,1,2019,2020,21.47130734220377,84.0581009966802
0.46921858,-0.36483213,158,1651.9320563661308,0,28.284271247461906,1,2019,2020,21.45379019416344,83.94338613489813
0.37134963,-0.42219108,160,1639.734637070956,4,22.360679774997894,1,2019,2020,21.42728989328192,83.95093198328473
0.5333619,-0.52152854,199,1567.9896123734002,1,22.360679774997894,1,2019,2020,21.39072846121825,84.14963932413197
-0.0089238845,0.07322911,180,1647.069976108939,0,22.360679774997894,1,2019,2020,21.44911895468602,83.90134497960133
0.3236574,-0.36263955,177,1613.539233859976,4,28.284271247461906,1,2019,2020,21.44804097634508,84.11649149014796
0.18506579,-0.100957684,135,1685.77723072657,0,20.0,1,2019,2020,21.35668231195012,83.92604864991462
0.4232651,-0.4724581,178,1591.9735097484568,1,30.0,1,2019,2020,21.4609767164364,84.10059130961905
0.20029403,-0.15133767,147,1639.734637070956,0,22.360679774997894,1,2019,2020,21.436273046123112,83.97347969691613
-0.03780069,0.15768445,133,1685.77723072657,0,0.0,1,2019,2020,21.35048393648969,83.91733499165866
0.042662915,0.078283295,136,1639.734637070956,0,10.0,1,2019,2020,21.43429675249805,83.97464750678549
0.32829133,-0.40851486,185,1579.7558364199476,4,22.360679774997894,1,2019,2020,21.441393443242596,84.15269359609798
-0.031687614,0.15996751,149,1685.77723072657,0,0.0,1,2019,2020,21.377074068899635,83.91490954039153
0.25473744,-0.3155067,160,1592.1215501536285,0,22.360679774997894,1,2019,2020,21.478224369891493,84.09627939625527
0.263944,-0.34423524,160,1631.9175470884852,4,22.360679774997894,1,2019,2020,21.519816367546227,83.94176916738671
0.43198946,-0.46628284,163,1593.7226981279111,0,30.0,1,2019,2020,21.389919977462544,83.88742109269748
0.54650915,-0.5164034,146,1671.026536732158,4,28.284271247461906,1,2019,2020,21.415791457645184,84.02306670059953
0.20247467,-0.10218648,144,1639.734637070956,0,22.360679774997894,1,2019,2020,21.43537473083899,83.97617464276848
0.0051876567,0.15073413,136,1685.77723072657,0,0.0,1,2019,2020,21.35066359954652,83.91751465471549
-0.0034958369,0.17822805,173,1613.539233859976,0,0.0,1,2019,2020,21.43797984516294,84.12700177897216
0.37030688,-0.36121225,212,1563.0691775924818,0,28.284271247461906,1,2019,2020,21.365216307149257,84.08927253703914
0.5754717,-0.46288812,160,1575.1144623941852,0,20.0,1,2019,2020,21.53715385252973,84.05980779572002
0.3427041,-0.39994654,165,1591.9735097484568,1,30.0,1,2019,2020,21.47031919539124,84.12511531687551
0.13581432,-0.059031628,159,1651.9320563661308,0,22.360679774997894,1,2019,2020,21.493226235136287,83.91410105663583
0.31233272,-0.23396909,142,1631.9175470884852,0,22.360679774997894,1,2019,2020,21.500861915051303,83.91248408912442
0.48971608,-0.49018133,160,1631.9175470884852,1,28.284271247461906,1,2019,2020,21.51891805226211,83.90772301811859
0.3166849,-0.26202095,135,1639.734637070956,0,30.0,1,2019,2020,21.41354566943489,83.97419834914342
0.40433222,-0.4326782,206,1594.5462688984794,1,28.284271247461906,1,2019,2020,21.59428670459973,84.0183056295937
0.12982446,-0.2471654,161,1631.9175470884852,5,30.0,1,2019,2020,21.51999603060305,83.94158950432988
0.37432638,-0.35034564,158,1592.1215501536285,0,30.0,1,2019,2020,21.46196486324893,84.05908914349273
0.22077599,-0.20051445,195,1594.5462688984794,0,20.0,1,2019,2020,21.58889681289502,84.04031435405463
0.33198872,-0.3871578,196,1594.5462688984794,5,28.284271247461906,1,2019,2020,21.58898664442343,84.03959570182732
0.22646274,-0.1725157,182,1613.539233859976,0,28.284271247461906,1,2019,2020,21.439237486560707,84.13661375251223
0.38550237,-0.40805808,161,1593.7226981279111,0,22.360679774997894,1,2019,2020,21.390458966633016,83.88822957645318
0.14684212,-0.09662566,135,1685.77723072657,0,30.0,1,2019,2020,21.366114622433376,83.94428445018225
0.44138655,-0.42352057,158,1639.734637070956,0,28.284271247461906,1,2019,2020,21.440584959486884,83.95102181481315
0.1726681,-0.047239613,202,1567.9896123734002,0,10.0,1,2019,2020,21.3768045743144,84.14586639993867
0.004539788,0.12814601,147,1685.77723072657,0,28.284271247461906,1,2019,2020,21.37689440584281,83.91517903497677
0.024727993,0.02049637,150,1592.1215501536285,0,14.142135623730953,1,2019,2020,21.471037847618536,84.05837049126542
0.5382689,-0.47386503,189,1613.539233859976,6,30.0,1,2019,2020,21.40321504366751,84.12170171879585
0.52607733,-0.49744716,147,1671.026536732158,4,28.284271247461906,1,2019,2020,21.415342300003125,84.02306670059953
-0.037948906,0.16592014,135,1639.734637070956,0,0.0,1,2019,2020,21.435464562367404,83.97482716984231
0.4687831,-0.3758761,186,1613.539233859976,0,20.0,1,2019,2020,21.40168790768451,84.12475599076186
0.09606453,0.04846787,160,1593.7226981279111,0,22.360679774997894,1,2019,2020,21.39063862968984,83.88742109269748
0.28321236,-0.21482237,156,1685.77723072657,0,22.360679774997894,1,2019,2020,21.39405222776949,83.92227572572132
0.04899166,0.094184525,134,1685.77723072657,0,14.142135623730953,1,2019,2020,21.35362803998412,83.92524016615891
0.27636907,-0.1350071,163,1656.245478495715,0,14.142135623730953,1,2019,2020,21.411120218167763,83.87493451024822
0.40288943,-0.27171898,159,1651.9320563661308,0,20.0,1,2019,2020,21.453430868049796,83.94338613489813
-0.0036855142,-0.0054593715,195,1510.699908208047,7,22.360679774997894,1,2019,2020,21.58018315463906,84.12098306656856
0.6007149,-0.46617633,156,1647.069976108939,0,28.284271247461906,1,2019,2020,21.43717136140723,83.94859636354602
0.25332454,-0.28170264,145,1651.9320563661308,0,28.284271247461906,1,2019,2020,21.49798730614212,83.9153586980336
0.10459708,-0.017739685,170,1656.245478495715,0,10.0,1,2019,2020,21.41345583790648,83.87053276535603
0.17214523,-0.07010014,137,1639.734637070956,0,30.0,1,2019,2020,21.41094055511094,83.97338986538772
0.3529563,-0.3789416,159,1640.2204654872462,0,30.0,1,2019,2020,21.506341638284432,83.87610232011758
0.07829889,-0.028040925,200,1552.724454099584,0,20.0,1,2019,2020,21.364677317978785,84.15161561775703
0.06167109,-0.014254038,173,1592.1215501536285,1,14.142135623730953,1,2019,2020,21.477146391550548,84.0768757861183
0.16871692,-0.09092717,137,1639.734637070956,0,20.0,1,2019,2020,21.43492557319693,83.97536615901278
0.42109978,-0.40791947,178,1601.671297309023,1,20.0,1,2019,2020,21.48963297399981,83.8680174825605
0.0022732227,0.123689726,133,1685.77723072657,0,10.0,1,2019,2020,21.35057376801811,83.91724516013025
0.426676,-0.42626312,160,1592.1215501536285,5,22.360679774997894,1,2019,2020,21.475170097925485,84.08693691730042
0.557682,-0.54530424,199,1567.9896123734002,1,28.284271247461906,1,2019,2020,21.390369135104603,84.14883084037626
0.29501036,-0.2360245,190,1510.699908208047,0,10.0,1,2019,2020,21.57021185498533,84.1310441977507
0.3064559,-0.3346639,183,1538.918787408697,5,20.0,1,2019,2020,21.55727611489401,84.0897216946812
0.2217199,-0.14727762,136,1639.734637070956,0,28.284271247461906,1,2019,2020,21.41381516402012,83.97437801220025
-0.011730674,0.12347097,170,1651.9320563661308,0,10.0,1,2019,2020,21.46430048298764,83.91347223593695
0.5245163,-0.3995508,143,1645.5226784301835,3,22.360679774997894,1,2019,2020,21.463312336175107,83.95991513612593
0.06407686,0.03859053,143,1651.9320563661308,0,10.0,1,2019,2020,21.496819496272767,83.91643667637454
0.046888724,-0.12455707,152,1640.2204654872462,7,28.284271247461906,1,2019,2020,21.53149446623978,83.880773559595
0.19677852,-0.06262131,156,1592.1215501536285,0,10.0,1,2019,2020,21.462234357834166,84.05989762724843
0.35101187,-0.2561171,144,1651.9320563661308,0,22.360679774997894,1,2019,2020,21.477146391550548,83.93763691707976
0.18590556,-0.15491815,174,1613.539233859976,0,10.0,1,2019,2020,21.447412155646195,84.1160423325059
0.351185,-0.41105294,162,1651.9320563661308,0,28.284271247461906,1,2019,2020,21.474541277226603,83.92712662825556
0.07789081,0.09794819,157,1647.069976108939,0,20.0,1,2019,2020,21.44022563337324,83.94940484730172
0.35723096,-0.32283232,143,1639.734637070956,0,28.284271247461906,1,2019,2020,21.43474591014011,83.97536615901278
-0.004157684,0.14724003,138,1639.734637070956,0,10.0,1,2019,2020,21.439596812674356,83.97222205551836
0.33811477,-0.40008578,158,1593.7226981279111,4,28.284271247461906,1,2019,2020,21.37446895457569,83.88616345129971
0.36437127,-0.40350208,194,1509.007941794482,0,28.284271247461906,1,2019,2020,21.56104903908731,84.16230556963805
0.19228487,-0.27826086,175,1592.1215501536285,4,22.360679774997894,1,2019,2020,21.47669723390849,84.0769656176467
0.39350715,-0.4172672,165,1640.2204654872462,6,28.284271247461906,1,2019,2020,21.504185681602547,83.87987524431088
0.03439325,0.079875894,141,1639.734637070956,0,28.284271247461906,1,2019,2020,21.43977647573118,83.97294070774566
0.39967373,-0.43018335,165,1640.2204654872462,0,28.284271247461906,1,2019,2020,21.51218068763121,83.85813601443519
0.33733657,-0.29184216,150,1645.5226784301835,0,28.284271247461906,1,2019,2020,21.453341036521383,83.9626999135067
0.16231954,-0.076165624,164,1656.245478495715,0,22.360679774997894,1,2019,2020,21.411120218167763,83.87439552107774
0.493773,-0.33257553,157,1647.069976108939,0,22.360679774997894,1,2019,2020,21.401957402269744,83.92101808432355
0.33156478,-0.37955588,176,1613.539233859976,0,28.284271247461906,1,2019,2020,21.447232492589368,84.11595250097749
-0.008720931,0.1452563,174,1538.918787408697,0,10.0,1,2019,2020,21.577667871843524,84.06717398104979
0.17520015,-0.19015744,177,1613.539233859976,0,14.142135623730953,1,2019,2020,21.447951144816663,84.11640165861955
0.06643156,0.10143245,192,1535.0835264685138,0,14.142135623730953,1,2019,2020,21.52664356370553,84.1566461833481
0.2886168,-0.21112162,139,1639.734637070956,0,28.284271247461906,1,2019,2020,21.43348826874234,83.9755458220696
-0.055752214,0.22737147,204,1567.9896123734002,0,0.0,1,2019,2020,21.377433395013284,84.14730370439325
0.4551384,-0.46338937,195,1535.0835264685138,1,22.360679774997894,1,2019,2020,21.541286102836683,84.15781399321746
-0.0013927576,0.073186405,182,1510.699908208047,0,22.360679774997894,1,2019,2020,21.568055898303445,84.10750833730677
0.11589703,-0.0056084055,143,1651.9320563661308,0,22.360679774997894,1,2019,2020,21.48675836509063,83.9303605632784
0.32175487,-0.27984345,143,1651.9320563661308,0,22.360679774997894,1,2019,2020,21.486668533562217,83.93027073174999
0.12820514,-0.2039801,152,1640.2204654872462,7,28.284271247461906,1,2019,2020,21.51775024239275,83.88113288570864
0.22546542,-0.11611102,134,1685.77723072657,0,28.284271247461906,1,2019,2020,21.35982641544454,83.92613848144303
0.46105212,-0.40277627,147,1645.5226784301835,0,28.284271247461906,1,2019,2020,21.45352069957821,83.96207109280782
0.25,-0.16804682,200,1567.9896123734002,0,14.142135623730953,1,2019,2020,21.37653507972916,84.14550707382502
0.53600353,-0.44710976,144,1639.734637070956,0,20.0,1,2019,2020,21.411389712753,83.99459010609294
0.36685917,-0.34776804,150,1592.1215501536285,0,20.0,1,2019,2020,21.47112767914695,84.05846032279383
0.37198067,-0.29364502,159,1604.2903165050077,0,10.0,1,2019,2020,21.531314803182955,84.04121266933875
0.32307222,-0.23138094,133,1685.77723072657,0,20.0,1,2019,2020,21.36683327466067,83.94599124922208
0.43123978,-0.3889597,158,1651.9320563661308,0,30.0,1,2019,2020,21.491699099153287,83.90951964868682
0.29666346,-0.35328248,176,1591.9735097484568,3,28.284271247461906,1,2019,2020,21.459539411981808,84.10148962490317
0.074876845,-0.0125290025,201,1567.9896123734002,0,30.0,1,2019,2020,21.377613058070107,84.14676471522279
0.12117376,-0.18750863,160,1639.734637070956,4,30.0,1,2019,2020,21.427110230225093,83.9507523202279
0.50705147,-0.44451904,192,1594.5462688984794,0,28.284271247461906,1,2019,2020,21.58036281769588,84.01022079203662
0.20138144,-0.032578815,155,1647.069976108939,0,20.0,1,2019,2020,21.43645270917993,83.94257765114241
-0.04834996,0.17222963,167,1656.245478495715,0,0.0,1,2019,2020,21.41318634332124,83.87071242841286
0.4102648,-0.36303318,174,1601.671297309023,0,28.284271247461906,1,2019,2020,21.48936347941457,83.8687361347878
0.16243486,-0.052187875,209,1567.9896123734002,0,22.360679774997894,1,2019,2020,21.353897534569352,84.14191381268854
0.3487046,-0.3968417,152,1593.7226981279111,1,30.0,1,2019,2020,21.361353551427545,83.89155334300443
0.30835903,-0.20804577,184,1579.7558364199476,0,30.0,1,2019,2020,21.44166293782783,84.19168047942877
0.006070153,0.11455759,132,1639.734637070956,0,10.0,1,2019,2020,21.43663237223676,83.97455767525707
0.39800844,-0.41859126,154,1685.77723072657,0,28.284271247461906,1,2019,2020,21.375277438331395,83.91850280152802
0.43727055,-0.45100382,214,1563.0691775924818,0,30.0,1,2019,2020,21.36530613867767,84.08945220009596
0.33908272,-0.3584998,154,1671.026536732158,4,22.360679774997894,1,2019,2020,21.440495127958474,84.04327879449222
0.5041021,-0.41106707,156,1651.9320563661308,0,28.284271247461906,1,2019,2020,21.45612581390215,83.94563192310842
0.070120856,0.09908547,143,1651.9320563661308,0,10.0,1,2019,2020,21.486668533562217,83.93045039480681
0.35883355,-0.39801285,162,1593.7226981279111,0,20.0,1,2019,2020,21.39000980899096,83.88715159811224
-0.00060381007,0.15770912,134,1685.77723072657,0,0.0,1,2019,2020,21.356502648893297,83.92604864991462
0.22294423,-0.07359781,155,1647.069976108939,0,22.360679774997894,1,2019,2020,21.43663237223676,83.94302680878448
0.47988507,-0.4447247,173,1603.7002907779072,6,28.284271247461906,1,2019,2020,21.400879423928803,84.05423824095847
0.08183952,0.01651181,202,1567.9896123734002,0,20.0,1,2019,2020,21.35659248042171,84.1190067729435
0.2688743,-0.2837262,136,1639.734637070956,0,20.0,1,2019,2020,21.411569375809822,83.9724915501036
0.24136816,-0.24081993,150,1685.77723072657,0,22.360679774997894,1,2019,2020,21.373031650121096,83.91428071969266
0.2059324,-0.1290206,143,1639.734637070956,0,30.0,1,2019,2020,21.438339171276585,83.97258138163201
-0.28957328,0.30786344,197,1567.9896123734002,0,0.0,1,2019,2020,21.39063862968984,84.14919016648992
0.5341003,-0.43242952,146,1645.5226784301835,3,28.284271247461906,1,2019,2020,21.457563118356745,83.96323890267716
0.3661103,-0.4008481,162,1640.2204654872462,0,28.284271247461906,1,2019,2020,21.51020439400615,83.8597529819466
0.22809967,-0.26384082,172,1601.671297309023,0,22.360679774997894,1,2019,2020,21.467624249538883,83.89263132134538
0.49372873,-0.47786292,147,1671.026536732158,6,28.284271247461906,1,2019,2020,21.41947455031008,84.02540232033824
0.44350713,-0.48233762,172,1656.245478495715,4,30.0,1,2019,2020,21.419923707952137,83.89775171846486
0.38078642,-0.38026378,161,1613.118863210927,4,22.360679774997894,1,2019,2020,21.45531733014645,84.03178035885549
0.4674275,-0.42244756,198,1567.9896123734002,0,22.360679774997894,1,2019,2020,21.37590625903028,84.14667488369437
0.26040748,-0.27688333,136,1639.734637070956,0,28.284271247461906,1,2019,2020,21.41345583790648,83.97482716984231
0.2331606,-0.19199626,138,1639.734637070956,0,28.284271247461906,1,2019,2020,21.44310024228242,83.97015593036488
-0.00033681374,0.14965142,183,1579.7558364199476,0,10.0,1,2019,2020,21.42549326271368,84.16688697758707
0.22225715,-0.23057446,163,1593.7226981279111,0,28.284271247461906,1,2019,2020,21.390099640519367,83.88769058728272
0.5177683,-0.41564253,163,1647.069976108939,0,30.0,1,2019,2020,21.421181349349904,83.9297317425795
0.2826476,-0.22619934,138,1639.734637070956,0,20.0,1,2019,2020,21.431961132759337,83.97509666442754
0.20996226,-0.088568404,156,1651.9320563661308,0,30.0,1,2019,2020,21.458820759754516,83.93907422153436
0.5005935,-0.45664257,142,1651.9320563661308,0,28.284271247461906,1,2019,2020,21.475978581681197,83.9454522600516
0.032773342,0.096871,178,1613.539233859976,0,10.0,1,2019,2020,21.4482206394019,84.11586266944907
0.4631281,-0.44647416,146,1685.77723072657,0,22.360679774997894,1,2019,2020,21.37824187876899,83.91481970886312
0.10238983,0.027842227,163,1656.245478495715,0,20.0,1,2019,2020,21.41129988122459,83.87484467871981
0.42974812,-0.427697,157,1592.1215501536285,0,30.0,1,2019,2020,21.47768538072102,84.09484209180067
0.11898634,0.018710176,185,1613.539233859976,0,10.0,1,2019,2020,21.40186757074133,84.12412717006298
0.4083952,-0.36624232,144,1651.9320563661308,0,28.284271247461906,1,2019,2020,21.472834478186776,83.94149967280147
0.30575055,-0.270073,134,1685.77723072657,0,30.0,1,2019,2020,21.35380770304094,83.9251503346305
-0.0053037265,0.10403974,158,1651.9320563661308,0,20.0,1,2019,2020,21.483883756181445,83.91185526842553
0.2370581,-0.23533136,161,1593.7226981279111,0,14.142135623730953,1,2019,2020,21.390458966633016,83.8883194079816
0.37686548,-0.32772,142,1631.9175470884852,0,28.284271247461906,1,2019,2020,21.500861915051303,83.912394257596
0.48065993,-0.49875614,162,1593.7226981279111,0,30.0,1,2019,2020,21.39117761886031,83.88733126116907
0.33898863,-0.3381946,151,1592.1215501536285,0,20.0,1,2019,2020,21.47112767914695,84.0581009966802
0.049553208,-0.054140683,174,1601.671297309023,1,22.360679774997894,1,2019,2020,21.45855126516928,83.88867873409525
0.087382436,0.014279999,158,1651.9320563661308,0,14.142135623730953,1,2019,2020,21.48244645172685,83.91275358370964
0.56641,-0.48862937,158,1651.9320563661308,0,28.284271247461906,1,2019,2020,21.483704093124626,83.91185526842553
0.020649666,0.096905924,174,1538.918787408697,0,22.360679774997894,1,2019,2020,21.577398377258287,84.06708414952138
0.4858099,-0.48643684,145,1685.77723072657,0,20.0,1,2019,2020,21.377972384183757,83.91472987733471
0.2122675,-0.09130416,199,1567.9896123734002,0,28.284271247461906,1,2019,2020,21.375816427501867,84.14865117731944
0.5805561,-0.5022751,166,1640.2204654872462,0,22.360679774997894,1,2019,2020,21.502299219505897,83.8815820433507
-0.005643515,0.0865935,178,1647.069976108939,0,20.0,1,2019,2020,21.449388449271257,83.9011653165445
0.12451057,0.00029835902,155,1592.1215501536285,0,14.142135623730953,1,2019,2020,21.46196486324893,84.05998745877685
0.43257105,-0.43517098,155,1685.77723072657,0,30.0,1,2019,2020,21.375636764445044,83.91859263305643
0.5075415,-0.4886543,156,1592.1215501536285,4,30.0,1,2019,2020,21.4812786418575,84.06771297022027
0.39494306,-0.30009618,144,1651.9320563661308,0,22.360679774997894,1,2019,2020,21.4647496406297,83.94967434188696
-0.023670025,0.17919417,185,1613.539233859976,0,0.0,1,2019,2020,21.40177773921292,84.12439666464822
0.30307198,-0.33189616,186,1579.7558364199476,4,22.360679774997894,1,2019,2020,21.441393443242596,84.15233426998432
0.3696145,-0.21022835,191,1510.699908208047,0,28.284271247461906,1,2019,2020,21.55296420153024,84.14649522063755
0.2374989,-0.15729165,138,1639.734637070956,0,22.360679774997894,1,2019,2020,21.436812035293585,83.97455767525707
-0.11485032,0.107980214,155,1671.026536732158,4,10.0,1,2019,2020,21.440584959486884,84.04354828907745
0.31609347,-0.35556096,193,1594.5462688984794,0,20.0,1,2019,2020,21.586471361627897,84.04148216392397
0.35721546,-0.37750986,188,1642.6080346339731,0,20.0,1,2019,2020,21.527631710518065,83.96243041892146
0.0014403653,0.18126383,144,1651.9320563661308,0,0.0,1,2019,2020,21.477954875306256,83.93664877026723
0.18209912,-0.21591713,149,1640.2204654872462,0,28.284271247461906,1,2019,2020,21.52745204746124,83.88903806020889
0.39093152,-0.44072998,156,1651.9320563661308,0,28.284271247461906,1,2019,2020,21.457742781413568,83.9461709122789
0.15336065,-0.061819896,137,1639.734637070956,0,28.284271247461906,1,2019,2020,21.41408465860536,83.97455767525707
-0.028595656,0.013397129,155,1640.2204654872462,0,28.284271247461906,1,2019,2020,21.532662276109136,83.87673114081646
0.28934383,-0.19176485,143,1639.734637070956,0,22.360679774997894,1,2019,2020,21.436812035293585,83.97374919150137
0.0031457532,0.12205567,174,1538.918787408697,0,10.0,1,2019,2020,21.5774882087867,84.06717398104979
-0.050183307,0.17028585,136,1685.77723072657,0,0.0,1,2019,2020,21.350214441904463,83.91733499165866
0.34504402,-0.31561726,147,1685.77723072657,0,22.360679774997894,1,2019,2020,21.37923002558152,83.91526886650519
0.06756732,-0.09453372,196,1510.699908208047,0,20.0,1,2019,2020,21.58000349158224,84.12107289809697
0.38538986,-0.33139816,171,1656.245478495715,0,22.360679774997894,1,2019,2020,21.41677960445772,83.8619987701569
0.30163094,-0.2618849,144,1651.9320563661308,0,28.284271247461906,1,2019,2020,21.49466353959088,83.92011976903943
0.09196101,0.007880296,170,1651.9320563661308,0,10.0,1,2019,2020,21.46430048298764,83.91365189899378
0.48882243,-0.43563297,170,1656.245478495715,4,20.0,1,2019,2020,21.41345583790648,83.87044293382762
0.079742014,-0.20657177,164,1651.9320563661308,7,30.0,1,2019,2020,21.49367539277835,83.9131129098233
0.07068023,0.090756126,187,1642.6080346339731,0,14.142135623730953,1,2019,2020,21.52772154204648,83.96305923962035
0.51271164,-0.43901846,163,1591.9735097484568,1,30.0,1,2019,2020,21.469959869277595,84.12574413757439
0.4601156,-0.4010816,160,1591.9735097484568,0,20.0,1,2019,2020,21.470229363862828,84.12718144202898
0.16933711,-0.15415326,186,1571.9161179682078,0,22.360679774997894,1,2019,2020,21.483344767010973,84.18449395715581
0.22994764,-0.16253506,195,1594.5462688984794,0,22.360679774997894,1,2019,2020,21.587998497610897,84.04211098462287
0.10768113,-0.010849602,144,1651.9320563661308,0,14.142135623730953,1,2019,2020,21.47310397277201,83.94185899891512
0.18232529,-0.11292035,144,1685.77723072657,0,14.142135623730953,1,2019,2020,21.37321131317792,83.91437055122107
0.24639568,-0.20571364,156,1645.5226784301835,0,14.142135623730953,1,2019,2020,21.465917450499056,83.996566399718
0.34756073,-0.2598469,136,1639.734637070956,0,28.284271247461906,1,2019,2020,21.439506981145943,83.9739288545582
0.19606656,-0.15570286,172,1601.671297309023,0,10.0,1,2019,2020,21.46789374412412,83.89272115287379
-0.14161393,0.2787179,175,1613.539233859976,0,0.0,1,2019,2020,21.447412155646195,84.11577283792066
0.02212167,0.12596732,155,1592.1215501536285,0,10.0,1,2019,2020,21.46169536866369,84.05962813266319
0.12942034,-0.1587084,162,1593.7226981279111,0,28.284271247461906,1,2019,2020,21.390099640519367,83.88885839715208
0.11081335,-0.14435706,197,1510.699908208047,0,22.360679774997894,1,2019,2020,21.57982382852541,84.12107289809697
0.022840347,0.06471707,161,1591.9735097484568,0,10.0,1,2019,2020,21.470139532334414,84.12673228438692
-0.021374812,0.11429998,146,1685.77723072657,0,10.0,1,2019,2020,21.37312148164951,83.91464004580631
0.06350079,0.050391804,136,1639.734637070956,0,14.142135623730953,1,2019,2020,21.43941714961753,83.97383902302978
0.45938504,-0.39698344,199,1567.9896123734002,0,30.0,1,2019,2020,21.377613058070107,84.14595623146708
0.4427992,-0.44790334,158,1631.9175470884852,1,28.284271247461906,1,2019,2020,21.517840073921164,83.90799251270381
0.029693605,-0.09747605,155,1640.2204654872462,7,30.0,1,2019,2020,21.53275210763755,83.87691080387329
0.279354,-0.27130774,200,1552.724454099584,0,30.0,1,2019,2020,21.364677317978785,84.15170544928544
0.03275374,0.09497188,144,1651.9320563661308,3,10.0,1,2019,2020,21.477954875306256,83.93673860179564
0.18390203,-0.18329027,146,1685.77723072657,0,30.0,1,2019,2020,21.35183140941588,83.9168858340166
0.47676104,-0.458594,158,1647.069976108939,0,28.284271247461906,1,2019,2020,21.4324102904014,83.94356579795495
0.5076375,-0.42014387,209,1567.9896123734002,0,22.360679774997894,1,2019,2020,21.35371787151253,84.14119516046125
0.063719116,0.091279395,200,1567.9896123734002,0,10.0,1,2019,2020,21.377433395013284,84.1454172422966
0.3442699,-0.39237466,165,1640.2204654872462,0,28.284271247461906,1,2019,2020,21.51388748667104,83.85669870998059
-0.03172599,0.15470423,140,1639.734637070956,0,0.0,1,2019,2020,21.439506981145943,83.97222205551836
0.509311,-0.513104,173,1601.671297309023,1,22.360679774997894,1,2019,2020,21.458910591282923,83.88867873409525
0.32638764,-0.28398782,144,1651.9320563661308,0,30.0,1,2019,2020,21.4730141412436,83.94203866197195
0.021240849,0.08512191,179,1613.539233859976,0,10.0,1,2019,2020,21.4482206394019,84.1160423325059
0.02815622,0.10030202,186,1579.7558364199476,0,22.360679774997894,1,2019,2020,21.42558309424209,84.16679714605866
0.05348251,-0.06967186,154,1640.2204654872462,0,30.0,1,2019,2020,21.516851927108632,83.8551715739976
0.09417825,0.088740796,162,1647.069976108939,0,22.360679774997894,1,2019,2020,21.412018533451885,83.92407235628956
0.40822437,-0.42434987,178,1594.5462688984794,0,30.0,1,2019,2020,21.55790493559289,84.02369552129841
0.5032842,-0.4684317,163,1575.1144623941852,0,22.360679774997894,1,2019,2020,21.539579303796856,84.06115526864619
0.5108247,-0.5112975,178,1594.5462688984794,4,30.0,1,2019,2020,21.557545609479245,84.02225821684382
0.333657,-0.3166377,152,1593.7226981279111,1,20.0,1,2019,2020,21.361533214484368,83.89182283758967
0.09648862,-0.003066778,173,1656.245478495715,4,10.0,1,2019,2020,21.420283034065783,83.89802121305009
0.25190875,-0.2848061,199,1510.699908208047,0,30.0,1,2019,2020,21.5872798453836,84.14065617129077
0.26759642,-0.17078051,135,1639.734637070956,0,28.284271247461906,1,2019,2020,21.43815950821976,83.97356952844454
0.25145444,-0.15075658,141,1639.734637070956,0,28.284271247461906,1,2019,2020,21.43537473083899,83.97590514818326
0.11554793,0.00011559609,136,1685.77723072657,0,20.0,1,2019,2020,21.36638411701861,83.94455394476748
0.367835,-0.24053036,146,1645.5226784301835,3,28.284271247461906,1,2019,2020,21.46115637949322,83.95623204346104
0.3255706,-0.3875494,185,1579.7558364199476,4,30.0,1,2019,2020,21.408425272315405,84.15026814483085
0.25101855,-0.28807464,183,1538.918787408697,5,20.0,1,2019,2020,21.557365946422426,84.0897216946812
0.12997204,0.012929303,158,1651.9320563661308,0,22.360679774997894,1,2019,2020,21.488105838016807,83.91679600248818
0.017924529,0.11756287,174,1538.918787408697,0,20.0,1,2019,2020,21.577398377258287,84.06717398104979
0.1859242,-0.15410385,199,1552.724454099584,4,20.0,1,2019,2020,21.36764175841638,84.16589883077454
0.0487311,0.055512667,158,1651.9320563661308,0,28.284271247461906,1,2019,2020,21.47534976098231,83.91976044292578
-0.019671641,0.1385682,137,1685.77723072657,0,20.0,1,2019,2020,21.362251866711663,83.93170803620457
0.588122,-0.5114864,172,1651.9320563661308,4,22.360679774997894,1,2019,2020,21.46465980910129,83.91356206746536
0.13166113,0.030186182,147,1645.5226784301835,0,30.0,1,2019,2020,21.46169536866369,83.9537167606655
0.47379705,-0.4397394,135,1685.77723072657,0,30.0,1,2019,2020,21.36683327466067,83.9453624285232
-0.07885086,0.20244506,156,1651.9320563661308,0,0.0,1,2019,2020,21.456395308487387,83.94518276546637
0.30962682,-0.34257925,147,1651.9320563661308,0,28.284271247461906,1,2019,2020,21.492148256795343,83.91724516013025
0.17294192,-0.09068152,142,1631.9175470884852,0,20.0,1,2019,2020,21.50068225199448,83.912394257596
0.027707808,0.11609144,145,1651.9320563661308,0,30.0,1,2019,2020,21.477954875306256,83.93691826485247
0.4143174,-0.2920931,209,1563.0691775924818,1,20.0,1,2019,2020,21.35623315430806,84.08217584629459
0.22826137,-0.15469444,143,1651.9320563661308,0,22.360679774997894,1,2019,2020,21.497088990858003,83.91589768720407
0.1292486,-0.023962934,137,1685.77723072657,0,30.0,1,2019,2020,21.35075343107493,83.91724516013025
-0.022381434,0.09143839,178,1647.069976108939,0,22.360679774997894,1,2019,2020,21.448849460100785,83.90098565348768
0.1979041,-0.09763945,171,1538.918787408697,0,22.360679774997894,1,2019,2020,21.55080824484835,84.07795376445924
0.034347948,0.1192137,136,1685.77723072657,0,14.142135623730953,1,2019,2020,21.351022925660168,83.91778414930072
0.30095053,-0.34672847,194,1594.5462688984794,0,20.0,1,2019,2020,21.588178160667724,84.03950587029891
0.0057873894,0.07088225,174,1594.5462688984794,0,30.0,1,2019,2020,21.55817443017813,84.04175165850921
0.33708045,-0.2608056,171,1656.245478495715,0,20.0,1,2019,2020,21.41677960445772,83.86190893862849
0.34187698,-0.3420915,186,1594.5462688984794,6,30.0,1,2019,2020,21.580272986167472,84.03878721807162
0.41281438,-0.43302107,193,1535.0835264685138,0,30.0,1,2019,2020,21.52349946021112,84.16976158649625
0.39237908,-0.35095102,134,1685.77723072657,0,28.284271247461906,1,2019,2020,21.36243152976849,83.93134871009093
0.017486233,0.08254643,178,1613.539233859976,0,10.0,1,2019,2020,21.4482206394019,84.11595250097749
0.07576634,0.08756439,157,1647.069976108939,0,14.142135623730953,1,2019,2020,21.440315464901648,83.94949467883013
0.009903157,0.061146192,176,1594.5462688984794,0,22.360679774997894,1,2019,2020,21.558443924763367,84.04121266933875
0.205165,-0.13965268,190,1594.5462688984794,0,10.0,1,2019,2020,21.5819797852073,84.03833806042957
0.29921484,-0.26367864,169,1656.245478495715,4,20.0,1,2019,2020,21.4136355009633,83.87062259688444
0.11451197,-0.045260515,141,1639.734637070956,0,28.284271247461906,1,2019,2020,21.438788328918648,83.97285087621725
0.032572713,0.11688001,136,1685.77723072657,0,14.142135623730953,1,2019,2020,21.35075343107493,83.91778414930072
0.46255574,-0.46379313,172,1656.245478495715,4,30.0,1,2019,2020,21.419923707952137,83.89793138152167
0.15262267,-0.21166845,152,1640.2204654872462,0,28.284271247461906,1,2019,2020,21.517480747807515,83.88176170640753
0.37754983,-0.3950113,150,1688.5246803463074,4,30.0,1,2019,2020,21.357939953347888,83.97114407717741
0.11123995,0.07811854,163,1647.069976108939,0,14.142135623730953,1,2019,2020,21.424864442014798,83.93296567760234
0.29569718,-0.25735813,187,1594.5462688984794,0,22.360679774997894,1,2019,2020,21.58162045909365,84.03833806042957
0.12658228,-0.07110305,201,1552.724454099584,0,20.0,1,2019,2020,21.367372263831143,84.16616832535976
0.05026933,0.09430956,156,1651.9320563661308,0,22.360679774997894,1,2019,2020,21.460707221851163,83.93808607472182
0.35659325,-0.38244608,199,1552.724454099584,4,28.284271247461906,1,2019,2020,21.36764175841638,84.16571916771771
-0.013068479,0.12376238,174,1538.918787408697,0,28.284271247461906,1,2019,2020,21.577847534900343,84.06708414952138
0.18906936,-0.06512556,184,1613.539233859976,0,22.360679774997894,1,2019,2020,21.40168790768451,84.12412717006298
0.48261216,-0.4805844,217,1567.9896123734002,0,30.0,1,2019,2020,21.369168894399383,84.10238794018728
0.0075918613,0.111144185,144,1639.734637070956,0,14.142135623730953,1,2019,2020,21.43528489931058,83.97599497971167
-0.04425293,0.0904623,186,1579.7558364199476,4,10.0,1,2019,2020,21.44148327477101,84.15260376456956
0.037123684,0.11536583,143,1651.9320563661308,0,30.0,1,2019,2020,21.477056560022135,83.93808607472182
0.44559142,-0.39248332,159,1651.9320563661308,0,30.0,1,2019,2020,21.485590555221272,83.92110791585196
0.38111132,-0.37804478,192,1594.5462688984794,0,30.0,1,2019,2020,21.5819797852073,84.03815839737274
0.13709027,-0.04608403,142,1639.734637070956,0,22.360679774997894,1,2019,2020,21.434476415554872,83.97599497971167
0.6887671,-0.57976645,157,1647.069976108939,0,30.0,1,2019,2020,21.42980517607745,83.93835556930706
0.28153113,-0.32932982,179,1591.9735097484568,4,22.360679774997894,1,2019,2020,21.46106654796481,84.10113029878951
0.19149008,-0.15084977,141,1639.734637070956,0,22.360679774997894,1,2019,2020,21.43312894262869,83.97518649595595
-0.13909133,0.2134187,178,1613.539233859976,0,0.0,1,2019,2020,21.44840030245873,84.11595250097749
0.37980786,-0.43294537,185,1983.820738914481,1,491.93495504995377,0,2020,2021,21.421181349349904,84.15709534099017
0.553992,-0.5329601,163,1956.868612972743,4,1280.0,0,2020,2021,21.413994827076948,84.06232307851555
0.76909775,-0.6697522,203,1956.868612972743,1,841.7244204607586,0,2020,2021,21.41947455031008,84.09196748289149
0.2052296,-0.20964657,141,1988.3089408631204,3,251.79356624028344,0,2020,2021,21.45118507983949,83.97446784372866
0.469257,-0.5158321,220,1989.0276167842967,1,562.9387178015028,0,2020,2021,21.353448376927293,84.15799365627429
0.46678388,-0.4655976,205,1986.066358042619,1,516.2363799656123,0,2020,2021,21.372043503308564,84.14496808465455
0.4252947,-0.46467358,189,1973.5760219825895,1,200.0,0,2020,2021,21.541286102836683,83.97321020233089
0.6473701,-0.5641844,192,1883.2621832626537,1,567.1860364994893,0,2020,2021,21.55610830502465,84.16284455880853
0.50722945,-0.5037156,172,1962.5139900985523,4,1242.014492669067,0,2020,2021,21.43806967669135,83.87304804815157
0.75025004,-0.6431166,234,1986.066358042619,1,940.4786015641184,0,2020,2021,21.36297051893896,84.11298806053989
0.35673553,-0.42880225,147,1990.8268260547195,4,944.298681562142,0,2020,2021,21.427200061753503,83.99072735037123
-0.18208794,0.4044522,188,1937.242171943188,0,0.0,0,2020,2021,21.586112035514248,83.93278601454551
0.4838522,-0.38758853,143,1988.3089408631204,3,130.384048104053,0,2020,2021,21.459000422811336,83.96943727813759
0.74611044,-0.65730256,173,1868.8200380303497,1,1194.7384651043926,0,2020,2021,21.566708425377264,84.09520141791432
0.34758475,-0.42954466,209,1883.2621832626537,4,416.77331968349415,0,2020,2021,21.58332725813348,84.1769481087692
0.47741258,-0.49832574,160,1980.8196407325013,4,900.222194794152,0,2020,2021,21.457652949885155,84.07085707371469
0.5634426,-0.5115487,168,2017.5110873314552,1,1124.499888839479,0,2020,2021,21.42836787162286,84.1137965442956
0.48301047,-0.51391655,154,2000.2663298181144,4,330.0,0,2020,2021,21.4519935635952,84.03905671265686
0.49016887,-0.51380044,151,2012.131670991541,4,1280.0,0,2020,2021,21.39054879816143,83.94895568965967
0.37920824,-0.45284745,183,1923.038688651068,1,896.9392398596461,0,2020,2021,21.52691305829077,84.11613216403431
0.48443606,-0.48375627,156,2000.2663298181144,4,900.2777349240623,0,2020,2021,21.46016823268069,84.03770923973067
0.5926079,-0.5469314,153,2009.293068322528,1,490.9175083453431,0,2020,2021,21.40698796786081,83.91383156205059
0.6362393,-0.569695,162,1980.8196407325013,1,50.0,0,2020,2021,21.477954875306256,84.09780653223827
0.7537516,-0.66498387,353,1933.7276026361212,1,1186.6338946785568,0,2020,2021,21.385428401041946,84.05127380052087
0.39321145,-0.42395297,183,1924.836797689757,5,1014.0019723846694,0,2020,2021,21.507239953568558,84.07373168262387
0.5,-0.5014985,185,1868.8200380303497,6,488.4669896727925,0,2020,2021,21.581800122150472,84.07570797624894
0.32168657,-0.3946648,196,1876.4415249633855,5,58.30951894845301,0,2020,2021,21.588627318309783,84.04229064767969
0.68343925,-0.6483126,171,1988.3089408631204,1,1185.32695911297,0,2020,2021,21.490621120812342,83.97886958862085
0.73639375,-0.64805233,200,1933.7276026361212,1,740.0,0,2020,2021,21.38381143353053,84.05962813266319
0.45092654,-0.48024857,183,1914.9658808208917,6,370.1351104664349,0,2020,2021,21.54766414135393,83.91068745855618
0.37151054,-0.42719734,179,1973.5760219825895,4,290.6888370749727,0,2020,2021,21.543082733404923,83.96278974503511
0.67856646,-0.5718072,175,1876.4415249633855,6,1280.0,0,2020,2021,21.559521903104308,84.04103300628192
0.37852603,-0.43401688,144,2012.131670991541,5,842.0213774008353,0,2020,2021,21.36261119282531,83.90448908309575
0.5138394,-0.44941273,149,2012.131670991541,4,420.0,0,2020,2021,21.39054879816143,83.90341110475481
0.45712364,-0.44098002,187,1973.5760219825895,1,1280.0,0,2020,2021,21.52026552518829,83.98300183892779
0.29028544,-0.3659136,158,1938.3774942638704,5,205.91260281974,0,2020,2021,21.46501913521493,83.93242668843187
0.6926637,-0.6046615,201,1989.0276167842967,1,989.9494936611666,0,2020,2021,21.391087787331895,84.15898180308682
0.42322868,-0.4591077,165,1930.7376822684453,1,60.0,0,2020,2021,21.52718255287601,84.0289057499463
0.33387843,-0.42882168,188,1884.269203667616,5,335.26109228480425,0,2020,2021,21.504455176187783,84.15233426998432
0.5404288,-0.461512,197,1876.4415249633855,4,430.11626335213134,0,2020,2021,21.59680198739527,84.0258514779803
0.58751804,-0.51479125,186,1923.038688651068,1,715.8910531638176,0,2020,2021,21.500861915051303,84.14433926395566
-0.18550088,0.40300232,188,1937.242171943188,0,0.0,0,2020,2021,21.584584899531244,83.92766561742603
0.24356139,-0.29049712,159,1988.3089408631204,6,552.268050859363,0,2020,2021,21.483793924653035,83.97365935997296
0.49525586,-0.51060843,162,1962.5139900985523,1,1155.5085460523433,0,2020,2021,21.413994827076948,83.88724142964065
0.5299017,-0.4805373,156,2000.2663298181144,6,306.10455730027934,0,2020,2021,21.477865043777847,84.00797500382632
0.16333841,-0.19470851,177,1938.3774942638704,6,258.0697580112788,0,2020,2021,21.45316137346456,83.92146724196562
-0.19914506,0.37659097,188,1889.884452931583,0,0.0,0,2020,2021,21.597430808094156,83.85589022622489
0.50318474,-0.51740694,186,1983.820738914481,6,236.00847442411893,0,2020,2021,21.427110230225093,84.16580899924612
0.28732225,-0.39955232,191,1868.8200380303497,5,1280.0,0,2020,2021,21.59365788390085,84.07067741065786
0.32576984,-0.36566857,144,1988.3089408631204,6,237.69728648009425,0,2020,2021,21.45792244447039,83.98955954050187
0.5145326,-0.5273465,160,1962.5139900985523,4,1017.6934705499492,0,2020,2021,21.40590998951987,83.87619215164598
0.46079108,-0.45702037,165,1988.3089408631204,6,390.1281840626232,0,2020,2021,21.470139532334414,83.99701555736006
-0.15227734,0.3655181,188,1937.242171943188,0,0.0,0,2020,2021,21.581440796036823,83.90655520824923
0.6088031,-0.55882955,171,2017.5110873314552,1,1280.0,0,2020,2021,21.42333730603179,84.13005605093817
0.5492025,-0.54170203,172,1868.8200380303497,1,824.1965784932621,0,2020,2021,21.563474490354437,84.06259257310079
0.4294181,-0.5111296,183,1875.6384400060413,1,333.7663853655727,0,2020,2021,21.55035908720629,84.13571543722811
0.12966253,-0.26014632,174,1938.3774942638704,5,389.1015291668744,0,2020,2021,21.45989873809545,83.91464004580631
0.50993943,-0.50212646,155,1952.9097906150275,4,1280.0,0,2020,2021,21.38237412907594,83.87161074369698
0.67379224,-0.541777,184,1983.820738914481,1,76.15773105863909,0,2020,2021,21.408874429957464,84.15107662858657
0.6525362,-0.5696422,171,1962.5139900985523,4,1280.0,0,2020,2021,21.435105236253754,83.85741736220788
0.68436235,-0.6043882,213,1880.7730644299008,1,178.04493814764857,0,2020,2021,21.5466759945414,83.8859837882429
0.41839877,-0.45263588,148,1990.8268260547195,1,820.3657720797473,0,2020,2021,21.42657124105462,83.98785274146205
0.37701562,-0.41891733,183,1923.038688651068,1,626.2587324740471,0,2020,2021,21.519277378375754,84.13769173085318
0.272013,-0.3806505,200,1876.4415249633855,5,180.27756377319943,0,2020,2021,21.582339111320945,84.00357325893414
0.39580527,-0.43983668,159,1880.7730644299008,1,317.6476034853718,0,2020,2021,21.52358929173953,83.88948721785096
0.62566084,-0.585623,191,1918.5559945498533,1,855.8621384311845,0,2020,2021,21.48271594631209,84.193477109997
0.3386196,-0.38790205,152,2013.2559463274083,5,351.283361405006,0,2020,2021,21.43636287765152,84.03438547317944
0.4855267,-0.49362403,165,1952.9097906150275,4,1280.0,0,2020,2021,21.371055356496036,83.8553512370544
0.41598052,-0.4289476,178,1868.8200380303497,4,1059.0561835898982,0,2020,2021,21.569403371229622,84.05199245274818
0.5783091,-0.5454224,155,2000.2663298181144,1,349.2849839314596,0,2020,2021,21.48451257688033,84.01731748278117
0.36931777,-0.4310969,177,1966.40545485873,5,398.4971769034255,0,2020,2021,21.39423189082632,84.02989389675884
0.44918355,-0.46225315,148,2013.2559463274083,4,417.7319714841085,0,2020,2021,21.409682913713173,84.01031062356503
-0.21432664,0.39391088,188,1889.884452931583,0,0.0,0,2020,2021,21.58305776354824,83.85642921539535
0.3602933,-0.4377928,189,1918.5559945498533,5,790.0632886041473,0,2020,2021,21.462324189362576,84.19554323515048
0.39104116,-0.44764182,145,2012.131670991541,5,618.5466837676846,0,2020,2021,21.372851987064276,83.91167560536871
-0.19365034,0.38917342,188,1889.884452931583,0,0.0,0,2020,2021,21.55035908720629,83.85319528037253
0.32963943,-0.4257338,194,1883.2621832626537,5,504.7771785649585,0,2020,2021,21.557365946422426,84.15943096072887
0.45002627,-0.45339614,159,1930.7376822684453,4,452.7692569068709,0,2020,2021,21.50436534465937,84.02998372828725
-0.1591568,0.3388814,158,1938.3774942638704,0,0.0,0,2020,2021,21.492507582908992,83.90520773532305
-0.2027592,0.41303417,188,1937.242171943188,0,0.0,0,2020,2021,21.58260860590618,83.92110791585196
0.6148476,-0.57790357,167,1930.7376822684453,4,318.9043743820395,0,2020,2021,21.541825092007155,84.00995129745138
0.47325087,-0.500343,174,1930.7376822684453,4,830.2409288875127,0,2020,2021,21.547933635939167,84.04974666453788
0.36991838,-0.41865894,156,1880.7730644299008,1,629.6824596572467,0,2020,2021,21.51182136151756,83.88822957645318
0.5081094,-0.51099014,159,1962.5139900985523,4,357.7708763999664,0,2020,2021,21.40034043475833,83.87116158605491
-0.18750235,0.43554917,188,1951.7218133056317,0,0.0,0,2020,2021,21.577218714201464,83.9755458220696
0.45546862,-0.467865,170,1924.836797689757,4,1280.0,0,2020,2021,21.50167039880701,84.05540605082783
0.55567044,-0.5208872,205,1876.4415249633855,1,354.682957019364,0,2020,2021,21.597071481980507,84.00024949238289
0.48122674,-0.50043035,175,1967.758019097237,6,1280.0,0,2020,2021,21.49520252876135,84.13230183914847
0.28954548,-0.37664992,181,1983.820738914481,4,108.16653826391968,0,2020,2021,21.418037245855484,84.18593126161039
-0.19827233,0.40450278,188,1889.884452931583,0,0.0,0,2020,2021,21.59275956861673,83.87008360771398
0.6135205,-0.5954148,223,1884.269203667616,1,274.5906043549196,0,2020,2021,21.53805216781385,84.19015334344576
0.46283835,-0.5028611,184,1983.820738914481,1,900.0,0,2020,2021,21.42549326271368,84.15925129767204
0.581969,-0.525783,330,1879.913869370008,1,562.9387178015028,0,2020,2021,21.474092119584544,83.87017343924238
0.456565,-0.45290384,152,1938.3774942638704,1,1103.902169578446,0,2020,2021,21.49628050710229,83.94563192310842
0.5223202,-0.45498782,169,1918.5559945498533,0,284.42925306655786,0,2020,2021,21.45235288970885,84.166437819945
0.4348181,-0.44745287,172,1924.836797689757,4,1210.826164236634,0,2020,2021,21.506341638284432,84.0604366164189
0.5118756,-0.5224877,160,2000.2663298181144,1,831.865373723417,0,2020,2021,21.461425874078454,84.0310617066282
0.33864683,-0.40215027,182,1983.820738914481,5,648.8451279003334,0,2020,2021,21.43214079581616,84.17119889095083
0.41487506,-0.45416543,145,2031.3388504182512,5,452.7692569068709,0,2020,2021,21.37321131317792,83.96916778355235
0.5403204,-0.49658492,191,1923.038688651068,1,410.0,0,2020,2021,21.52736221593283,84.14739353592167
0.4301535,-0.45370632,203,1876.4415249633855,6,130.0,0,2020,2021,21.59761047115098,84.0303430544009
0.69437754,-0.6002824,220,1989.0276167842967,1,1280.0,0,2020,2021,21.35479584985347,84.17712777182602
0.5031315,-0.5314971,154,2000.2663298181144,1,975.2948272189288,0,2020,2021,21.461785200192107,84.02818709771901
0.5523522,-0.49762467,171,1868.8200380303497,4,1280.0,0,2020,2021,21.561138870615725,84.05307043108913
0.23308337,-0.3850678,205,1951.7218133056317,5,476.34021455258215,0,2020,2021,21.552425212359765,83.96853896285347
0.36670762,-0.42149815,183,1924.836797689757,4,584.6366392897387,0,2020,2021,21.541825092007155,84.0950217548575
0.5078656,-0.5140636,170,1914.9658808208917,1,1280.0,0,2020,2021,21.53194362388184,83.940960683631
-0.065142855,0.223218,194,1889.884452931583,0,0.0,0,2020,2021,21.56077954450208,83.8680174825605
0.677814,-0.5823792,157,1938.3774942638704,1,1280.0,0,2020,2021,21.497897474613712,83.9476980482619
0.3322602,-0.38233384,139,2031.3388504182512,4,246.98178070456936,0,2020,2021,21.399621782531035,83.97635430582531
0.4604695,-0.49472725,157,1930.7376822684453,5,80.62257748298549,0,2020,2021,21.53041648789884,84.04453643588998
0.6957236,-0.54048276,167,1868.8200380303497,1,408.166632639171,0,2020,2021,21.560689712973662,84.08028938419794
-0.18436879,0.37714598,188,1889.884452931583,0,0.0,0,2020,2021,21.56877455053074,83.89388896274315
0.4895855,-0.51517195,152,1990.8268260547195,4,645.3681120105022,0,2020,2021,21.407526957031287,83.96557452241588
0.4745712,-0.48262897,148,1990.8268260547195,4,422.965719651132,0,2020,2021,21.40806594620176,83.99620707360435
0.6823137,-0.58701074,216,1875.6384400060413,1,941.9129471453292,0,2020,2021,21.593029063201968,84.1310441977507
0.39589205,-0.4536897,204,1933.7276026361212,5,139.2838827718412,0,2020,2021,21.36261119282531,84.08954203162438
0.32148877,-0.39466885,176,2017.5110873314552,4,651.9202405202648,0,2020,2021,21.430433996776333,84.1364340894554
-0.1824088,0.39404202,188,1889.884452931583,0,0.0,0,2020,2021,21.567067751490917,83.89622458248185
0.54009634,-0.51497394,169,2009.293068322528,0,1211.156472137271,0,2020,2021,21.4422019269983,83.90996880632888
0.43925104,-0.46103483,168,1930.7376822684453,4,957.7577981932592,0,2020,2021,21.514246812784684,84.01363439011628
0.29209897,-0.31727162,170,1973.5760219825895,6,1280.0,0,2020,2021,21.504455176187783,83.99917151404195
0.72243416,-0.61243963,179,2017.5110873314552,1,614.00325732035,0,2020,2021,21.43474591014011,84.12233053949474
0.6428281,-0.56571406,164,1924.836797689757,1,1224.2957159118052,0,2020,2021,21.54982009803582,84.05711284986766
0.36228594,-0.42002138,165,1962.5139900985523,5,1117.7208953938366,0,2020,2021,21.401508244627685,83.89119401689078
0.70230794,-0.623816,208,1868.8200380303497,1,885.4942122905152,0,2020,2021,21.58745950844043,84.09861501599399
0.48091123,-0.49785477,164,1980.8196407325013,4,1183.089176689568,0,2020,2021,21.49313640360788,84.06986892690216
0.7197463,-0.61002535,165,1952.9097906150275,6,721.2489168102785,0,2020,2021,21.394770879996788,83.86101062334437
-0.097395234,0.35559335,188,1889.884452931583,0,0.0,0,2020,2021,21.570301686513744,83.85256645967364
0.28335056,-0.37570438,179,1880.7730644299008,1,392.0459156782532,0,2020,2021,21.54577767925728,83.89361946815791
-0.2334377,0.45428658,188,1937.242171943188,0,0.0,0,2020,2021,21.552694706945,83.90628571366399
0.40199807,-0.42446998,167,1879.913869370008,6,530.0943312279428,0,2020,2021,21.47436161416978,83.89568559331138
0.51030856,-0.4959938,171,1962.5139900985523,4,523.9274758971894,0,2020,2021,21.414443984719007,83.89784154999327
0.57869273,-0.51030105,166,1914.9658808208917,4,259.6150997149434,0,2020,2021,21.537603010171797,83.91338240440854
0.518612,-0.49736094,159,1956.868612972743,1,627.6941930590086,0,2020,2021,21.443190073810836,84.07858258515812
0.51180863,-0.5104316,156,1914.9658808208917,4,771.0382610480494,0,2020,2021,21.50508399688667,83.94751838520507
0.48537517,-0.51295334,176,1962.5139900985523,4,937.7632963600144,0,2020,2021,21.434117089441223,83.85184780744635
0.41457266,-0.44009623,156,1988.3089408631204,6,200.0,0,2020,2021,21.46519879827176,83.99530875832023
0.6392719,-0.5479144,153,2031.3388504182512,6,565.1548460377917,0,2020,2021,21.364138328808316,83.98048655613226
0.65717214,-0.61343676,371,1956.868612972743,1,1280.0,0,2020,2021,21.40222689685498,84.08657759118678
0.5284431,-0.5438119,173,1876.4415249633855,1,814.9846624323675,0,2020,2021,21.567157583019327,84.02603114103712
0.49743417,-0.49588212,169,1956.868612972743,4,326.49655434629017,0,2020,2021,21.40321504366751,84.0558552084699
0.6434721,-0.5667495,251,1879.913869370008,1,980.0,0,2020,2021,21.460347895737517,83.8695446185435
0.4362913,-0.44700843,172,1924.836797689757,4,1280.0,0,2020,2021,21.529877498728364,84.0747198294364
0.41605103,-0.44411427,165,1962.5139900985523,4,1280.0,0,2020,2021,21.412018533451885,83.87232939592427
0.24174434,-0.32908303,173,2009.293068322528,5,756.042326857432,0,2020,2021,21.442561253111947,83.92532999768733
0.4069173,-0.47076085,172,1923.038688651068,4,1280.0,0,2020,2021,21.50616197522761,84.10634052743741
0.35696688,-0.42262697,194,1884.269203667616,5,98.99494936611666,0,2020,2021,21.534548738205785,84.15610719417764
-0.20017557,0.37998372,188,1889.884452931583,0,0.0,0,2020,2021,21.575961072803697,83.87430568954933
0.35283878,-0.4088908,177,1879.913869370008,1,626.4982043070834,0,2020,2021,21.463581830760344,83.89164317453285
0.5339787,-0.50485885,206,1884.269203667616,1,50.0,0,2020,2021,21.5279012051033,84.19356694152542
-0.20347574,0.41675505,188,1937.242171943188,0,0.0,0,2020,2021,21.58512388870172,83.91859263305643
0.5854521,-0.5358131,218,1933.7276026361212,1,796.0527620704547,0,2020,2021,21.371504514138092,84.09376411345974
0.4542404,-0.48812276,354,1883.2621832626537,1,935.0935782048768,0,2020,2021,21.587908666082487,84.19482458292318
0.43949822,-0.46742296,167,1879.913869370008,6,472.01694884823786,0,2020,2021,21.482805777840504,83.8988296968058
0.36866373,-0.44026726,194,1986.066358042619,5,782.3042886243178,0,2020,2021,21.383362275888476,84.12008475128444
0.38495937,-0.4195807,166,1914.9658808208917,4,934.7726996441436,0,2020,2021,21.52385878632477,83.92191639960767
0.70886075,-0.6269961,329,1933.7276026361212,1,1280.0,0,2020,2021,21.35758062723424,84.06456886672585
0.36120728,-0.446556,157,2009.293068322528,4,577.7542730261716,0,2020,2021,21.402316728383397,83.9003568327888
0.3370148,-0.4140354,180,1923.038688651068,5,114.0175425099138,0,2020,2021,21.5045450077162,84.14874100884785
0.35145774,-0.41726798,175,2017.5110873314552,5,1090.1834707974615,0,2020,2021,21.44534603049272,84.12107289809697
0.76926553,-0.67284846,256,1986.066358042619,1,672.3094525588645,0,2020,2021,21.37500794374616,84.10068114114746
0.27020124,-0.38282326,185,1924.836797689757,5,994.6356116689168,0,2020,2021,21.507239953568558,84.08136736253888
0.6084762,-0.5542724,187,2017.5110873314552,1,138.92443989449805,0,2020,2021,21.44480704132225,84.14047650823395
0.43176615,-0.46252853,147,2031.3388504182512,4,891.9641248391104,0,2020,2021,21.35066359954652,83.96853896285347
0.64873415,-0.57022303,267,1880.7730644299008,1,352.2782990761707,0,2020,2021,21.502389051034307,83.85571056316806
0.70928514,-0.6028134,257,1989.0276167842967,1,778.2673062643709,0,2020,2021,21.36072473072866,84.17012091260989
0.32538655,-0.4184105,186,1973.5760219825895,1,634.1135544995076,0,2020,2021,21.52385878632477,83.98767307840522
0.58359987,-0.5416055,164,1914.9658808208917,1,670.8203932499368,0,2020,2021,21.52089434588717,83.94509293393796
-0.2253116,0.4262295,188,1880.7730644299008,0,0.0,0,2020,2021,21.538141999342265,83.8740361949641
0.52319133,-0.5074989,153,1990.8268260547195,4,366.742416417845,0,2020,2021,21.44714266106096,83.95524389664851
0.73085696,-0.62570775,292,1883.2621832626537,1,998.2484660644365,0,2020,2021,21.57982382852541,84.1927584577697
0.33681238,-0.4295647,168,1966.40545485873,4,1140.6138698087098,0,2020,2021,21.38569789562718,84.02261754295746
0.34854245,-0.4373808,178,1973.5760219825895,1,879.2041856133307,0,2020,2021,21.519187546847345,83.99692572583164
0.6705199,-0.56608397,154,1980.8196407325013,1,111.80339887498948,0,2020,2021,21.46861239635141,84.0604366164189
0.60514385,-0.535737,151,2000.2663298181144,4,752.8612089887484,0,2020,2021,21.46439031451605,84.02234804837224
0.60748076,-0.57445395,197,2012.131670991541,1,372.155881318568,0,2020,2021,21.36638411701861,83.92011976903943
0.58569264,-0.5249196,204,1933.7276026361212,1,509.31326312987375,0,2020,2021,21.37410962846204,84.07966056349906
0.6771864,-0.5999688,167,2017.5110873314552,1,858.0209787645055,0,2020,2021,21.444627378265423,84.10669985355105
0.31383947,-0.40458232,185,1983.820738914481,5,662.1933252457322,0,2020,2021,21.41228802803712,84.18907536510481
-0.15980132,0.37680396,188,1889.884452931583,0,0.0,0,2020,2021,21.584674731059657,83.85948348736136
0.51444346,-0.51417005,178,1923.038688651068,1,712.5307010929424,0,2020,2021,21.509934899420912,84.12574413757439
0.7499291,-0.6536587,204,1986.066358042619,1,550.2726596879041,0,2020,2021,21.38183513990547,84.1024777717157
-0.15474582,0.33454025,188,1880.7730644299008,0,0.0,0,2020,2021,21.53607587418879,83.858315677492
0.30166793,-0.3958195,183,1876.4415249633855,5,480.2082881417188,0,2020,2021,21.57506275751958,84.04795003396964
0.43312573,-0.48005557,175,1923.038688651068,4,825.6512580987205,0,2020,2021,21.50490433382984,84.11738980543208
0.54305094,-0.5425143,161,1952.9097906150275,4,300.8321791298265,0,2020,2021,21.369528220513036,83.86783781950368
0.47958046,-0.4798006,185,1918.5559945498533,5,487.5448697299562,0,2020,2021,21.47058868997648,84.17937356003632
0.69715124,-0.6107247,203,1933.7276026361212,1,488.2622246293481,0,2020,2021,21.38111648767817,84.0626824046292
0.3482977,-0.43161824,176,1967.758019097237,4,945.1454914456292,0,2020,2021,21.489812637056637,84.14263246491583
0.5637793,-0.52403647,152,2031.3388504182512,4,961.873172512884,0,2020,2021,21.396028521394555,83.99899185098512
0.7038749,-0.6108286,304,1933.7276026361212,1,1280.0,0,2020,2021,21.37042653579715,84.06609600270885
0.2950577,-0.4367056,199,1883.2621832626537,5,389.48684188300894,0,2020,2021,21.563564321882847,84.15934112920046
0.45358294,-0.46881378,163,1973.5760219825895,4,1280.0,0,2020,2021,21.50750944815379,83.96701182687048
0.68441063,-0.59248364,189,1983.820738914481,1,935.3608929178084,0,2020,2021,21.426481409526207,84.15898180308682
0.31569296,-0.41398403,188,1923.038688651068,4,122.06555615733704,0,2020,2021,21.53886065156956,84.10256760324411
0.6856989,-0.5956401,237,1989.0276167842967,1,1224.13234578619,0,2020,2021,21.3678214214732,84.19203980554241
0.3964386,-0.46677604,165,1930.7376822684453,4,979.4896630388704,0,2020,2021,21.538591156984324,84.04920767536741
0.39338163,-0.4766376,189,1983.820738914481,5,304.63092423455635,0,2020,2021,21.41408465860536,84.16068860212664
0.39270937,-0.41851753,180,1980.8196407325013,6,343.6568055487916,0,2020,2021,21.49367539277835,84.0957404070848
0.4469023,-0.4737011,212,1986.066358042619,1,193.13207915827968,0,2020,2021,21.366923106189084,84.10059130961905
0.484677,-0.49926722,171,1924.836797689757,4,386.0051813123756,0,2020,2021,21.543172564933336,84.08379281380601
0.43228635,-0.44875282,159,1952.9097906150275,4,1280.0,0,2020,2021,21.35614332277965,83.86424455836719
0.66336995,-0.55181545,158,2013.2559463274083,1,335.4101966249684,0,2020,2021,21.411120218167763,84.03887704960003
0.632645,-0.52107,171,1933.7276026361212,1,646.297145282261,0,2020,2021,21.39665734209344,84.06897061161804
0.51863354,-0.52401936,146,2012.131670991541,4,1280.0,0,2020,2021,21.385338569513536,83.94455394476748
0.27666706,-0.3090178,167,1879.913869370008,6,482.7007354458868,0,2020,2021,21.47930234823244,83.89173300606126
0.38260427,-0.41101053,181,1962.5139900985523,6,480.10415536631217,0,2020,2021,21.443908726038128,83.89505677261249
-0.2590555,0.4600704,188,1951.7218133056317,0,0.0,0,2020,2021,21.591501927218964,83.99405111692246
0.5180214,-0.5035215,167,1930.7376822684453,1,470.9564735726647,0,2020,2021,21.539489472268443,84.01237674871851
0.61220944,-0.5750069,153,2013.2559463274083,6,1280.0,0,2020,2021,21.422079664634023,84.04273980532174
0.5834408,-0.5233239,167,1924.836797689757,4,1021.8121158021175,0,2020,2021,21.52322996562588,84.07382151415229
-0.18137728,0.40167686,188,1937.242171943188,0,0.0,0,2020,2021,21.599856259361275,83.94006236834689
0.5411858,-0.51159906,170,1924.836797689757,4,994.786409235671,0,2020,2021,21.54209458659239,84.07418084026592
0.6317167,-0.5659087,207,1933.7276026361212,1,863.481325796916,0,2020,2021,21.385248737985123,84.09960316280652
0.5231296,-0.5174311,172,1914.9658808208917,4,869.7700845625814,0,2020,2021,21.53553688501832,83.92344353559068
0.47546583,-0.50225353,181,1875.6384400060413,1,782.3042886243178,0,2020,2021,21.552694706945,84.12798992578469
0.55388904,-0.5100242,183,1876.4415249633855,1,1232.2743201089602,0,2020,2021,21.585393383286952,84.02540232033824
0.7530189,-0.6355065,263,1986.066358042619,1,555.7877292636101,0,2020,2021,21.365485801734494,84.1243068331198
0.4920106,-0.475965,169,1914.9658808208917,4,94.33981132056604,0,2020,2021,21.521163840472408,83.93386399288646
0.50697917,-0.4972662,156,2013.2559463274083,6,750.5997601918082,0,2020,2021,21.410132071355232,84.0213599015597
0.66604286,-0.5757031,194,1989.0276167842967,1,596.4059020499378,0,2020,2021,21.389919977462544,84.17613962501349
0.42361832,-0.46396464,148,1952.9097906150275,4,1226.906679417795,0,2020,2021,21.354885681381884,83.87610232011758
0.4820438,-0.48908707,162,1966.40545485873,1,142.12670403551894,0,2020,2021,21.393782733184256,84.01300556941739
0.27699038,-0.21383822,196,1876.4415249633855,0,58.30951894845301,0,2020,2021,21.58386624730395,84.04651272951504
0.6443837,-0.5634192,201,1989.0276167842967,1,1280.0,0,2020,2021,21.36171287754119,84.19114149025829
0.3384948,-0.41538674,180,2017.5110873314552,4,444.0720662234904,0,2020,2021,21.444627378265423,84.1296068932961
-0.09474339,0.29825914,188,1889.884452931583,0,0.0,0,2020,2021,21.56006089227478,83.87385653190728
0.4256355,-0.47443,160,2000.2663298181144,4,916.7878707749138,0,2020,2021,21.4812786418575,84.02360568977
0.35106525,-0.41474852,188,1868.8200380303497,5,332.41540277189324,0,2020,2021,21.57308646389452,84.05908914349273
0.57286197,-0.5358035,188,2009.293068322528,1,1067.7546534667972,0,2020,2021,21.406179484105103,83.93853523236388
0.5220246,-0.49964714,168,2017.5110873314552,1,1280.0,0,2020,2021,21.442830747697183,84.11280839748306
0.7022912,-0.62453294,223,1879.913869370008,1,579.7413216254298,0,2020,2021,21.493495729721523,83.858315677492
-0.17855482,0.39721578,188,1937.242171943188,0,0.0,0,2020,2021,21.59060361193485,83.91544852956201
0.7104813,-0.5944803,217,1879.913869370008,1,937.7632963600144,0,2020,2021,21.457024129186276,83.87053276535603
0.46029428,-0.44472367,167,1938.3774942638704,1,573.846669416143,0,2020,2021,21.49978393671036,83.90242295794228
0.43426102,-0.46013469,160,2000.2663298181144,4,761.5773105863909,0,2020,2021,21.481548136442736,84.03133120121343
0.45383784,-0.49220452,212,1883.2621832626537,1,241.66091947189145,0,2020,2021,21.58305776354824,84.18206850588868
-0.1876741,0.41320145,188,1889.884452931583,0,0.0,0,2020,2021,21.5647321317522,83.86631068352067
0.59741455,-0.5818252,145,2012.131670991541,1,788.1624198095212,0,2020,2021,21.368809568285734,83.90601621907875
0.24816626,-0.31540382,166,1879.913869370008,6,562.2277118748239,0,2020,2021,21.479571842817677,83.88957704937937
0.48782688,-0.49197498,174,1923.038688651068,4,1070.5606008068858,0,2020,2021,21.50472467077302,84.1258339691028
-0.19179846,0.4041789,188,1937.242171943188,0,0.0,0,2020,2021,21.58566287787219,83.92658763908508
0.50468886,-0.5065787,189,1973.5760219825895,1,1190.3780911962383,0,2020,2021,21.52349946021112,83.98219335517209
0.51001054,-0.52480674,144,2031.3388504182512,1,393.5733730830885,0,2020,2021,21.368450242172088,83.96512536477383
0.5131118,-0.4987588,158,1980.8196407325013,1,41.23105625617661,0,2020,2021,21.477775212249437,84.08388264533443
0.6295118,-0.55651546,206,1989.0276167842967,1,1046.6135867644753,0,2020,2021,21.372043503308564,84.1881770498207
0.54145724,-0.5183027,188,1918.5559945498533,1,720.6941098690901,0,2020,2021,21.46376149381717,84.19859750711649
0.3239049,-0.39511278,179,1962.5139900985523,6,317.6476034853718,0,2020,2021,21.442112095469888,83.85121898674747
0.22401261,-0.26403204,153,2013.2559463274083,6,568.5068161420758,0,2020,2021,21.447861313288254,84.00006982932607
-0.16093759,0.36318702,188,1889.884452931583,0,0.0,0,2020,2021,21.56859488747392,83.8837380000326
0.47012907,-0.47066367,179,1924.836797689757,4,1097.1326264403954,0,2020,2021,21.528440194273774,84.09295562970402
0.52321136,-0.50960755,166,2017.5110873314552,4,1280.0,0,2020,2021,21.433218774157105,84.10220827713046
0.44481578,-0.4667897,147,2031.3388504182512,4,736.8174807915459,0,2020,2021,21.35731113264901,83.97788144180832
0.55615485,-0.5179492,185,1983.820738914481,1,1011.9288512538816,0,2020,2021,21.420013539480543,84.15035797635926
0.5255072,-0.4983091,163,1973.5760219825895,4,1280.0,0,2020,2021,21.50661113286967,83.967999973683
-0.21847454,0.4031059,188,1951.7218133056317,0,0.0,0,2020,2021,21.583237426605063,83.96234058739304
0.51657873,-0.4999221,155,1956.868612972743,4,794.0403012442127,0,2020,2021,21.439237486560707,84.08010972114111
0.42228818,-0.4796205,210,1883.2621832626537,1,172.04650534085255,0,2020,2021,21.58188995367889,84.17407349986001
0.34511942,-0.39328635,164,1988.3089408631204,6,1020.7840124139876,0,2020,2021,21.485860049806508,83.98470863796763
0.34464884,-0.4375747,180,2017.5110873314552,6,781.6009211867653,0,2020,2021,21.423606800617023,84.14335111714313
0.50445396,-0.50667256,195,1884.269203667616,5,192.35384061671343,0,2020,2021,21.52601474300665,84.16580899924612
-0.17386506,0.40655392,133,2031.3388504182512,0,0.0,0,2020,2021,21.36566546479132,83.95048282564267
0.76547706,-0.6405554,368,1962.5139900985523,1,982.2932352408826,0,2020,2021,21.43672220376517,83.88526513601559
0.5409785,-0.5372413,160,1956.868612972743,4,1280.0,0,2020,2021,21.41606095223042,84.05855015432225
0.57950985,-0.5278042,166,1980.8196407325013,4,1280.0,0,2020,2021,21.49511269723294,84.06438920366902
0.5352914,-0.53446424,172,1967.758019097237,1,728.0109889280518,0,2020,2021,21.46367166228876,84.12268986560838
-0.21389188,0.39112747,188,1951.7218133056317,0,0.0,0,2020,2021,21.59752063962257,83.97015593036488
0.25726232,-0.36560297,197,1884.269203667616,4,399.2492955535426,0,2020,2021,21.51712142169387,84.17757692946809
0.37907284,-0.43360686,180,2017.5110873314552,5,574.2821606144493,0,2020,2021,21.43573405695264,84.13248150220528
0.47040218,-0.48479694,165,1973.5760219825895,4,1280.0,0,2020,2021,21.500322925880837,83.98219335517209
0.72531307,-0.6329762,144,2013.2559463274083,1,31.6227766016838,0,2020,2021,21.413276174849653,84.0018664598943
0.5305276,-0.4980522,182,1868.8200380303497,1,626.418390534633,0,2020,2021,21.576230567388933,84.08352331922077
-0.11082843,0.35457063,188,1889.884452931583,0,0.0,0,2020,2021,21.551616728604056,83.88661260894177
0.4096569,-0.44539124,186,1876.4415249633855,1,590.3388857258177,0,2020,2021,21.56221684895667,84.01543102068452
0.27328905,-0.39001763,200,1868.8200380303497,5,1280.0,0,2020,2021,21.59895794407716,84.06555701353838
0.5302334,-0.5301337,198,1883.2621832626537,1,538.5164807134504,0,2020,2021,21.563564321882847,84.17407349986001
0.58286554,-0.548776,151,2012.131670991541,1,1222.620137246234,0,2020,2021,21.3783317102974,83.90386026239686
0.5504358,-0.54201484,166,1930.7376822684453,4,1200.0,0,2020,2021,21.514965465011983,84.00132747072384
-0.1832544,0.40153664,188,1937.242171943188,0,0.0,0,2020,2021,21.568864382059157,83.94194883044354
0.6265026,-0.5677241,165,1962.5139900985523,1,1094.5775440780794,0,2020,2021,21.42971534454904,83.86963445007191
0.640669,-0.5699572,158,1930.7376822684453,1,151.32745950421557,0,2020,2021,21.51002473094933,84.02648029867919
0.6221151,-0.5607914,154,1966.40545485873,1,1280.0,0,2020,2021,21.37509777527457,84.00159696530908
0.6229918,-0.57310355,177,2012.131670991541,1,1280.0,0,2020,2021,21.393962396241083,83.93898439000594
-0.18926433,0.3723846,188,1889.884452931583,0,0.0,0,2020,2021,21.598329123378274,83.88122271723705
0.6492644,-0.57132226,153,2013.2559463274083,6,1072.240644631605,0,2020,2021,21.40186757074133,84.00896315063885
0.50036675,-0.5150215,192,1923.038688651068,1,660.9841147864296,0,2020,2021,21.5301469933136,84.14146465504648
0.4139986,-0.4519845,194,1884.269203667616,4,333.01651610693426,0,2020,2021,21.5323927815239,84.15916146614363
0.48047507,-0.5086996,148,2031.3388504182512,4,943.6630754670864,0,2020,2021,21.3580297848763,83.9807560507175
-0.20543142,0.42245257,188,1951.7218133056317,0,0.0,0,2020,2021,21.58736967691201,83.98156453447321
0.4143189,-0.45797202,168,1930.7376822684453,4,468.4015371452148,0,2020,2021,21.54496919550157,84.00806483535473
0.7054422,-0.61741936,386,1933.7276026361212,1,1280.0,0,2020,2021,21.37491811221775,84.0514534635777
0.73122376,-0.6335899,375,1933.7276026361212,1,1280.0,0,2020,2021,21.354436523739825,84.06762313869186
0.61573994,-0.5781152,165,1879.913869370008,6,453.9823785126467,0,2020,2021,21.49834663225577,83.89038553313507
0.44103393,-0.47294503,153,1880.7730644299008,4,475.07894080878816,0,2020,2021,21.53329109680802,83.88804991339636
0.224631,-0.31065804,162,1880.7730644299008,6,680.0735254367721,0,2020,2021,21.535716548075143,83.89406862579996
0.3426456,-0.41077396,166,1930.7376822684453,6,1280.0,0,2020,2021,21.53796233628544,84.0228870375427
0.35269052,-0.44001567,189,1951.7218133056317,1,335.4101966249684,0,2020,2021,21.55673712572354,83.95775917944404
0.50600624,-0.49306652,165,1980.8196407325013,1,866.8333173107735,0,2020,2021,21.466905597311587,84.09592007014162
-0.19239016,0.36738133,188,1937.242171943188,0,0.0,0,2020,2021,21.56086937603049,83.93027073174999
0.3665173,-0.40204212,163,1973.5760219825895,6,1280.0,0,2020,2021,21.5000534312956,83.97653396888214
0.48364347,-0.48364833,158,1914.9658808208917,4,647.6109943476871,0,2020,2021,21.515055296540396,83.93593011803993
-0.13387111,0.388539,188,1889.884452931583,0,0.0,0,2020,2021,21.57173899096833,83.86136994945801
0.32251683,-0.40484154,183,1973.5760219825895,1,1112.2050170719426,0,2020,2021,21.524936764665707,83.9724915501036
0.40771937,-0.41400093,180,1967.758019097237,6,517.8802950489621,0,2020,2021,21.45379019416344,84.14335111714313
0.49893177,-0.5129385,164,1956.868612972743,4,608.7692502089769,0,2020,2021,21.404652348122102,84.0581908282086
0.53223,-0.48588875,188,1983.820738914481,1,315.75306807693886,0,2020,2021,21.435823888481053,84.15691567793334
-0.17945206,0.35784045,188,1937.242171943188,0,0.0,0,2020,2021,21.5632049957692,83.937906411665
0.41349795,-0.45167467,153,2031.3388504182512,4,976.3708311906906,0,2020,2021,21.35335854539888,83.98021706154702
0.52616185,-0.52726907,196,1989.0276167842967,1,917.8235124467012,0,2020,2021,21.394142059297906,84.16257506422329
-0.16825083,0.37454748,188,1889.884452931583,0,0.0,0,2020,2021,21.57874585018447,83.89263132134538
0.52074516,-0.5061371,162,1956.868612972743,4,1280.0,0,2020,2021,21.42234915921926,84.06142476323143
0.48855537,-0.50210947,166,1973.5760219825895,4,1280.0,0,2020,2021,21.502389051034307,83.98920021438822
0.460475,-0.5080834,165,1880.7730644299008,1,102.95630140987,0,2020,2021,21.50643146981285,83.87727012998693
0.4883721,-0.4841063,151,2031.3388504182512,4,825.6512580987205,0,2020,2021,21.394501385411555,83.99602741054753
0.34327513,-0.3798012,147,1938.3774942638704,5,487.95491595023407,0,2020,2021,21.480200663516555,83.94715905909143
0.5360184,-0.5191963,165,1967.758019097237,1,1280.0,0,2020,2021,21.491699099153287,84.12053390892649
0.7367959,-0.6437082,343,1966.40545485873,1,1280.0,0,2020,2021,21.36988754662668,84.03043288592932
0.4554873,-0.4802445,150,2012.131670991541,4,458.9117562233506,0,2020,2021,21.395938689866146,83.90439925156734
0.43570036,-0.45495272,148,2031.3388504182512,1,212.1320343559643,0,2020,2021,21.36261119282531,83.97500683289914
0.3573603,-0.42219257,153,2031.3388504182512,4,1000.0499987500624,0,2020,2021,21.37958935169517,83.98030689307544
0.40458697,-0.40529817,196,1883.2621832626537,1,720.0694410957876,0,2020,2021,21.591591758747377,84.15673601487651
0.49154952,-0.50061274,180,1868.8200380303497,4,631.5061361538777,0,2020,2021,21.568684719002327,84.06106543711779
0.64131796,-0.57171136,156,1980.8196407325013,1,228.0350850198276,0,2020,2021,21.469870037749185,84.0612451001746
0.40740123,-0.44083124,184,1983.820738914481,1,311.44823004794875,0,2020,2021,21.43474591014011,84.15035797635926
0.66916555,-0.58943295,162,1980.8196407325013,1,100.0,0,2020,2021,21.47337346735725,84.08505045520377
0.5853667,-0.53694713,157,1952.9097906150275,1,966.4884893261792,0,2020,2021,21.361353551427545,83.85669870998059
0.4115137,-0.44128236,155,2012.131670991541,5,834.8652585896721,0,2020,2021,21.38560806409877,83.90978914327205
0.23806052,-0.049573496,145,1988.3089408631204,3,10.0,0,2020,2021,21.460797053379576,83.95497440206327
0.43244845,-0.44787177,147,2013.2559463274083,4,392.0459156782532,0,2020,2021,21.40896426148588,84.00132747072384
0.3283591,-0.41184625,196,1883.2621832626537,1,374.8332962798263,0,2020,2021,21.56877455053074,84.15125629164338
0.6627697,-0.60728484,163,1924.836797689757,1,130.0,0,2020,2021,21.5406572821378,84.06088577406096
0.5301904,-0.5166147,161,2009.293068322528,4,277.308492477241,0,2020,2021,21.437261192935644,83.92847410118175
0.66839975,-0.5921871,338,1933.7276026361212,1,1280.0,0,2020,2021,21.367372263831143,84.05486706165736
0.502235,-0.48141506,182,1918.5559945498533,1,291.547594742265,0,2020,2021,21.478224369891493,84.17137855400766
0.46930867,-0.44840032,217,1933.7276026361212,1,408.166632639171,0,2020,2021,21.35057376801811,84.0814571940673
0.26825115,-0.33687624,181,1983.820738914481,1,823.4682750416072,0,2020,2021,21.410221902883645,84.18206850588868
0.582674,-0.5414689,165,1956.868612972743,1,1280.0,0,2020,2021,21.430793322889983,84.08567927590266
0.23512568,-0.2547058,159,1990.8268260547195,6,673.5725647619564,0,2020,2021,21.44471720979384,83.9928833070531
0.54200435,-0.5381211,165,1914.9658808208917,4,1042.0172743289816,0,2020,2021,21.52906901497266,83.93880472694912
0.5911457,-0.5518267,157,1980.8196407325013,1,300.8321791298265,0,2020,2021,21.46879205940824,84.0649281928395
0.38362193,-0.39670873,155,2009.293068322528,5,579.827560572969,0,2020,2021,21.41498297388948,83.91499937191995
0.6034564,-0.5494155,167,1918.5559945498533,1,130.384048104053,0,2020,2021,21.47067852150489,84.15404106902416
0.44470403,-0.45079744,173,1876.4415249633855,4,1280.0,0,2020,2021,21.565810110093143,84.04507542506046
0.31708246,-0.3912294,177,1918.5559945498533,5,630.7138812488591,0,2020,2021,21.459090254339745,84.17092939636561
0.3179838,-0.42013508,201,1883.2621832626537,4,750.066663703967,0,2020,2021,21.596532492810034,84.1678751243996
0.57388055,-0.53488594,174,1967.758019097237,1,1184.0608092492548,0,2020,2021,21.459808906567044,84.12888824106881
0.4602066,-0.48045436,160,1980.8196407325013,4,264.0075756488817,0,2020,2021,21.466276776612705,84.05091447440724
0.24323069,-0.35357752,177,1933.7276026361212,4,247.58836806279896,0,2020,2021,21.3933335755422,84.05881964890749
0.5330685,-0.5193425,159,1930.7376822684453,4,700.2856560004639,0,2020,2021,21.500412757409244,84.02234804837224
0.56707066,-0.5314413,207,1989.0276167842967,1,820.243866176395,0,2020,2021,21.397016668207087,84.15898180308682
-0.17934345,0.3838437,188,1880.7730644299008,0,0.0,0,2020,2021,21.541286102836683,83.87349720579363
0.057993248,-0.2687132,176,1868.8200380303497,7,648.8451279003334,0,2020,2021,21.558713419348603,84.07939106891382
0.60748684,-0.5781092,154,1990.8268260547195,1,483.73546489791295,0,2020,2021,21.406359147161933,83.9867747631211
-0.15250947,0.32834786,188,1889.884452931583,0,0.0,0,2020,2021,21.572727137780863,83.88131254876546
0.21199329,-0.25371358,145,1938.3774942638704,0,28.284271247461906,0,2020,2021,21.49798730614212,83.91517903497677
0.4637939,-0.4526486,136,2031.3388504182512,4,134.1640786499874,0,2020,2021,21.390279303576197,83.969527109666
-0.18146124,0.35435528,188,1937.242171943188,0,0.0,0,2020,2021,21.56051004991684,83.9266774706135
0.35306036,-0.40841922,198,1986.066358042619,5,563.0275304103699,0,2020,2021,21.35093309413176,84.11613216403431
0.6617492,-0.5696772,167,1880.7730644299008,6,310.16124838541646,0,2020,2021,21.53158429776819,83.89200250064648
0.19970863,-0.23610233,165,1880.7730644299008,6,771.7512552629896,0,2020,2021,21.53194362388184,83.89829070763533
0.36768776,-0.3891278,157,1938.3774942638704,5,417.6122603564221,0,2020,2021,21.49628050710229,83.92604864991462
0.49878135,-0.49144,168,1930.7376822684453,4,1280.0,0,2020,2021,21.50517382841508,84.04112283781033
0.5684475,-0.5697896,192,1989.0276167842967,1,707.1067811865476,0,2020,2021,21.381565645320237,84.15826315085951
0.11342218,-0.16840564,183,2017.5110873314552,6,1020.0,0,2020,2021,21.449029123157608,84.12251020255155
0.6292348,-0.57928056,162,1967.758019097237,1,380.52595180880894,0,2020,2021,21.467803912595706,84.11370671276718
0.74937624,-0.66544473,269,1933.7276026361212,1,1280.0,0,2020,2021,21.36440782339355,84.05558571388465
0.7209555,-0.59163666,169,1918.5559945498533,1,36.05551275463989,0,2020,2021,21.45792244447039,84.15835298238792
0.59776926,-0.56436276,166,1956.868612972743,4,1280.0,0,2020,2021,21.42728989328192,84.08981152620962
0.44940525,-0.486169,172,1914.9658808208917,4,380.1315561749642,0,2020,2021,21.519726536017814,83.94742855367666
0.52401614,-0.5244885,173,1956.868612972743,1,1280.0,0,2020,2021,21.418486403497543,84.07085707371469
0.54911375,-0.52192646,154,1952.9097906150275,6,205.18284528683196,0,2020,2021,21.365485801734494,83.87188023828222
0.35492638,-0.4244129,199,1876.4415249633855,6,148.66068747318505,0,2020,2021,21.583147595076653,84.04516525658887
0.7075507,-0.60941464,282,1879.913869370008,1,453.10043036836765,0,2020,2021,21.471397173732186,83.87134124911174
0.2738022,-0.38468373,183,1868.8200380303497,5,690.5070600652828,0,2020,2021,21.581440796036823,84.06241291004396
0.6703905,-0.5889214,163,1980.8196407325013,1,460.0,0,2020,2021,21.4812786418575,84.0882843902266
-0.053142384,0.17937362,194,1876.4415249633855,0,0.0,0,2020,2021,21.583506921190303,84.00096814461018
0.5799348,-0.5477937,190,1875.6384400060413,1,424.38190347845887,0,2020,2021,21.5774882087867,84.12098306656856
0.43990374,-0.46526626,198,1989.0276167842967,5,1124.499888839479,0,2020,2021,21.37698423737122,84.18494311479786
0.69708395,-0.59971565,200,1989.0276167842967,1,1280.0,0,2020,2021,21.36171287754119,84.18638041925246
-0.026405938,0.20598496,158,1938.3774942638704,0,0.0,0,2020,2021,21.45603598237374,83.9476980482619
0.54472005,-0.5299733,160,2000.2663298181144,4,391.1521443121589,0,2020,2021,21.496729664744358,84.02549215186666
-0.183776,0.40555188,188,1951.7218133056317,0,0.0,0,2020,2021,21.576230567388933,83.95443541289279
0.69837564,-0.6082103,302,1956.868612972743,1,1280.0,0,2020,2021,21.403754032837984,84.09232680900514
0.5025952,-0.49594334,215,1876.4415249633855,1,420.4759208325728,0,2020,2021,21.582698437434598,84.03501429387832
0.55955225,-0.52779603,161,1924.836797689757,1,269.2582403567252,0,2020,2021,21.54074711366621,84.06295189921444
-0.19734208,0.4321007,188,1937.242171943188,0,0.0,0,2020,2021,21.588267992196133,83.93619961262517
0.2904396,-0.39657977,193,1883.2621832626537,5,478.0167361086848,0,2020,2021,21.568684719002327,84.15449022666621
0.5337441,-0.50463873,157,1980.8196407325013,4,545.7105459856901,0,2020,2021,21.46115637949322,84.06438920366902
0.3950264,-0.42230418,147,1990.8268260547195,4,969.3296652842108,0,2020,2021,21.431961132759337,83.99539858984865
0.396038,-0.42706618,175,1879.913869370008,1,142.12670403551894,0,2020,2021,21.46618694508429,83.87969558125405
0.58461815,-0.5560106,167,1973.5760219825895,1,487.95491595023407,0,2020,2021,21.521253672000817,83.95362692913709
0.42981344,-0.4699502,206,1883.2621832626537,1,658.6349520030045,0,2020,2021,21.55529982126895,84.18656008230928
0.5369827,-0.5089318,165,1930.7376822684453,4,898.0534505250787,0,2020,2021,21.54155559742192,84.0364515983329
0.61019796,-0.61241245,167,1988.3089408631204,6,990.0505037623082,0,2020,2021,21.48900415330093,83.97725262110943
0.4857185,-0.51979756,169,1973.5760219825895,4,1280.0,0,2020,2021,21.51218068763121,83.99683589430323
0.70701593,-0.620755,251,1933.7276026361212,1,751.6648189186453,0,2020,2021,21.37446895457569,84.09843535293716
0.63355654,-0.5595221,169,1938.3774942638704,1,967.9876032264048,0,2020,2021,21.45729362377151,83.90610605060716
0.3603036,-0.39754,153,1980.8196407325013,1,94.33981132056604,0,2020,2021,21.476876896965315,84.05711284986766
0.6722025,-0.57461756,200,1989.0276167842967,1,136.01470508735443,0,2020,2021,21.36494681256402,84.15251393304115
0.12921913,-0.21006456,152,2013.2559463274083,4,1280.0,0,2020,2021,21.415791457645184,84.04902801231059
0.6398433,-0.57396066,206,1986.066358042619,1,156.20499351813308,0,2020,2021,21.368540073700498,84.12691194744374
0.5110943,-0.3827441,169,2009.293068322528,0,36.05551275463989,0,2020,2021,21.41929488725325,83.92910292188063
0.70619494,-0.6020461,203,1875.6384400060413,1,678.9698078707182,0,2020,2021,21.586381530099484,84.10122013031793
0.5024403,-0.45779073,165,1980.8196407325013,1,644.0496875241847,0,2020,2021,21.470229363862828,84.09609973319844
0.35126832,-0.43189338,198,1883.2621832626537,4,272.02941017470886,0,2020,2021,21.550628581791525,84.17874473933745
0.43602428,-0.43433097,155,1952.9097906150275,6,215.870331449229,0,2020,2021,21.35246023011476,83.8897567124362
-0.20693848,0.42384464,188,1937.242171943188,0,0.0,0,2020,2021,21.579913660053823,83.91347223593695
0.7204046,-0.6051275,197,1989.0276167842967,1,1062.308806327049,0,2020,2021,21.376714742785985,84.16598866230295
0.5,-0.5162153,156,1980.8196407325013,4,788.9233169326408,0,2020,2021,21.459629243510214,84.06744347563503
0.41268355,-0.43847817,161,1914.9658808208917,4,504.8762224545735,0,2020,2021,21.511102709290267,83.94751838520507
0.5168455,-0.5232319,156,2000.2663298181144,4,331.05890714493694,0,2020,2021,21.468702227879827,84.01327506400263
0.47270328,-0.47020864,164,1980.8196407325013,4,266.8332812825267,0,2020,2021,21.461785200192107,84.06196375240191
0.56549275,-0.5193298,175,1880.7730644299008,1,318.9043743820395,0,2020,2021,21.548113298995997,83.8943381203852
0.7099112,-0.59798014,176,1918.5559945498533,1,278.0287754891569,0,2020,2021,21.45459867791915,84.16194624352441
0.44625315,-0.3716498,187,1951.7218133056317,1,482.7007354458868,0,2020,2021,21.568055898303445,83.98812223604727
0.40915737,-0.44150418,165,1879.913869370008,5,424.4997055358225,0,2020,2021,21.476966728493725,83.89757205540803
0.5950563,-0.5320594,159,2009.293068322528,4,935.0935782048768,0,2020,2021,21.43205096428775,83.9251503346305
0.35217723,-0.37869415,175,1918.5559945498533,4,885.4942122905152,0,2020,2021,21.4812786418575,84.15538854195033
0.5264765,-0.47255358,172,1962.5139900985523,4,1200.74976577137,0,2020,2021,21.421181349349904,83.85759702526471
0.39660072,-0.39615613,185,2009.293068322528,6,1134.6365056704285,0,2020,2021,21.446154514248427,83.90143481112975
-0.26461077,0.44677278,188,1951.7218133056317,0,0.0,0,2020,2021,21.59311889473038,83.96773047909777
0.26516193,-0.38773942,192,1883.2621832626537,4,604.1522986797286,0,2020,2021,21.556198136553068,84.16428186326311
-0.18880525,0.3579472,188,1937.242171943188,0,0.0,0,2020,2021,21.55970156616113,83.92919275340904
0.4345054,-0.4794889,157,2000.2663298181144,4,989.9494936611666,0,2020,2021,21.47067852150489,84.02558198339506
0.66342455,-0.57474583,195,2009.293068322528,1,1056.0303025955268,0,2020,2021,21.404562516593693,83.93305550913075
0.47923613,-0.5075687,166,2000.2663298181144,4,1280.0,0,2020,2021,21.49807713767053,84.049117843839
0.723882,-0.61751616,257,1868.8200380303497,1,1280.0,0,2020,2021,21.595544345997503,84.08693691730042
0.57974964,-0.510091,163,2012.131670991541,1,1280.0,0,2020,2021,21.38839284147954,83.93979287376165
-0.18745333,0.38242427,188,1951.7218133056317,0,0.0,0,2020,2021,21.57353562153657,83.96485587018859
0.47026077,-0.48549438,150,2000.2663298181144,4,220.9072203437452,0,2020,2021,21.466366608141115,84.01354455858787
0.74928224,-0.6365829,235,1875.6384400060413,1,1078.702924812944,0,2020,2021,21.59213074791785,84.11424570193766
0.19730467,-0.24939437,163,1952.9097906150275,6,610.3277807866851,0,2020,2021,21.392255597201256,83.8943381203852
-0.18289302,0.36813554,188,1951.7218133056317,0,0.0,0,2020,2021,21.57137966485469,83.96386772337605
-0.19119021,0.38678294,188,1889.884452931583,0,0.0,0,2020,2021,21.57353562153657,83.88670244047019
0.42541617,-0.42410558,155,2000.2663298181144,6,503.2891812864648,0,2020,2021,21.473463298885655,84.00842416146838
0.35164908,-0.40693662,160,2009.293068322528,1,344.81879299133334,0,2020,2021,21.41354566943489,83.9168858340166
0.6666377,-0.56692785,219,1986.066358042619,1,680.6614430096654,0,2020,2021,21.3625213612969,84.12053390892649
0.40706939,-0.4573809,164,1924.836797689757,4,714.0028011149536,0,2020,2021,21.537782673228616,84.05181278969135
0.27592203,-0.3650712,202,1876.4415249633855,5,1125.3888216967505,0,2020,2021,21.570750844155803,84.00384275351936
0.64509374,-0.5693805,209,1875.6384400060413,1,325.7299494980466,0,2020,2021,21.593388389315617,84.13670358404065
0.31949767,-0.3996074,185,1923.038688651068,4,190.26297590440447,0,2020,2021,21.534997895847848,84.10193878254522
0.44030076,-0.47585443,179,1879.913869370008,4,1280.0,0,2020,2021,21.45693429765786,83.86388523225355
0.5758234,-0.5193876,173,1876.4415249633855,4,693.757882838098,0,2020,2021,21.55592864196783,84.01659883055387
0.64325786,-0.56622446,177,2009.293068322528,1,1140.701538527936,0,2020,2021,21.40492184270734,83.94078102057418
0.4961105,-0.5005175,174,1876.4415249633855,4,1280.0,0,2020,2021,21.572098317081984,84.0289057499463
0.484766,-0.51332223,170,1967.758019097237,4,1280.0,0,2020,2021,21.49798730614212,84.12673228438692
-0.15510751,0.35967737,188,1889.884452931583,0,0.0,0,2020,2021,21.586561193156307,83.85624955233854
-0.34009308,0.50991774,188,1951.7218133056317,0,0.0,0,2020,2021,21.59114260110532,83.95111164634156
0.50613874,-0.48701477,175,1962.5139900985523,4,1280.0,0,2020,2021,21.421630506991963,83.86235809627054
0.57521063,-0.54451716,166,2017.5110873314552,1,1191.0499569707392,0,2020,2021,21.43474591014011,84.11676098473319
0.4794594,-0.47673494,179,1924.836797689757,4,1023.0347012687304,0,2020,2021,21.52924867802948,84.09313529276085
0.37098995,-0.44145492,166,1967.758019097237,5,122.06555615733704,0,2020,2021,21.46708526036841,84.11649149014796
0.37801033,-0.4272486,175,1914.9658808208917,4,1211.156472137271,0,2020,2021,21.53104530859772,83.9311690470341
0.5849223,-0.5522015,162,1868.8200380303497,1,921.9544457292888,0,2020,2021,21.550718413319935,84.06097560558938
0.5667195,-0.5519894,182,1962.5139900985523,1,464.0043103248073,0,2020,2021,21.442112095469888,83.85319528037253
0.68602115,-0.578301,202,1986.066358042619,1,643.8167441127949,0,2020,2021,21.382104634490705,84.13373914360305
0.6915401,-0.59019214,187,1923.038688651068,1,208.08652046684813,0,2020,2021,21.52053501977352,84.11765930001731
0.49802133,-0.4717368,176,1918.5559945498533,1,730.2739212103907,0,2020,2021,21.45989873809545,84.15188511234227
0.53733766,-0.5284694,161,2013.2559463274083,4,829.2767933567176,0,2020,2021,21.40474217965052,84.04821952855488
0.5108074,-0.51164466,179,1973.5760219825895,1,1280.0,0,2020,2021,21.51873838920528,83.97374919150137
-0.15859044,0.3844337,188,1951.7218133056317,0,0.0,0,2020,2021,21.58036281769588,83.95865749472816
0.4903313,-0.5062876,171,1879.913869370008,5,651.4598989960932,0,2020,2021,21.45926991739657,83.89981784361834
0.4276811,-0.463782,184,1879.913869370008,1,1040.7689465006151,0,2020,2021,21.469959869277595,83.85714786762266
0.49810597,-0.5120547,170,1962.5139900985523,4,379.4733192202056,0,2020,2021,21.404293022008456,83.86020213958867
0.597476,-0.53640825,157,1914.9658808208917,6,448.2186966202994,0,2020,2021,21.521882492699703,83.91050779549936
0.3293192,-0.4118694,196,1883.2621832626537,5,702.353187506115,0,2020,2021,21.587908666082487,84.16257506422329
0.4973587,-0.5006118,155,1956.868612972743,4,1035.8571330062848,0,2020,2021,21.428547534679684,84.06367055144173
0.3831722,-0.43482214,194,1883.2621832626537,1,613.5144660071187,0,2020,2021,21.590423948878023,84.15619702570604
0.504214,-0.45629135,189,1983.820738914481,1,487.6474136094644,0,2020,2021,21.44714266106096,84.15547837347874
-0.24549472,0.44614014,188,1880.7730644299008,0,0.0,0,2020,2021,21.543262396461746,83.88059389653817
0.4492844,-0.43328524,163,2009.293068322528,1,650.6919393998976,0,2020,2021,21.43806967669135,83.92488084004526
0.41421774,-0.4509993,189,1875.6384400060413,5,53.85164807134504,0,2020,2021,21.58036281769588,84.10157945643158
0.45587426,-0.43490046,160,2000.2663298181144,4,502.09560842532767,0,2020,2021,21.49601101251706,84.01956327099147
0.5318656,-0.5303456,172,1980.8196407325013,1,710.2816342831904,0,2020,2021,21.469061553993477,84.09070984149373
0.70860004,-0.5866718,247,1986.066358042619,1,874.1853350405736,0,2020,2021,21.36494681256402,84.11891694141508
0.5283802,-0.51773524,190,1883.2621832626537,1,764.8529270389178,0,2020,2021,21.554401505984828,84.16059877059823
-0.16680361,0.3680081,188,1880.7730644299008,0,0.0,0,2020,2021,21.543262396461746,83.8553512370544
0.2876559,-0.3809166,179,1868.8200380303497,5,430.8131845707603,0,2020,2021,21.56814572983186,84.07067741065786
0.5248439,-0.48473233,156,1990.8268260547195,1,1280.0,0,2020,2021,21.435554393895817,83.99944100862719
0.73702985,-0.6609808,280,1966.40545485873,1,1280.0,0,2020,2021,21.368360410643675,84.0318701903839
0.33877322,-0.40727594,172,2017.5110873314552,5,340.0,0,2020,2021,21.420911854764668,84.11020328315912
-0.15383123,0.36266646,188,1889.884452931583,0,0.0,0,2020,2021,21.57838652407082,83.88104305418024
-0.18667246,0.42258406,188,1937.242171943188,0,0.0,0,2020,2021,21.58808832913931,83.93781658013658
0.5266224,-0.53271365,149,1990.8268260547195,4,763.2168761236874,0,2020,2021,21.4324102904014,83.967999973683
0.38078117,-0.42442462,171,1930.7376822684453,5,72.11102550927978,0,2020,2021,21.53041648789884,84.00599871020125
0.303902,-0.38595092,196,1883.2621832626537,5,1044.4615837837216,0,2020,2021,21.593029063201968,84.163383547979
0.51627666,-0.5003435,171,1924.836797689757,4,1280.0,0,2020,2021,21.534997895847848,84.08361315074919
0.6033725,-0.54426754,161,1930.7376822684453,1,360.5551275463989,0,2020,2021,21.51667226405181,84.02162939614493
0.3921374,-0.39210415,164,2009.293068322528,1,111.80339887498948,0,2020,2021,21.420013539480543,83.92802494353968
0.51586145,-0.48134318,195,1884.269203667616,1,438.6342439892262,0,2020,2021,21.525745248421416,84.18036170684886
0.28131166,-0.3025605,173,1962.5139900985523,6,870.0,0,2020,2021,21.42603225188415,83.89918902291944
0.5117047,-0.49300092,176,1962.5139900985523,4,822.0097323024831,0,2020,2021,21.402316728383397,83.85121898674747
0.47990352,-0.5013507,172,1930.7376822684453,4,1280.0,0,2020,2021,21.50427551313096,84.0446262674184
0.42294988,-0.46150064,161,1956.868612972743,4,1280.0,0,2020,2021,21.43654254070835,84.09529124944274
0.53749084,-0.5083493,173,1880.7730644299008,6,326.49655434629017,0,2020,2021,21.50274837714796,83.88436682073147
0.57814336,-0.53719413,200,1884.269203667616,0,590.3388857258177,0,2020,2021,21.53895048309797,84.17748709793968
0.4756165,-0.49693578,183,1879.913869370008,1,466.9047011971501,0,2020,2021,21.475080266397075,83.85427325871348
0.52927595,-0.5434496,171,1967.758019097237,1,447.7722635447622,0,2020,2021,21.468253070237765,84.12906790412563
0.4678839,-0.4683148,172,1962.5139900985523,4,739.7972695272672,0,2020,2021,21.437440855992467,83.89218216370331
-0.09809207,0.20568715,168,2009.293068322528,0,0.0,1,2020,2021,21.4219000015772,83.91706549707342
-0.09553298,0.18082027,158,1938.3774942638704,0,0.0,1,2020,2021,21.47481077181184,83.91050779549936
0.31672287,-0.31484067,136,2012.131670991541,0,22.360679774997894,1,2020,2021,21.357131469592183,83.92649780755669
-0.13596073,0.31892937,188,1889.884452931583,0,0.0,1,2020,2021,21.56778640371821,83.8545427532987
0.04461008,-0.042836744,188,1889.884452931583,0,14.142135623730953,1,2020,2021,21.59635282975321,83.86855647173097
0.018155806,0.10352972,193,1937.242171943188,0,10.0,1,2020,2021,21.55781510406448,83.91365189899378
0.57010305,-0.5252663,188,1880.7730644299008,0,22.360679774997894,1,2020,2021,21.549101445808525,83.88858890256684
0.003607414,0.13291265,191,1937.242171943188,0,10.0,1,2020,2021,21.56374398493967,83.94500310240954
0.20232409,-0.109791346,203,1883.2621832626537,0,22.360679774997894,1,2020,2021,21.57506275751958,84.171019227894
-0.003346152,0.12173751,192,1951.7218133056317,0,10.0,1,2020,2021,21.59725114503733,83.99683589430323
-0.30499363,0.46262166,192,1937.242171943188,0,0.0,1,2020,2021,21.55278453847341,83.92110791585196
-0.17958838,0.30266723,189,1937.242171943188,0,0.0,1,2020,2021,21.551976054717706,83.92200623113608
-0.12252292,0.2151271,156,1952.9097906150275,0,0.0,1,2020,2021,21.368719736757324,83.87062259688444
0.06780164,0.053933177,155,1952.9097906150275,0,10.0,1,2020,2021,21.36683327466067,83.87053276535603
0.10989254,-0.005719039,190,1951.7218133056317,0,20.0,1,2020,2021,21.56042021838843,83.97213222398995
0.114186205,0.018060498,146,1988.3089408631204,0,28.284271247461906,1,2020,2021,21.450286764555376,83.9635083972624
0.21493101,-0.085703224,140,1990.8268260547195,0,22.360679774997894,1,2020,2021,21.41183887039506,83.98866122521775
0.62637734,-0.57177746,180,1973.5760219825895,1,20.0,1,2020,2021,21.54011829296733,83.96278974503511
0.057409555,0.05986584,158,1879.913869370008,0,22.360679774997894,1,2020,2021,21.4835244300678,83.89245165828855
0.3379051,-0.34144604,174,1930.7376822684453,0,30.0,1,2020,2021,21.54937094039376,84.00024949238289
0.047429748,0.13925219,138,2012.131670991541,0,28.284271247461906,1,2020,2021,21.355963659722825,83.92173673655084
0.41848618,-0.27053455,149,2000.2663298181144,0,14.142135623730953,1,2020,2021,21.451903732066796,84.04902801231059
-0.0693366,0.19205298,199,1986.066358042619,0,0.0,1,2020,2021,21.36943838898462,84.12843908342674
0.26185346,-0.22141291,196,1884.269203667616,0,10.0,1,2020,2021,21.50849759496632,84.17012091260989
-0.14572865,0.31052414,187,1876.4415249633855,0,0.0,1,2020,2021,21.59904777560557,84.01857512417894
-0.05793381,0.17151748,146,1988.3089408631204,0,0.0,1,2020,2021,21.45531733014645,83.99162566565535
-0.21810746,0.41943553,188,1937.242171943188,0,0.0,1,2020,2021,21.551437065547237,83.93260635148869
0.07989785,0.040768605,191,1876.4415249633855,0,10.0,1,2020,2021,21.598418954906684,84.00339359587731
-0.095809564,0.2138752,191,1937.242171943188,0,0.0,1,2020,2021,21.566079604678382,83.94868619507443
-0.19044086,0.3074155,189,1937.242171943188,0,0.0,1,2020,2021,21.552694706945,83.92712662825556
-0.11414795,0.2735608,193,1884.269203667616,0,0.0,1,2020,2021,21.52915884650107,84.16050893906981
0.01047464,0.14344938,158,1938.3774942638704,0,10.0,1,2020,2021,21.475259929453895,83.90817217576064
-0.112564676,0.13139035,210,1986.066358042619,1,10.0,1,2020,2021,21.382823286718,84.13984768753507
-0.23414183,0.44831288,190,1937.242171943188,0,0.0,1,2020,2021,21.552515043888175,83.9229045464202
0.03875922,0.11740621,191,1937.242171943188,0,10.0,1,2020,2021,21.55610830502465,83.91410105663583
-0.073705405,0.18986599,178,1876.4415249633855,0,0.0,1,2020,2021,21.557545609479245,84.02270737448588
-0.0053924057,0.19858296,158,1879.913869370008,0,0.0,1,2020,2021,21.49367539277835,83.89020587007825
-0.10136341,0.19288826,154,1952.9097906150275,0,0.0,1,2020,2021,21.36719260077432,83.87062259688444
0.5363045,-0.43498883,165,1967.758019097237,0,22.360679774997894,1,2020,2021,21.472744646658363,84.13760189932476
-0.052583102,0.26746,188,1937.242171943188,0,0.0,1,2020,2021,21.559252408519075,83.90125514807292
-0.058855623,0.18137328,162,2013.2559463274083,0,0.0,1,2020,2021,21.405550663406224,84.03797873431591
0.39309618,-0.33036822,161,1938.3774942638704,0,28.284271247461906,1,2020,2021,21.46879205940824,83.93107921550569
-0.17554682,0.31353322,189,1951.7218133056317,0,0.0,1,2020,2021,21.585393383286952,83.99396128539405
0.39142,-0.32279482,190,1884.269203667616,0,22.360679774997894,1,2020,2021,21.53149446623978,84.16464118937677
0.39104915,-0.2826989,218,1986.066358042619,0,30.0,1,2020,2021,21.36934855745621,84.10364558158506
-0.09384892,0.24266692,188,1937.242171943188,0,0.0,1,2020,2021,21.558893082405422,83.90089582195927
0.50064397,-0.4654146,207,1989.0276167842967,1,20.0,1,2020,2021,21.37860120488264,84.19473475139476
0.14990023,-0.014673188,148,1880.7730644299008,0,30.0,1,2020,2021,21.52466727008047,83.89272115287379
0.30683735,-0.12965448,186,2017.5110873314552,0,22.360679774997894,1,2020,2021,21.402496391440216,84.12331868630727
0.5393934,-0.42383686,137,1990.8268260547195,0,28.284271247461906,1,2020,2021,21.43250012192981,83.97949840931973
0.42886052,-0.30608624,139,1990.8268260547195,0,14.142135623730953,1,2020,2021,21.41183887039506,83.97500683289914
0.24888556,-0.09732151,183,2017.5110873314552,0,20.0,1,2020,2021,21.43717136140723,84.1446087585409
0.16770816,-0.048548844,144,1938.3774942638704,0,20.0,1,2020,2021,21.46564795591382,83.94922518424491
0.3035926,-0.22249708,201,1883.2621832626537,0,20.0,1,2020,2021,21.57461359987752,84.17137855400766
0.3492436,-0.2633955,143,1938.3774942638704,3,28.284271247461906,1,2020,2021,21.479751505874496,83.93593011803993
0.38668835,-0.29273084,190,1884.269203667616,0,10.0,1,2020,2021,21.5301469933136,84.161856411996
0.48981795,-0.39855447,142,2013.2559463274083,0,28.284271247461906,1,2020,2021,21.419833876423723,84.01623950444022
0.22519271,-0.28806996,147,1988.3089408631204,6,28.284271247461906,1,2020,2021,21.463132673118285,83.96970677272283
0.06335342,0.10470753,150,1914.9658808208917,0,10.0,1,2020,2021,21.507419616625377,83.91419088816424
0.2845801,-0.15775329,189,1973.5760219825895,0,10.0,1,2020,2021,21.53418941209214,83.99117650801328
0.0437142,0.098491676,192,1937.242171943188,0,10.0,1,2020,2021,21.56122870214414,83.94985400494379
-0.009802532,0.08319554,191,1951.7218133056317,0,10.0,1,2020,2021,21.57164915943992,83.98560695325175
0.29750988,-0.27734292,206,1876.4415249633855,0,22.360679774997894,1,2020,2021,21.595634177525916,84.03303800025326
0.14089784,-0.09402368,196,1937.242171943188,0,10.0,1,2020,2021,21.59958676477604,83.90224329488545
0.61598057,-0.46237496,157,2012.131670991541,0,22.360679774997894,1,2020,2021,21.38426059117259,83.92164690502243
-0.13803376,0.27730238,193,1951.7218133056317,0,0.0,1,2020,2021,21.58521372023013,83.9943206115077
0.03515734,0.1159084,158,1938.3774942638704,0,22.360679774997894,1,2020,2021,21.4857702182781,83.9018839687718
0.05412887,0.052591287,147,2013.2559463274083,0,14.142135623730953,1,2020,2021,21.44408838909495,84.03842789195797
0.10134222,-0.019994995,144,1988.3089408631204,0,10.0,1,2020,2021,21.45531733014645,83.98920021438822
0.5222242,-0.42306432,190,1983.820738914481,0,20.0,1,2020,2021,21.434027257912813,84.15296309068322
-0.087651186,0.24263084,188,1937.242171943188,0,0.0,1,2020,2021,21.55862358782019,83.90547722990829
-0.27166292,0.45365497,188,1937.242171943188,0,0.0,1,2020,2021,21.552425212359765,83.93431315052852
-0.17246796,0.33102918,188,1889.884452931583,0,0.0,1,2020,2021,21.599407101719216,83.89990767514674
-0.19660708,0.32231534,191,1937.242171943188,0,0.0,1,2020,2021,21.598778281020333,83.92470117698844
0.16098979,-0.05613908,133,1990.8268260547195,0,22.360679774997894,1,2020,2021,21.40806594620176,83.98012723001861
-0.007862561,0.022482494,198,1973.5760219825895,6,14.142135623730953,1,2020,2021,21.543801385632214,83.99099684495646
-0.0020086525,0.1305025,191,1876.4415249633855,0,28.284271247461906,1,2020,2021,21.588627318309783,84.00024949238289
0.001219781,0.17406991,198,1937.242171943188,0,0.0,1,2020,2021,21.59913760713398,83.9049382407378
0.26508644,-0.26881298,190,1937.242171943188,1,30.0,1,2020,2021,21.554401505984828,83.94644040686413
-0.25357834,0.4006922,193,1951.7218133056317,0,0.0,1,2020,2021,21.591861253332613,83.95497440206327
-0.049847502,0.18694523,186,1973.5760219825895,1,0.0,1,2020,2021,21.54523869008681,83.96880845743871
0.37137303,-0.2894758,194,1914.9658808208917,0,20.0,1,2020,2021,21.54946077192217,83.93386399288646
0.048397236,0.014402837,192,1951.7218133056317,0,28.284271247461906,1,2020,2021,21.584674731059657,83.99414094845088
-0.01558753,0.15730049,173,1980.8196407325013,0,0.0,1,2020,2021,21.49655000168753,84.08244534087983
0.46393734,-0.36257234,186,1973.5760219825895,0,28.284271247461906,1,2020,2021,21.53850132545591,83.9867747631211
0.34548393,-0.25812247,139,1990.8268260547195,0,22.360679774997894,1,2020,2021,21.416689772929303,83.97545599054119
-0.015714038,0.19375752,193,1951.7218133056317,0,0.0,1,2020,2021,21.59222057944626,83.99935117709877
0.18196017,-0.106292255,180,1983.820738914481,4,10.0,1,2020,2021,21.42216949616244,84.17757692946809
0.5812207,-0.5244418,144,1988.3089408631204,0,28.284271247461906,1,2020,2021,21.45091558525426,83.99629690513277
0.044401035,-0.07750847,202,1875.6384400060413,7,30.0,1,2020,2021,21.583237426605063,84.1220610449095
0.1953125,-0.11932109,201,1986.066358042619,0,14.142135623730953,1,2020,2021,21.36907906287097,84.12987638788134
-0.0054927035,0.15595168,158,1938.3774942638704,0,0.0,1,2020,2021,21.479661674346083,83.91428071969266
0.48788404,-0.46887892,155,1930.7376822684453,0,28.284271247461906,1,2020,2021,21.520624851301932,84.03519395693515
0.50862664,-0.5,156,1930.7376822684453,1,28.284271247461906,1,2020,2021,21.5136179920858,84.0280972661906
0.4838206,-0.48031044,191,1973.5760219825895,1,30.0,1,2020,2021,21.547753972882344,83.97895942014927
0.44070634,-0.44838095,152,1980.8196407325013,1,22.360679774997894,1,2020,2021,21.46501913521493,84.0581009966802
0.37895915,-0.336924,157,1980.8196407325013,1,20.0,1,2020,2021,21.475619255567548,84.09187765136308
0.17595178,-0.13632116,190,1937.242171943188,0,28.284271247461906,1,2020,2021,21.56661859384885,83.9469793960346
0.66223747,-0.5281377,158,1938.3774942638704,0,30.0,1,2020,2021,21.48963297399981,83.9085315018743
0.59643763,-0.5005585,170,1918.5559945498533,0,28.284271247461906,1,2020,2021,21.457203792243096,84.15979028684252
-0.24593659,0.36272964,189,1937.242171943188,0,0.0,1,2020,2021,21.551796391660883,83.93332500371599
0.079283185,0.0719671,134,2012.131670991541,0,14.142135623730953,1,2020,2021,21.36072473072866,83.93054022633521
0.15430301,-0.027155029,193,1951.7218133056317,0,22.360679774997894,1,2020,2021,21.55862358782019,83.95084215175632
0.10442874,-0.023699539,134,2031.3388504182512,0,22.360679774997894,1,2020,2021,21.36422816033673,83.95120147786997
-0.050665602,0.16218306,181,1868.8200380303497,0,0.0,1,2020,2021,21.55458116904165,84.08433180297648
0.28399405,-0.130446,175,1967.758019097237,0,28.284271247461906,1,2020,2021,21.48262611478368,84.1385900461373
-0.14813851,0.29130074,192,1937.242171943188,0,0.0,1,2020,2021,21.55395234834277,83.93682843332405
0.32230863,-0.20823309,149,1988.3089408631204,0,10.0,1,2020,2021,21.450646090669025,83.98273234434257
0.20572163,-0.25329524,158,1938.3774942638704,0,20.0,1,2020,2021,21.47669723390849,83.92685713367032
0.39674848,-0.39473864,162,1990.8268260547195,1,30.0,1,2020,2021,21.4219000015772,83.95021333105744
0.1785801,-0.14075118,140,1990.8268260547195,0,28.284271247461906,1,2020,2021,21.414713479304243,83.97689329499579
0.065035224,0.110420175,168,2009.293068322528,0,20.0,1,2020,2021,21.414264321662184,83.92532999768733
0.035057593,0.0842904,191,1937.242171943188,0,10.0,1,2020,2021,21.55529982126895,83.93970304223323
0.3554782,-0.4175579,196,1937.242171943188,0,30.0,1,2020,2021,21.596532492810034,83.9468895645062
0.18090804,-0.011971269,186,1918.5559945498533,0,22.360679774997894,1,2020,2021,21.499065284483063,84.16733613522912
0.1340216,-0.12110977,140,1990.8268260547195,0,22.360679774997894,1,2020,2021,21.415521963059952,83.98165436600162
-0.11653116,0.22496286,200,1986.066358042619,0,0.0,1,2020,2021,21.3692587259278,84.12888824106881
0.32290262,-0.17545542,155,1952.9097906150275,0,28.284271247461906,1,2020,2021,21.36943838898462,83.87089209146968
0.024718398,-0.009196399,189,1951.7218133056317,0,10.0,1,2020,2021,21.57461359987752,83.99234431788264
0.19199142,-0.11310606,192,1937.242171943188,0,22.360679774997894,1,2020,2021,21.56509145786585,83.94985400494379
0.19294676,-0.13893662,188,1889.884452931583,0,20.0,1,2020,2021,21.559342240047485,83.8965839085955
-0.10028458,0.2587452,194,1937.242171943188,0,0.0,1,2020,2021,21.554671000570064,83.91940111681214
0.12389365,-0.15053155,193,1951.7218133056317,0,22.360679774997894,1,2020,2021,21.561588028257784,83.97644413735372
-0.019556927,0.15480937,188,1937.242171943188,0,0.0,1,2020,2021,21.560240555331607,83.9048484092094
0.28220773,-0.10624551,166,1938.3774942638704,0,20.0,1,2020,2021,21.4872973542611,83.90871116493112
0.0152771715,0.1884867,192,1879.913869370008,0,0.0,1,2020,2021,21.498616126841007,83.853734269543
0.10083639,-0.058810595,199,1951.7218133056317,0,20.0,1,2020,2021,21.59931727019081,83.95389642372233
-0.23672971,0.37296376,194,1951.7218133056317,0,0.0,1,2020,2021,21.577398377258287,83.99306297010993
-0.016113743,0.1194684,192,1937.242171943188,0,20.0,1,2020,2021,21.55476083209848,83.93745725402293
0.38076973,-0.29625398,182,1923.038688651068,0,14.142135623730953,1,2020,2021,21.50526365994349,84.14927999801832
-0.1539601,0.31055102,188,1951.7218133056317,0,0.0,1,2020,2021,21.55997106074637,83.96296940809194
0.6665079,-0.56429744,145,2013.2559463274083,0,22.360679774997894,1,2020,2021,21.4263915779978,84.02782777160536
0.07153889,0.05844993,188,1937.242171943188,0,20.0,1,2020,2021,21.560959207558906,83.90206363182863
0.07239711,0.05592355,189,1876.4415249633855,0,10.0,1,2020,2021,21.599766427832865,84.01812596653687
-0.043691017,0.26998284,200,1880.7730644299008,0,0.0,1,2020,2021,21.547484478297108,83.88849907103842
0.35067233,-0.3866606,194,1889.884452931583,0,28.284271247461906,1,2020,2021,21.56149819672937,83.86810731408892
0.24352112,-0.3476897,186,1914.9658808208917,5,28.284271247461906,1,2020,2021,21.548921782751695,83.94814720590396
0.041891113,0.12051259,134,2012.131670991541,0,10.0,1,2020,2021,21.35749079570583,83.94257765114241
-0.22731833,0.42763868,189,1937.242171943188,0,0.0,1,2020,2021,21.550538750263115,83.93143854161934
-0.1902548,0.36311275,192,1876.4415249633855,0,0.0,1,2020,2021,21.5857527094006,84.00015966085448
0.3359548,-0.38057142,163,1924.836797689757,1,22.360679774997894,1,2020,2021,21.528170699688538,84.05136363204929
0.2506869,-0.08838276,136,2012.131670991541,0,28.284271247461906,1,2020,2021,21.354616186796648,83.94105051515942
0.4465076,-0.461106,189,1983.820738914481,4,30.0,1,2020,2021,21.433667931799164,84.15350207985368
0.3424059,-0.3258524,194,1951.7218133056317,0,30.0,1,2020,2021,21.5594320715759,83.96153210363734
0.4013906,-0.44349605,190,1884.269203667616,0,28.284271247461906,1,2020,2021,21.53481823279102,84.15547837347874
0.6136238,-0.55737704,155,1952.9097906150275,0,28.284271247461906,1,2020,2021,21.36764175841638,83.87134124911174
-0.13631137,0.26486918,192,1937.242171943188,0,0.0,1,2020,2021,21.551976054717706,83.9258689868578
0.51666814,-0.41953975,198,1879.913869370008,0,20.0,1,2020,2021,21.49187876221011,83.85328511190095
0.49102893,-0.47965115,188,1880.7730644299008,0,20.0,1,2020,2021,21.54919127733693,83.88858890256684
0.43457347,-0.30423084,146,2000.2663298181144,0,20.0,1,2020,2021,21.45729362377151,84.00285460670683
0.5496813,-0.43903807,188,1937.242171943188,0,30.0,1,2020,2021,21.55781510406448,83.90224329488545
-0.060651965,0.12941512,192,1937.242171943188,0,10.0,1,2020,2021,21.55449133751324,83.93709792790929
0.0327513,0.07018149,197,1937.242171943188,0,22.360679774997894,1,2020,2021,21.59608333516797,83.94778787979031
0.10127798,0.008327256,188,1937.242171943188,0,10.0,1,2020,2021,21.56149819672937,83.90161447418657
0.038817007,0.06752945,158,1879.913869370008,0,10.0,1,2020,2021,21.48532106063604,83.89173300606126
0.18452612,-0.21875498,188,1889.884452931583,0,14.142135623730953,1,2020,2021,21.5977901342078,83.87295821662316
0.058857556,0.10652837,201,1883.2621832626537,0,14.142135623730953,1,2020,2021,21.58117130145159,84.17057007025196
0.10290424,0.050655,158,1938.3774942638704,0,20.0,1,2020,2021,21.48774651190316,83.90466874615258
0.11726543,0.043605678,141,1988.3089408631204,0,14.142135623730953,1,2020,2021,21.466546271197934,83.95407608677915
-0.1624709,0.32800543,192,1951.7218133056317,0,0.0,1,2020,2021,21.562037185899843,83.97374919150137
0.24564393,-0.17666423,149,2013.2559463274083,0,14.142135623730953,1,2020,2021,21.43348826874234,84.03627193527609
0.40803233,-0.43453786,203,1933.7276026361212,4,28.284271247461906,1,2020,2021,21.370516367325564,84.08307416157871
-0.19608928,0.27427143,190,1951.7218133056317,0,0.0,1,2020,2021,21.583686584247125,83.99252398093947
0.07827807,0.07640706,158,1938.3774942638704,0,14.142135623730953,1,2020,2021,21.475619255567548,83.90826200728905
0.3138361,-0.36222523,189,1983.820738914481,4,22.360679774997894,1,2020,2021,21.40671847327558,84.17110905942242
0.010025063,0.10257481,157,2000.2663298181144,0,14.142135623730953,1,2020,2021,21.45352069957821,84.03285833719643
0.40260708,-0.4332345,194,1951.7218133056317,0,28.284271247461906,1,2020,2021,21.59383754695768,83.99072735037123
0.107186064,-0.120948695,157,2009.293068322528,0,28.284271247461906,1,2020,2021,21.410132071355232,83.91778414930072
0.048346058,0.11359223,134,2012.131670991541,0,14.142135623730953,1,2020,2021,21.35740096417742,83.94257765114241
0.38720354,-0.26117843,169,1930.7376822684453,0,22.360679774997894,1,2020,2021,21.54802346746758,84.04229064767969
0.29913843,-0.3341072,192,1914.9658808208917,0,20.0,1,2020,2021,21.548113298995997,83.9221858941929
0.006742425,0.08165698,194,1937.242171943188,0,10.0,1,2020,2021,21.599946090889688,83.9243418508748
0.48694664,-0.36033228,155,1930.7376822684453,0,14.142135623730953,1,2020,2021,21.52206215575653,84.03591260916244
0.06817051,-0.017889217,193,1937.242171943188,0,22.360679774997894,1,2020,2021,21.56589994162156,83.94841670048919
0.61788166,-0.5088399,142,2013.2559463274083,1,30.0,1,2020,2021,21.42423562131591,84.02746844549172
0.66271067,-0.57239056,158,1930.7376822684453,1,30.0,1,2020,2021,21.512540013744857,84.0272887824349
-0.15120712,0.18237454,203,1884.269203667616,0,0.0,1,2020,2021,21.531224971654545,84.193477109997
-0.119284295,0.2613589,188,1889.884452931583,0,0.0,1,2020,2021,21.56814572983186,83.85427325871348
-0.07332076,0.24489166,158,1879.913869370008,0,0.0,1,2020,2021,21.485500723692866,83.89388896274315
0.121239305,0.093988925,168,2009.293068322528,0,30.0,1,2020,2021,21.41408465860536,83.92524016615891
0.0052887034,0.1210774,207,1986.066358042619,0,14.142135623730953,1,2020,2021,21.353178882342057,84.1416443181033
0.47102988,-0.38379532,195,1884.269203667616,0,22.360679774997894,1,2020,2021,21.52421811243841,84.17560063584303
-0.10716094,0.25509727,193,1951.7218133056317,0,0.0,1,2020,2021,21.59275956861673,83.99081718189964
0.4291926,-0.40286255,170,1967.758019097237,4,20.0,1,2020,2021,21.485231229107622,84.10544221215329
-0.055238094,0.17415917,182,1983.820738914481,0,0.0,1,2020,2021,21.441932432413065,84.19114149025829
0.19880828,-0.22912228,194,1951.7218133056317,0,28.284271247461906,1,2020,2021,21.573355958479752,83.98758324687681
0.6986829,-0.5861101,193,1868.8200380303497,1,20.0,1,2020,2021,21.57892551324129,84.05046531676517
0.6213028,-0.55652237,157,1930.7376822684453,1,28.284271247461906,1,2020,2021,21.506251806756023,84.0168683251391
0.4973359,-0.45525983,191,1876.4415249633855,0,22.360679774997894,1,2020,2021,21.58557304634377,84.04920767536741
-0.08719446,0.2653759,195,1951.7218133056317,0,0.0,1,2020,2021,21.59222057944626,83.99899185098512
-0.027967924,0.2026738,136,1990.8268260547195,0,0.0,1,2020,2021,21.435195067782168,83.98497813255285
0.16232665,-0.07503598,161,1914.9658808208917,0,14.142135623730953,1,2020,2021,21.510563720119794,83.9431166403129
-0.15620214,0.33182895,188,1951.7218133056317,0,0.0,1,2020,2021,21.59240024250309,83.98991886661551
0.059118126,0.047768205,209,1986.066358042619,0,10.0,1,2020,2021,21.35335854539888,84.14209347574537
0.4739826,-0.4594983,194,1875.6384400060413,1,30.0,1,2020,2021,21.58215944826412,84.12026441434126
-0.12063104,0.27673253,191,1951.7218133056317,0,0.0,1,2020,2021,21.59428670459973,83.96009479918276
-0.22441064,0.44477692,196,1951.7218133056317,0,0.0,1,2020,2021,21.560330386860016,83.95569305429056
0.086379945,0.04493155,190,1875.6384400060413,0,14.142135623730953,1,2020,2021,21.57039151804216,84.13122386080752
0.33238637,-0.26956913,194,1879.913869370008,0,20.0,1,2020,2021,21.48783634343157,83.85481224788394
0.28889766,-0.30528557,183,1966.40545485873,1,22.360679774997894,1,2020,2021,21.395399700695677,84.03878721807162
0.71204585,-0.5837717,160,1930.7376822684453,0,30.0,1,2020,2021,21.526733395233947,84.03815839737274
0.033137426,0.09620253,191,1876.4415249633855,0,10.0,1,2020,2021,21.598418954906684,84.00563938408762
-0.23120926,0.43064737,193,1937.242171943188,0,0.0,1,2020,2021,21.55080824484835,83.93224702537505
0.43518114,-0.3577426,194,1880.7730644299008,0,20.0,1,2020,2021,21.511372203875503,83.85032067146335
-0.08413593,0.2058615,192,1937.242171943188,0,0.0,1,2020,2021,21.55628796808148,83.91706549707342
0.053867757,0.051775623,140,1990.8268260547195,0,10.0,1,2020,2021,21.41273718567918,83.98318150198462
0.42451787,-0.40949753,196,1879.913869370008,0,22.360679774997894,1,2020,2021,21.48038032657338,83.85813601443519
0.07348806,0.13743013,145,1988.3089408631204,0,30.0,1,2020,2021,21.46421065145923,83.95138114092678
0.48469856,-0.38886842,200,1986.066358042619,0,30.0,1,2020,2021,21.37752322654169,84.14640538910913
0.29689807,-0.35556585,202,1989.0276167842967,5,30.0,1,2020,2021,21.36350950810943,84.16005978142776
0.37010828,-0.30528367,150,1980.8196407325013,0,10.0,1,2020,2021,21.468163238709355,84.05962813266319
0.07246567,0.07112276,135,1990.8268260547195,0,10.0,1,2020,2021,21.40869476690064,83.97132374023424
-0.042005107,0.077747986,191,1951.7218133056317,0,20.0,1,2020,2021,21.584135741889185,83.99521892679182
0.22782077,-0.19110483,188,1937.242171943188,0,30.0,1,2020,2021,21.57245764319563,83.90978914327205
-0.02999784,0.26054993,191,1937.242171943188,0,0.0,1,2020,2021,21.599856259361275,83.92748595436922
-0.08613696,0.27661106,192,1951.7218133056317,0,0.0,1,2020,2021,21.558533756291776,83.96773047909777
0.021133397,-0.053903863,193,1880.7730644299008,0,22.360679774997894,1,2020,2021,21.53194362388184,83.87197006981063
-0.051878355,0.20332842,196,1889.884452931583,0,0.0,1,2020,2021,21.557006620308776,83.87574299400393
0.029571675,0.11372031,153,1990.8268260547195,0,14.142135623730953,1,2020,2021,21.423966126730672,83.99854269334307
0.094109684,0.074809164,148,2013.2559463274083,0,22.360679774997894,1,2020,2021,21.4294458499638,84.0139038847015
0.6370512,-0.52167267,158,1930.7376822684453,0,22.360679774997894,1,2020,2021,21.52098417741558,84.03483463082149
0.5340299,-0.40212592,175,1938.3774942638704,0,28.284271247461906,1,2020,2021,21.48819566954522,83.91661633943137
0.2994013,-0.30193374,193,1951.7218133056317,0,20.0,1,2020,2021,21.59455619918497,83.95991513612593
0.34350926,-0.31753555,138,1990.8268260547195,0,22.360679774997894,1,2020,2021,21.40986257677,83.98327133351303
0.15562758,-0.25652248,189,1973.5760219825895,0,22.360679774997894,1,2020,2021,21.541825092007155,83.96611351158636
0.00937154,0.111729056,159,1967.758019097237,0,14.142135623730953,1,2020,2021,21.475978581681197,84.11316772359672
0.6141561,-0.49627286,155,2012.131670991541,0,28.284271247461906,1,2020,2021,21.381655476848643,83.9220960626645
0.15742826,-0.22347994,198,1937.242171943188,0,30.0,1,2020,2021,21.59590367211115,83.9468895645062
0.02087018,-0.028877005,191,1951.7218133056317,0,10.0,1,2020,2021,21.583506921190303,83.9928833070531
0.122637376,-0.034839984,135,2012.131670991541,0,10.0,1,2020,2021,21.35605349125124,83.94140984127307
0.13616651,-0.032505307,186,1876.4415249633855,0,22.360679774997894,1,2020,2021,21.581440796036823,84.03842789195797
-0.13741122,0.21019538,191,1951.7218133056317,0,0.0,1,2020,2021,21.55988122921796,83.96225075586463
0.38073418,-0.4028493,196,1884.269203667616,1,20.0,1,2020,2021,21.54604717384252,84.166437819945
-0.20369555,0.3323497,189,1951.7218133056317,0,0.0,1,2020,2021,21.58530355175854,83.99360195928041
-0.21393913,0.35364527,189,1951.7218133056317,0,0.0,1,2020,2021,21.58557304634377,83.99387145386564
-0.19039366,0.37764823,188,1951.7218133056317,0,0.0,1,2020,2021,21.58934597053708,83.99935117709877
0.4613292,-0.4297644,159,1988.3089408631204,0,28.284271247461906,1,2020,2021,21.45055625914061,83.9514709724552
0.23861033,-0.09174646,144,1938.3774942638704,0,20.0,1,2020,2021,21.465558124385407,83.94958451035855
0.08576314,-0.06465461,189,1951.7218133056317,0,10.0,1,2020,2021,21.59365788390085,83.99216465482581
0.530987,-0.44858682,146,2013.2559463274083,0,22.360679774997894,1,2020,2021,21.422438990747672,84.01264624330375
0.51007867,-0.49717683,172,1879.913869370008,1,28.284271247461906,1,2020,2021,21.468073407180945,83.89873986527739
0.46426427,-0.3821645,192,1989.0276167842967,1,20.0,1,2020,2021,21.387045368553363,84.17173788012131
0.30365095,-0.16768378,158,1938.3774942638704,0,10.0,1,2020,2021,21.48819566954522,83.90242295794228
0.062399205,0.11644542,190,1914.9658808208917,0,10.0,1,2020,2021,21.549730266507407,83.93278601454551
0.35536206,-0.26742092,193,1989.0276167842967,1,22.360679774997894,1,2020,2021,21.38695553702495,84.17146838553607
-0.20823126,0.3574458,190,1937.242171943188,0,0.0,1,2020,2021,21.560240555331607,83.94940484730172
-0.0351377,0.21118012,193,1973.5760219825895,0,0.0,1,2020,2021,21.54703532065505,83.97886958862085
0.23864491,-0.22463156,199,1875.6384400060413,0,30.0,1,2020,2021,21.5872798453836,84.14155448657489
0.58181417,-0.48372477,199,1918.5559945498533,0,22.360679774997894,1,2020,2021,21.49987376823877,84.1956330666789
-0.21056338,0.2470193,207,1989.0276167842967,0,0.0,1,2020,2021,21.359017931688832,84.15781399321746
0.50084966,-0.49756604,210,1883.2621832626537,1,22.360679774997894,1,2020,2021,21.574164442235457,84.17730743488285
0.23708561,-0.14526682,155,1952.9097906150275,0,10.0,1,2020,2021,21.367731589944796,83.87044293382762
-0.03054029,0.1995932,158,1938.3774942638704,0,0.0,1,2020,2021,21.477954875306256,83.91284341523806
-0.20314729,0.32828438,189,1937.242171943188,0,0.0,1,2020,2021,21.598868112548743,83.92416218781797
-0.018359058,0.16747372,191,1876.4415249633855,0,0.0,1,2020,2021,21.581710290622063,84.01022079203662
0.16166905,-0.010967392,167,2009.293068322528,0,22.360679774997894,1,2020,2021,21.422438990747672,83.91679600248818
0.45422575,-0.35319263,135,2031.3388504182512,0,22.360679774997894,1,2020,2021,21.376714742785985,83.95793884250087
0.42014164,-0.35036227,134,2012.131670991541,0,28.284271247461906,1,2020,2021,21.3625213612969,83.9416793358583
0.06314701,0.047508016,165,1966.40545485873,0,14.142135623730953,1,2020,2021,21.376085922087103,84.0183056295937
0.5717841,-0.44114542,161,2012.131670991541,0,20.0,1,2020,2021,21.368540073700498,83.91697566554501
0.19353674,-0.102215596,175,2000.2663298181144,0,28.284271247461906,1,2020,2021,21.478763359061965,84.03986519641256
0.1104851,0.09400138,196,1880.7730644299008,0,10.0,1,2020,2021,21.54721498371187,83.88876856562366
0.13824959,-0.020321438,155,1952.9097906150275,0,20.0,1,2020,2021,21.36934855745621,83.87080225994127
0.6419342,-0.525637,155,1952.9097906150275,0,30.0,1,2020,2021,21.368809568285734,83.87017343924238
0.11068378,0.057516083,141,1988.3089408631204,0,22.360679774997894,1,2020,2021,21.46663610272635,83.95407608677915
0.0068602907,0.11369335,195,1951.7218133056317,0,10.0,1,2020,2021,21.59823929184986,83.95344726608026
0.15949494,-0.0033237168,158,1938.3774942638704,0,22.360679774997894,1,2020,2021,21.478224369891493,83.91203493148235
0.07805185,0.11814084,158,1879.913869370008,0,10.0,1,2020,2021,21.493855055835173,83.89766188693645
0.49569178,-0.49618572,205,1989.0276167842967,1,28.284271247461906,1,2020,2021,21.378421541825816,84.19599239279253
-0.058927093,0.23825225,158,1938.3774942638704,0,0.0,1,2020,2021,21.470948016090126,83.91347223593695
0.25988317,-0.14034064,141,1990.8268260547195,0,10.0,1,2020,2021,21.43762051904929,83.9845289749108
-0.22305237,0.46067113,191,1951.7218133056317,0,0.0,1,2020,2021,21.560959207558906,83.9582981686145
-0.18761119,0.30638686,190,1937.242171943188,0,0.0,1,2020,2021,21.551976054717706,83.9221858941929
-0.10453172,0.2298298,191,1951.7218133056317,0,0.0,1,2020,2021,21.565271120922677,83.95021333105744
0.49362817,-0.4770086,144,2013.2559463274083,0,28.284271247461906,1,2020,2021,21.422708485332908,84.0115682649628
0.4295168,-0.41065356,151,1980.8196407325013,0,28.284271247461906,1,2020,2021,21.462683515476225,84.05774167056654
-0.08868214,0.23615544,154,1930.7376822684453,0,0.0,1,2020,2021,21.50679079592649,84.01848529265052
-0.19343266,0.3315057,188,1951.7218133056317,0,0.0,1,2020,2021,21.591681590275787,83.98929004591663
-0.23779984,0.4248491,190,1937.242171943188,0,0.0,1,2020,2021,21.55610830502465,83.93682843332405
0.39555556,-0.32994494,153,1956.868612972743,0,30.0,1,2020,2021,21.445256198964305,84.05154329510611
0.03373559,0.10783859,142,1988.3089408631204,0,10.0,1,2020,2021,21.453969857220265,83.96162193516575
-0.009777913,0.19306222,175,1876.4415249633855,0,0.0,1,2020,2021,21.557994767121308,84.02279720601429
-0.2471278,0.41723162,193,1951.7218133056317,0,0.0,1,2020,2021,21.56122870214414,83.96808980521142
0.6240651,-0.5221223,180,1983.820738914481,4,30.0,1,2020,2021,21.422438990747672,84.18350581034328
0.5701764,-0.55378467,182,1914.9658808208917,4,30.0,1,2020,2021,21.54883195122329,83.94751838520507
-0.11493861,0.25092912,190,1937.242171943188,0,0.0,1,2020,2021,21.55673712572354,83.91661633943137
-0.04185113,0.13805164,158,1938.3774942638704,0,10.0,1,2020,2021,21.474990434868666,83.90933998563
0.2046208,-0.2349252,191,1880.7730644299008,0,28.284271247461906,1,2020,2021,21.52601474300665,83.86415472683879
0.06798152,0.040529802,192,1876.4415249633855,0,10.0,1,2020,2021,21.58584254092901,84.0003393239113
0.38316223,-0.4115458,181,1884.269203667616,4,28.284271247461906,1,2020,2021,21.521882492699703,84.15053763941609
0.55850136,-0.4760923,201,1989.0276167842967,0,22.360679774997894,1,2020,2021,21.384889411871477,84.15251393304115
0.034068853,0.10652385,167,1879.913869370008,0,14.142135623730953,1,2020,2021,21.49690932780118,83.86918529242985
0.16177598,-0.11353647,164,1914.9658808208917,0,28.284271247461906,1,2020,2021,21.52772154204648,83.913921393579
0.32779214,-0.14532186,187,1876.4415249633855,0,30.0,1,2020,2021,21.58162045909365,84.03878721807162
0.12989481,0.0045804563,192,1937.242171943188,0,10.0,1,2020,2021,21.59770030267939,83.94814720590396
0.07671032,-0.030174196,154,1980.8196407325013,1,20.0,1,2020,2021,21.47993116893132,84.0589094804359
0.23340185,-0.05939121,141,1988.3089408631204,3,30.0,1,2020,2021,21.46196486324893,83.95964564154069
0.21687429,-0.23093079,193,1951.7218133056317,0,20.0,1,2020,2021,21.558443924763367,83.96512536477383
0.122761615,-0.17323601,146,1914.9658808208917,0,30.0,1,2020,2021,21.51164169846074,83.9026026209991
0.5827694,-0.47593582,170,1918.5559945498533,0,22.360679774997894,1,2020,2021,21.456664803072623,84.15952079225728
-0.23506716,0.4469606,190,1937.242171943188,0,0.0,1,2020,2021,21.551616728604056,83.9213774104372
0.34299892,-0.3774451,148,1980.8196407325013,0,30.0,1,2020,2021,21.469600543163946,84.05872981737907
0.45552295,-0.45211607,155,1930.7376822684453,0,28.284271247461906,1,2020,2021,21.520714682830345,84.03528378846356
0.6680162,-0.5801234,156,1980.8196407325013,1,30.0,1,2020,2021,21.48226678867003,84.07786393293082
0.13920933,-0.019241592,140,1990.8268260547195,0,30.0,1,2020,2021,21.41058122899729,83.98300183892779
0.316453,-0.37377876,163,1990.8268260547195,0,30.0,1,2020,2021,21.449388449271257,83.95183029856885
0.4852403,-0.36873582,155,1930.7376822684453,0,22.360679774997894,1,2020,2021,21.531674129296604,84.04157199545239
-0.17637847,0.2949208,196,1937.242171943188,0,0.0,1,2020,2021,21.599766427832865,83.94760821673349
0.41778123,-0.3988512,192,1951.7218133056317,0,22.360679774997894,1,2020,2021,21.594107041542912,83.9897392035587
-0.040836327,0.23730354,188,1937.242171943188,0,0.0,1,2020,2021,21.56661859384885,83.94347596642653
0.14899442,0.008810973,160,2000.2663298181144,0,20.0,1,2020,2021,21.462324189362576,84.04714155021394
0.32053086,-0.36470088,138,2031.3388504182512,6,30.0,1,2020,2021,21.39575902680932,83.97033559342171
-0.14640462,0.26846567,189,1951.7218133056317,0,0.0,1,2020,2021,21.598149460321448,83.99414094845088
0.055602595,0.121528715,132,2012.131670991541,0,10.0,1,2020,2021,21.351741577887463,83.92461134546002
-0.080612876,0.19340605,208,1933.7276026361212,0,0.0,1,2020,2021,21.37141468260968,84.08648775965837
0.4362657,-0.45542753,208,1986.066358042619,4,28.284271247461906,1,2020,2021,21.364677317978785,84.10139979337475
0.010065149,-0.03638268,155,1880.7730644299008,7,10.0,1,2020,2021,21.534279243620556,83.87762945610058
0.029721767,0.081995346,175,1980.8196407325013,0,14.142135623730953,1,2020,2021,21.45810210752721,84.08630809660154
0.052571364,0.08635894,158,1938.3774942638704,0,10.0,1,2020,2021,21.48442274535192,83.91113661619823
-0.03131174,0.20648155,189,1884.269203667616,0,0.0,1,2020,2021,21.51775024239275,84.16212590658122
0.020509172,0.15172207,192,1951.7218133056317,0,0.0,1,2020,2021,21.56006089227478,83.96773047909777
0.1031543,0.021365097,146,2013.2559463274083,0,10.0,1,2020,2021,21.42845770315127,84.02881591841789
0.27418876,-0.18894394,148,2000.2663298181144,0,20.0,1,2020,2021,21.46295301006146,84.01183775954803
-0.05567133,0.20868155,153,1930.7376822684453,0,0.0,1,2020,2021,21.503736523960487,84.01614967291181
-0.31097576,0.4255289,188,1937.242171943188,0,0.0,1,2020,2021,21.55035908720629,83.93143854161934
0.12435233,-0.1814882,155,1880.7730644299008,0,28.284271247461906,1,2020,2021,21.53050631942725,83.87601248858917
0.45019633,-0.45877954,199,1889.884452931583,0,30.0,1,2020,2021,21.550718413319935,83.87538366789028
0.48608068,-0.45022625,150,2013.2559463274083,0,30.0,1,2020,2021,21.4422019269983,84.03734991361704
0.5443943,-0.44862583,193,1937.242171943188,0,30.0,1,2020,2021,21.5669779199625,83.9447336078243
0.41914162,-0.31503168,164,2000.2663298181144,0,14.142135623730953,1,2020,2021,21.49825680072736,84.02899558147472
0.08670314,-0.049720615,194,1951.7218133056317,0,20.0,1,2020,2021,21.559521903104308,83.95587271734739
0.10599329,-0.18407424,179,1938.3774942638704,5,20.0,1,2020,2021,21.452712215822498,83.91338240440854
-0.17176741,0.35921568,192,1914.9658808208917,0,0.0,1,2020,2021,21.549730266507407,83.9258689868578
-0.024207903,0.1468501,175,1876.4415249633855,0,10.0,1,2020,2021,21.55790493559289,84.02342602671318
0.019256849,0.10719703,145,2012.131670991541,4,10.0,1,2020,2021,21.3647671495072,83.91185526842553
0.108727284,0.07111818,184,1956.868612972743,0,22.360679774997894,1,2020,2021,21.41642027834407,84.09987265739174
-0.030280223,0.18812712,188,1937.242171943188,0,0.0,1,2020,2021,21.56230668048508,83.90386026239686
0.4403353,-0.34353656,193,1937.242171943188,0,14.142135623730953,1,2020,2021,21.56500162633744,83.94356579795495
-0.060908075,0.18201432,190,1951.7218133056317,0,0.0,1,2020,2021,21.59222057944626,83.99638673666118
-0.2452783,0.4330546,194,1937.242171943188,0,0.0,1,2020,2021,21.551347234018824,83.93539112886947
0.050566696,0.1008581,192,1884.269203667616,0,10.0,1,2020,2021,21.529877498728364,84.16302422186536
0.16519094,-0.2355279,183,1924.836797689757,0,20.0,1,2020,2021,21.517390916279105,84.06205358393032
-0.0716559,0.26661316,191,1951.7218133056317,0,0.0,1,2020,2021,21.55997106074637,83.95739985333039
0.2781941,-0.18432091,194,1937.242171943188,0,22.360679774997894,1,2020,2021,21.56679825690568,83.94428445018225
0.0860694,-0.045505304,187,1966.40545485873,6,10.0,1,2020,2021,21.39692683667868,84.03959570182732
0.2772507,-0.2541789,192,1876.4415249633855,0,22.360679774997894,1,2020,2021,21.59895794407716,84.00590887867284
0.082100816,0.024993882,156,1980.8196407325013,0,14.142135623730953,1,2020,2021,21.462144526305757,84.05935863807795
0.22834148,-0.17214476,186,1923.038688651068,0,10.0,1,2020,2021,21.5429030703481,84.12996621940975
0.51116496,-0.39167863,173,1933.7276026361212,1,20.0,1,2020,2021,21.396477679036614,84.05738234445289
-0.0076304395,0.107732244,145,2013.2559463274083,0,22.360679774997894,1,2020,2021,21.416959267514542,84.02144973308812
0.070827074,0.04744242,193,1951.7218133056317,0,14.142135623730953,1,2020,2021,21.592490074031492,83.99908168251353
0.08761573,-0.092158444,190,1875.6384400060413,1,10.0,1,2020,2021,21.57641023044576,84.10436423381235
0.08751602,0.009447702,137,2012.131670991541,0,14.142135623730953,1,2020,2021,21.357131469592183,83.92577915532938
0.11872472,0.0007792024,162,2000.2663298181144,0,10.0,1,2020,2021,21.498166969198945,84.02944473911678
-0.023491792,0.057570785,167,1930.7376822684453,0,20.0,1,2020,2021,21.54398104868904,84.01210725413327
0.0022349448,0.05412881,194,1951.7218133056317,0,14.142135623730953,1,2020,2021,21.55970156616113,83.95524389664851
0.05534015,-0.09707167,189,1880.7730644299008,0,22.360679774997894,1,2020,2021,21.537782673228616,83.87987524431088
0.481345,-0.3793695,148,2000.2663298181144,0,28.284271247461906,1,2020,2021,21.479751505874496,84.01031062356503
0.2309863,-0.26162687,134,2031.3388504182512,0,22.360679774997894,1,2020,2021,21.385248737985123,83.96934744660918
0.13011542,-0.045884922,150,1980.8196407325013,0,20.0,1,2020,2021,21.453071541936147,84.05271110497547
0.6245307,-0.5064907,164,1879.913869370008,0,22.360679774997894,1,2020,2021,21.493046572079464,83.89299064745902
0.19108564,-0.086720824,183,1973.5760219825895,0,22.360679774997894,1,2020,2021,21.53832166239909,83.98551712172333
-0.1016429,0.22504283,200,1986.066358042619,0,0.0,1,2020,2021,21.37141468260968,84.12475599076186
0.31441957,-0.2629824,167,1868.8200380303497,0,22.360679774997894,1,2020,2021,21.562486343541902,84.07202488358405
0.5745554,-0.51610047,163,1938.3774942638704,0,28.284271247461906,1,2020,2021,21.465737787442237,83.93395382441487
0.3731617,-0.3427276,191,1884.269203667616,0,14.142135623730953,1,2020,2021,21.528080868160128,84.16500051549042
0.07165437,0.09740404,138,1990.8268260547195,0,10.0,1,2020,2021,21.41821690891231,83.98012723001861
-0.22633517,0.42228338,187,1937.242171943188,0,0.0,1,2020,2021,21.55206588624612,83.93431315052852
0.4605715,-0.37628478,142,1988.3089408631204,0,28.284271247461906,1,2020,2021,21.473463298885655,83.95344726608026
0.46015257,-0.43834007,152,1988.3089408631204,0,22.360679774997894,1,2020,2021,21.453880025691856,83.98542729019492
0.00013972334,0.17177941,192,1876.4415249633855,0,0.0,1,2020,2021,21.59913760713398,84.02225821684382
0.51615065,-0.44065207,180,1923.038688651068,0,22.360679774997894,1,2020,2021,21.534997895847848,84.10041164656222
0.28725472,-0.31909478,138,1990.8268260547195,0,28.284271247461906,1,2020,2021,21.41408465860536,83.98354082809827
-0.23416245,0.42582035,192,1937.242171943188,0,0.0,1,2020,2021,21.551437065547237,83.92308420947703
-0.18320611,0.26527315,193,1951.7218133056317,0,0.0,1,2020,2021,21.58260860590618,83.99225448635423
0.07931916,0.12307925,164,2009.293068322528,0,10.0,1,2020,2021,21.414893142361063,83.92577915532938
0.3163148,-0.17344801,142,1938.3774942638704,0,22.360679774997894,1,2020,2021,21.47175649984583,83.94419461865384
0.3395036,-0.19609316,189,1884.269203667616,0,20.0,1,2020,2021,21.531674129296604,84.16482085243359
-0.13076416,0.3146128,194,1951.7218133056317,0,0.0,1,2020,2021,21.56122870214414,83.95389642372233
0.10863282,-0.11153577,193,1951.7218133056317,0,22.360679774997894,1,2020,2021,21.593388389315617,83.95398625525074
0.58167845,-0.44087484,179,1924.836797689757,0,20.0,1,2020,2021,21.546316668427757,84.08253517240824
-0.147013,0.3422792,190,1876.4415249633855,0,0.0,1,2020,2021,21.599407101719216,84.01848529265052
0.114132926,0.043295722,178,1924.836797689757,0,22.360679774997894,1,2020,2021,21.514336644313097,84.06834179091915
0.19346221,-0.073341236,135,1988.3089408631204,0,14.142135623730953,1,2020,2021,21.453880025691856,83.96144227210893
0.18867925,-0.20876734,190,1875.6384400060413,7,30.0,1,2020,2021,21.58215944826412,84.12170171879585
0.2816199,-0.13375603,158,1938.3774942638704,0,22.360679774997894,1,2020,2021,21.488105838016807,83.91661633943137
-0.10788854,0.20697413,201,1986.066358042619,0,0.0,1,2020,2021,21.37132485108127,84.1250254853471
0.4933283,-0.4567744,196,1937.242171943188,0,30.0,1,2020,2021,21.599407101719216,83.90466874615258
0.05888002,-0.121266045,141,1988.3089408631204,6,30.0,1,2020,2021,21.45675463460104,83.998093535701
0.06862368,0.15085647,143,1988.3089408631204,0,0.0,1,2020,2021,21.45971907503863,83.95784901097245
-0.11945379,0.2540569,192,1937.242171943188,0,0.0,1,2020,2021,21.599227438662396,83.92721645978398
0.0466872,0.10296891,192,1937.242171943188,0,10.0,1,2020,2021,21.55529982126895,83.93835556930706
0.30251956,-0.2987583,183,1884.269203667616,4,22.360679774997894,1,2020,2021,21.520624851301932,84.15161561775703
-0.061288018,0.19819544,155,1930.7376822684453,0,0.0,1,2020,2021,21.50706029051173,84.02082091238923
-0.042181857,0.1930727,184,1973.5760219825895,0,0.0,1,2020,2021,21.538591156984324,83.98569678478016
-0.003536568,0.12191474,144,1938.3774942638704,0,10.0,1,2020,2021,21.48244645172685,83.939433547648
0.25098464,-0.12822837,202,1986.066358042619,0,20.0,1,2020,2021,21.37222316636539,84.12340851783568
-0.23875433,0.35239697,184,2017.5110873314552,4,0.0,1,2020,2021,21.443729062981305,84.14128499198966
0.2709345,-0.3058339,173,1879.913869370008,4,28.284271247461906,1,2020,2021,21.467175091896824,83.89909919139103
0.123920605,0.0074905017,138,1990.8268260547195,0,20.0,1,2020,2021,21.407526957031287,83.98012723001861
0.56936353,-0.5166545,180,1924.836797689757,0,30.0,1,2020,2021,21.54712515218346,84.09322512428926
0.2563437,-0.31405422,194,1914.9658808208917,0,20.0,1,2020,2021,21.549281108865348,83.91544852956201
-0.20184264,0.38188207,195,1937.242171943188,0,0.0,1,2020,2021,21.553413359172296,83.91634684484613
0.055599537,0.07221371,191,1951.7218133056317,0,10.0,1,2020,2021,21.557994767121308,83.9672813214557
0.103006065,-0.04845719,193,1951.7218133056317,0,10.0,1,2020,2021,21.592939231673554,83.99099684495646
0.387393,-0.41178334,209,1933.7276026361212,0,28.284271247461906,1,2020,2021,21.36458748645037,84.08918270551072
-0.055846073,0.21202911,192,1937.242171943188,0,0.0,1,2020,2021,21.56365415341126,83.9447336078243
0.5070686,-0.37296438,156,2009.293068322528,0,30.0,1,2020,2021,21.402765886025453,83.92173673655084
0.2069572,-0.08898554,190,1884.269203667616,0,10.0,1,2020,2021,21.518199400034813,84.1626648957517
0.03441343,0.06641263,178,1924.836797689757,0,28.284271247461906,1,2020,2021,21.54766414135393,84.09412343957338
0.17224395,-0.100535884,193,1951.7218133056317,0,10.0,1,2020,2021,21.59428670459973,83.95722019027357
-0.17719415,0.32832783,193,1937.242171943188,0,0.0,1,2020,2021,21.55628796808148,83.94042169446054
-0.13670807,0.23458788,193,1951.7218133056317,0,0.0,1,2020,2021,21.598329123378274,83.96054395682481
0.24963006,-0.3188831,183,1983.820738914481,1,30.0,1,2020,2021,21.4091439245427,84.15718517251857
0.2934486,-0.15894425,135,2012.131670991541,0,30.0,1,2020,2021,21.35740096417742,83.92982157410792
0.51716423,-0.3812434,140,1988.3089408631204,3,28.284271247461906,1,2020,2021,21.458820759754516,83.96467620713176
-0.07504459,0.25343493,195,1937.242171943188,0,0.0,1,2020,2021,21.59931727019081,83.94760821673349
-0.020408163,0.14794405,158,1879.913869370008,0,10.0,1,2020,2021,21.48460240840874,83.89487710955568
0.30163565,-0.25567225,192,1951.7218133056317,0,22.360679774997894,1,2020,2021,21.561767691314607,83.9514709724552
-0.21528289,0.33857682,193,1937.242171943188,0,0.0,1,2020,2021,21.556557462666717,83.94024203140371
0.5768795,-0.5311812,183,1933.7276026361212,1,30.0,1,2020,2021,21.39674717362185,84.053699251788
-0.038981598,0.1527154,147,2031.3388504182512,0,0.0,1,2020,2021,21.364856981035608,83.97536615901278
0.44941753,-0.37657708,201,1986.066358042619,0,22.360679774997894,1,2020,2021,21.376445248200756,84.14856134579102
0.11120298,0.026086956,149,1988.3089408631204,0,20.0,1,2020,2021,21.47166666831742,83.95731002180197
0.48187983,-0.4396424,194,1923.038688651068,1,28.284271247461906,1,2020,2021,21.53104530859772,84.13131369233594
0.019151602,0.156424,158,1938.3774942638704,0,0.0,1,2020,2021,21.47130734220377,83.91185526842553
0.14871292,-0.048444375,142,1938.3774942638704,0,20.0,1,2020,2021,21.49295674055105,83.92380286170432
0.09806515,-0.114068,193,1951.7218133056317,0,22.360679774997894,1,2020,2021,21.574523768349103,83.98857139368934
-0.107947305,0.288559,194,1876.4415249633855,0,0.0,1,2020,2021,21.58674085621313,84.04130250086716
-0.124151036,0.11545103,209,1875.6384400060413,1,10.0,1,2020,2021,21.592490074031492,84.13957819294983
-0.10917775,0.15084828,145,1988.3089408631204,0,0.0,1,2020,2021,21.45657497154421,83.99755454653054
-0.22014062,0.41068113,189,1937.242171943188,0,0.0,1,2020,2021,21.55314386458706,83.92721645978398
0.4889978,-0.41248298,192,1896.6286924667656,0,22.360679774997894,1,2020,2021,21.6000359224181,83.95398625525074
0.38202173,-0.2580811,141,1988.3089408631204,0,22.360679774997894,1,2020,2021,21.45684446612945,83.96916778355235
-0.26412818,0.43085796,192,1951.7218133056317,0,0.0,1,2020,2021,21.56221684895667,83.97374919150137
0.69240123,-0.57515377,158,2012.131670991541,0,28.284271247461906,1,2020,2021,21.38138598226341,83.92173673655084
-0.02187131,0.1544789,196,1937.242171943188,0,0.0,1,2020,2021,21.59967659630445,83.90143481112975
0.010865493,0.012264323,191,1951.7218133056317,0,10.0,1,2020,2021,21.574523768349103,83.99252398093947
-0.055579677,0.13771133,191,1876.4415249633855,0,10.0,1,2020,2021,21.58162045909365,84.01040045509345
0.31664678,-0.30044237,151,1980.8196407325013,0,20.0,1,2020,2021,21.471846331374245,84.05783150209496
-0.17960371,0.29498452,192,1951.7218133056317,0,0.0,1,2020,2021,21.56086937603049,83.96853896285347
-0.0017411491,0.1108354,194,1876.4415249633855,0,10.0,1,2020,2021,21.58988495970755,84.00024949238289
-0.15218525,0.3180636,190,1937.242171943188,0,0.0,1,2020,2021,21.562037185899843,83.94814720590396
0.17233004,-0.12886523,189,1951.7218133056317,0,20.0,1,2020,2021,21.56006089227478,83.9597354730691
-0.06339556,0.20332612,195,1951.7218133056317,0,0.0,1,2020,2021,21.57344579000816,83.98731375229157
-0.117681615,0.21872562,193,1876.4415249633855,0,0.0,1,2020,2021,21.584764562588067,84.00051898696813
0.13348357,0.07803265,164,2009.293068322528,0,10.0,1,2020,2021,21.415162636946302,83.92622831297145
0.46939597,-0.45653445,147,1988.3089408631204,6,30.0,1,2020,2021,21.457203792243096,83.99746471500212
0.23734938,-0.28623837,189,1880.7730644299008,0,28.284271247461906,1,2020,2021,21.52457743855206,83.86226826474213
-0.25653172,0.40846956,195,1951.7218133056317,0,0.0,1,2020,2021,21.59240024250309,83.95434558136438
-0.0023175303,0.14758907,158,1938.3774942638704,0,10.0,1,2020,2021,21.475619255567548,83.91634684484613
0.668,-0.5448395,158,1938.3774942638704,0,28.284271247461906,1,2020,2021,21.489902468585047,83.90134497960133
-0.22101061,0.41198254,189,1937.242171943188,0,0.0,1,2020,2021,21.552694706945,83.92272488336337
0.71127665,-0.63311493,159,1980.8196407325013,1,28.284271247461906,1,2020,2021,21.476158244738016,84.0987946790508
0.084034964,-0.13494849,188,1951.7218133056317,0,22.360679774997894,1,2020,2021,21.568505055945504,83.98291200739939
-0.012670108,0.13308612,152,2013.2559463274083,0,10.0,1,2020,2021,21.432859448043452,84.03465496776467
0.63334,-0.53641987,172,2009.293068322528,1,22.360679774997894,1,2020,2021,21.41543213153154,83.93485213969899
0.48400497,-0.42282414,196,1879.913869370008,1,22.360679774997894,1,2020,2021,21.49960427365354,83.85355460648617
-0.17694551,0.30277842,191,1951.7218133056317,0,0.0,1,2020,2021,21.579195007826527,83.99324263316676
0.22738917,-0.14302929,195,1880.7730644299008,0,20.0,1,2020,2021,21.549730266507407,83.88562446212924
0.04819277,0.06362773,193,1951.7218133056317,0,20.0,1,2020,2021,21.562127017428256,83.95057265717108
-0.105221964,0.26093882,203,1875.6384400060413,0,0.0,1,2020,2021,21.58512388870172,84.14901050343309
0.17322862,-0.058716014,172,1967.758019097237,0,20.0,1,2020,2021,21.48181763102797,84.13787139391
-0.05023304,0.1616,191,1884.269203667616,1,0.0,1,2020,2021,21.521612998114467,84.15646652029127
0.14591454,-0.19155522,194,1951.7218133056317,0,30.0,1,2020,2021,21.574164442235457,83.99306297010993
-0.213533,0.3984388,195,1951.7218133056317,0,0.0,1,2020,2021,21.586381530099484,83.9995308401556
0.082332484,-0.0023734604,190,2017.5110873314552,0,10.0,1,2020,2021,21.403484538252748,84.1220610449095
0.3991182,-0.41523075,153,1980.8196407325013,1,30.0,1,2020,2021,21.479661674346083,84.05872981737907
0.16239417,0.045918446,207,1986.066358042619,0,10.0,1,2020,2021,21.355963659722825,84.11774913154572
-0.04524143,0.086300336,145,2013.2559463274083,0,10.0,1,2020,2021,21.420911854764668,84.02755827702012
-0.15465842,0.33531833,191,1951.7218133056317,0,0.0,1,2020,2021,21.559162576990666,83.96629317464317
0.38981143,-0.18114634,159,2009.293068322528,0,28.284271247461906,1,2020,2021,21.42917635537857,83.93736742249453
0.3273128,-0.15614025,139,1990.8268260547195,0,30.0,1,2020,2021,21.410221902883645,83.9733000338593
0.45431247,-0.42312315,180,1923.038688651068,0,30.0,1,2020,2021,21.511731529989152,84.11954576211396
0.12517473,-0.018102372,141,1990.8268260547195,0,10.0,1,2020,2021,21.41318634332124,83.9860561108938
0.11594788,0.032709464,142,1988.3089408631204,3,10.0,1,2020,2021,21.459629243510214,83.95542355970532
0.05432356,0.130762,143,1990.8268260547195,0,10.0,1,2020,2021,21.440584959486884,83.98201369211526
-0.09078725,0.120407134,210,1986.066358042619,1,10.0,1,2020,2021,21.38264362366117,84.13984768753507
-0.13153495,0.29683587,188,1937.242171943188,0,0.0,1,2020,2021,21.559162576990666,83.90071615890245
-0.058605228,0.21703343,188,1889.884452931583,0,0.0,1,2020,2021,21.55574897891101,83.87673114081646
-0.11953383,0.25254217,192,1937.242171943188,0,0.0,1,2020,2021,21.59913760713398,83.92721645978398
0.4251278,-0.30839238,144,1938.3774942638704,0,22.360679774997894,1,2020,2021,21.482805777840504,83.9356606234547
0.08911268,0.022176731,177,1924.836797689757,0,22.360679774997894,1,2020,2021,21.54802346746758,84.0934946188745
-0.005281286,0.23378967,198,1880.7730644299008,0,0.0,1,2020,2021,21.54739464676869,83.88876856562366
0.19669308,-0.06076336,152,1930.7376822684453,0,20.0,1,2020,2021,21.507419616625377,84.02225821684382
-0.11275375,0.24824856,194,1884.269203667616,0,0.0,1,2020,2021,21.52924867802948,84.16086826518347
0.17006953,-0.14694746,190,1875.6384400060413,1,10.0,1,2020,2021,21.576320398917343,84.10445406534076
0.21382329,-0.09698266,201,1883.2621832626537,0,22.360679774997894,1,2020,2021,21.581800122150472,84.17209720623495
0.190343,-0.11544053,177,1962.5139900985523,0,28.284271247461906,1,2020,2021,21.44489687285066,83.85005117687811
-0.123123996,0.24831933,190,1937.242171943188,0,0.0,1,2020,2021,21.598778281020333,83.92541982921574
0.072655216,0.05683497,161,1879.913869370008,0,10.0,1,2020,2021,21.485141397579213,83.89487710955568
-0.05537882,0.19530405,192,1937.242171943188,0,0.0,1,2020,2021,21.553413359172296,83.93691826485247
-0.19015606,0.31672236,200,1883.2621832626537,0,0.0,1,2020,2021,21.579913660053823,84.17074973330878
0.05120955,0.07668534,150,1880.7730644299008,0,20.0,1,2020,2021,21.528799520387423,83.89227199523172
-0.09427538,0.22142419,175,2009.293068322528,0,0.0,1,2020,2021,21.42198983310561,83.91733499165866
0.43298167,-0.39092782,148,2000.2663298181144,0,22.360679774997894,1,2020,2021,21.451903732066796,84.04264997379333
0.50505626,-0.46663833,199,1889.884452931583,0,22.360679774997894,1,2020,2021,21.55574897891101,83.87143108064015
0.2119889,-0.12739262,202,1986.066358042619,0,14.142135623730953,1,2020,2021,21.35659248042171,84.11954576211396
-0.16401184,0.30117974,188,1937.242171943188,0,0.0,1,2020,2021,21.558533756291776,83.90044666431722
0.54056567,-0.52321655,137,1990.8268260547195,0,30.0,1,2020,2021,21.407526957031287,83.98174419753003
0.31259722,-0.4012175,190,1596.7456719875336,4,362.2154055254967,0,2021,2022,21.4038438643664,84.17012091260989
0.6456841,-0.56783754,174,1425.125935792923,6,782.3042886243178,0,2021,2022,21.493585561249937,83.87727012998693
0.5107467,-0.5160606,177,1527.9942190647123,1,914.4397191723464,0,2021,2022,21.445256198964305,83.90727386047652
0.4907804,-0.4970998,178,1516.5754685401917,4,161.24515496597098,0,2021,2022,21.510923046233444,84.11882710988667
0.5456338,-0.55814284,172,1510.849615097046,4,500.39984012787215,0,2021,2022,21.49232791985217,84.09529124944274
0.38571602,-0.30753028,159,1542.414464712143,0,174.6424919657298,0,2021,2022,21.35380770304094,83.9168858340166
0.38780805,-0.4057808,168,1441.9273054599762,1,300.8321791298265,0,2021,2022,21.561318533672548,84.08118769948206
0.3254195,-0.3953882,191,1488.760817527771,4,271.6615541441225,0,2021,2022,21.55790493559289,83.97123390870583
0.37843683,-0.4191209,181,1425.125935792923,1,537.5872022286245,0,2021,2022,21.474541277226603,83.85139864980428
0.56442887,-0.5306239,163,1488.7521340847015,4,1280.0,0,2021,2022,21.415162636946302,83.87439552107774
0.39512354,-0.41879687,160,1527.9942190647123,1,881.4193099768123,0,2021,2022,21.409323587599527,83.90466874615258
0.5635334,-0.5202781,154,1506.11527466774,4,1238.789731956154,0,2021,2022,21.35219073552953,83.85903432971931
0.35651153,-0.38088897,175,1596.4968211650848,4,330.15148038438355,0,2021,2022,21.417588088213424,84.11496435416495
0.48656458,-0.48979297,156,1464.9749150276184,4,130.384048104053,0,2021,2022,21.508048437324263,84.02639046715078
0.50022924,-0.46022537,159,1531.3260192871094,1,240.0,0,2021,2022,21.44624434577684,84.04381778366269
0.6240209,-0.5543805,203,1467.101193189621,1,574.543296888929,0,2021,2022,21.55727611489401,84.15224443845591
0.34248492,-0.44181198,177,1515.9416505098343,6,885.6635930193812,0,2021,2022,21.461336042550045,83.98093571377433
0.62620854,-0.5366415,144,1491.503583192825,3,272.02941017470886,0,2021,2022,21.475978581681197,83.93997253681847
0.3382393,-0.40970427,199,1569.3732466697693,4,281.7800560721074,0,2021,2022,21.383991096587355,84.17748709793968
-0.14106584,0.32009926,188,1460.6702898740768,0,0.0,0,2021,2022,21.59275956861673,83.85912416124772
-0.11212247,0.26557153,188,1444.0026681423187,0,0.0,0,2021,2022,21.52367912326794,83.86002247653184
0.34196293,-0.41453785,170,1559.4533474445343,5,571.4017850864661,0,2021,2022,21.476787065436906,84.1190067729435
0.4634824,-0.46265677,146,1523.130874812603,4,728.0109889280518,0,2021,2022,21.3587484371036,83.95551339123374
0.3900383,-0.41691077,157,1510.849615097046,1,40.0,0,2021,2022,21.47768538072102,84.0950217548575
0.54370826,-0.52356094,159,1462.586761713028,4,937.7632963600144,0,2021,2022,21.52835036274536,84.06232307851555
0.63503087,-0.5662543,142,1474.2084752321243,3,260.1922366251538,0,2021,2022,21.44112394865736,83.98219335517209
0.54443425,-0.5284152,312,1462.586761713028,1,1012.7191120937732,0,2021,2022,21.51837906309164,84.05396874637324
0.43674147,-0.46556193,189,1516.5754685401917,1,746.3243262818116,0,2021,2022,21.548203130524403,84.1146050280513
0.44835007,-0.459606,153,1510.849615097046,4,351.1409973215888,0,2021,2022,21.45181390053838,84.05495689318577
0.48424438,-0.48075277,186,1486.6419987678528,4,468.187996428785,0,2021,2022,21.52457743855206,84.16032927601299
-0.116029084,0.29023522,188,1444.0026681423187,0,0.0,0,2021,2022,21.533470759864844,83.85481224788394
0.5607175,-0.5213534,168,1488.7521340847015,4,771.0382610480494,0,2021,2022,21.411569375809822,83.85696820456583
0.34871668,-0.43370068,182,1441.9273054599762,5,1280.0,0,2021,2022,21.556198136553068,84.09457259721545
0.5684783,-0.53196913,368,1473.560908794403,1,1280.0,0,2021,2022,21.36997737815509,84.03240917955438
0.47401187,-0.47366098,169,1596.4968211650848,4,802.3091673413684,0,2021,2022,21.446424008833663,84.10714901119312
0.08814673,-0.14635904,201,1469.034849882126,1,1280.0,0,2021,2022,21.38749452619542,84.06897061161804
0.59550864,-0.54771787,160,1506.11527466774,4,1280.0,0,2021,2022,21.3783317102974,83.86972428160033
0.331996,-0.40876946,190,1486.6419987678528,4,844.0379138403677,0,2021,2022,21.51020439400615,84.18808721829228
0.23269883,-0.33329788,204,1467.101193189621,4,208.08652046684813,0,2021,2022,21.58557304634377,84.1769481087692
0.4260147,-0.4487013,183,1543.9708049297333,5,726.1542535852834,0,2021,2022,21.46304284158987,84.19302795235494
0.4477977,-0.42594048,163,1444.0026681423187,6,234.30749027719963,0,2021,2022,21.50436534465937,83.87439552107774
0.4762219,-0.46783242,170,1477.3682265281675,4,1280.0,0,2021,2022,21.551167570962,84.00285460670683
0.48464215,-0.49041015,164,1464.9749150276184,4,1280.0,0,2021,2022,21.538591156984324,84.01713781972434
0.017563557,-0.05453159,166,1500.3094980716703,6,724.4308110509934,0,2021,2022,21.52870968885901,83.90691453436287
0.20296082,-0.30825815,173,1596.7456719875336,4,133.41664064126334,0,2021,2022,21.44696299800413,84.16535984160406
0.50295085,-0.526982,166,1596.4968211650848,4,1280.0,0,2021,2022,21.427559387867152,84.10301676088616
0.39460325,-0.40681848,175,1425.125935792923,6,642.8841264178172,0,2021,2022,21.49151943609646,83.86792765103209
0.65690374,-0.572778,241,1469.034849882126,1,1280.0,0,2021,2022,21.378511373354225,84.09385394498814
0.37831816,-0.42306972,199,1469.034849882126,5,921.9544457292888,0,2021,2022,21.370336704268738,84.07202488358405
0.42195562,-0.47010666,208,1429.1016558408735,1,330.15148038438355,0,2021,2022,21.583237426605063,84.11343721818196
0.49411348,-0.46062446,146,1515.9416505098343,4,194.164878389476,0,2021,2022,21.474631108755016,83.95380659219391
0.23914081,-0.34229577,178,1596.7456719875336,4,1246.6354719804824,0,2021,2022,21.42513393660003,84.19482458292318
0.2940261,-0.36632538,180,1559.4533474445343,5,1280.0,0,2021,2022,21.49376522430676,84.13912903530777
0.4169718,-0.46896553,188,1516.5754685401917,1,952.732911156112,0,2021,2022,21.52412828091,84.12268986560838
0.637792,-0.5645599,149,1542.414464712143,1,1171.537451385998,0,2021,2022,21.37312148164951,83.904758577681
0.70190114,-0.6019252,402,1473.560908794403,1,1280.0,0,2021,2022,21.352729724699994,84.04956700148105
-0.21576191,0.38122365,155,1527.9942190647123,0,0.0,0,2021,2022,21.435823888481053,83.9447336078243
0.3574246,-0.39964828,168,1559.4533474445343,1,664.8308055437865,0,2021,2022,21.46205469477734,84.11801862613096
0.5664561,-0.52085656,223,1469.034849882126,1,1280.0,0,2021,2022,21.376445248200756,84.09250647206197
0.2959775,-0.37341774,207,1469.034849882126,5,622.0128616033595,0,2021,2022,21.367731589944796,84.09538108097115
0.34148294,-0.42206863,159,1500.3094980716703,1,610.7372593840988,0,2021,2022,21.501311072693365,83.92038926362467
0.33000997,-0.41824368,216,1486.6419987678528,5,582.494635168428,0,2021,2022,21.54164542895033,84.19491441445159
0.5826747,-0.5510114,208,1441.9273054599762,1,1280.0,0,2021,2022,21.593747715429263,84.08379281380601
0.2964993,-0.3868276,168,1473.560908794403,1,1280.0,0,2021,2022,21.360994225313892,84.00995129745138
0.27666184,-0.37387845,196,1486.6419987678528,5,538.5164807134504,0,2021,2022,21.539399640740037,84.15071730247291
0.33510482,-0.3999133,185,1516.5754685401917,1,858.8364221433555,0,2021,2022,21.54883195122329,84.12520514840392
0.5604027,-0.53023446,171,1596.4968211650848,4,936.0555539069248,0,2021,2022,21.42333730603179,84.10472355992599
0.5537509,-0.5660377,168,1473.8019874989986,4,1280.0,0,2021,2022,21.423427137560203,84.06915027467485
0.30674362,-0.41858232,196,1488.760817527771,5,706.1161377563892,0,2021,2022,21.55296420153024,83.95865749472816
-0.21403196,0.38891765,188,1460.6702898740768,0,0.0,0,2021,2022,21.5977901342078,83.8605614657023
0.3106803,-0.29523215,162,1515.9416505098343,6,960.4686356149272,0,2021,2022,21.480200663516555,83.98138487141638
0.15027322,-0.20595817,146,1474.2084752321243,6,666.0330322138685,0,2021,2022,21.431961132759337,83.98866122521775
0.37195283,-0.39115795,173,1527.9942190647123,4,1010.1980003939822,0,2021,2022,21.43645270917993,83.90377043086846
0.3195122,-0.35089582,160,1531.3260192871094,6,681.8357573492314,0,2021,2022,21.427649219395565,84.03734991361704
-0.20046696,0.38315794,188,1488.760817527771,0,0.0,0,2021,2022,21.57641023044576,83.9853374586665
0.38970828,-0.44660527,194,1543.9708049297333,6,842.1995013059553,0,2021,2022,21.482087125613205,84.19410593069588
0.37391305,-0.42007276,178,1543.9708049297333,1,728.9718787443039,0,2021,2022,21.4730141412436,84.17587013042827
0.34936246,-0.45340395,186,1469.034849882126,1,130.384048104053,0,2021,2022,21.39629801597979,84.0522619473334
-0.09048289,0.2468944,188,1444.0026681423187,0,0.0,0,2021,2022,21.51038405706297,83.85059016604858
0.4562867,-0.45433977,196,1570.934062719345,1,327.56678708318395,0,2021,2022,21.39809464654803,84.14757319897849
0.34092548,-0.39799812,155,1515.9416505098343,6,900.8884503644168,0,2021,2022,21.48927364788616,83.9521896246825
0.4995521,-0.52667576,168,1473.560908794403,4,1280.0,0,2021,2022,21.37375030234839,84.0176768088948
0.59492856,-0.50370705,197,1570.934062719345,1,323.8826948140329,0,2021,2022,21.396387847508205,84.1483816827342
-0.13637319,0.33089134,188,1444.0026681423187,0,0.0,0,2021,2022,21.543262396461746,83.86038180264548
0.34920081,-0.40412083,154,1491.503583192825,4,1042.3531071570708,0,2021,2022,21.48864482718728,83.94760821673349
0.26149368,-0.34091383,183,1559.4533474445343,4,346.6987164671943,0,2021,2022,21.45325120499297,84.13814088849524
0.44863176,-0.47933188,202,1429.1016558408735,1,531.5072906367325,0,2021,2022,21.567247414547737,84.14945966107514
0.22900763,-0.33835563,195,1569.3732466697693,4,729.4518489934753,0,2021,2022,21.37258249247904,84.16311405339376
0.49612266,-0.4874281,183,1477.3682265281675,1,1280.0,0,2021,2022,21.56104903908731,84.01237674871851
0.5202629,-0.5036562,185,1469.034849882126,1,996.2429422585636,0,2021,2022,21.38623688479765,84.05998745877685
0.4004884,-0.43285447,195,1569.3732466697693,1,67.0820393249937,0,2021,2022,21.394411553883145,84.19500424598
0.27469593,-0.28219846,157,1515.9416505098343,6,888.4255736976509,0,2021,2022,21.479661674346083,83.98192386058686
0.57682043,-0.5396929,150,1523.130874812603,1,1040.0,0,2021,2022,21.377882552655343,83.97797127333673
0.31824273,-0.39090934,182,1429.1016558408735,5,1280.0,0,2021,2022,21.55215571777453,84.10912530481818
0.6177076,-0.57632506,236,1425.125935792923,1,1213.7956994486349,0,2021,2022,21.457113960714683,83.87376670037887
0.35918164,-0.3937966,160,1515.9416505098343,6,598.4145720150873,0,2021,2022,21.495741517931823,83.95946597848386
0.3062147,-0.39782345,191,1569.3732466697693,5,470.1063709417264,0,2021,2022,21.398723467246917,84.19410593069588
0.23326287,-0.27989468,174,1477.3682265281675,0,1280.0,0,2021,2022,21.55098790790517,84.00770550924109
-0.09464417,0.21717066,188,1462.1980240345,0,0.0,0,2021,2022,21.596981650452094,83.92847410118175
0.1689441,-0.21970189,153,1531.3260192871094,6,300.8321791298265,0,2021,2022,21.41642027834407,84.02719895090648
0.25854445,-0.3684342,179,1596.4968211650848,4,1280.0,0,2021,2022,21.41058122899729,84.12870857801198
0.6188028,-0.5519761,149,1542.414464712143,1,1095.9014554237986,0,2021,2022,21.37348080776316,83.93619961262517
0.64666265,-0.57550055,191,1596.4968211650848,1,1071.8675291284833,0,2021,2022,21.407526957031287,84.10409473922711
0.44702843,-0.4767765,163,1506.779983997345,4,1265.8988901172163,0,2021,2022,21.50508399688667,83.95281844538138
0.42080715,-0.4538286,173,1510.849615097046,1,533.3854141237834,0,2021,2022,21.460797053379576,84.08253517240824
0.5712193,-0.5304503,172,1510.849615097046,1,536.0037313302959,0,2021,2022,21.49592118098865,84.0882843902266
0.5322812,-0.50479054,170,1500.3094980716703,1,1231.6655390161732,0,2021,2022,21.53742334711497,83.93961321070482
0.33212247,-0.42294902,184,1486.6419987678528,4,445.5333881989093,0,2021,2022,21.51900788379052,84.16167674893917
0.70794076,-0.5992439,267,1473.8019874989986,1,1280.0,0,2021,2022,21.411210049696177,84.09861501599399
0.5068229,-0.5210797,175,1462.586761713028,4,1280.0,0,2021,2022,21.51541462265404,84.08846405328343
0.53905064,-0.5239349,166,1596.4968211650848,1,1280.0,0,2021,2022,21.42926618690698,84.11676098473319
0.60246485,-0.5728908,190,1570.934062719345,1,608.0296045424104,0,2021,2022,21.38515890645671,84.12493565381868
0.47822556,-0.48485947,167,1531.3260192871094,4,867.6404785393545,0,2021,2022,21.401059086985622,84.03878721807162
0.40220016,-0.44724452,184,1543.9708049297333,1,1160.775602776006,0,2021,2022,21.48720752273269,84.17515147820096
0.5761998,-0.54370534,158,1473.8019874989986,4,1280.0,0,2021,2022,21.418755898082782,84.0581009966802
0.20972727,-0.3368253,179,1596.4968211650848,4,411.0960958218893,0,2021,2022,21.444268052151774,84.14793252509214
0.4622951,-0.4819066,171,1516.5754685401917,4,1280.0,0,2021,2022,21.505802649113964,84.10831682106247
0.21627015,-0.29434824,193,1460.6702898740768,0,22.360679774997894,0,2021,2022,21.56257617507032,83.86792765103209
0.5662733,-0.5352517,218,1429.1016558408735,1,986.154146165801,0,2021,2022,21.58844765525296,84.10571170673852
0.6785808,-0.57845247,187,1467.101193189621,1,596.824932455071,0,2021,2022,21.553233696115477,84.15314275374004
0.5052056,-0.51214325,168,1510.849615097046,1,296.98484809835,0,2021,2022,21.480021000459733,84.09897434210762
0.6080862,-0.55021405,215,1467.101193189621,1,693.1089380465382,0,2021,2022,21.559521903104308,84.15170544928544
0.3985208,-0.4405786,149,1515.9416505098343,4,1061.6967551989596,0,2021,2022,21.49089061539758,83.9507523202279
0.465559,-0.44246656,176,1477.3682265281675,4,1280.0,0,2021,2022,21.568235561360268,84.04121266933875
0.25224692,-0.35140032,158,1506.11527466774,1,290.0,0,2021,2022,21.39755565737756,83.8981110445785
-0.18360472,0.32937998,188,1488.760817527771,0,0.0,0,2021,2022,21.578206861014,83.96656266922841
0.3291086,-0.38561386,157,1515.9416505098343,6,594.8108943185221,0,2021,2022,21.488375332602043,83.97114407717741
0.50788736,-0.5182583,167,1559.4533474445343,4,434.1658669218482,0,2021,2022,21.478853190590375,84.1401171821203
0.31920767,-0.40472096,148,1523.130874812603,4,651.1528238439882,0,2021,2022,21.35407719762617,83.96692199534206
0.35358423,-0.41289198,186,1441.9273054599762,4,1106.3453348751464,0,2021,2022,21.578476355599232,84.05603487152672
0.36962938,-0.4365325,202,1469.034849882126,5,571.4017850864661,0,2021,2022,21.36422816033673,84.08406230839124
0.6014587,-0.5997918,162,1473.8019874989986,4,1280.0,0,2021,2022,21.43061365983316,84.05693318681084
0.3663259,-0.39984018,192,1516.5754685401917,6,557.8530272392541,0,2021,2022,21.546945489126635,84.12268986560838
0.37571606,-0.423519,195,1429.1016558408735,4,1279.0621564255584,0,2021,2022,21.58341708966189,84.1498189871888
0.43372434,-0.46008757,168,1500.3094980716703,4,1280.0,0,2021,2022,21.535087727376258,83.94931501577332
0.45916608,-0.45560205,171,1596.4968211650848,4,896.9392398596461,0,2021,2022,21.420911854764668,84.10364558158506
0.5237401,-0.4980238,183,1506.779983997345,1,948.1033698917012,0,2021,2022,21.54757430982552,83.95766934791563
0.31367797,-0.3714603,161,1506.779983997345,5,1280.0,0,2021,2022,21.503646692432078,83.969527109666
0.46061036,-0.4814891,143,1506.11527466774,4,1280.0,0,2021,2022,21.353448376927293,83.87861760291311
0.62641966,-0.5901577,210,1429.1016558408735,1,751.3321502504734,0,2021,2022,21.58754933996884,84.12736110508581
-0.23399499,0.38102874,188,1460.6702898740768,0,0.0,0,2021,2022,21.59320872625879,83.87520400483345
0.56,-0.53544825,157,1500.3094980716703,4,676.7569726275452,0,2021,2022,21.50526365994349,83.94608108075049
-0.16651905,0.35120228,188,1444.0026681423187,0,0.0,0,2021,2022,21.52933850955789,83.85364443801458
0.3722677,-0.38686487,191,1477.3682265281675,1,287.9236009777593,0,2021,2022,21.59868844949192,84.01075978120708
0.34363854,-0.39527705,158,1523.130874812603,4,1280.0,0,2021,2022,21.35012461037605,83.99997999779765
-0.12204007,0.31717297,188,1460.6702898740768,0,0.0,0,2021,2022,21.573984779178637,83.89388896274315
0.38812205,-0.38994664,170,1441.9273054599762,1,316.2277660168379,0,2021,2022,21.55449133751324,84.0724740412261
0.48298457,-0.5149712,161,1473.8019874989986,4,1280.0,0,2021,2022,21.42225932769085,84.05693318681084
0.14250062,0.0036394414,174,1543.9708049297333,0,596.657355607052,0,2021,2022,21.452532552765675,84.15610719417764
0.05347847,0.17164387,158,1542.414464712143,0,0.0,0,2021,2022,21.38228429754753,83.92227572572132
0.6287778,-0.5911284,158,1464.9749150276184,4,1280.0,0,2021,2022,21.53383008597849,84.0424703107365
0.569953,-0.5227687,152,1523.130874812603,4,530.0,0,2021,2022,21.35093309413176,83.99171549718376
0.36553204,-0.4654614,227,1462.586761713028,1,1190.3780911962383,0,2021,2022,21.521163840472408,84.0612451001746
0.27915457,-0.35413805,201,1569.3732466697693,4,136.01470508735443,0,2021,2022,21.39989127711627,84.16095809671188
0.27572453,-0.32067162,152,1474.2084752321243,6,940.0,0,2021,2022,21.40294554908228,83.99072735037123
0.34560412,-0.42751172,297,1425.125935792923,1,570.087712549569,0,2021,2022,21.48756684884633,83.85993264500343
0.42171383,-0.46741349,192,1516.5754685401917,1,614.00325732035,0,2021,2022,21.538680988512738,84.13805105696683
0.56458133,-0.49521708,194,1569.3732466697693,1,1210.1652779682618,0,2021,2022,21.371594345666505,84.17676844571238
0.45576409,-0.48023626,173,1473.8019874989986,1,1280.0,0,2021,2022,21.412198196508708,84.06681465493615
0.5535743,-0.5363899,198,1441.9273054599762,1,542.3098745182499,0,2021,2022,21.5857527094006,84.08873354786867
0.3035785,-0.39487565,176,1462.586761713028,4,1140.175425099138,0,2021,2022,21.507778942739023,84.07939106891382
0.5132874,-0.5010984,205,1469.034849882126,1,1190.5040949110592,0,2021,2022,21.353448376927293,84.09250647206197
0.2666174,-0.3709173,169,1596.4968211650848,4,1153.1695452100705,0,2021,2022,21.4279187139808,84.10795749494882
0.4891581,-0.51428574,173,1477.3682265281675,4,1280.0,0,2021,2022,21.555569315854186,84.0101309605082
0.42215568,-0.4666152,191,1441.9273054599762,1,251.79356624028344,0,2021,2022,21.580542480752705,84.0860386020163
0.46083486,-0.40712854,170,1559.4533474445343,4,318.27660925679095,0,2021,2022,21.471397173732186,84.14972915566038
0.43076923,-0.47059792,216,1570.934062719345,1,1280.0,0,2021,2022,21.36359933963784,84.10903547328977
0.53749514,-0.5415872,200,1441.9273054599762,1,1280.0,0,2021,2022,21.592490074031492,84.07966056349906
0.466548,-0.50266,149,1523.130874812603,4,1280.0,0,2021,2022,21.36997737815509,83.9890205513314
0.64072865,-0.563443,148,1506.11527466774,1,818.5963596303125,0,2021,2022,21.37698423737122,83.89541609872614
0.26645333,-0.3442623,180,1543.9708049297333,4,304.63092423455635,0,2021,2022,21.474720940283422,84.16733613522912
0.5820443,-0.56261235,141,1523.130874812603,4,1053.850084215018,0,2021,2022,21.354975512910293,83.95299810843821
0.5640557,-0.5302409,177,1500.3094980716703,1,581.3776741499454,0,2021,2022,21.54577767925728,83.92982157410792
-0.14803134,0.31218383,188,1460.6702898740768,0,0.0,0,2021,2022,21.59428670459973,83.8875109242259
0.35032645,-0.42655337,190,1429.1016558408735,1,822.1921916437786,0,2021,2022,21.574074610707047,84.1310441977507
0.25726932,-0.3669509,197,1467.101193189621,4,438.29214001622256,0,2021,2022,21.55610830502465,84.16778529287119
0.31506106,-0.41406476,198,1570.934062719345,1,412.31056256176606,0,2021,2022,21.39297424942855,84.1362544263986
0.3946159,-0.31860313,142,1515.9416505098343,3,36.05551275463989,0,2021,2022,21.47040902691965,83.95048282564267
0.38350484,-0.4282543,207,1486.6419987678528,5,368.78177829171545,0,2021,2022,21.53275210763755,84.17649895112714
0.5313732,-0.5253583,165,1464.9749150276184,4,1280.0,0,2021,2022,21.542184418120804,84.03663126138973
0.15095942,-0.038561724,192,1462.1980240345,0,14.142135623730953,0,2021,2022,21.552694706945,83.92047909515308
0.5793015,-0.5208181,190,1516.5754685401917,1,131.52946437965906,0,2021,2022,21.521882492699703,84.13194251303482
0.266819,-0.37807235,188,1516.5754685401917,5,414.3669871020132,0,2021,2022,21.5279012051033,84.14901050343309
0.412787,-0.43577152,179,1469.034849882126,1,1162.9703349613008,0,2021,2022,21.385248737985123,84.06151459475984
0.525212,-0.48432502,179,1596.7456719875336,1,1253.2358118087752,0,2021,2022,21.433667931799164,84.18314648422962
0.74083567,-0.62021416,412,1467.101193189621,1,1180.7201192492655,0,2021,2022,21.5895256335939,84.19886700170171
0.3111931,-0.39324838,189,1429.1016558408735,4,460.0,0,2021,2022,21.564282974110142,84.12736110508581
0.2523648,-0.3475697,183,1596.4968211650848,5,1280.0,0,2021,2022,21.404293022008456,84.13499678500082
0.66343594,-0.6029274,173,1596.4968211650848,1,990.0505037623082,0,2021,2022,21.417588088213424,84.12089323504014
0.566129,-0.5255302,171,1473.8019874989986,1,1280.0,0,2021,2022,21.423247474503377,84.07139606288516
0.53667635,-0.5213649,145,1542.414464712143,4,330.0,0,2021,2022,21.3692587259278,83.91383156205059
0.25295508,-0.35135135,200,1488.760817527771,5,276.5863337187866,0,2021,2022,21.576230567388933,83.996566399718
-0.17606279,0.36274394,188,1462.1980240345,0,0.0,0,2021,2022,21.58763917149725,83.90682470283446
0.6271396,-0.5878937,156,1515.9416505098343,4,371.0795063055895,0,2021,2022,21.48594988133492,83.96925761508076
0.45913866,-0.49374983,169,1474.2084752321243,1,1280.0,0,2021,2022,21.403125212139106,83.95066248869949
0.46741572,-0.46214488,152,1531.3260192871094,4,1280.0,0,2021,2022,21.441932432413065,84.00267494365002
0.2906099,-0.3925328,182,1596.4968211650848,4,1280.0,0,2021,2022,21.405550663406224,84.13346964901781
0.43721345,-0.43578818,186,1506.779983997345,0,1081.711606667877,0,2021,2022,21.52502659619412,83.98291200739939
0.57839775,-0.56200784,188,1516.5754685401917,6,466.9047011971501,0,2021,2022,21.53158429776819,84.10274726630092
0.59725744,-0.5448342,167,1477.3682265281675,4,1280.0,0,2021,2022,21.55476083209848,84.04327879449222
0.48751932,-0.5177849,194,1486.6419987678528,1,450.0,0,2021,2022,21.54155559742192,84.15898180308682
0.52573407,-0.5279382,190,1570.934062719345,1,377.3592452822641,0,2021,2022,21.39513020611044,84.12134239268221
0.6266108,-0.55747604,216,1429.1016558408735,1,401.62171256046406,0,2021,2022,21.590064622764373,84.11613216403431
0.44057393,-0.4859049,187,1516.5754685401917,1,644.9806198638839,0,2021,2022,21.531853792353427,84.10966429398864
0.3899476,-0.40458566,179,1473.560908794403,5,190.0,0,2021,2022,21.39764548890597,84.02917524453154
0.38684544,-0.4119166,178,1596.7456719875336,1,450.0,0,2021,2022,21.42441528437273,84.1768582772408
0.597561,-0.5539739,209,1467.101193189621,1,751.3321502504734,0,2021,2022,21.5594320715759,84.19051266955941
0.5537163,-0.53756976,199,1486.6419987678528,1,680.294054067798,0,2021,2022,21.54425054327428,84.16032927601299
0.30101505,-0.39370078,188,1543.9708049297333,5,511.0772935672255,0,2021,2022,21.491968593738523,84.16068860212664
0.3990461,-0.4449918,189,1441.9273054599762,1,784.3468620451031,0,2021,2022,21.596712155866857,84.05675352375401
0.308269,-0.3809314,178,1596.4968211650848,1,887.693640846886,0,2021,2022,21.40698796786081,84.1070591796647
0.22958337,-0.31350815,179,1462.586761713028,1,939.1485505499116,0,2021,2022,21.549281108865348,84.09825568988033
0.43412504,-0.4503053,146,1523.130874812603,1,1087.566089945802,0,2021,2022,21.371504514138092,83.97536615901278
0.47546852,-0.48424843,170,1504.7035248279572,4,1280.0,0,2021,2022,21.496819496272767,84.0378889027875
0.34274593,-0.41590214,187,1516.5754685401917,4,186.01075237738277,0,2021,2022,21.53984879838209,84.1055320436817
0.4119688,-0.47614092,256,1500.3094980716703,1,906.2008607367352,0,2021,2022,21.50095174657972,83.92649780755669
0.30558628,-0.39376035,182,1506.779983997345,5,518.6520991955977,0,2021,2022,21.547933635939167,83.96782031062618
0.50296915,-0.49453795,155,1510.849615097046,4,488.2622246293481,0,2021,2022,21.457563118356745,84.05253144191865
0.49986026,-0.47291735,163,1527.9942190647123,4,1280.0,0,2021,2022,21.43905782350388,83.92326387253385
0.5036005,-0.49592826,144,1523.130874812603,4,1176.860229593982,0,2021,2022,21.35524500749553,83.95811850555769
0.58584917,-0.56318825,177,1464.9749150276184,4,735.5270219373317,0,2021,2022,21.53643520030244,84.0048309003319
0.6779576,-0.55665636,219,1569.3732466697693,1,1182.7087553578017,0,2021,2022,21.3678214214732,84.19608222432095
0.481354,-0.453556,161,1515.9416505098343,6,840.0,0,2021,2022,21.485860049806508,83.99000869814392
-0.14855415,0.26476854,188,1488.760817527771,0,0.0,0,2021,2022,21.59204091638944,83.95317777149504
0.25017518,-0.16297261,181,1477.3682265281675,0,1280.0,0,2021,2022,21.57982382852541,84.02019209169035
0.38126734,-0.44464186,190,1429.1016558408735,1,836.0023923410746,0,2021,2022,21.579733996997,84.13823072002366
0.5483506,-0.4865989,155,1515.9416505098343,6,743.3034373659252,0,2021,2022,21.467714081067296,83.97815093639355
0.075287424,-0.14512661,165,1510.849615097046,4,1280.0,0,2021,2022,21.451095248311084,84.06798246480551
0.6212842,-0.57357186,199,1543.9708049297333,1,600.832755431992,0,2021,2022,21.48541089216445,84.19096182720146
0.56543624,-0.5567297,169,1516.5754685401917,4,1280.0,0,2021,2022,21.50795860579585,84.10086080420427
0.478463,-0.4905251,174,1559.4533474445343,4,420.11903075200007,0,2021,2022,21.485231229107622,84.14056633976236
0.20590968,-0.31007847,202,1477.3682265281675,5,979.897953870708,0,2021,2022,21.570930507212623,84.00213595447954
0.48982608,-0.48274693,192,1543.9708049297333,4,201.24611797498108,0,2021,2022,21.476337907794843,84.191949974014
0.47514236,-0.4975,161,1473.8019874989986,1,1280.0,0,2021,2022,21.430883154418392,84.07103673677152
0.2899719,-0.409367,185,1441.9273054599762,1,1280.0,0,2021,2022,21.591591758747377,84.06259257310079
0.61330533,-0.54832613,164,1491.503583192825,1,94.8683298050514,0,2021,2022,21.4549580040328,83.94715905909143
0.6348051,-0.56713176,204,1486.6419987678528,1,78.10249675906654,0,2021,2022,21.53921997768321,84.18539227243993
0.39291736,-0.44802606,185,1516.5754685401917,5,410.1219330881975,0,2021,2022,21.54523869008681,84.133289985961
0.3637836,-0.46485734,191,1543.9708049297333,1,630.3173803727769,0,2021,2022,21.46528862980017,84.19132115331512
0.435481,-0.43230915,163,1425.125935792923,6,268.70057685088807,0,2021,2022,21.486578702033803,83.89748222387962
0.28874388,-0.37733498,175,1543.9708049297333,4,711.6881339463234,0,2021,2022,21.45370036263503,84.18054136990568
0.5396935,-0.5123394,169,1506.779983997345,1,1280.0,0,2021,2022,21.5075992796822,83.98057638766068
0.6101306,-0.5841329,169,1596.4968211650848,1,939.6275858019496,0,2021,2022,21.420732191707845,84.12008475128444
0.36700538,-0.4024222,144,1515.9416505098343,6,170.0,0,2021,2022,21.454329183333915,83.99027819272916
0.6017195,-0.544536,159,1464.9749150276184,1,350.5709628591621,0,2021,2022,21.50840776343791,84.03079221204295
0.58359975,-0.536216,207,1477.3682265281675,1,1280.0,0,2021,2022,21.58701035079837,84.02360568977
0.36483368,-0.38577822,163,1500.3094980716703,6,439.317652729776,0,2021,2022,21.532662276109136,83.91490954039153
0.5656391,-0.5188172,211,1569.3732466697693,1,1280.0,0,2021,2022,21.35946708933089,84.18305665270121
0.37583485,-0.46146405,173,1510.849615097046,4,288.61739379323626,0,2021,2022,21.459808906567044,84.0987048475224
0.2879111,-0.39705345,171,1596.7456719875336,4,628.0127387243033,0,2021,2022,21.44327990533924,84.171019227894
0.47990182,-0.5083659,159,1504.7035248279572,4,880.2272433866154,0,2021,2022,21.49071095234076,84.02441417352571
0.551163,-0.5087156,193,1596.7456719875336,1,393.19206502675,0,2021,2022,21.4466935034189,84.19365677305383
0.55279505,-0.5391073,153,1506.11527466774,4,1280.0,0,2021,2022,21.380757161564524,83.87529383636186
0.458327,-0.48334074,182,1516.5754685401917,1,1178.81296226331,0,2021,2022,21.542723407291277,84.14496808465455
0.536617,-0.5389858,197,1425.125935792923,1,130.0,0,2021,2022,21.47993116893132,83.85849534054883
0.19757102,-0.25930822,157,1515.9416505098343,6,371.6180835212409,0,2021,2022,21.47490060334025,83.95722019027357
-0.19463885,0.29654887,140,1515.9416505098343,0,0.0,0,2021,2022,21.46744458648206,83.95937614695545
0.3372471,-0.39896786,183,1488.760817527771,5,318.27660925679095,0,2021,2022,21.56500162633744,83.98318150198462
0.28873342,-0.37790245,191,1486.6419987678528,1,554.7071299343465,0,2021,2022,21.50283820867637,84.17048023872354
0.6535643,-0.5435323,200,1570.934062719345,1,861.278120005379,0,2021,2022,21.3805774985077,84.13697307862589
0.3944105,-0.4250665,165,1559.4533474445343,5,89.44271909999159,0,2021,2022,21.46978020622077,84.1182881207162
0.34942758,-0.41161156,186,1596.7456719875336,6,593.0430001273095,0,2021,2022,21.42154067546355,84.17308535304748
0.34249395,-0.43473038,187,1488.760817527771,5,152.31546211727817,0,2021,2022,21.55359302222912,83.97635430582531
0.48806113,-0.48995855,178,1464.9749150276184,4,644.437739428721,0,2021,2022,21.53607587418879,84.00366309046255
0.25287968,-0.35935396,192,1477.3682265281675,5,454.8626166217664,0,2021,2022,21.584674731059657,84.03833806042957
0.2341278,-0.3620837,196,1467.101193189621,4,281.7800560721074,0,2021,2022,21.554671000570064,84.17137855400766
0.6426296,-0.5839151,149,1506.11527466774,4,956.922149393565,0,2021,2022,21.37491811221775,83.8801447388961
0.5431181,-0.5251636,170,1510.849615097046,4,731.6419889536138,0,2021,2022,21.49879578989783,84.07597747083418
0.6444929,-0.58883184,257,1425.125935792923,1,721.1102550927978,0,2021,2022,21.491788930681697,83.86020213958867
0.71958506,-0.62721515,145,1515.9416505098343,1,272.9468812791236,0,2021,2022,21.45145457442473,83.98057638766068
0.30232558,-0.39063993,174,1462.586761713028,4,1280.0,0,2021,2022,21.503556860903664,84.06654516035091
0.5559528,-0.5061429,179,1486.6419987678528,1,342.0526275297414,0,2021,2022,21.50670096439808,84.15646652029127
0.4380462,-0.4254776,159,1491.503583192825,3,94.33981132056604,0,2021,2022,21.455766487788505,83.93826573777865
-0.20614804,0.3904484,188,1460.6702898740768,0,0.0,0,2021,2022,21.558533756291776,83.8801447388961
0.71061474,-0.6174073,223,1486.6419987678528,1,189.7366596101028,0,2021,2022,21.53895048309797,84.1889855335764
0.21929571,-0.3486881,200,1467.101193189621,4,1195.0313803411188,0,2021,2022,21.59419687307132,84.16742596675753
0.41823444,-0.45185184,192,1429.1016558408735,1,90.55385138137416,0,2021,2022,21.576320398917343,84.10355575005664
-0.21259843,0.33425122,188,1488.760817527771,0,0.0,0,2021,2022,21.58772900302566,83.98381032268351
0.5122947,-0.49684232,177,1516.5754685401917,1,922.0086767487604,0,2021,2022,21.51146203540392,84.13302049137576
0.15873154,-0.2371538,159,1515.9416505098343,6,1072.2872749408157,0,2021,2022,21.46609711355588,83.98713408923474
0.34193167,-0.41782627,177,1596.4968211650848,1,143.17821063276352,0,2021,2022,21.438878160447057,84.12745093661421
0.56657535,-0.5341069,179,1477.3682265281675,4,1280.0,0,2021,2022,21.56006089227478,84.01219708566168
0.4972477,-0.43616,180,1486.6419987678528,1,674.7592163134935,0,2021,2022,21.51909771531893,84.1596106237857
0.27396262,-0.38925642,204,1569.3732466697693,4,423.7924020083418,0,2021,2022,21.364677317978785,84.15673601487651
0.69047946,-0.6039682,498,1473.560908794403,1,1280.0,0,2021,2022,21.36126371989913,84.04723138174235
0.44186047,-0.4051804,156,1510.849615097046,1,356.93136595149497,0,2021,2022,21.481548136442736,84.0566636922256
0.28960627,-0.34963247,162,1527.9942190647123,5,183.5755975068582,0,2021,2022,21.43115264900363,83.93817590625024
0.37546858,-0.41978922,196,1441.9273054599762,1,870.0,0,2021,2022,21.586561193156307,84.0828944985219
0.3879552,-0.4477721,168,1510.849615097046,1,884.8163651289458,0,2021,2022,21.47157683678901,84.07651646000464
0.48117685,-0.4782151,173,1477.3682265281675,4,1280.0,0,2021,2022,21.554042179871185,84.00051898696813
0.14783679,-0.07967367,158,1491.503583192825,0,120.41594578792296,0,2021,2022,21.46933104857871,83.91302307829488
-0.15858002,0.3633829,188,1462.1980240345,0,0.0,0,2021,2022,21.570301686513744,83.91553836109043
0.59961236,-0.5545953,163,1473.560908794403,4,1280.0,0,2021,2022,21.38740469466701,84.01264624330375
0.62626773,-0.55868775,180,1425.125935792923,1,1280.0,0,2021,2022,21.46501913521493,83.8545427532987
0.54594034,-0.49533126,155,1473.8019874989986,4,1280.0,0,2021,2022,21.432230627344573,84.06501802436792
0.2320964,-0.3415718,139,1474.2084752321243,5,382.099463490856,0,2021,2022,21.40698796786081,83.96898812049554
0.46729776,-0.4270768,156,1473.8019874989986,1,422.0189569201838,0,2021,2022,21.449298617742844,84.05378908331642
0.56744176,-0.5233593,169,1488.7521340847015,4,656.2011886609167,0,2021,2022,21.41237785956553,83.86092079181596
0.54091525,-0.52427185,145,1542.414464712143,1,570.087712549569,0,2021,2022,21.37123501955286,83.94329630336972
0.61653304,-0.5753738,175,1506.779983997345,4,1046.3746938836011,0,2021,2022,21.541825092007155,83.99710538888847
0.6430446,-0.55818295,216,1569.3732466697693,1,816.884324736373,0,2021,2022,21.374019796933627,84.18934485969005
0.47715393,-0.49401337,161,1473.8019874989986,4,1280.0,0,2021,2022,21.428996692321743,84.0544179040153
0.54670656,-0.50436807,150,1504.7035248279572,4,304.138126514911,0,2021,2022,21.47067852150489,84.01857512417894
0.40269342,-0.43878657,186,1543.9708049297333,1,953.4149149242422,0,2021,2022,21.497178822386413,84.18377530492852
0.53779924,-0.52936757,143,1523.130874812603,4,1201.0412149464314,0,2021,2022,21.35057376801811,83.95156080398361
0.438801,-0.34877065,175,1506.779983997345,0,1280.0,0,2021,2022,21.512899339858507,83.99342229622359
0.508782,-0.50143266,148,1523.130874812603,4,807.5270893288967,0,2021,2022,21.39800481501962,83.98875105674617
0.376979,-0.39132062,158,1515.9416505098343,6,803.0566605165541,0,2021,2022,21.48900415330093,83.95308793996662
0.3059685,-0.35684648,157,1444.0026681423187,4,170.29386365926402,0,2021,2022,21.50858742649473,83.89496694108408
0.20864989,-0.24159022,175,1488.7521340847015,6,893.5882720806042,0,2021,2022,21.426661072583038,83.89900935986262
0.36177474,-0.42020962,172,1473.8019874989986,4,1280.0,0,2021,2022,21.420013539480543,84.07121639982833
0.43224254,-0.4931435,166,1527.9942190647123,1,483.3218389437829,0,2021,2022,21.406448978690342,83.92730629131239
0.69372666,-0.5982437,170,1444.0026681423187,1,106.3014581273465,0,2021,2022,21.50283820867637,83.88194136946436
0.60431516,-0.50596744,195,1569.3732466697693,1,582.494635168428,0,2021,2022,21.384080928115768,84.1678751243996
0.31591916,-0.38163,184,1596.7456719875336,5,1280.0,0,2021,2022,21.40626931563352,84.18323631575804
0.2619532,-0.34983677,190,1441.9273054599762,4,192.09372712298543,0,2021,2022,21.58188995367889,84.08990135773801
0.537852,-0.50999284,177,1527.9942190647123,1,623.6184731067545,0,2021,2022,21.41255752262236,83.94832686896079
-0.20883882,0.42410454,188,1462.1980240345,0,0.0,0,2021,2022,21.56077954450208,83.92146724196562
0.27183095,-0.35410538,178,1464.9749150276184,1,313.8470965295043,0,2021,2022,21.531314803182955,84.00321393282049
0.4356683,-0.36584145,169,1441.9273054599762,0,1280.0,0,2021,2022,21.552874370001824,84.05325009414594
-0.20095219,0.36837482,188,1488.760817527771,0,0.0,0,2021,2022,21.57191865402516,83.9551540651201
-0.16911505,0.31875774,188,1462.1980240345,0,0.0,0,2021,2022,21.593388389315617,83.9297317425795
0.35415366,-0.38353541,162,1504.7035248279572,4,878.2368700982669,0,2021,2022,21.47211582595948,84.04956700148105
-0.14650121,0.33117235,188,1444.0026681423187,0,0.0,0,2021,2022,21.53517755890467,83.86505304212291
0.24777415,-0.3729988,176,1596.7456719875336,4,610.0,0,2021,2022,21.4279187139808,84.18395496798533
0.510466,-0.48639303,160,1473.560908794403,4,1280.0,0,2021,2022,21.35219073552953,84.00393258504778
0.35323384,-0.44777113,215,1467.101193189621,1,440.4543109109048,0,2021,2022,21.582698437434598,84.18548210396834
0.5942857,-0.588386,162,1473.8019874989986,4,1280.0,0,2021,2022,21.413725332491712,84.06385021449856
0.47924915,-0.4527669,135,1542.414464712143,3,152.31546211727817,0,2021,2022,21.36431799186514,83.93619961262517
0.4650083,-0.48695505,170,1506.779983997345,4,1280.0,0,2021,2022,21.512540013744857,83.99647656818959
0.4248458,-0.44344988,179,1441.9273054599762,4,225.6102834535696,0,2021,2022,21.578206861014,84.07498932402164
0.35309,-0.42222223,181,1510.849615097046,5,85.44003745317531,0,2021,2022,21.459090254339745,84.08693691730042
0.38226354,-0.47446716,200,1467.101193189621,1,933.4345183246652,0,2021,2022,21.561588028257784,84.17308535304748
0.5139499,-0.4723201,176,1500.3094980716703,6,622.9767250869008,0,2021,2022,21.53751317864338,83.92703679672715
0.4124866,-0.46280468,174,1596.4968211650848,1,643.2728814430156,0,2021,2022,21.423966126730672,84.11316772359672
0.63572115,-0.6042848,362,1469.034849882126,1,1280.0,0,2021,2022,21.381745308377056,84.05271110497547
0.20454091,-0.2328274,164,1515.9416505098343,6,898.7213138676527,0,2021,2022,21.48424308229509,83.98443914338239
-0.2038065,0.36132315,188,1488.760817527771,0,0.0,0,2021,2022,21.56634909926362,83.96880845743871
0.30872312,-0.40977803,177,1596.7456719875336,4,595.4829972383762,0,2021,2022,21.42333730603179,84.1776667609965
0.34639484,-0.36751524,154,1531.3260192871094,1,230.8679276123039,0,2021,2022,21.449927438441726,84.0499263275947
0.5409204,-0.52315235,166,1462.586761713028,1,1280.0,0,2021,2022,21.50095174657972,84.05917897502113
0.32451555,-0.40760145,184,1429.1016558408735,5,1263.1706139710502,0,2021,2022,21.55215571777453,84.10858631564771
0.55686736,-0.52732575,447,1429.1016558408735,1,1280.0,0,2021,2022,21.59904777560557,84.10068114114746
0.474949,-0.48912793,151,1504.7035248279572,4,391.1521443121589,0,2021,2022,21.47067852150489,84.01336489553104
0.55624646,-0.50890654,157,1506.11527466774,4,1280.0,0,2021,2022,21.384530085757827,83.86846664020256
0.14987531,-0.13389893,161,1527.9942190647123,6,1280.0,0,2021,2022,21.433667931799164,83.9229045464202
0.5108091,-0.4987745,194,1486.6419987678528,1,590.0,0,2021,2022,21.50975523636409,84.1958127297357
0.31497943,-0.40213156,193,1477.3682265281675,4,130.0,0,2021,2022,21.591501927218964,84.0499263275947
0.29851177,-0.35538185,168,1510.849615097046,6,470.7440918375928,0,2021,2022,21.487477017317925,84.07337235651022
-0.15634972,0.33232322,188,1460.6702898740768,0,0.0,0,2021,2022,21.57308646389452,83.85966315041819
0.41277906,-0.44140747,190,1543.9708049297333,4,76.15773105863909,0,2021,2022,21.47157683678901,84.19994498004266
0.2427444,-0.3304914,149,1500.3094980716703,4,554.4366510251645,0,2021,2022,21.506341638284432,83.90592638755034
0.5025473,-0.49380937,165,1491.503583192825,6,169.70562748477138,0,2021,2022,21.453969857220265,83.9453624285232
-0.15616438,0.34398296,188,1444.0026681423187,0,0.0,0,2021,2022,21.5346385697342,83.86101062334437
0.55996615,-0.54887474,142,1523.130874812603,1,197.9898987322333,0,2021,2022,21.367102769245907,83.9612626090521
0.4282303,-0.43156117,181,1506.779983997345,5,1181.905241548577,0,2021,2022,21.546496331484576,83.95964564154069
0.543058,-0.5325091,174,1488.7521340847015,4,1051.9030373565806,0,2021,2022,21.432589953458223,83.8507698291054
0.5189477,-0.5392459,171,1506.779983997345,4,1280.0,0,2021,2022,21.535267390433084,83.95578288581898
0.4844026,-0.505447,162,1531.3260192871094,4,644.0496875241847,0,2021,2022,21.40294554908228,84.03420581012261
0.51575863,-0.5258239,191,1441.9273054599762,1,503.2891812864648,0,2021,2022,21.585034057173303,84.09017085232325
0.50904644,-0.499757,176,1516.5754685401917,4,1172.7318534089538,0,2021,2022,21.513258665972156,84.10616086438058
0.60865015,-0.558345,142,1542.414464712143,4,645.6004956627589,0,2021,2022,21.373929965405218,83.90942981715841
0.5824384,-0.5314076,178,1500.3094980716703,4,573.846669416143,0,2021,2022,21.544699700916336,83.94446411323906
-0.05786157,0.20427553,158,1491.503583192825,0,0.0,0,2021,2022,21.49223808832376,83.90799251270381
0.28235534,-0.31048894,158,1473.8019874989986,6,1280.0,0,2021,2022,21.43654254070835,84.07570797624894
0.6328063,-0.5919075,170,1510.849615097046,1,602.0797289396147,0,2021,2022,21.493046572079464,84.08720641188566
0.47907805,-0.4783834,165,1504.7035248279572,4,1280.0,0,2021,2022,21.49699915932959,84.03321766331008
0.26123777,-0.33467382,163,1510.849615097046,5,320.1562118716424,0,2021,2022,21.47849386447673,84.08918270551072
0.25910673,-0.37138438,185,1429.1016558408735,4,347.1310991541957,0,2021,2022,21.57164915943992,84.10822698953406
0.56859034,-0.5479414,160,1506.11527466774,4,1280.0,0,2021,2022,21.36746209535956,83.85849534054883
0.55987155,-0.539158,161,1506.11527466774,6,973.0878685915264,0,2021,2022,21.35156191483064,83.85580039469647
0.5859106,-0.55381215,197,1441.9273054599762,1,929.569792968769,0,2021,2022,21.597969797264625,84.06079594253255
0.50103104,-0.5141151,196,1429.1016558408735,1,776.2087348130012,0,2021,2022,21.56661859384885,84.14074600281918
0.62128633,-0.60302687,161,1515.9416505098343,4,1085.7716150277645,0,2021,2022,21.483344767010973,83.95281844538138
0.33671874,-0.4033217,170,1596.7456719875336,4,371.21422386541167,0,2021,2022,21.443729062981305,84.16805478745641
0.6084656,-0.5589744,172,1506.11527466774,4,1187.0130580579137,0,2021,2022,21.3933335755422,83.85121898674747
0.5710002,-0.54035115,157,1515.9416505098343,6,150.33296378372907,0,2021,2022,21.486938028147453,83.96449654407493
0.5352798,-0.542473,164,1531.3260192871094,4,872.0091742636656,0,2021,2022,21.402316728383397,84.03806856584433
0.28660825,-0.38731444,149,1531.3260192871094,4,1125.8774356030056,0,2021,2022,21.4324102904014,84.01345472705945
0.34370258,-0.41800532,184,1429.1016558408735,5,136.01470508735443,0,2021,2022,21.56051004991684,84.12619329521645
0.38759825,-0.4040297,152,1504.7035248279572,6,180.27756377319943,0,2021,2022,21.47984133740291,84.01498186304245
-0.15734072,0.32396024,188,1460.6702898740768,0,0.0,0,2021,2022,21.591232432633728,83.88688210352701
0.3932264,-0.47138554,374,1473.560908794403,1,1280.0,0,2021,2022,21.37042653579715,84.03070238051454
0.3272141,-0.4090071,173,1596.4968211650848,4,1019.803902718557,0,2021,2022,21.414443984719007,84.14371044325678
-0.15535766,0.3264367,188,1462.1980240345,0,0.0,0,2021,2022,21.589705296650724,83.90430942003893
0.2792487,-0.39476678,197,1467.101193189621,4,471.6990566028302,0,2021,2022,21.57874585018447,84.16814461898483
0.4982538,-0.5076878,165,1488.7521340847015,4,621.6912416947821,0,2021,2022,21.412018533451885,83.8628072539126
0.31837043,-0.40645885,177,1469.034849882126,4,1280.0,0,2021,2022,21.394681048468374,84.0754384816637
0.3823149,-0.44376034,163,1473.560908794403,5,1280.0,0,2021,2022,21.36530613867767,84.01129877037756
0.5195707,-0.54048,433,1473.8019874989986,1,1280.0,0,2021,2022,21.414713479304243,84.0890030424539
0.54706496,-0.51445085,199,1543.9708049297333,1,740.0,0,2021,2022,21.48029049504497,84.19823818100284
0.44967166,-0.40352803,143,1515.9416505098343,0,64.03124237432849,0,2021,2022,21.45675463460104,83.9641372179613
0.54414123,-0.5159155,172,1527.9942190647123,4,1280.0,0,2021,2022,21.438698497390234,83.90925015410158
0.36543804,-0.40956023,143,1531.3260192871094,3,243.5159132377184,0,2021,2022,21.418486403497543,84.01938360793464
0.524827,-0.5204038,197,1429.1016558408735,1,375.8989225842501,0,2021,2022,21.584495068002838,84.13212217609164
0.37168714,-0.41243032,200,1467.101193189621,1,310.0,0,2021,2022,21.560599881445253,84.18090069601932
0.64054567,-0.5699669,146,1474.2084752321243,4,751.3321502504734,0,2021,2022,21.41929488725325,83.96782031062618
0.4022075,-0.44356346,179,1559.4533474445343,6,1028.2509421342634,0,2021,2022,21.460797053379576,84.12646278980168
0.25835404,-0.29413453,156,1515.9416505098343,6,331.05890714493694,0,2021,2022,21.466905597311587,83.97410851761501
0.2944287,-0.38053477,183,1506.779983997345,4,332.8663395418648,0,2021,2022,21.546945489126635,83.97060508800695
0.28015035,-0.399789,183,1559.4533474445343,4,342.34485537247383,0,2021,2022,21.45370036263503,84.13607476334177
0.6691056,-0.59334964,135,1523.130874812603,1,114.0175425099138,0,2021,2022,21.375636764445044,83.9545252444212
0.3082896,-0.42527995,163,1473.560908794403,5,1280.0,0,2021,2022,21.357131469592183,84.01210725413327
-0.017957352,0.16982922,134,1523.130874812603,0,0.0,0,2021,2022,21.377074068899635,83.96683216381365
0.6184602,-0.5806482,169,1464.9749150276184,4,1122.9425630903836,0,2021,2022,21.54110643977986,84.0041122481046
0.3764706,-0.40869564,202,1570.934062719345,1,388.9730067755345,0,2021,2022,21.38039783545088,84.14568673688184
0.5551102,-0.51182854,159,1527.9942190647123,4,624.2595614005443,0,2021,2022,21.44121378018577,83.93745725402293
0.35350597,-0.42273873,190,1467.101193189621,4,545.6189146281496,0,2021,2022,21.57650006197417,84.15404106902416
0.27878463,-0.32983187,178,1506.779983997345,6,1280.0,0,2021,2022,21.510563720119794,83.98443914338239
0.6182765,-0.5609484,151,1506.11527466774,4,1280.0,0,2021,2022,21.3692587259278,83.87304804815157
0.5195329,-0.5040406,185,1516.5754685401917,1,603.0754513325841,0,2021,2022,21.54496919550157,84.13742223626794
0.3176577,-0.38708255,194,1429.1016558408735,1,335.4101966249684,0,2021,2022,21.57730854572988,84.11020328315912
0.31751853,-0.4147047,189,1516.5754685401917,4,572.4508712544684,0,2021,2022,21.549281108865348,84.13984768753507
0.6131989,-0.533101,203,1543.9708049297333,1,1280.0,0,2021,2022,21.48675836509063,84.19904666475854
0.57830787,-0.54387504,167,1491.503583192825,1,123.6931687685298,0,2021,2022,21.478224369891493,83.92380286170432
0.348085,-0.4037676,157,1491.503583192825,6,487.6474136094644,0,2021,2022,21.48720752273269,83.94212849350036
-0.16680092,0.25650844,140,1515.9416505098343,0,0.0,0,2021,2022,21.470139532334414,83.95605238040422
-0.10757606,0.29870617,188,1460.6702898740768,0,0.0,0,2021,2022,21.584944225644893,83.87879726596994
0.3724304,-0.40965337,167,1527.9942190647123,4,1076.1505470890213,0,2021,2022,21.416240615287247,83.90969931174365
0.4542457,-0.48119122,147,1474.2084752321243,1,310.4834939252005,0,2021,2022,21.40878459842905,83.98937987744505
0.42748207,-0.43426296,164,1559.4533474445343,1,319.5309061734092,0,2021,2022,21.46528862980017,84.11622199556273
0.44655412,-0.45687053,176,1506.779983997345,1,1220.0,0,2021,2022,21.53652503183085,83.96243041892146
-0.1790343,0.3942625,188,1460.6702898740768,0,0.0,0,2021,2022,21.55278453847341,83.88804991339636
0.4140217,-0.4560717,149,1491.503583192825,1,368.78177829171545,0,2021,2022,21.483883756181445,83.92604864991462
0.49864373,-0.49691686,190,1516.5754685401917,1,773.8862965578342,0,2021,2022,21.528440194273774,84.14137482351806
0.35904178,-0.42597324,160,1474.2084752321243,1,1280.0,0,2021,2022,21.400699760871976,83.95389642372233
0.45557612,-0.4687934,157,1500.3094980716703,1,130.0,0,2021,2022,21.51721125322228,83.90933998563
-0.041326918,0.193333,168,1444.0026681423187,0,0.0,0,2021,2022,21.50939591025044,83.86451405295243
0.5243125,-0.50987643,175,1488.7521340847015,4,910.0,0,2021,2022,21.401059086985622,83.85050033452016
0.25701773,-0.33771187,176,1425.125935792923,4,364.0054944640259,0,2021,2022,21.476068413209607,83.87637181470281
0.63269365,-0.5766644,228,1473.560908794403,1,1280.0,0,2021,2022,21.38470974881465,84.0356431145772
-0.16800657,0.34169024,188,1488.760817527771,0,0.0,0,2021,2022,21.581800122150472,83.98057638766068
-0.16383833,0.32987142,188,1460.6702898740768,0,0.0,0,2021,2022,21.57425427376387,83.85849534054883
-0.20601971,0.38695782,188,1460.6702898740768,0,0.0,0,2021,2022,21.55125740249041,83.89829070763533
0.5269488,-0.5429443,174,1441.9273054599762,4,890.2246907382428,0,2021,2022,21.572637306252453,84.08873354786867
0.32671657,-0.38511708,167,1425.125935792923,4,255.5386467836128,0,2021,2022,21.47930234823244,83.89927885444786
0.26780972,-0.36612022,178,1596.7456719875336,4,594.8108943185221,0,2021,2022,21.44489687285066,84.18332614728645
0.6265399,-0.5483685,219,1429.1016558408735,1,1020.0490184299967,0,2021,2022,21.567427077604563,84.13517644805765
0.33868033,-0.40992633,154,1504.7035248279572,5,687.0953354520753,0,2021,2022,21.492777077494228,84.01075978120708
0.4570574,-0.44798303,157,1464.9749150276184,4,1280.0,0,2021,2022,21.525565585364596,84.03833806042957
0.48868552,-0.51846534,148,1506.11527466774,4,1280.0,0,2021,2022,21.351741577887463,83.8957754248398
0.34895834,-0.40803382,190,1486.6419987678528,1,662.872536767062,0,2021,2022,21.502568714091133,84.19455508833795
0.31068164,-0.40173107,198,1467.101193189621,5,531.5072906367325,0,2021,2022,21.59078327499167,84.17263619540543
0.13871917,-0.16805942,175,1425.125935792923,6,800.0,0,2021,2022,21.478583696005145,83.87978541278247
0.52631056,-0.5151247,171,1491.503583192825,4,943.3981132056604,0,2021,2022,21.45549699320327,83.90925015410158
0.59705716,-0.580731,162,1473.8019874989986,4,1280.0,0,2021,2022,21.420283034065783,84.06250274157237
-0.15327525,0.33937562,188,1460.6702898740768,0,0.0,0,2021,2022,21.56967286581486,83.89559576178297
0.32382682,-0.4250628,191,1543.9708049297333,5,282.842712474619,0,2021,2022,21.485500723692866,84.18763806065023
0.4977323,-0.4969336,165,1596.4968211650848,1,1280.0,0,2021,2022,21.433757763327577,84.10580153826693
0.4641364,-0.4617855,193,1569.3732466697693,1,909.3404203047394,0,2021,2022,21.39530986916726,84.1874583975934
0.4287429,-0.47043383,169,1464.9749150276184,4,350.5709628591621,0,2021,2022,21.503646692432078,84.04408727824793
0.25667846,-0.33086556,137,1474.2084752321243,4,693.1810730249349,0,2021,2022,21.40123875004245,83.96782031062618
0.5301967,-0.4865374,181,1462.586761713028,1,230.0,0,2021,2022,21.540387787552564,84.09978282586333
0.6290052,-0.5843489,152,1474.2084752321243,4,610.0,0,2021,2022,21.426301746469385,83.95883715778498
0.2910447,-0.3949501,180,1596.4968211650848,1,1235.4756169184402,0,2021,2022,21.41183887039506,84.12170171879585
0.36907217,-0.39985946,176,1543.9708049297333,4,1034.64969917359,0,2021,2022,21.461785200192107,84.1678751243996
0.42854515,-0.44766167,192,1486.6419987678528,4,250.79872407968907,0,2021,2022,21.53733351558656,84.15592753112081
0.4803834,-0.521308,337,1469.034849882126,1,1280.0,0,2021,2022,21.36602479090497,84.06429937214061
0.589229,-0.53853625,158,1464.9749150276184,1,311.44823004794875,0,2021,2022,21.50849759496632,84.03043288592932
0.2551937,-0.37675133,189,1506.779983997345,5,573.846669416143,0,2021,2022,21.534458906677376,83.97527632748437
0.37151444,-0.45664126,159,1464.9749150276184,1,581.8934610390462,0,2021,2022,21.50337719784684,84.02180905920176
0.4376876,-0.44008908,172,1559.4533474445343,1,445.5333881989093,0,2021,2022,21.452083395123616,84.1032862554714
0.4781502,-0.5140062,176,1516.5754685401917,4,1280.0,0,2021,2022,21.519726536017814,84.10256760324411
0.35783923,-0.3992095,179,1425.125935792923,1,590.0847396772772,0,2021,2022,21.46501913521493,83.89254148981696
0.5238388,-0.51221,168,1464.9749150276184,4,1280.0,0,2021,2022,21.54883195122329,84.01300556941739
-0.15420097,0.33713976,188,1462.1980240345,0,0.0,0,2021,2022,21.57757804031511,83.94158950432988
-0.15500899,0.31654605,188,1460.6702898740768,0,0.0,0,2021,2022,21.56679825690568,83.8778091191574
0.12039575,-0.24681765,184,1462.586761713028,6,1180.0423721205946,0,2021,2022,21.50391618701731,84.0739113456807
-0.14903021,0.2797064,140,1515.9416505098343,0,0.0,0,2021,2022,21.471487005260595,83.95434558136438
0.3514777,-0.36093083,158,1515.9416505098343,6,328.9376840679705,0,2021,2022,21.473822624999308,83.95964564154069
0.6456017,-0.56477517,151,1506.11527466774,4,1254.1929676090515,0,2021,2022,21.386775873968126,83.87538366789028
0.47786158,-0.45307964,198,1596.7456719875336,1,389.1015291668744,0,2021,2022,21.403484538252748,84.15826315085951
0.569799,-0.505522,196,1596.4968211650848,1,1218.2364302548172,0,2021,2022,21.409772745241582,84.10274726630092
0.4442353,-0.47761193,192,1425.125935792923,1,1045.4664030948102,0,2021,2022,21.45513766708962,83.87771928762899
0.551701,-0.5435479,203,1486.6419987678528,1,583.09518948453,0,2021,2022,21.545059027029986,84.1612275912971
0.54365873,-0.5225187,160,1510.849615097046,4,1280.0,0,2021,2022,21.494573708062468,84.06007729030526
0.3647811,-0.39508748,165,1488.7521340847015,4,1280.0,0,2021,2022,21.425313599656853,83.8703531022992
0.47374615,-0.4270963,188,1570.934062719345,1,50.0,0,2021,2022,21.397286162792323,84.14380027478519
0.44966444,-0.4659237,185,1516.5754685401917,1,631.3477647065839,0,2021,2022,21.546945489126635,84.12439666464822
0.40667588,-0.40348917,176,1425.125935792923,5,693.757882838098,0,2021,2022,21.458820759754516,83.89622458248185
0.62543976,-0.4767642,170,1506.779983997345,3,1280.0,0,2021,2022,21.54937094039376,83.99926134557036
0.36603394,-0.44389203,178,1444.0026681423187,6,642.8841264178172,0,2021,2022,21.502568714091133,83.88742109269748
0.6527784,-0.58701277,270,1570.934062719345,1,1280.0,0,2021,2022,21.354616186796648,84.10786766342041
0.5251662,-0.5583407,197,1425.125935792923,1,208.08652046684813,0,2021,2022,21.478583696005145,83.85867500360565
0.5854762,-0.54552054,173,1510.849615097046,4,551.0898293381942,0,2021,2022,21.496370338630708,84.07759443834559
0.51375526,-0.5258521,173,1462.586761713028,4,1280.0,0,2021,2022,21.52080451435876,84.09322512428926
0.5300404,-0.5281382,167,1559.4533474445343,4,1280.0,0,2021,2022,21.493405898193117,84.12798992578469
0.61250794,-0.530177,143,1523.130874812603,1,879.6590248499699,0,2021,2022,21.384080928115768,83.95731002180197
0.27707386,-0.3864521,206,1469.034849882126,5,555.7877292636101,0,2021,2022,21.36350950810943,84.09592007014162
0.6171059,-0.5717738,167,1506.11527466774,4,708.3784299369936,0,2021,2022,21.39674717362185,83.85391393259982
0.57683504,-0.5506318,197,1477.3682265281675,1,531.6013544000805,0,2021,2022,21.579105176298118,84.04732121327075
0.3170336,-0.3831594,137,1474.2084752321243,5,550.8175741568165,0,2021,2022,21.40123875004245,83.97419834914342
0.24356048,-0.33805782,153,1444.0026681423187,5,479.2702786528704,0,2021,2022,21.521163840472408,83.88364816850418
0.62623847,-0.5910863,160,1473.8019874989986,1,1280.0,0,2021,2022,21.431961132759337,84.08010972114111
0.280682,-0.36901644,198,1506.779983997345,5,1139.9122773266372,0,2021,2022,21.52170282964288,83.98381032268351
0.5358793,-0.5023168,164,1515.9416505098343,6,205.18284528683196,0,2021,2022,21.49142960456805,83.96225075586463
0.50278187,-0.48615777,190,1596.7456719875336,1,420.0,0,2021,2022,21.44714266106096,84.19392626763906
-0.14841849,0.3226899,188,1460.6702898740768,0,0.0,0,2021,2022,21.57057118109898,83.85660887845218
0.4822466,-0.48346367,177,1425.125935792923,4,853.7564055396598,0,2021,2022,21.458012275998804,83.85786651984995
0.5635104,-0.55252975,161,1473.560908794403,4,1280.0,0,2021,2022,21.37087569343921,84.00968180286615
0.0494382,0.13746701,161,1425.125935792923,0,22.360679774997894,1,2021,2022,21.49187876221011,83.88715159811224
-0.04986643,0.14796774,160,1462.586761713028,0,10.0,1,2021,2022,21.536884357944498,84.05953830113478
0.22184761,-0.12920648,142,1531.3260192871094,0,14.142135623730953,1,2021,2022,21.417049099042952,84.00671736242856
0.3801411,-0.22790955,141,1523.130874812603,0,14.142135623730953,1,2021,2022,21.39890313030374,83.98165436600162
0.45315486,-0.42678347,147,1515.9416505098343,6,28.284271247461906,1,2021,2022,21.451903732066796,83.9912663395417
0.2693409,-0.121851854,146,1515.9416505098343,3,20.0,1,2021,2022,21.46061739032275,83.96171176669417
0.1626833,-0.20570458,142,1474.2084752321243,0,22.360679774997894,1,2021,2022,21.420642360179432,83.97428818067183
-0.041874085,0.120843686,149,1444.0026681423187,0,10.0,1,2021,2022,21.529877498728364,83.88400749461783
0.15451467,-0.24279563,192,1429.1016558408735,1,20.0,1,2021,2022,21.5737152845934,84.1430816225579
0.31392634,-0.20098549,165,1542.414464712143,0,28.284271247461906,1,2021,2022,21.37294181859269,83.91841296999961
0.08781532,0.04537311,140,1474.2084752321243,0,22.360679774997894,1,2021,2022,21.444268052151774,83.967999973683
0.17955801,-0.0793049,140,1515.9416505098343,0,22.360679774997894,1,2021,2022,21.459000422811336,83.96449654407493
-0.08985868,0.21145849,173,1510.849615097046,0,0.0,1,2021,2022,21.497717811556885,84.08262500393666
0.2613545,-0.14295062,140,1515.9416505098343,0,22.360679774997894,1,2021,2022,21.473193804300426,83.95183029856885
0.006215307,0.07517158,138,1474.2084752321243,0,10.0,1,2021,2022,21.423247474503377,83.97572548512643
-0.06286155,0.15360501,166,1504.7035248279572,0,0.0,1,2021,2022,21.479392179760847,84.0393262072421
0.10156253,-0.16110358,139,1474.2084752321243,0,28.284271247461906,1,2021,2022,21.42657124105462,83.9777017787515
0.39033794,-0.30982906,143,1531.3260192871094,0,20.0,1,2021,2022,21.413276174849653,84.00267494365002
-0.035145525,0.1569098,164,1542.414464712143,0,0.0,1,2021,2022,21.37222316636539,83.91778414930072
0.30403394,-0.33449987,157,1510.849615097046,0,22.360679774997894,1,2021,2022,21.48172779949956,84.08343348769236
-0.050750297,0.15108564,154,1464.9749150276184,0,0.0,1,2021,2022,21.50975523636409,84.02782777160536
0.10763966,-0.07015372,146,1491.503583192825,0,14.142135623730953,1,2021,2022,21.490171963170283,83.9220960626645
0.29066697,-0.15007263,144,1515.9416505098343,3,20.0,1,2021,2022,21.46340216770352,83.95407608677915
0.13543206,-0.09985619,139,1474.2084752321243,0,10.0,1,2021,2022,21.430074670662687,83.9799475669618
0.23392016,-0.17818078,183,1462.586761713028,0,30.0,1,2021,2022,21.534458906677376,84.09996248892016
0.49506116,-0.34821108,145,1500.3094980716703,0,20.0,1,2021,2022,21.50463483924461,83.913921393579
0.26209417,-0.30502445,156,1444.0026681423187,0,30.0,1,2021,2022,21.51352816055739,83.86298691696943
0.024367843,0.094720185,138,1474.2084752321243,0,22.360679774997894,1,2021,2022,21.41417449013377,83.97491700137073
0.32488424,-0.1980312,132,1474.2084752321243,3,30.0,1,2021,2022,21.4091439245427,83.9793187462629
0.15445848,-0.07216693,140,1515.9416505098343,0,20.0,1,2021,2022,21.466725934254764,83.96620334311476
0.14510524,-0.0012051823,139,1474.2084752321243,0,20.0,1,2021,2022,21.41210836498029,83.99782404111576
-0.032005336,0.14616157,140,1515.9416505098343,0,22.360679774997894,1,2021,2022,21.464929303686525,83.96701182687048
0.36295182,-0.3001706,167,1542.414464712143,0,22.360679774997894,1,2021,2022,21.37114518802445,83.9176943177723
0.040622972,0.079886556,147,1515.9416505098343,0,20.0,1,2021,2022,21.45244272123726,83.97069491953536
0.0044919266,0.0360014,155,1510.849615097046,0,30.0,1,2021,2022,21.481458304914323,84.07220454664086
-0.014025098,0.072328605,160,1559.4533474445343,0,20.0,1,2021,2022,21.468253070237765,84.11774913154572
-0.02827637,0.14077617,181,1488.7521340847015,0,20.0,1,2021,2022,21.44453754673701,83.89856020222057
0.13026153,0.025692407,158,1491.503583192825,0,28.284271247461906,1,2021,2022,21.494573708062468,83.90062632737404
0.29528394,-0.21530761,141,1474.2084752321243,0,28.284271247461906,1,2021,2022,21.43025433371951,83.98030689307544
-0.016975308,0.115661606,134,1523.130874812603,0,20.0,1,2021,2022,21.383182612831646,83.96961694119442
0.07585005,0.034176886,143,1531.3260192871094,0,10.0,1,2021,2022,21.419833876423723,84.00923264522409
0.09163198,0.05270434,142,1515.9416505098343,0,22.360679774997894,1,2021,2022,21.457113960714683,83.96395755490447
0.15848337,-0.17105049,145,1491.503583192825,0,20.0,1,2021,2022,21.49313640360788,83.92344353559068
0.03142035,0.10805835,145,1500.3094980716703,0,10.0,1,2021,2022,21.504814502301432,83.913921393579
-0.06325464,0.14351623,161,1559.4533474445343,0,10.0,1,2021,2022,21.46951071163553,84.1190067729435
0.23055016,-0.21509172,136,1474.2084752321243,0,20.0,1,2021,2022,21.40483201117893,83.97958824084814
0.018051041,0.056773037,153,1444.0026681423187,0,30.0,1,2021,2022,21.53077581401249,83.87466501566298
0.2024302,-0.063207224,170,1510.849615097046,0,28.284271247461906,1,2021,2022,21.49843646378418,84.08334365616395
0.299103,-0.28352052,162,1559.4533474445343,0,28.284271247461906,1,2021,2022,21.474541277226603,84.1356256056997
0.2924389,-0.16814908,141,1515.9416505098343,3,22.360679774997894,1,2021,2022,21.462683515476225,83.96009479918276
0.058431156,0.054397497,141,1474.2084752321243,0,14.142135623730953,1,2021,2022,21.44040529643006,83.97114407717741
0.36189812,-0.36361095,150,1510.849615097046,0,20.0,1,2021,2022,21.46349199923193,84.05801116515178
0.06489587,0.0025445293,155,1510.849615097046,0,10.0,1,2021,2022,21.466546271197934,84.05989762724843
0.00016537125,0.13068753,158,1491.503583192825,0,20.0,1,2021,2022,21.48442274535192,83.912394257596
-0.013503185,0.12714157,170,1425.125935792923,0,30.0,1,2021,2022,21.49762798002848,83.86972428160033
0.029526874,0.10791665,139,1474.2084752321243,0,10.0,1,2021,2022,21.416510109872483,83.97886958862085
0.53872633,-0.4791529,146,1531.3260192871094,0,22.360679774997894,1,2021,2022,21.420013539480543,84.02710911937807
0.53261995,-0.48197597,154,1464.9749150276184,0,22.360679774997894,1,2021,2022,21.50571281758555,84.01632933596863
-0.041672565,0.13677812,161,1500.3094980716703,0,10.0,1,2021,2022,21.52835036274536,83.91347223593695
-0.03951169,0.14589229,145,1515.9416505098343,3,10.0,1,2021,2022,21.45783261294198,83.96467620713176
-0.048295453,0.032490976,200,1596.7456719875336,0,20.0,1,2021,2022,21.40034043475833,84.15996994989935
0.28276503,-0.1447483,138,1523.130874812603,0,30.0,1,2021,2022,21.394501385411555,83.97599497971167
-0.043752316,0.117215395,158,1491.503583192825,0,30.0,1,2021,2022,21.47579891862437,83.91778414930072
0.4802395,-0.43804538,151,1504.7035248279572,0,30.0,1,2021,2022,21.45361053110662,84.04300929990698
-0.016811594,0.13351499,158,1491.503583192825,0,10.0,1,2021,2022,21.481009147272264,83.91383156205059
-0.16754189,0.30027196,155,1527.9942190647123,0,0.0,1,2021,2022,21.436991698350408,83.94590141769366
0.25425792,-0.21854275,190,1429.1016558408735,0,20.0,1,2021,2022,21.555659147382595,84.1468545467512
0.058068316,0.02995449,138,1474.2084752321243,0,10.0,1,2021,2022,21.416240615287247,83.97895942014927
-0.01941531,0.12886597,147,1504.7035248279572,0,10.0,1,2021,2022,21.4587309282261,84.00402241657619
0.0049597025,0.0689259,139,1531.3260192871094,0,14.142135623730953,1,2021,2022,21.41282701720759,84.00510039491714
0.19561757,-0.041520517,142,1515.9416505098343,3,20.0,1,2021,2022,21.45810210752721,83.96449654407493
0.36972705,-0.3765586,163,1444.0026681423187,0,22.360679774997894,1,2021,2022,21.509126415665204,83.86424455836719
0.05241541,0.0017120278,141,1474.2084752321243,0,10.0,1,2021,2022,21.442471421583537,83.97743228416626
0.13150814,-0.14985877,141,1474.2084752321243,0,30.0,1,2021,2022,21.445795188134777,83.96710165839889
-0.03480558,0.14354451,225,1467.101193189621,0,10.0,1,2021,2022,21.59428670459973,84.18934485969005
0.5510971,-0.45891812,140,1523.130874812603,0,22.360679774997894,1,2021,2022,21.392794586371725,83.97491700137073
-0.06845915,0.19343501,141,1474.2084752321243,0,0.0,1,2021,2022,21.44453754673701,83.96782031062618
0.4903934,-0.47956404,199,1467.101193189621,4,28.284271247461906,1,2021,2022,21.550089592621056,84.18090069601932
0.20025268,-0.098265894,148,1510.849615097046,0,10.0,1,2021,2022,21.467803912595706,84.05935863807795
0.02438351,0.090851165,156,1491.503583192825,0,10.0,1,2021,2022,21.459449580453395,83.9364691072104
0.59023064,-0.5186265,162,1425.125935792923,0,30.0,1,2021,2022,21.49133977303964,83.88948721785096
0.3002086,-0.32434753,154,1444.0026681423187,0,30.0,1,2021,2022,21.51514512806881,83.86406489531038
0.452873,-0.32651004,146,1500.3094980716703,0,20.0,1,2021,2022,21.50499416535825,83.91302307829488
-0.034805946,0.1432461,136,1474.2084752321243,0,10.0,1,2021,2022,21.411479544281413,83.97806110486513
0.45649675,-0.42749813,143,1531.3260192871094,0,30.0,1,2021,2022,21.418935561139605,84.01731748278117
0.24763477,-0.28143272,137,1523.130874812603,0,28.284271247461906,1,2021,2022,21.390369135104603,83.97563565359802
0.5292653,-0.40879542,149,1510.849615097046,0,22.360679774997894,1,2021,2022,21.45235288970885,84.05181278969135
-0.03590118,0.095730916,156,1510.849615097046,0,30.0,1,2021,2022,21.474990434868666,84.08711658035725
0.38411063,-0.3676045,158,1527.9942190647123,0,20.0,1,2021,2022,21.409233756071117,83.91778414930072
-0.038790222,0.14592275,158,1491.503583192825,0,28.284271247461906,1,2021,2022,21.474990434868666,83.9145502142779
0.028529493,0.10248354,144,1500.3094980716703,0,14.142135623730953,1,2021,2022,21.50247888256272,83.91005863785729
0.39041165,-0.35701033,140,1474.2084752321243,0,30.0,1,2021,2022,21.445256198964305,83.96907795202395
0.12034018,-0.09110989,157,1510.849615097046,0,14.142135623730953,1,2021,2022,21.481548136442736,84.07310286192498
0.6056338,-0.5473432,166,1515.9416505098343,1,30.0,1,2021,2022,21.450107101498556,83.95066248869949
0.21002562,-0.035264023,156,1491.503583192825,0,22.360679774997894,1,2021,2022,21.454419014862324,83.93781658013658
0.38527852,-0.41244084,171,1444.0026681423187,0,30.0,1,2021,2022,21.50975523636409,83.86379540072514
0.43555975,-0.3850343,149,1504.7035248279572,0,22.360679774997894,1,2021,2022,21.481188810329087,84.01138860190598
-0.06948043,0.13002442,140,1474.2084752321243,0,10.0,1,2021,2022,21.43663237223676,83.98381032268351
0.10168133,-0.04558883,135,1474.2084752321243,0,28.284271247461906,1,2021,2022,21.430883154418392,83.9769831265242
0.19923595,-0.1438749,138,1523.130874812603,0,30.0,1,2021,2022,21.394591216939965,83.97159323481948
0.5478514,-0.4375506,151,1504.7035248279572,0,22.360679774997894,1,2021,2022,21.45298171040773,84.04229064767969
0.32692814,-0.31233323,199,1467.101193189621,0,28.284271247461906,1,2021,2022,21.574433936820693,84.16805478745641
0.09042316,0.0064935065,183,1596.7456719875336,0,22.360679774997894,1,2021,2022,21.425313599656853,84.16760562981436
0.102869414,-0.041554652,139,1474.2084752321243,0,14.142135623730953,1,2021,2022,21.42046269712261,83.97824076792196
0.025,0.03073286,184,1596.7456719875336,0,14.142135623730953,1,2021,2022,21.41345583790648,84.19482458292318
0.12833259,-0.1852098,155,1444.0026681423187,0,22.360679774997894,1,2021,2022,21.516133274881337,83.8762819831744
0.18470214,-0.25123745,141,1474.2084752321243,0,30.0,1,2021,2022,21.445705356606368,83.96755081604094
0.60211176,-0.5289085,159,1542.414464712143,0,30.0,1,2021,2022,21.38102665614976,83.92164690502243
0.18020073,-0.19344918,143,1531.3260192871094,0,30.0,1,2021,2022,21.43986630725959,84.03761940820226
-0.020502454,0.12369536,158,1491.503583192825,0,10.0,1,2021,2022,21.480739652687028,83.913921393579
0.3627275,-0.396742,159,1515.9416505098343,6,30.0,1,2021,2022,21.466725934254764,83.99647656818959
0.4874429,-0.42706552,143,1531.3260192871094,0,20.0,1,2021,2022,21.41282701720759,84.00015966085448
0.03464006,0.06301125,143,1500.3094980716703,0,10.0,1,2021,2022,21.501939893392247,83.91032813244253
0.015165031,0.002978798,182,1506.779983997345,4,10.0,1,2021,2022,21.53221311846708,83.99944100862719
0.018874537,0.10873825,156,1491.503583192825,0,10.0,1,2021,2022,21.45379019416344,83.93745725402293
0.037656903,0.02982885,226,1467.101193189621,0,20.0,1,2021,2022,21.594825693770208,84.18952452274688
0.29105246,-0.3517588,163,1444.0026681423187,0,28.284271247461906,1,2021,2022,21.509934899420912,83.86020213958867
0.11481687,-0.00027574485,134,1523.130874812603,0,28.284271247461906,1,2021,2022,21.385787727155595,83.97141357176265
0.3493134,-0.28327176,146,1515.9416505098343,3,28.284271247461906,1,2021,2022,21.463581830760344,83.9597354730691
0.37223566,-0.3694362,209,1570.934062719345,0,30.0,1,2021,2022,21.35398736609776,84.14155448657489
-0.054533288,0.13046154,154,1444.0026681423187,0,10.0,1,2021,2022,21.515594285710865,83.8612801179296
0.36635005,-0.25892484,145,1515.9416505098343,3,20.0,1,2021,2022,21.465827618970643,83.95542355970532
0.0008421762,0.14077961,174,1559.4533474445343,0,14.142135623730953,1,2021,2022,21.48235662019844,84.13832055155207
0.3394318,-0.22853513,170,1542.414464712143,0,28.284271247461906,1,2021,2022,21.372492660950627,83.91823330694278
0.082459636,0.036157366,172,1510.849615097046,0,10.0,1,2021,2022,21.497088990858003,84.08253517240824
-0.062298916,0.15394089,140,1515.9416505098343,0,0.0,1,2021,2022,21.46618694508429,83.96629317464317
0.08528818,-0.005840228,140,1474.2084752321243,0,20.0,1,2021,2022,21.44552569354954,83.96773047909777
0.27291173,-0.2977073,157,1515.9416505098343,6,22.360679774997894,1,2021,2022,21.466905597311587,83.99665623124642
0.21400596,-0.11273039,135,1523.130874812603,0,30.0,1,2021,2022,21.3678214214732,83.95425574983598
0.2836908,-0.31563666,140,1531.3260192871094,0,22.360679774997894,1,2021,2022,21.421720338520377,84.01031062356503
0.20871769,-0.16244228,140,1474.2084752321243,0,20.0,1,2021,2022,21.422079664634023,83.9799475669618
0.12021292,0.009155114,193,1477.3682265281675,0,10.0,1,2021,2022,21.58629169857107,84.04956700148105
0.20121127,-0.14484043,136,1474.2084752321243,0,22.360679774997894,1,2021,2022,21.441393443242596,83.97213222398995
-0.008888143,0.111144535,139,1474.2084752321243,0,14.142135623730953,1,2021,2022,21.412198196508708,83.99764437805895
-0.07281346,0.19193196,138,1474.2084752321243,0,0.0,1,2021,2022,21.4459748511916,83.9747373383139
0.5218005,-0.4862092,159,1491.503583192825,1,20.0,1,2021,2022,21.451903732066796,83.94419461865384
0.481842,-0.44189435,147,1531.3260192871094,0,28.284271247461906,1,2021,2022,21.44471720979384,84.04022452252622
0.05689489,0.08284519,154,1444.0026681423187,0,20.0,1,2021,2022,21.515594285710865,83.86083096028754
-0.031817112,0.16913587,179,1500.3094980716703,0,0.0,1,2021,2022,21.532033455410254,83.92946224799428
0.09577961,-0.037037037,140,1515.9416505098343,0,22.360679774997894,1,2021,2022,21.452532552765675,83.97186272940472
-0.037001327,0.19604225,133,1523.130874812603,0,0.0,1,2021,2022,21.387764020780654,83.97428818067183
0.08456231,0.0320711,158,1527.9942190647123,0,22.360679774997894,1,2021,2022,21.433667931799164,83.93889455847753
-0.046642452,0.16347943,138,1500.3094980716703,0,0.0,1,2021,2022,21.50023309435242,83.91203493148235
-0.10094714,0.21573335,150,1504.7035248279572,0,0.0,1,2021,2022,21.46645643966953,84.01561068374134
0.015748031,-0.026071586,193,1467.101193189621,0,28.284271247461906,1,2021,2022,21.552694706945,84.16931242885418
0.41706055,-0.44421944,150,1515.9416505098343,6,30.0,1,2021,2022,21.45352069957821,83.98345099656986
0.0018292827,0.09523912,144,1491.503583192825,0,10.0,1,2021,2022,21.498885621426243,83.91356206746536
0.22190577,-0.2502781,145,1474.2084752321243,0,22.360679774997894,1,2021,2022,21.446513840362076,83.97428818067183
0.28139246,-0.19456035,140,1515.9416505098343,0,28.284271247461906,1,2021,2022,21.459000422811336,83.96458637560335
0.030622281,0.048654757,159,1510.849615097046,0,10.0,1,2021,2022,21.47552942403913,84.09106916760737
0.19994746,-0.19086611,148,1444.0026681423187,0,28.284271247461906,1,2021,2022,21.5165824325234,83.89963818056151
-0.02833843,0.12335318,196,1477.3682265281675,0,10.0,1,2021,2022,21.588178160667724,84.0408533432251
0.577511,-0.5086342,144,1531.3260192871094,0,28.284271247461906,1,2021,2022,21.422708485332908,84.01102927579232
0.08137197,0.09518028,156,1527.9942190647123,0,28.284271247461906,1,2021,2022,21.402765886025453,83.92164690502243
0.27388954,-0.18031454,143,1515.9416505098343,0,22.360679774997894,1,2021,2022,21.45459867791915,83.98794257299045
0.3724551,-0.311588,154,1444.0026681423187,0,22.360679774997894,1,2021,2022,21.515594285710865,83.86388523225355
-0.18006726,0.29501447,147,1504.7035248279572,0,0.0,1,2021,2022,21.452622384294088,84.0424703107365
0.22724001,-0.22840628,138,1523.130874812603,0,28.284271247461906,1,2021,2022,21.397375994320736,83.97940857779132
0.4118594,-0.3249402,161,1510.849615097046,0,14.142135623730953,1,2021,2022,21.474181951112957,84.0852301182606
0.17226063,-0.0404648,132,1474.2084752321243,0,22.360679774997894,1,2021,2022,21.40905409301429,83.97949840931973
0.30773574,-0.2352,141,1531.3260192871094,0,22.360679774997894,1,2021,2022,21.4174084251566,84.00680719395696
0.24765262,-0.13650648,142,1515.9416505098343,3,22.360679774997894,1,2021,2022,21.464929303686525,83.9551540651201
0.12853457,-0.08881282,146,1491.503583192825,0,28.284271247461906,1,2021,2022,21.493405898193117,83.9176943177723
0.13306123,-0.06900801,177,1425.125935792923,4,14.142135623730953,1,2021,2022,21.450646090669025,83.85957331888977
0.01584343,0.09090909,152,1531.3260192871094,0,22.360679774997894,1,2021,2022,21.433578100270758,84.03672109291814
0.28151348,-0.22919838,140,1474.2084752321243,0,30.0,1,2021,2022,21.44507653590748,83.96997626730807
-0.045454547,0.17496574,136,1474.2084752321243,0,0.0,1,2021,2022,21.41228802803712,83.99926134557036
0.1930982,-0.23379691,184,1473.560908794403,0,22.360679774997894,1,2021,2022,21.397196331263917,84.03196002191231
-0.016634429,0.11843246,162,1504.7035248279572,0,10.0,1,2021,2022,21.47993116893132,84.03887704960003
0.13476908,-0.15348837,138,1474.2084752321243,0,28.284271247461906,1,2021,2022,21.41857623502596,83.98084588224592
0.036429364,0.086631544,136,1542.414464712143,0,10.0,1,2021,2022,21.356861975006947,83.94266748267083
0.18892767,-0.20748447,135,1474.2084752321243,0,22.360679774997894,1,2021,2022,21.43124248053204,83.97940857779132
0.1853991,-0.24287248,139,1474.2084752321243,0,30.0,1,2021,2022,21.42225932769085,83.9800373984902
0.06896811,0.06519492,179,1500.3094980716703,0,10.0,1,2021,2022,21.532123286938663,83.92883342729539
0.1294618,-0.16696653,145,1491.503583192825,0,30.0,1,2021,2022,21.491609267624877,83.92416218781797
0.4796748,-0.44182208,154,1444.0026681423187,0,28.284271247461906,1,2021,2022,21.514156981256274,83.86523270517972
0.6491716,-0.5531089,161,1474.2084752321243,0,22.360679774997894,1,2021,2022,21.44121378018577,83.95012349952903
0.0071845534,0.070259064,201,1486.6419987678528,0,10.0,1,2021,2022,21.54434037480269,84.17937356003632
0.50318474,-0.4080212,148,1531.3260192871094,0,22.360679774997894,1,2021,2022,21.435015404725345,84.0378889027875
-0.024223147,0.17620327,143,1504.7035248279572,0,0.0,1,2021,2022,21.45693429765786,84.00213595447954
-0.065529965,0.12588078,158,1425.125935792923,0,10.0,1,2021,2022,21.485051566050803,83.89218216370331
-0.00438153,0.12860072,140,1515.9416505098343,0,10.0,1,2021,2022,21.46744458648206,83.96467620713176
0.019347522,0.09834469,140,1515.9416505098343,0,20.0,1,2021,2022,21.46439031451605,83.96835929979665
-0.02697555,0.15588123,144,1474.2084752321243,0,0.0,1,2021,2022,21.447232492589368,83.96746098451253
0.037037037,0.11035402,168,1425.125935792923,0,20.0,1,2021,2022,21.497178822386413,83.86963445007191
0.15431313,-0.20781563,140,1474.2084752321243,0,20.0,1,2021,2022,21.41345583790648,83.98318150198462
0.46740937,-0.36061084,145,1500.3094980716703,0,22.360679774997894,1,2021,2022,21.50966540483568,83.91248408912442
0.25830176,-0.18633384,145,1504.7035248279572,0,28.284271247461906,1,2021,2022,21.451544405953143,84.04202115309445
0.28955832,-0.35515374,166,1488.7521340847015,4,28.284271247461906,1,2021,2022,21.409593082184763,83.89694323470914
0.20380455,-0.0780125,140,1515.9416505098343,0,22.360679774997894,1,2021,2022,21.464480146044465,83.9679101421546
0.24731183,-0.17412119,154,1464.9749150276184,0,30.0,1,2021,2022,21.5045450077162,84.0160598413834
0.6876799,-0.56082255,155,1527.9942190647123,0,28.284271247461906,1,2021,2022,21.431781469702518,83.93988270529006
0.47639096,-0.3932713,160,1510.849615097046,0,20.0,1,2021,2022,21.474092119584544,84.08496062367536
0.123196945,-0.035612576,147,1500.3094980716703,0,22.360679774997894,1,2021,2022,21.505622986057137,83.91329257288012
-0.041595887,0.13176093,179,1488.7521340847015,0,14.142135623730953,1,2021,2022,21.444268052151774,83.89909919139103
0.068686865,-0.04159488,201,1486.6419987678528,0,10.0,1,2021,2022,21.532123286938663,84.1927584577697
0.059912007,-0.0060911947,137,1474.2084752321243,0,20.0,1,2021,2022,21.4068981363324,83.98192386058686
0.11027342,-0.0020295484,138,1474.2084752321243,0,30.0,1,2021,2022,21.435195067782168,83.97410851761501
0.5553636,-0.51930904,156,1510.849615097046,1,30.0,1,2021,2022,21.481548136442736,84.06932993773168
-0.023836922,0.123024665,142,1531.3260192871094,0,10.0,1,2021,2022,21.412467691093944,84.00096814461018
-0.007708479,0.13075507,158,1425.125935792923,0,20.0,1,2021,2022,21.484782071465567,83.89469744649885
0.2073424,-0.21043727,157,1542.414464712143,0,14.142135623730953,1,2021,2022,21.39998110864468,83.90574672449353
0.3331406,-0.3020848,148,1510.849615097046,0,20.0,1,2021,2022,21.46169536866369,84.0574721759813
0.17279513,0.018736988,187,1596.7456719875336,3,30.0,1,2021,2022,21.43528489931058,84.15799365627429
0.32933232,-0.34752852,149,1531.3260192871094,0,22.360679774997894,1,2021,2022,21.44920878621443,84.04273980532174
0.11589549,0.051280886,156,1491.503583192825,0,10.0,1,2021,2022,21.45226305818044,83.93925388459118
-0.017373176,0.10562935,148,1531.3260192871094,0,22.360679774997894,1,2021,2022,21.415791457645184,84.02477349963935
0.07400181,0.032328747,158,1491.503583192825,0,22.360679774997894,1,2021,2022,21.473642961942485,83.91347223593695
0.17163287,-0.034408756,172,1510.849615097046,0,20.0,1,2021,2022,21.49798730614212,84.08334365616395
0.01834524,0.07150255,135,1474.2084752321243,0,10.0,1,2021,2022,21.40869476690064,83.97868992556403
0.04484894,0.14180024,163,1425.125935792923,0,10.0,1,2021,2022,21.492058425266933,83.88697193505543
0.12416556,-0.0027788805,140,1515.9416505098343,0,20.0,1,2021,2022,21.45971907503863,83.9687186259103
0.12079583,-0.005524862,156,1491.503583192825,0,30.0,1,2021,2022,21.45792244447039,83.93889455847753
0.3523928,-0.24177288,153,1531.3260192871094,0,22.360679774997894,1,2021,2022,21.433578100270758,84.03699058750338
0.12125837,0.011409351,139,1515.9416505098343,3,14.142135623730953,1,2021,2022,21.45810210752721,83.9641372179613
-0.016313747,0.10680216,162,1500.3094980716703,0,28.284271247461906,1,2021,2022,21.528170699688538,83.91401122510742
0.020956075,0.02577136,147,1491.503583192825,0,10.0,1,2021,2022,21.49978393671036,83.91230442606759
0.5229983,-0.46317512,146,1504.7035248279572,0,28.284271247461906,1,2021,2022,21.458191939055627,84.00357325893414
0.5711499,-0.50243926,144,1474.2084752321243,0,28.284271247461906,1,2021,2022,21.441393443242596,83.9702457618933
0.5800317,-0.50490564,147,1531.3260192871094,0,28.284271247461906,1,2021,2022,21.41776775127025,84.02495316269618
-0.020498052,0.14616498,162,1491.503583192825,0,10.0,1,2021,2022,21.46528862980017,83.93503180275582
0.002712968,0.122507125,145,1515.9416505098343,3,14.142135623730953,1,2021,2022,21.46349199923193,83.95416591830757
0.063403785,0.0048577376,145,1504.7035248279572,0,10.0,1,2021,2022,21.46196486324893,84.01093944426391
0.017780673,0.11515549,139,1474.2084752321243,0,10.0,1,2021,2022,21.423606800617023,83.97455767525707
0.36162394,-0.22404492,156,1491.503583192825,0,28.284271247461906,1,2021,2022,21.452622384294088,83.94087085210259
-0.08761329,0.15115553,140,1531.3260192871094,0,0.0,1,2021,2022,21.41282701720759,84.00168679683749
0.20253044,-0.086133376,172,1510.849615097046,0,22.360679774997894,1,2021,2022,21.497717811556885,84.082265677823
0.39855576,-0.38866517,198,1467.101193189621,4,22.360679774997894,1,2021,2022,21.550089592621056,84.18099052754773
0.58640635,-0.5183391,143,1531.3260192871094,0,22.360679774997894,1,2021,2022,21.41318634332124,84.00213595447954
0.13590504,-0.0670879,197,1486.6419987678528,0,22.360679774997894,1,2021,2022,21.529608004143128,84.17703794029761
0.12533954,-0.011510289,148,1531.3260192871094,0,22.360679774997894,1,2021,2022,21.445256198964305,84.04094317475351
0.16237096,-0.016557377,140,1474.2084752321243,0,22.360679774997894,1,2021,2022,21.436273046123112,83.98425948032556
0.52375585,-0.40901753,147,1515.9416505098343,0,20.0,1,2021,2022,21.467714081067296,83.96476603866017
-0.021545451,0.11171501,180,1506.779983997345,0,14.142135623730953,1,2021,2022,21.525565585364596,83.96261008197828
0.17103173,-0.061866682,138,1474.2084752321243,0,28.284271247461906,1,2021,2022,21.43762051904929,83.97383902302978
0.331381,-0.34585288,203,1477.3682265281675,0,30.0,1,2021,2022,21.591681590275787,84.03806856584433
-0.05536589,0.17479253,148,1510.849615097046,0,0.0,1,2021,2022,21.452622384294088,84.05190262121977
0.5392039,-0.43891743,142,1474.2084752321243,0,28.284271247461906,1,2021,2022,21.41174903886665,83.99602741054753
0.039473683,0.009059234,211,1570.934062719345,0,20.0,1,2021,2022,21.353538208455703,84.14173414963172
0.11922795,-0.07833695,137,1500.3094980716703,0,14.142135623730953,1,2021,2022,21.500412757409244,83.91140611078347
0.16870378,-0.054039598,131,1474.2084752321243,0,14.142135623730953,1,2021,2022,21.426301746469385,83.98012723001861
0.02992983,0.06524564,147,1510.849615097046,0,10.0,1,2021,2022,21.45280204735091,84.05181278969135
-0.00404589,0.14723384,158,1491.503583192825,0,20.0,1,2021,2022,21.48029049504497,83.91410105663583
0.11065574,0.092155464,133,1523.130874812603,0,30.0,1,2021,2022,21.375816427501867,83.95614221193263
0.3233164,-0.19642244,157,1506.11527466774,0,14.142135623730953,1,2021,2022,21.39566919528091,83.89972801208992
0.53447306,-0.45196134,153,1464.9749150276184,0,20.0,1,2021,2022,21.50975523636409,84.02800743466219
0.1730419,-0.06329114,181,1441.9273054599762,0,22.360679774997894,1,2021,2022,21.578206861014,84.07804359598764
0.49172795,-0.46985906,145,1515.9416505098343,6,30.0,1,2021,2022,21.454419014862324,83.99225448635423
0.15435702,-0.023432853,176,1500.3094980716703,0,22.360679774997894,1,2021,2022,21.532123286938663,83.92991140563633
0.40264818,-0.4174211,165,1491.503583192825,0,28.284271247461906,1,2021,2022,21.46376149381717,83.9356606234547
0.047842156,0.08546504,141,1474.2084752321243,0,10.0,1,2021,2022,21.41237785956553,83.99782404111576
0.61262167,-0.51977223,208,1467.101193189621,1,30.0,1,2021,2022,21.55278453847341,84.18081086449092
0.22597812,-0.08614668,156,1491.503583192825,0,28.284271247461906,1,2021,2022,21.453880025691856,83.93727759096612
0.107964255,-0.14366566,142,1474.2084752321243,0,28.284271247461906,1,2021,2022,21.421720338520377,83.97464750678549
0.14553536,0.0053630215,134,1542.414464712143,0,22.360679774997894,1,2021,2022,21.351382251773817,83.92407235628956
0.32762626,-0.2897196,147,1504.7035248279572,0,20.0,1,2021,2022,21.452891878879324,84.04345845754904
0.014195063,0.09738558,138,1523.130874812603,0,30.0,1,2021,2022,21.395938689866146,83.97060508800695
0.15036109,-0.05204695,139,1474.2084752321243,0,10.0,1,2021,2022,21.416330446815657,83.97895942014927
0.33078393,-0.3518938,152,1444.0026681423187,0,28.284271247461906,1,2021,2022,21.51478580195516,83.87313787967997
0.29590923,-0.26835683,171,1596.4968211650848,4,14.142135623730953,1,2021,2022,21.44911895468602,84.10059130961905
0.26560804,-0.19075015,138,1474.2084752321243,0,28.284271247461906,1,2021,2022,21.41210836498029,83.97204239246155
0.11689565,-0.036457617,140,1474.2084752321243,0,20.0,1,2021,2022,21.424055958259085,83.97725262110943
0.00649857,0.1342714,145,1515.9416505098343,0,14.142135623730953,1,2021,2022,21.457652949885155,83.96485587018859
0.49793622,-0.44532946,202,1467.101193189621,0,28.284271247461906,1,2021,2022,21.56949320275804,84.18099052754773
-0.06692723,0.18015286,144,1474.2084752321243,0,0.0,1,2021,2022,21.41282701720759,83.98758324687681
0.0845987,0.047392238,133,1523.130874812603,0,30.0,1,2021,2022,21.367731589944796,83.95488457053486
0.113349706,0.001419089,145,1515.9416505098343,0,10.0,1,2021,2022,21.466276776612705,83.95569305429056
0.2866521,-0.21865284,189,1596.7456719875336,0,14.142135623730953,1,2021,2022,21.41686943598613,84.15898180308682
0.31494844,-0.30435893,179,1543.9708049297333,0,22.360679774997894,1,2021,2022,21.45181390053838,84.15026814483085
0.07022107,0.08657048,142,1515.9416505098343,3,28.284271247461906,1,2021,2022,21.46160553713528,83.95982530459752
-0.0016020506,0.09313155,140,1531.3260192871094,0,10.0,1,2021,2022,21.412647354150767,84.00177662836589
0.12060404,0.006755477,177,1510.849615097046,0,10.0,1,2021,2022,21.497717811556885,84.08343348769236
0.16322774,-0.1020558,133,1542.414464712143,0,28.284271247461906,1,2021,2022,21.365036644092434,83.94275731419924
0.058233704,-0.0067877453,167,1543.9708049297333,0,10.0,1,2021,2022,21.472475152073127,84.15305292221163
0.2754751,-0.20819572,137,1474.2084752321243,0,30.0,1,2021,2022,21.43250012192981,83.97635430582531
-0.005027634,0.14106804,141,1474.2084752321243,0,14.142135623730953,1,2021,2022,21.44453754673701,83.9687186259103
0.51746815,-0.44256318,168,1425.125935792923,0,22.360679774997894,1,2021,2022,21.49151943609646,83.88813974492477
0.022591814,0.13096961,156,1491.503583192825,0,10.0,1,2021,2022,21.452532552765675,83.93925388459118
0.03265829,0.10426577,156,1491.503583192825,0,14.142135623730953,1,2021,2022,21.45926991739657,83.93700809638088
0.0784908,0.0048806225,138,1474.2084752321243,0,22.360679774997894,1,2021,2022,21.43968664420277,83.97213222398995
0.14978282,-0.03580973,142,1515.9416505098343,0,22.360679774997894,1,2021,2022,21.470498858448064,83.95012349952903
0.0002528445,0.1165699,165,1506.11527466774,0,22.360679774997894,1,2021,2022,21.397825151962795,83.87232939592427
0.3255224,-0.2857645,158,1531.3260192871094,4,20.0,1,2021,2022,21.440495127958474,84.04471609894681
0.2710179,-0.3559649,204,1486.6419987678528,5,22.360679774997894,1,2021,2022,21.53230294999549,84.19293812082653
0.33670247,-0.2663076,195,1486.6419987678528,0,22.360679774997894,1,2021,2022,21.52529609077936,84.17470232055891
0.32106304,-0.28778708,170,1559.4533474445343,4,22.360679774997894,1,2021,2022,21.48541089216445,84.10544221215329
0.62571126,-0.5180557,152,1444.0026681423187,0,30.0,1,2021,2022,21.51900788379052,83.87816844527104
0.11010983,0.032215826,155,1527.9942190647123,0,10.0,1,2021,2022,21.436901866821994,83.94653023839254
0.053321343,0.07240503,145,1515.9416505098343,3,22.360679774997894,1,2021,2022,21.463581830760344,83.95416591830757
0.020652799,0.13181093,135,1542.414464712143,0,10.0,1,2021,2022,21.367372263831143,83.94787771131872
0.020276612,0.06468312,158,1491.503583192825,0,30.0,1,2021,2022,21.47552942403913,83.91805364388595
0.11613346,-0.04266395,139,1474.2084752321243,0,30.0,1,2021,2022,21.41453381624742,83.97482716984231
0.43998823,-0.43173504,154,1510.849615097046,0,30.0,1,2021,2022,21.482805777840504,84.07813342751605
0.22321583,-0.25626594,192,1516.5754685401917,0,20.0,1,2021,2022,21.523948617853176,84.13418830124512
0.11055183,-0.00670347,188,1596.7456719875336,0,10.0,1,2021,2022,21.416959267514542,84.1596106237857
0.0023301668,0.12483127,136,1474.2084752321243,0,22.360679774997894,1,2021,2022,21.413725332491712,83.97464750678549
0.52018255,-0.4926762,150,1510.849615097046,0,22.360679774997894,1,2021,2022,21.461246211021635,84.05783150209496
0.27462992,-0.19616258,139,1474.2084752321243,0,20.0,1,2021,2022,21.44040529643006,83.97195256093313
0.28782895,-0.33731854,151,1531.3260192871094,5,30.0,1,2021,2022,21.438698497390234,84.03726008208862
-0.04988831,0.11805364,166,1504.7035248279572,0,22.360679774997894,1,2021,2022,21.47948201128926,84.03950587029891
0.12456072,-0.20923723,154,1444.0026681423187,0,30.0,1,2021,2022,21.51712142169387,83.87313787967997
0.1085474,-0.113106444,144,1491.503583192825,0,30.0,1,2021,2022,21.4978076430853,83.91464004580631
0.031994395,0.06786901,143,1515.9416505098343,0,22.360679774997894,1,2021,2022,21.45810210752721,83.96611351158636
-0.04044834,0.11812787,142,1515.9416505098343,0,20.0,1,2021,2022,21.457563118356745,83.964945701717
-0.017921148,0.06960951,200,1569.3732466697693,0,10.0,1,2021,2022,21.384350422701004,84.15188511234227
0.20904516,-0.13819644,141,1474.2084752321243,0,30.0,1,2021,2022,21.44875962857237,83.97276104468884
0.45988178,-0.3984443,135,1523.130874812603,0,22.360679774997894,1,2021,2022,21.39665734209344,83.97913908320608
0.00074660295,0.09076109,144,1531.3260192871094,0,28.284271247461906,1,2021,2022,21.413276174849653,84.00348342740573
0.14977507,-0.06909564,139,1474.2084752321243,0,28.284271247461906,1,2021,2022,21.42459494742956,83.97617464276848
0.7075656,-0.56037354,144,1515.9416505098343,3,30.0,1,2021,2022,21.466007282027466,83.9551540651201
0.29579207,-0.2675545,188,1486.6419987678528,0,20.0,1,2021,2022,21.51227051915962,84.16697680911548
-0.05842007,0.14352168,154,1510.849615097046,0,10.0,1,2021,2022,21.479751505874496,84.0618739208735
-0.024990158,0.14192377,158,1491.503583192825,0,10.0,1,2021,2022,21.480200663516555,83.91481970886312
0.54503506,-0.5013976,225,1467.101193189621,0,30.0,1,2021,2022,21.59383754695768,84.18925502816164
0.44104385,-0.44628894,208,1469.034849882126,0,28.284271247461906,1,2021,2022,21.36350950810943,84.07732494376035
0.18752478,-0.14385124,182,1488.7521340847015,0,28.284271247461906,1,2021,2022,21.44480704132225,83.89856020222057
0.58879524,-0.51724136,144,1474.2084752321243,0,30.0,1,2021,2022,21.41129988122459,83.99378162233724
-0.054338038,0.17872506,146,1504.7035248279572,0,0.0,1,2021,2022,21.459000422811336,84.00465123727508
-0.057299454,0.1415608,158,1425.125935792923,0,10.0,1,2021,2022,21.493855055835173,83.89101435383395
0.09893331,0.022501208,145,1474.2084752321243,0,22.360679774997894,1,2021,2022,21.4174084251566,83.97842043097879
0.10400648,0.006916636,195,1596.7456719875336,0,14.142135623730953,1,2021,2022,21.404562516593693,84.16634798841659
0.16277018,-0.124333546,161,1531.3260192871094,0,10.0,1,2021,2022,21.44004597031641,84.04534491964569
0.29876864,-0.35405406,217,1467.101193189621,4,20.0,1,2021,2022,21.572996632366102,84.1866499138377
0.29268315,-0.29568863,143,1515.9416505098343,0,30.0,1,2021,2022,21.457563118356745,83.96530502783064
-0.08946067,0.22679771,176,1510.849615097046,0,0.0,1,2021,2022,21.497897474613712,84.08307416157871
0.035269566,0.08840056,138,1474.2084752321243,0,14.142135623730953,1,2021,2022,21.44678333494731,83.9679101421546
0.034999304,0.080129,144,1515.9416505098343,0,30.0,1,2021,2022,21.46259368394781,83.95353709760867
0.009417224,0.14838412,146,1515.9416505098343,3,20.0,1,2021,2022,21.458191939055627,83.96467620713176
0.18304528,-0.149891,139,1474.2084752321243,0,22.360679774997894,1,2021,2022,21.446513840362076,83.96674233228524
0.24148138,-0.20977475,141,1474.2084752321243,0,30.0,1,2021,2022,21.433847594855987,83.97437801220025
-0.092059836,0.15161291,154,1510.849615097046,0,0.0,1,2021,2022,21.48172779949956,84.08046904725477
-0.14783731,0.24810126,146,1500.3094980716703,0,0.0,1,2021,2022,21.5000534312956,83.91194509995394
-0.023537803,0.11075024,154,1444.0026681423187,0,22.360679774997894,1,2021,2022,21.515594285710865,83.86532253670813
0.24032675,-0.054787893,140,1515.9416505098343,3,20.0,1,2021,2022,21.461425874078454,83.96108294599529
0.057301294,-0.020005573,158,1510.849615097046,0,28.284271247461906,1,2021,2022,21.47570908709596,84.09097933607896
0.05068401,0.12868729,158,1425.125935792923,0,10.0,1,2021,2022,21.484871902993977,83.89451778344203
0.15191342,-0.071428575,152,1444.0026681423187,0,20.0,1,2021,2022,21.51891805226211,83.87870743444152
-0.06220354,0.15068047,161,1500.3094980716703,0,0.0,1,2021,2022,21.52781137357489,83.91347223593695
0.14436223,-0.055529848,153,1444.0026681423187,0,22.360679774997894,1,2021,2022,21.519367209904168,83.86631068352067
0.52920663,-0.43652743,178,1543.9708049297333,0,28.284271247461906,1,2021,2022,21.45001726997014,84.17218703776336
-0.010490428,0.1283802,143,1474.2084752321243,0,14.142135623730953,1,2021,2022,21.413096511792823,83.98731375229157
0.08830189,-0.022985244,158,1425.125935792923,0,30.0,1,2021,2022,21.494394045005645,83.89083469077714
0.04597701,0.05229794,138,1474.2084752321243,0,20.0,1,2021,2022,21.43851883433341,83.98264251281415
0.07153839,0.09805116,158,1425.125935792923,0,10.0,1,2021,2022,21.484871902993977,83.89442795191361
-0.07375718,0.1718337,139,1474.2084752321243,0,0.0,1,2021,2022,21.436991698350408,83.97752211569467
-0.053835623,0.21522167,169,1510.849615097046,0,0.0,1,2021,2022,21.497268653914823,84.08334365616395
0.57575756,-0.46391752,145,1531.3260192871094,0,20.0,1,2021,2022,21.42468477895797,84.02764810854853
0.0077948202,0.114710644,135,1542.414464712143,0,14.142135623730953,1,2021,2022,21.355065344438707,83.94087085210259
0.013832191,0.106765606,158,1491.503583192825,0,30.0,1,2021,2022,21.478943022118788,83.91419088816424
0.40215358,-0.4046896,154,1510.849615097046,0,22.360679774997894,1,2021,2022,21.48038032657338,84.06753330716344
-0.07900087,0.1657047,161,1500.3094980716703,0,0.0,1,2021,2022,21.527991036631715,83.91338240440854
0.09823229,0.051159624,144,1515.9416505098343,3,30.0,1,2021,2022,21.45855126516928,83.96243041892146
0.105767675,0.049455926,175,1462.586761713028,0,14.142135623730953,1,2021,2022,21.54658616301299,84.0829843300503
0.23179519,-0.23980969,148,1500.3094980716703,0,20.0,1,2021,2022,21.512540013744857,83.90125514807292
0.17323354,-0.06294403,145,1515.9416505098343,0,20.0,1,2021,2022,21.473283635828835,83.95129130939839
0.048947368,0.033696968,154,1444.0026681423187,0,10.0,1,2021,2022,21.51541462265404,83.8649632105945
0.031266835,0.08414755,143,1515.9416505098343,0,10.0,1,2021,2022,21.459090254339745,83.9582083370861
0.099407,-0.012032635,154,1510.849615097046,0,22.360679774997894,1,2021,2022,21.4812786418575,84.07184522052722
-0.00040513166,0.13806622,140,1474.2084752321243,0,10.0,1,2021,2022,21.409233756071117,83.98282217587098
0.060795397,0.045646176,147,1491.503583192825,0,10.0,1,2021,2022,21.498885621426243,83.91490954039153
0.00013615862,0.08570926,136,1474.2084752321243,0,20.0,1,2021,2022,21.44777148175984,83.97356952844454
0.60767365,-0.5008118,150,1504.7035248279572,0,28.284271247461906,1,2021,2022,21.45298171040773,84.04669239257187
0.14601019,-0.045498546,141,1531.3260192871094,0,28.284271247461906,1,2021,2022,21.421720338520377,84.01372422164468
0.34122828,-0.30402443,140,1474.2084752321243,0,28.284271247461906,1,2021,2022,21.41318634332124,83.98425948032556
0.03921372,0.12944226,144,1515.9416505098343,3,22.360679774997894,1,2021,2022,21.462144526305757,83.96009479918276
0.035884015,0.10314704,145,1515.9416505098343,0,22.360679774997894,1,2021,2022,21.45244272123726,83.96180159822258
0.15389985,-0.03862434,140,1515.9416505098343,0,30.0,1,2021,2022,21.466366608141115,83.96656266922841
0.33794147,-0.28275576,154,1444.0026681423187,0,22.360679774997894,1,2021,2022,21.51541462265404,83.85840550902041
0.029511152,0.087642245,147,1504.7035248279572,0,10.0,1,2021,2022,21.45828177058404,84.00312410129207
0.07233915,0.049012437,158,1425.125935792923,0,22.360679774997894,1,2021,2022,21.48496173452239,83.89460761497044
-0.024160653,0.15780108,142,1515.9416505098343,3,0.0,1,2021,2022,21.457563118356745,83.9619812612794
0.33599865,-0.37422892,140,1474.2084752321243,0,22.360679774997894,1,2021,2022,21.41273718567918,83.98884088827458
0.02739726,0.08230153,139,1515.9416505098343,0,22.360679774997894,1,2021,2022,21.45226305818044,83.97213222398995
0.22776471,-0.13632405,142,1515.9416505098343,0,14.142135623730953,1,2021,2022,21.45136474289632,83.9928833070531
0.01022567,0.07726992,156,1491.503583192825,0,28.284271247461906,1,2021,2022,21.453071541936147,83.93727759096612
0.0016997167,0.10661951,166,1504.7035248279572,0,14.142135623730953,1,2021,2022,21.479212516704024,84.03860755501479
0.31096774,-0.29220986,192,1486.6419987678528,0,22.360679774997894,1,2021,2022,21.505443323000318,84.18170917977504
0.45885858,-0.47662684,153,1510.849615097046,1,30.0,1,2021,2022,21.46061739032275,84.05648402916877
-0.004568528,0.11601249,158,1425.125935792923,0,10.0,1,2021,2022,21.48451257688033,83.8928109844022
0.62078923,-0.54259545,150,1510.849615097046,1,22.360679774997894,1,2021,2022,21.478224369891493,84.05783150209496
0.08510638,0.009021513,145,1504.7035248279572,0,22.360679774997894,1,2021,2022,21.46277334700464,84.01192759107644
0.22786012,-0.12898417,144,1474.2084752321243,0,14.142135623730953,1,2021,2022,21.41255752262236,83.98767307840522
0.17861108,-0.11779911,146,1474.2084752321243,0,20.0,1,2021,2022,21.442561253111947,83.97725262110943
0.17033483,-0.03924974,136,1474.2084752321243,0,28.284271247461906,1,2021,2022,21.405730326463047,83.98030689307544
0.06234602,0.096998796,139,1474.2084752321243,0,22.360679774997894,1,2021,2022,21.406538810218755,83.9822831867005
0.27402985,-0.3741146,217,1467.101193189621,4,28.284271247461906,1,2021,2022,21.573355958479752,84.18691940842292
0.4885599,-0.39470366,148,1510.849615097046,0,20.0,1,2021,2022,21.45244272123726,84.05190262121977
0.17455287,-0.22274283,140,1474.2084752321243,0,30.0,1,2021,2022,21.41731859362819,83.97617464276848
0.24850482,-0.196942,166,1543.9708049297333,0,22.360679774997894,1,2021,2022,21.474271782641367,84.1506274709445
0.36106515,-0.2494621,155,1527.9942190647123,0,28.284271247461906,1,2021,2022,21.43753068752088,83.94590141769366
-0.05691057,0.14003295,157,1510.849615097046,0,14.142135623730953,1,2021,2022,21.473283635828835,84.0574721759813
0.10732381,0.048297703,187,1596.7456719875336,0,22.360679774997894,1,2021,2022,21.43537473083899,84.1580834878027
0.033626486,0.084326304,184,1596.4968211650848,0,10.0,1,2021,2022,21.43789001363453,84.13957819294983
0.24897866,-0.20260285,142,1515.9416505098343,0,28.284271247461906,1,2021,2022,21.45657497154421,83.96171176669417
0.18518518,-0.19848156,142,1515.9416505098343,0,30.0,1,2021,2022,21.45855126516928,83.96638300617158
0.061267175,0.049458854,141,1474.2084752321243,0,14.142135623730953,1,2021,2022,21.44543586202113,83.96925761508076
0.21302326,-0.23272602,194,1486.6419987678528,0,14.142135623730953,1,2021,2022,21.52421811243841,84.16976158649625
0.5142637,-0.49809307,144,1531.3260192871094,0,28.284271247461906,1,2021,2022,21.419833876423723,84.00950213980933
0.10646919,-0.107212104,144,1491.503583192825,0,28.284271247461906,1,2021,2022,21.495651686403413,83.91733499165866
0.19074807,-0.24743122,152,1444.0026681423187,0,30.0,1,2021,2022,21.51891805226211,83.87682097234487
0.38198403,-0.32237417,147,1510.849615097046,0,20.0,1,2021,2022,21.453071541936147,84.05199245274818
0.118649766,-0.09200304,188,1516.5754685401917,0,30.0,1,2021,2022,21.524307943966825,84.13239167067687
0.033870265,0.032644384,138,1474.2084752321243,0,22.360679774997894,1,2021,2022,21.4466935034189,83.9679101421546
-0.005512679,0.06009031,147,1515.9416505098343,0,14.142135623730953,1,2021,2022,21.45280204735091,83.9912663395417
0.33293596,-0.29860243,171,1510.849615097046,0,20.0,1,2021,2022,21.49699915932959,84.0958302386132
-0.04533701,0.15359926,138,1500.3094980716703,0,0.0,1,2021,2022,21.50095174657972,83.91113661619823
0.116846286,-0.00038104915,145,1515.9416505098343,0,14.142135623730953,1,2021,2022,21.464569977572875,83.95227945621092
0.2835821,-0.23109724,178,1559.4533474445343,0,20.0,1,2021,2022,21.4519935635952,84.14963932413197
0.15511551,-0.07357572,140,1474.2084752321243,0,22.360679774997894,1,2021,2022,21.403754032837984,83.97940857779132
0.19048217,-0.1418077,137,1523.130874812603,0,20.0,1,2021,2022,21.38893183065001,83.97491700137073
0.1881095,-0.07186771,134,1523.130874812603,0,22.360679774997894,1,2021,2022,21.36898923134256,83.95739985333039
0.083146065,0.0069460794,139,1474.2084752321243,0,20.0,1,2021,2022,21.44687316647572,83.967999973683
0.43659168,-0.40279937,199,1486.6419987678528,4,20.0,1,2021,2022,21.54990992956423,84.18090069601932
0.29736117,-0.23278444,141,1531.3260192871094,0,14.142135623730953,1,2021,2022,21.419744044895317,84.00806483535473
0.12793896,-0.11646423,138,1474.2084752321243,0,30.0,1,2021,2022,21.402765886025453,83.9800373984902
0.09112241,-0.14344262,186,1473.560908794403,0,22.360679774997894,1,2021,2022,21.39791498349121,84.03178035885549
0.5979791,-0.5134139,148,1504.7035248279572,0,30.0,1,2021,2022,21.473463298885655,84.01614967291181
-0.026734697,0.14375669,141,1474.2084752321243,0,14.142135623730953,1,2021,2022,21.446154514248427,83.96925761508076
0.21521185,-0.17345068,133,1523.130874812603,0,22.360679774997894,1,2021,2022,21.38749452619542,83.97410851761501
0.12017084,-0.046047863,143,1474.2084752321243,0,22.360679774997894,1,2021,2022,21.40815577773017,83.98246284975733
-0.014791748,0.1421793,158,1491.503583192825,0,14.142135623730953,1,2021,2022,21.480739652687028,83.91401122510742
0.048316628,0.06050459,140,1515.9416505098343,0,28.284271247461906,1,2021,2022,21.465558124385407,83.96701182687048
0.26164472,-0.29941905,161,1542.414464712143,0,22.360679774997894,1,2021,2022,21.372402829422214,83.9176943177723
0.40860975,-0.41761363,144,1504.7035248279572,0,28.284271247461906,1,2021,2022,21.46367166228876,84.01498186304245
0.40170723,-0.39984846,145,1504.7035248279572,0,30.0,1,2021,2022,21.45298171040773,84.04399744671952
0.24840966,-0.2627602,139,1474.2084752321243,0,28.284271247461906,1,2021,2022,21.41749825668501,83.97608481124007
0.37560505,-0.3556735,151,1444.0026681423187,0,22.360679774997894,1,2021,2022,21.514336644313097,83.87340737426521
0.38368925,-0.39682347,137,1474.2084752321243,0,30.0,1,2021,2022,21.4279187139808,83.97860009403561
0.43547815,-0.43854648,142,1531.3260192871094,0,30.0,1,2021,2022,21.412467691093944,84.00617837325808
0.47113594,-0.4803248,163,1531.3260192871094,4,22.360679774997894,1,2021,2022,21.44040529643006,84.0454347511741
-0.0044545233,0.124064706,138,1474.2084752321243,0,30.0,1,2021,2022,21.43780018210612,83.98255268128574
-0.024721993,0.12906252,146,1504.7035248279572,0,10.0,1,2021,2022,21.46753441801047,84.01623950444022
0.18552376,-0.182562,146,1491.503583192825,3,30.0,1,2021,2022,21.493226235136287,83.91796381235754
0.08859843,-0.0032583217,145,1474.2084752321243,0,10.0,1,2021,2022,21.439237486560707,83.97195256093313
0.06577239,0.10131355,138,1474.2084752321243,0,10.0,1,2021,2022,21.419564381838487,83.98084588224592
0.2786868,-0.24030663,135,1474.2084752321243,0,30.0,1,2021,2022,21.44085445407212,83.97195256093313
-0.00021673169,0.14566164,134,1523.130874812603,0,22.360679774997894,1,2021,2022,21.36907906287097,83.95775917944404
-0.13769919,0.28855965,155,1527.9942190647123,0,0.0,1,2021,2022,21.436901866821994,83.94590141769366
0.4231751,-0.36901546,149,1531.3260192871094,0,28.284271247461906,1,2021,2022,21.44507653590748,84.0408533432251
0.13060524,0.03012126,135,1474.2084752321243,0,30.0,1,2021,2022,21.40896426148588,83.97159323481948
-0.066392176,0.15035129,142,1531.3260192871094,0,0.0,1,2021,2022,21.413096511792823,84.0024952805932
0.25623903,-0.14440164,140,1474.2084752321243,0,10.0,1,2021,2022,21.445795188134777,83.9747373383139
0.21583483,-0.17274138,137,1474.2084752321243,0,20.0,1,2021,2022,21.421271180878318,83.97976790390497
-0.001521649,0.14417833,161,1542.414464712143,0,20.0,1,2021,2022,21.38560806409877,83.92164690502243
0.0048954664,0.06707918,140,1474.2084752321243,0,22.360679774997894,1,2021,2022,21.44804097634508,83.96719148992729
0.040121485,0.098097645,142,1515.9416505098343,3,14.142135623730953,1,2021,2022,21.459629243510214,83.95569305429056
0.05977967,0.029552333,180,1559.4533474445343,0,14.142135623730953,1,2021,2022,21.450735922197435,84.13652392098382
0.058598686,0.1397941,134,1523.130874812603,0,14.142135623730953,1,2021,2022,21.37599609055869,83.95605238040422
0.035245903,0.07843853,179,1559.4533474445343,0,10.0,1,2021,2022,21.45235288970885,84.14927999801832
0.4189099,-0.44380304,160,1444.0026681423187,0,30.0,1,2021,2022,21.509934899420912,83.86487337906608
0.0050251256,0.13978495,175,1510.849615097046,0,10.0,1,2021,2022,21.49744831697165,84.08352331922077
0.35211736,-0.26148137,188,1596.7456719875336,0,20.0,1,2021,2022,21.41686943598613,84.15979028684252
0.11784888,-0.07432177,137,1474.2084752321243,0,28.284271247461906,1,2021,2022,21.41498297388948,83.9800373984902
0.4878655,-0.4378711,147,1504.7035248279572,0,30.0,1,2021,2022,21.46340216770352,84.01426321081516
0.06439334,0.06983298,139,1474.2084752321243,0,10.0,1,2021,2022,21.436901866821994,83.97743228416626
-0.030480167,0.09190457,155,1510.849615097046,0,22.360679774997894,1,2021,2022,21.48271594631209,84.07732494376035
0.31093007,-0.20377153,158,1491.503583192825,0,20.0,1,2021,2022,21.47624807626643,83.91742482318708
0.14883791,-0.056181755,134,1474.2084752321243,0,30.0,1,2021,2022,21.426930567168267,83.98030689307544
0.09909256,0.027809335,188,1596.7456719875336,0,10.0,1,2021,2022,21.41686943598613,84.15970045531411
5.870497e-05,0.12752539,139,1474.2084752321243,0,10.0,1,2021,2022,21.424954273543204,83.97985773543338
0.006199628,0.15397146,150,1444.0026681423187,0,0.0,1,2021,2022,21.519457041432577,83.86613102046385
0.03975014,0.053012673,146,1504.7035248279572,0,22.360679774997894,1,2021,2022,21.457203792243096,84.00267494365002
0.05631874,-0.0029831408,146,1491.503583192825,0,10.0,1,2021,2022,21.498705958369417,83.91517903497677
0.22778033,-0.12590304,178,1506.779983997345,0,10.0,1,2021,2022,21.52538592230777,83.96243041892146
0.31618258,-0.32793748,172,1596.4968211650848,6,28.284271247461906,1,2021,2022,21.449388449271257,84.10068114114746
0.01512605,0.08761329,148,1510.849615097046,0,14.142135623730953,1,2021,2022,21.47804470683467,84.0574721759813
0.046845123,0.07026109,163,1491.503583192825,0,14.142135623730953,1,2021,2022,21.465108966743347,83.9349419712274
0.34770024,-0.24873534,142,1474.2084752321243,0,30.0,1,2021,2022,21.444178220623364,83.96934744660918
0.25256684,-0.23094203,138,1523.130874812603,0,30.0,1,2021,2022,21.385787727155595,83.97338986538772
-0.03379131,0.13063815,158,1425.125935792923,0,10.0,1,2021,2022,21.48532106063604,83.89200250064648
-0.04565395,0.11131626,165,1527.9942190647123,0,28.284271247461906,1,2021,2022,21.421361012406727,83.9176044862439
0.38990977,-0.3719293,157,1491.503583192825,0,22.360679774997894,1,2021,2022,21.452083395123616,83.9439251240686
0.30289534,-0.2791079,135,1523.130874812603,0,30.0,1,2021,2022,21.396567510565028,83.97904925167767
0.3994757,-0.30903703,141,1474.2084752321243,0,22.360679774997894,1,2021,2022,21.44543586202113,83.97069491953536
0.31942633,-0.18779343,181,1596.4968211650848,0,22.360679774997894,1,2021,2022,21.43797984516294,84.14523757923979
0.020293912,0.047223665,186,1488.760817527771,1,10.0,1,2021,2022,21.554311674456414,83.95236928773932
0.028092366,0.077958055,148,1504.7035248279572,0,10.0,1,2021,2022,21.46879205940824,84.01659883055387
0.27197587,-0.35850406,158,1510.849615097046,5,30.0,1,2021,2022,21.474720940283422,84.08540978131742
-0.0030615085,0.105215825,133,1474.2084752321243,0,20.0,1,2021,2022,21.40546083187781,83.9800373984902
0.3372093,-0.29705796,145,1515.9416505098343,0,28.284271247461906,1,2021,2022,21.45037659608379,83.97195256093313
0.32929182,-0.25537822,160,1559.4533474445343,0,30.0,1,2021,2022,21.46978020622077,84.1190966044719
0.06672052,0.055774044,133,1523.130874812603,0,10.0,1,2021,2022,21.387674189252245,83.97437801220025
0.42666668,-0.35381836,149,1510.849615097046,0,30.0,1,2021,2022,21.47867352753355,84.05729251292448
-0.04326644,0.16754138,156,1473.8019874989986,0,0.0,1,2021,2022,21.44534603049272,84.05190262121977
0.10006946,-0.058417935,140,1474.2084752321243,0,20.0,1,2021,2022,21.445705356606368,83.96934744660918
0.3247424,-0.29211217,140,1474.2084752321243,0,28.284271247461906,1,2021,2022,21.44696299800413,83.97356952844454
0.13897876,-0.028132591,144,1515.9416505098343,0,20.0,1,2021,2022,21.46286317853305,83.95344726608026
0.44718793,-0.45166838,207,1469.034849882126,0,30.0,1,2021,2022,21.36431799186514,84.07759443834559
0.05079436,0.0019246438,139,1474.2084752321243,0,30.0,1,2021,2022,21.436901866821994,83.97797127333673
0.07970297,0.06788233,137,1474.2084752321243,0,14.142135623730953,1,2021,2022,21.419115224196428,83.98084588224592
0.39799845,-0.42041454,177,1559.4533474445343,3,22.360679774997894,1,2021,2022,21.45926991739657,84.10148962490317
-0.04191617,0.16845001,141,1474.2084752321243,0,0.0,1,2021,2022,21.412467691093944,83.99962067168401
0.07422776,-0.070854075,155,1444.0026681423187,0,22.360679774997894,1,2021,2022,21.51631293793816,83.86855647173097
0.3208024,-0.31292197,155,1510.849615097046,0,20.0,1,2021,2022,21.46663610272635,84.05989762724843
0.1910037,-0.10015504,143,1531.3260192871094,0,14.142135623730953,1,2021,2022,21.419564381838487,84.00887331911044
0.11615098,-0.11470636,219,1467.101193189621,1,10.0,1,2021,2022,21.573176295422925,84.193477109997
0.39876857,-0.40385315,149,1510.849615097046,0,28.284271247461906,1,2021,2022,21.452532552765675,84.05091447440724
0.3806999,-0.3125,147,1531.3260192871094,0,20.0,1,2021,2022,21.434117089441223,84.03743974514543
0.022727273,0.1,147,1504.7035248279572,0,22.360679774997894,1,2021,2022,21.473642961942485,84.01632933596863
0.09049155,0.029601803,143,1515.9416505098343,0,10.0,1,2021,2022,21.45792244447039,83.96557452241588
0.5416938,-0.54521316,169,1585.277441740036,4,1280.0,0,2022,2023,21.42782888245239,84.08621826507313
0.34904322,-0.4330437,176,1591.7766270637512,4,265.70660511172844,0,2022,2023,21.45792244447039,84.17676844571238
0.36965436,-0.42996943,158,1602.4353742599487,5,101.9803902718557,0,2022,2023,21.483434598539382,84.07813342751605
-0.1288624,0.34213686,190,1532.3917932510376,0,0.0,0,2022,2023,21.56086937603049,83.97482716984231
0.34583285,-0.42497978,196,1588.8062154054642,4,604.4005294504631,0,2022,2023,21.37141468260968,84.16320388492217
0.4916148,-0.5030995,167,1608.0899786949158,4,318.27660925679095,0,2022,2023,21.468522564823,84.12215087643791
0.62512594,-0.557505,208,1537.6186023950577,1,1013.1633629380802,0,2022,2023,21.373031650121096,84.07669612306147
0.58365756,-0.5685447,154,1593.592208623886,4,1270.6297651164953,0,2022,2023,21.38839284147954,83.90880099645952
0.46786714,-0.49265984,174,1612.698834657669,4,1280.0,0,2022,2023,21.427110230225093,84.10041164656222
0.45079842,-0.45066643,159,1583.5447580814362,4,1280.0,0,2022,2023,21.370696030382387,83.8657716943502
0.45084393,-0.48389393,176,1602.4353742599487,1,313.8470965295043,0,2022,2023,21.460886884907985,84.08460129756172
0.10513668,-0.14485763,174,1540.8635561466217,6,380.78865529319546,0,2022,2023,21.45280204735091,83.92254522030656
0.45334706,-0.47423843,157,1600.8621512344107,1,162.78820596099706,0,2022,2023,21.42558309424209,83.95174046704044
0.5448106,-0.5323829,172,1602.4353742599487,4,1041.2012293500234,0,2022,2023,21.49646017015912,84.08496062367536
0.5203396,-0.5224938,185,1495.758952379227,1,161.55494421403512,0,2022,2023,21.52143333505764,84.13230183914847
0.4015804,-0.45359117,195,1491.7797845602036,5,205.91260281974,0,2022,2023,21.546945489126635,84.1656293361893
0.5032258,-0.5374197,202,1431.8467383384705,1,385.8756276314948,0,2022,2023,21.558803250877013,84.18072103296251
0.55914867,-0.5487572,167,1556.5259022712708,1,1280.0,0,2022,2023,21.35048393648969,84.0175869773664
0.56010664,-0.53940487,147,1593.592208623886,1,1034.64969917359,0,2022,2023,21.372492660950627,83.93548096039787
0.26404512,-0.39744613,194,1430.244505524635,5,378.549864614954,0,2022,2023,21.5842255734176,84.08936236856755
-0.2339833,0.44350758,188,1531.0154056549072,0,0.0,0,2022,2023,21.56688808843409,83.86828697714573
0.47358388,-0.47051075,164,1517.3875867128372,0,41.23105625617661,0,2022,2023,21.51487563348357,83.85589022622489
0.4799223,-0.48589697,174,1495.758952379227,1,1280.0,0,2022,2023,21.510653551648208,84.13652392098382
0.37452775,-0.4143458,182,1430.244505524635,4,354.400902933387,0,2022,2023,21.551077739433588,84.08531994978901
0.5291662,-0.5014966,160,1546.614536702633,4,380.78865529319546,0,2022,2023,21.5136179920858,83.94140984127307
0.1261574,-0.18130311,154,1583.1036818027496,6,272.9468812791236,0,2022,2023,21.46061739032275,84.01120893884915
0.46132228,-0.4964029,163,1505.147863149643,4,560.8921464952064,0,2022,2023,21.52835036274536,84.05756200750972
0.5820446,-0.58529896,165,1612.698834657669,4,1015.1354589413178,0,2022,2023,21.446154514248427,84.10310659241458
0.3373133,-0.4013693,183,1573.282821893692,1,162.78820596099706,0,2022,2023,21.52583507994983,83.99171549718376
0.5496914,-0.5483296,149,1593.592208623886,4,1016.070863670443,0,2022,2023,21.390458966633016,83.91185526842553
0.5637149,-0.513683,160,1511.856633424759,1,1280.0,0,2022,2023,21.50499416535825,84.00617837325808
0.50361854,-0.5350589,174,1546.614536702633,4,1030.194156457898,0,2022,2023,21.53930980921162,83.9476980482619
-0.20609823,0.41829953,188,1531.6997517347336,0,0.0,0,2022,2023,21.57039151804216,83.94482343935272
0.4827728,-0.4994678,187,1495.758952379227,1,477.5981574503821,0,2022,2023,21.52206215575653,84.13751206779635
0.40294898,-0.4670947,182,1594.0544555187223,4,104.40306508910552,0,2022,2023,21.42657124105462,84.1746124890305
0.29899484,-0.26584846,138,1600.8621512344107,4,134.1640786499874,0,2022,2023,21.418486403497543,83.97527632748437
0.5542741,-0.5417228,162,1602.4353742599487,1,1184.0608092492548,0,2022,2023,21.4564851400158,84.06636549729409
0.70022,-0.58683056,158,1540.8635561466217,1,389.48684188300894,0,2022,2023,21.467714081067296,83.90799251270381
0.5729167,-0.5417996,156,1602.4353742599487,1,870.976463516667,0,2022,2023,21.454149520277088,84.05908914349273
0.6827312,-0.5830159,143,1593.592208623886,1,472.9693436154187,0,2022,2023,21.372133334836978,83.90987897480046
0.43957862,-0.4974953,191,1491.7797845602036,4,761.5773105863909,0,2022,2023,21.505443323000318,84.18108035907615
0.3382134,-0.4117647,184,1573.282821893692,5,376.56340767525467,0,2022,2023,21.530236824842014,83.9988121879283
0.6265717,-0.5652216,246,1515.590425491333,1,632.8506932918696,0,2022,2023,21.457203792243096,83.87349720579363
0.66653967,-0.61510867,149,1596.223125219345,1,318.9043743820395,0,2022,2023,21.392255597201256,83.97985773543338
0.3526648,-0.41318372,196,1588.8768920898438,1,924.7702417357514,0,2022,2023,21.35156191483064,84.10148962490317
-0.18501171,0.38297874,188,1531.0154056549072,0,0.0,0,2022,2023,21.57829669254241,83.88894822868049
0.76536745,-0.6718256,482,1556.5259022712708,1,1280.0,0,2022,2023,21.3580297848763,84.04803986549805
0.4326265,-0.3457768,141,1600.8621512344107,0,291.20439557122074,0,2022,2023,21.44022563337324,83.97689329499579
0.04828372,0.07719864,156,1540.8635561466217,0,10.0,0,2022,2023,21.452622384294088,83.93781658013658
0.32667157,-0.4207866,161,1583.5447580814362,4,490.3060268852505,0,2022,2023,21.39495054305361,83.88903806020889
0.3675334,-0.425119,162,1583.1036818027496,4,1280.0,0,2022,2023,21.498885621426243,84.0062682047865
0.30167452,-0.3941432,181,1594.0544555187223,4,457.0557952810576,0,2022,2023,21.44552569354954,84.17353451068955
0.5355747,-0.52919805,199,1495.758952379227,1,878.4645695758026,0,2022,2023,21.53832166239909,84.14065617129077
0.19271877,-0.30088758,179,1430.244505524635,5,406.0788100849391,0,2022,2023,21.560959207558906,84.08487079214696
-0.15843563,0.36428982,188,1531.6997517347336,0,0.0,0,2022,2023,21.56967286581486,83.90044666431722
0.2548475,-0.34922323,181,1505.147863149643,4,799.2496481075234,0,2022,2023,21.545508184672045,84.0958302386132
0.37357184,-0.3760832,161,1580.9598841071129,6,172.04650534085255,0,2022,2023,21.491699099153287,83.95946597848386
0.59887797,-0.55334514,151,1600.8621512344107,4,659.2419889539804,0,2022,2023,21.42962551302063,83.96934744660918
0.42831707,-0.479937,169,1608.0899786949158,1,570.087712549569,0,2022,2023,21.469870037749185,84.1304153770518
0.57251906,-0.51359296,168,1585.277441740036,1,210.2379604162864,0,2022,2023,21.443998557566537,84.09277596664721
0.60860217,-0.5620525,165,1546.614536702633,4,1206.731121667126,0,2022,2023,21.52897918344425,83.9356606234547
0.63937014,-0.5689152,170,1515.590425491333,6,641.3267497929586,0,2022,2023,21.49924494753989,83.89191266911808
0.4223706,-0.44996595,151,1583.1036818027496,6,237.06539182259397,0,2022,2023,21.45459867791915,84.00060881849654
0.41822243,-0.48632592,180,1505.147863149643,6,1280.0,0,2022,2023,21.50894675260838,84.07894191127177
0.5965619,-0.5783324,160,1556.5259022712708,4,578.013840664737,0,2022,2023,21.378870699467875,84.01363439011628
0.5091839,-0.49390817,205,1531.0154056549072,1,70.71067811865476,0,2022,2023,21.55790493559289,83.87861760291311
-0.21194702,0.46462226,188,1532.3917932510376,0,0.0,0,2022,2023,21.575781409746877,83.9529082769098
0.12040657,-0.07882255,192,1531.6997517347336,0,53.85164807134504,0,2022,2023,21.56257617507032,83.9499438364722
0.6052724,-0.57274866,223,1588.8768920898438,1,845.2810183601664,0,2022,2023,21.36395866575149,84.12843908342674
0.66020066,-0.5889885,379,1537.6186023950577,1,1280.0,0,2022,2023,21.36907906287097,84.05432807248688
0.67757267,-0.6107406,195,1588.8768920898438,1,456.0701700396552,0,2022,2023,21.39423189082632,84.14936982954673
0.62756735,-0.5743445,199,1602.8384928703308,1,1280.0,0,2022,2023,21.43600355153788,83.88858890256684
0.35353535,-0.42819077,198,1491.7797845602036,4,697.7822009767805,0,2022,2023,21.52682322676236,84.18242783200233
0.619979,-0.56592566,163,1583.1036818027496,4,1280.0,0,2022,2023,21.48451257688033,84.04184149003763
0.4337357,-0.45475313,159,1505.147863149643,1,340.0,0,2022,2023,21.53059615095566,84.05235177886182
0.46349367,-0.48185113,186,1495.758952379227,1,674.1661516273269,0,2022,2023,21.524487607023648,84.12331868630727
-0.13855422,0.30201343,188,1531.0154056549072,0,0.0,0,2022,2023,21.56814572983186,83.85184780744635
0.33327255,-0.4197495,195,1588.8062154054642,5,841.486779456457,0,2022,2023,21.37473844916092,84.16616832535976
0.13720988,-0.16078156,162,1540.8635561466217,6,210.2379604162864,0,2022,2023,21.495292360289763,83.90565689296511
0.4287739,-0.38041672,137,1596.223125219345,0,28.284271247461906,0,2022,2023,21.377163900428048,83.96530502783064
-0.20074067,0.42454582,188,1532.3917932510376,0,0.0,0,2022,2023,21.5774882087867,83.95946597848386
0.50540733,-0.50323975,152,1604.141280889511,1,290.0,0,2022,2023,21.445795188134777,84.0461534034014
0.66664755,-0.5475284,141,1600.8621512344107,0,622.6556030423238,0,2022,2023,21.43474591014011,83.98398998574032
0.52978057,-0.51809955,153,1600.8621512344107,4,720.0694410957876,0,2022,2023,21.402496391440216,83.95739985333039
0.3672848,-0.4226062,160,1604.141280889511,4,1280.0,0,2022,2023,21.444627378265423,84.0176768088948
0.34799483,-0.42000544,155,1600.8621512344107,4,1280.0,0,2022,2023,21.43636287765152,83.99566808443389
0.5498545,-0.52736753,152,1580.9598841071129,1,358.4689665786984,0,2022,2023,21.45459867791915,83.9559625488758
0.63927823,-0.57007796,158,1580.9598841071129,1,1068.8779163215977,0,2022,2023,21.49735848544324,83.96737115298411
0.60674155,-0.5681099,175,1465.7138321995735,4,778.84529914483,0,2022,2023,21.553772685285946,84.00869365605362
0.48824254,-0.48751125,166,1505.147863149643,4,1280.0,0,2022,2023,21.54020812449574,84.06959943231692
0.36148062,-0.44846684,192,1591.7766270637512,5,1214.3310915891102,0,2022,2023,21.492597414437405,84.19742969724713
0.4557652,-0.49266198,151,1540.8635561466217,6,1228.087944733601,0,2022,2023,21.49133977303964,83.94922518424491
0.5762185,-0.537165,183,1591.7766270637512,1,514.78150704935,0,2022,2023,21.49592118098865,84.1716480485929
0.3629097,-0.44362316,179,1594.0544555187223,4,1043.5037134576953,0,2022,2023,21.43420692096964,84.16518017854723
0.5409249,-0.5277604,153,1600.8621512344107,4,1169.3160394008114,0,2022,2023,21.404652348122102,83.96135244058051
-0.15610711,0.3095832,190,1531.0154056549072,0,0.0,0,2022,2023,21.552425212359765,83.88481597837354
0.43086419,-0.45542067,151,1511.856633424759,4,806.0397012554654,0,2022,2023,21.505892480642373,84.02630063562236
0.46987253,-0.49778607,175,1495.758952379227,4,199.24858845171275,0,2022,2023,21.51218068763121,84.11631182709114
0.43179598,-0.4827216,177,1612.698834657669,1,879.6590248499699,0,2022,2023,21.40860493537223,84.11271856595465
0.15203935,-0.18803743,163,1583.1036818027496,6,360.5551275463989,0,2022,2023,21.451903732066796,84.03061254898613
0.5805277,-0.50715834,153,1604.141280889511,1,140.356688476182,0,2022,2023,21.44327990533924,84.03968553335574
0.32706565,-0.42355445,185,1430.244505524635,5,555.6977595779922,0,2022,2023,21.58036281769588,84.06223324698713
0.33440545,-0.4226929,196,1491.7797845602036,5,174.6424919657298,0,2022,2023,21.538680988512738,84.16850394509848
0.4401215,-0.46812376,178,1612.698834657669,1,1096.038320497965,0,2022,2023,21.4038438643664,84.1370629101543
0.5586297,-0.5479045,151,1583.5447580814362,4,348.8552708502482,0,2022,2023,21.358568774046773,83.89326014204426
0.4957614,-0.5,169,1602.4353742599487,4,1280.0,0,2022,2023,21.497717811556885,84.06690448646457
0.5296343,-0.52291274,168,1537.6186023950577,1,1101.635148313633,0,2022,2023,21.398184478076445,84.06690448646457
0.38694736,-0.45739314,192,1491.7797845602036,4,898.0534505250787,0,2022,2023,21.509306078722027,84.19015334344576
0.65479416,-0.5924533,184,1593.592208623886,1,511.9570294468082,0,2022,2023,21.385877558684005,83.92649780755669
0.36300495,-0.4173832,186,1491.7797845602036,5,610.0,0,2022,2023,21.510473888591385,84.15916146614363
0.6413519,-0.55861807,226,1588.8768920898438,1,997.2462083156796,0,2022,2023,21.359646752387714,84.10445406534076
0.5225866,-0.515751,174,1573.282821893692,4,1218.5236969382254,0,2022,2023,21.534997895847848,83.96296940809194
0.4811704,-0.51641107,215,1588.8062154054642,1,390.1281840626232,0,2022,2023,21.363419676581017,84.16688697758707
0.32917225,-0.4134115,157,1546.614536702633,5,111.80339887498948,0,2022,2023,21.516133274881337,83.90951964868682
0.618206,-0.5691624,334,1431.8467383384705,1,907.9647570252934,0,2022,2023,21.59356805237244,84.19707037113348
-0.004718465,0.14192732,158,1540.8635561466217,0,10.0,0,2022,2023,21.48307527242574,83.91347223593695
0.34313512,-0.44798067,185,1588.8768920898438,5,546.44304369257,0,2022,2023,21.395489532224087,84.11280839748306
0.5617884,-0.5274308,170,1608.0899786949158,4,164.92422502470643,0,2022,2023,21.47112767914695,84.13867987766571
0.3303226,-0.3866846,159,1604.141280889511,4,80.62257748298549,0,2022,2023,21.44148327477101,84.04354828907745
-0.20957597,0.39122257,188,1531.0154056549072,0,0.0,0,2022,2023,21.591501927218964,83.8957754248398
0.3976401,-0.42068964,174,1612.698834657669,4,190.26297590440447,0,2022,2023,21.430523828304747,84.14209347574537
0.59158474,-0.56523204,204,1588.8062154054642,1,1049.3807697875925,0,2022,2023,21.35048393648969,84.19248896318447
0.51160187,-0.51136,154,1604.141280889511,4,730.0684899377592,0,2022,2023,21.43276961651505,84.04381778366269
0.7266707,-0.6397942,175,1602.4353742599487,1,1280.0,0,2022,2023,21.49412455042041,84.08172668865254
-0.21834983,0.39585978,188,1531.0154056549072,0,0.0,0,2022,2023,21.55637779960989,83.8530156173157
0.47655562,-0.45128587,193,1465.7138321995735,3,113.1370849898476,0,2022,2023,21.592310410974672,84.00303426976366
-0.17555596,0.4056696,188,1531.6997517347336,0,0.0,0,2022,2023,21.57641023044576,83.94419461865384
0.4349901,-0.49247894,162,1556.5259022712708,4,1280.0,0,2022,2023,21.351022925660168,84.00716652007061
0.49941763,-0.49839264,153,1546.614536702633,1,384.70768123342685,0,2022,2023,21.504185681602547,83.9168858340166
0.7208103,-0.63872325,249,1588.8768920898438,1,751.065909225016,0,2022,2023,21.376085922087103,84.10355575005664
0.5462012,-0.5660312,202,1431.8467383384705,1,300.0,0,2022,2023,21.560599881445253,84.18656008230928
0.25320655,-0.28810555,139,1600.8621512344107,4,100.0,0,2022,2023,21.418037245855484,83.97743228416626
0.33688918,-0.42730737,172,1612.698834657669,1,1158.3177456984763,0,2022,2023,21.425762757298912,84.13302049137576
-0.2006228,0.40974873,188,1531.0154056549072,0,0.0,0,2022,2023,21.599766427832865,83.89002620702142
0.46772856,-0.4691681,177,1591.7766270637512,4,804.5495634204271,0,2022,2023,21.48029049504497,84.15556820500716
0.7452084,-0.6763409,343,1556.5259022712708,1,1280.0,0,2022,2023,21.35524500749553,84.03582277763402
0.42171192,-0.4531943,157,1602.8384928703308,4,1171.7508267545622,0,2022,2023,21.407526957031287,83.87906676055518
0.5066313,-0.5118446,158,1556.5259022712708,4,1280.0,0,2022,2023,21.38515890645671,84.00042915543972
0.5753498,-0.5416415,154,1593.592208623886,1,544.0588203494177,0,2022,2023,21.39611835292297,83.90233312641386
0.72446555,-0.6537585,326,1556.5259022712708,1,1280.0,0,2022,2023,21.37042653579715,84.03573294610561
-0.17232783,0.39219585,188,1531.0154056549072,0,0.0,0,2022,2023,21.590513780406432,83.88185153793594
0.43244976,-0.4669929,185,1556.5259022712708,5,1065.1291001564082,0,2022,2023,21.39099795580349,84.03384648400896
0.07315754,-0.12593994,193,1573.282821893692,6,814.1252974819048,0,2022,2023,21.54425054327428,83.99117650801328
0.56119543,-0.5467122,162,1583.1036818027496,4,1123.7882362794155,0,2022,2023,21.479661674346083,84.0243243419973
0.45208228,-0.46334064,179,1602.8384928703308,4,361.38621999185307,0,2022,2023,21.42459494742956,83.85014100840652
0.4091506,-0.45091513,147,1604.141280889511,5,917.877987534291,0,2022,2023,21.4263915779978,84.0183056295937
0.60687023,-0.5585377,295,1431.8467383384705,1,772.0103626247512,0,2022,2023,21.58036281769588,84.19509407750841
0.5194805,-0.5259709,204,1588.8062154054642,1,94.8683298050514,0,2022,2023,21.378960530996284,84.19410593069588
0.55203414,-0.53103864,157,1583.5447580814362,4,1076.1505470890213,0,2022,2023,21.396208184451385,83.880773559595
0.52726233,-0.49734116,153,1596.223125219345,4,1280.0,0,2022,2023,21.3587484371036,83.99512909526341
0.5749745,-0.59116375,178,1515.590425491333,4,1280.0,0,2022,2023,21.454868172504387,83.86774798797526
0.30459672,-0.3445547,137,1596.223125219345,4,100.4987562112089,0,2022,2023,21.38390126505894,83.97159323481948
0.71085286,-0.64289767,232,1588.8768920898438,1,604.0695324215583,0,2022,2023,21.37473844916092,84.10382524464187
0.45122817,-0.5145588,188,1591.7766270637512,1,728.9718787443039,0,2022,2023,21.463222504646694,84.19850767558808
0.40719342,-0.4670582,212,1588.8768920898438,5,1136.001760562016,0,2022,2023,21.35946708933089,84.12152205573902
-0.19109948,0.4033597,188,1532.3917932510376,0,0.0,0,2022,2023,21.57883568171288,83.96036429376798
0.54320705,-0.49905577,192,1465.7138321995735,1,1280.0,0,2022,2023,21.576230567388933,84.01561068374134
0.41291866,-0.44207057,176,1591.7766270637512,4,740.607858451421,0,2022,2023,21.47031919539124,84.16607849383135
0.39496335,-0.4220104,185,1532.3917932510376,1,594.138031100518,0,2022,2023,21.568954213587563,83.99467993762136
0.46827638,-0.4826215,201,1588.8062154054642,5,785.4934754662193,0,2022,2023,21.39629801597979,84.16050893906981
0.55932206,-0.519764,159,1604.141280889511,4,1280.0,0,2022,2023,21.40294554908228,84.0326786741396
0.5537856,-0.44516778,134,1593.592208623886,0,214.00934559032692,0,2022,2023,21.35434669221141,83.92470117698844
0.5567759,-0.544464,194,1430.244505524635,1,313.8470965295043,0,2022,2023,21.585034057173303,84.09223697747673
0.35159492,-0.42398092,149,1593.592208623886,5,380.0,0,2022,2023,21.38246396060435,83.91544852956201
0.35119003,-0.43124256,195,1573.282821893692,1,836.4807230295269,0,2022,2023,21.521972324228116,83.9739288545582
0.38760033,-0.466254,179,1517.3875867128372,1,286.0069929215018,0,2022,2023,21.5075992796822,83.85813601443519
0.42580396,-0.46559766,156,1583.1036818027496,4,148.66068747318505,0,2022,2023,21.499424610596712,84.01884461876416
0.52517986,-0.49559084,171,1608.0899786949158,4,701.78344238091,0,2022,2023,21.467264923425237,84.14173414963172
0.56453305,-0.5532939,217,1430.244505524635,1,1280.0,0,2022,2023,21.5977901342078,84.07750460681717
-0.22727107,0.42294383,188,1532.3917932510376,0,0.0,0,2022,2023,21.596712155866857,83.9755458220696
0.49434486,-0.529991,200,1431.9922362565994,1,937.7632963600144,0,2022,2023,21.566079604678382,84.1318526815064
0.52726144,-0.53642386,170,1465.7138321995735,4,1280.0,0,2022,2023,21.56284566965555,84.03420581012261
0.5337842,-0.520529,171,1612.698834657669,4,470.1063709417264,0,2022,2023,21.435823888481053,84.12322885477886
0.6360035,-0.5717919,187,1495.758952379227,1,1280.0,0,2022,2023,21.50104157810813,84.13652392098382
0.6064933,-0.55063355,167,1511.856633424759,4,1280.0,0,2022,2023,21.548113298995997,84.04507542506046
0.7153408,-0.63676405,427,1556.5259022712708,1,1280.0,0,2022,2023,21.358209447933124,84.03483463082149
0.6505395,-0.59020793,191,1588.8062154054642,1,898.8882021697692,0,2022,2023,21.38713520008177,84.18206850588868
0.27600384,-0.37820768,191,1495.758952379227,4,268.70057685088807,0,2022,2023,21.525655416893,84.13059504010863
0.55967504,-0.5346704,151,1593.592208623886,1,1280.0,0,2022,2023,21.377613058070107,83.93655893873881
0.53721946,-0.5226333,171,1465.7138321995735,4,1280.0,0,2022,2023,21.553772685285946,84.04453643588998
0.3677172,-0.45099127,179,1594.0544555187223,4,646.2197768561405,0,2022,2023,21.442561253111947,84.15637668876286
0.51323044,-0.5504095,216,1431.8467383384705,1,424.38190347845887,0,2022,2023,21.55296420153024,84.18880587051957
0.43880597,-0.4718919,177,1608.0899786949158,4,1258.769240170731,0,2022,2023,21.493405898193117,84.13526627958606
0.6110891,-0.5632626,167,1620.52530169487,4,766.550715869472,0,2022,2023,21.432679784986632,83.90907049104476
0.4978097,-0.5182949,174,1612.698834657669,1,524.9761899362675,0,2022,2023,21.42612208341256,84.1423629703306
0.6770904,-0.61391264,196,1588.8062154054642,1,740.0675644831356,0,2022,2023,21.384170759644174,84.18656008230928
0.16289856,-0.19976076,148,1580.9598841071129,6,275.13632984395207,0,2022,2023,21.4542393518055,83.99791387264418
0.33777776,-0.37560698,152,1596.223125219345,4,389.48684188300894,0,2022,2023,21.35605349125124,83.96826946826823
0.49388644,-0.5047267,175,1612.698834657669,1,1087.8419002777932,0,2022,2023,21.407526957031287,84.12260003407997
0.55724347,-0.5499656,161,1511.856633424759,4,560.0892785976179,0,2022,2023,21.52080451435876,84.02989389675884
0.5008531,-0.5212242,174,1515.590425491333,4,910.494371207203,0,2022,2023,21.45370036263503,83.85067999757699
0.45785657,-0.5067459,184,1491.7797845602036,1,253.17977802344328,0,2022,2023,21.50436534465937,84.1566461833481
0.5039382,-0.5246704,153,1583.5447580814362,4,1014.3470806385752,0,2022,2023,21.370336704268738,83.89029570160666
-0.18432511,0.4077977,188,1531.6997517347336,0,0.0,0,2022,2023,21.561318533672548,83.94464377629589
0.44311687,-0.47061938,167,1583.1036818027496,4,408.0441152620633,0,2022,2023,21.4647496406297,84.04381778366269
0.69190603,-0.57377046,184,1585.277441740036,1,1280.0,0,2022,2023,21.421361012406727,84.09214714594832
0.5647868,-0.53067815,174,1495.758952379227,4,1267.517258265149,0,2022,2023,21.516043443352924,84.1055320436817
0.5169443,-0.5377897,154,1583.5447580814362,4,1012.4228365658294,0,2022,2023,21.371055356496036,83.89002620702142
-0.16673395,0.38971022,188,1531.0154056549072,0,0.0,0,2022,2023,21.572727137780863,83.8965839085955
0.5945252,-0.5758549,220,1491.7797845602036,1,604.4005294504631,0,2022,2023,21.539579303796856,84.19931615934378
0.41098052,-0.47623417,204,1491.7797845602036,5,560.357029044876,0,2022,2023,21.523948617853176,84.18718890300816
0.5409599,-0.52078706,178,1465.7138321995735,4,1071.8675291284833,0,2022,2023,21.564282974110142,84.00653769937173
0.6097392,-0.5681455,160,1583.5447580814362,4,1280.0,0,2022,2023,21.37770288959852,83.86217843321373
0.52752644,-0.52428335,195,1573.282821893692,1,758.9466384404111,0,2022,2023,21.53194362388184,83.97842043097879
0.33905372,-0.37543643,153,1580.9598841071129,6,451.7742799230607,0,2022,2023,21.48262611478368,83.96638300617158
0.5749203,-0.5510204,156,1620.52530169487,4,150.33296378372907,0,2022,2023,21.40815577773017,83.91751465471549
0.5343068,-0.56330633,177,1546.614536702633,4,701.78344238091,0,2022,2023,21.543801385632214,83.93089955244886
0.50127053,-0.4868296,178,1465.7138321995735,4,1280.0,0,2022,2023,21.572727137780863,84.03438547317944
0.037211195,0.09362625,138,1600.8621512344107,0,58.30951894845301,0,2022,2023,21.413006680264417,83.97958824084814
0.44980752,-0.48139182,157,1585.277441740036,4,1280.0,0,2022,2023,21.439506981145943,84.06277223615761
0.56870496,-0.5594553,149,1583.5447580814362,4,925.7429448826496,0,2022,2023,21.383362275888476,83.87735996151534
0.3584575,-0.4336269,164,1608.0899786949158,5,246.98178070456936,0,2022,2023,21.46609711355588,84.11819828918779
0.44541314,-0.48552054,147,1593.592208623886,4,1174.4360348695027,0,2022,2023,21.37752322654169,83.94464377629589
0.5714559,-0.5219566,169,1585.277441740036,1,1167.304587500623,0,2022,2023,21.40007094017309,84.06681465493615
0.6329175,-0.5584921,179,1573.282821893692,1,852.8774824088158,0,2022,2023,21.538680988512738,83.96539485935905
0.45165238,-0.4840901,174,1511.856633424759,1,524.9761899362675,0,2022,2023,21.53050631942725,84.00734618312744
0.45900446,-0.47914034,146,1604.141280889511,4,346.6987164671943,0,2022,2023,21.414803310832653,84.00132747072384
0.65320116,-0.55439967,181,1602.8384928703308,1,1280.0,0,2022,2023,21.43672220376517,83.8770006354017
0.4909091,-0.48399073,149,1583.1036818027496,4,590.3388857258177,0,2022,2023,21.459808906567044,84.00375292199095
0.5272181,-0.50046134,177,1532.3917932510376,4,855.6284240252892,0,2022,2023,21.56374398493967,83.98875105674617
0.33040836,-0.4053476,185,1591.7766270637512,5,352.2782990761707,0,2022,2023,21.4910702784544,84.1596106237857
0.6031579,-0.59131277,151,1596.223125219345,4,464.0043103248073,0,2022,2023,21.399262456417382,83.95775917944404
0.62761146,-0.5824,174,1505.147863149643,4,1280.0,0,2022,2023,21.512899339858507,84.07876224821494
-0.20111302,0.41378862,188,1531.6997517347336,0,0.0,0,2022,2023,21.559521903104308,83.9199401059826
0.48417255,-0.5041421,175,1612.698834657669,4,254.95097567963924,0,2022,2023,21.420642360179432,84.11155075608531
0.3077563,-0.11082184,143,1540.8635561466217,0,50.99019513592785,0,2022,2023,21.479571842817677,83.93593011803993
0.53123105,-0.51803607,146,1596.223125219345,4,807.7747210701756,0,2022,2023,21.359556920859305,83.96287957656352
0.5425161,-0.5231372,197,1495.758952379227,1,845.3401682163222,0,2022,2023,21.53095547706931,84.11406603888084
0.5286701,-0.51464975,170,1511.856633424759,4,1280.0,0,2022,2023,21.54739464676869,84.04525508811729
0.4889353,-0.4408081,173,1515.590425491333,1,210.2379604162864,0,2022,2023,21.463132673118285,83.89703306623755
0.34389895,-0.44075125,188,1591.7766270637512,5,1280.0,0,2022,2023,21.495472023346583,84.18152951671821
0.53083646,-0.51335925,180,1465.7138321995735,4,1125.3888216967505,0,2022,2023,21.57128983332628,84.04318896296381
0.611148,-0.55591154,194,1495.758952379227,6,594.0538696111659,0,2022,2023,21.53356059139325,84.10643035896582
0.3126075,-0.43747845,217,1431.8467383384705,1,844.3340571124678,0,2022,2023,21.59716131350892,84.18170917977504
0.23991694,-0.15566422,149,1583.1036818027496,1,120.41594578792296,0,2022,2023,21.4519935635952,84.04929750689581
-0.1787666,0.37714624,188,1531.0154056549072,0,0.0,0,2022,2023,21.585483214815365,83.8801447388961
0.350132,-0.45355898,162,1517.3875867128372,1,463.2493928760188,0,2022,2023,21.52529609077936,83.87727012998693
0.35108712,-0.40656146,183,1515.590425491333,5,133.41664064126334,0,2022,2023,21.45163423748156,83.89020587007825
0.46249685,-0.47099262,178,1608.0899786949158,6,1266.254318847521,0,2022,2023,21.462234357834166,84.1430816225579
0.33827683,-0.4053954,187,1608.0899786949158,1,254.95097567963924,0,2022,2023,21.456305476958978,84.11658132167636
0.6462478,-0.610213,151,1583.5447580814362,4,524.6903848937962,0,2022,2023,21.35605349125124,83.88526513601559
0.2557587,-0.3617412,187,1495.758952379227,6,500.89919145472777,0,2022,2023,21.53553688501832,84.10427440228393
0.65220326,-0.5760992,192,1515.590425491333,1,202.48456731316588,0,2022,2023,21.471846331374245,83.87367686885045
0.4201878,-0.47112462,175,1556.5259022712708,1,856.0373823613078,0,2022,2023,21.382553792132764,84.02360568977
0.52707374,-0.5312193,168,1602.8384928703308,4,362.3534186398688,0,2022,2023,21.403754032837984,83.85966315041819
0.4197925,-0.44462377,167,1583.5447580814362,4,868.3317338436964,0,2022,2023,21.398723467246917,83.86388523225355
0.60762334,-0.58608824,193,1495.758952379227,1,711.7583859709698,0,2022,2023,21.54092677672304,84.13975785600665
0.6973673,-0.6318939,216,1588.8062154054642,1,1280.0,0,2022,2023,21.3587484371036,84.1956330666789
0.3656631,-0.42277592,163,1540.8635561466217,3,240.83189157584596,0,2022,2023,21.46843273329459,83.91203493148235
0.45268768,-0.50121945,152,1596.223125219345,6,304.63092423455635,0,2022,2023,21.35569416513759,83.97015593036488
0.3613575,-0.43045285,183,1591.7766270637512,4,270.1851217221259,0,2022,2023,21.45352069957821,84.15152578622862
0.5866283,-0.54470694,157,1511.856633424759,1,1280.0,0,2022,2023,21.50292804020478,84.00833432993997
-0.20255591,0.39966327,188,1531.6997517347336,0,0.0,0,2022,2023,21.57793736642876,83.90727386047652
-0.19890541,0.36723882,188,1531.0154056549072,0,0.0,0,2022,2023,21.568684719002327,83.85041050299175
0.4076902,-0.44363847,182,1546.614536702633,1,214.00934559032692,0,2022,2023,21.54703532065505,83.91580785567565
0.595109,-0.55408955,159,1580.9598841071129,6,292.0616373302047,0,2022,2023,21.488375332602043,83.96386772337605
0.6359014,-0.5704056,167,1546.614536702633,1,841.7244204607586,0,2022,2023,21.52179266117129,83.94922518424491
0.304421,-0.40702644,183,1430.244505524635,4,1187.0130580579137,0,2022,2023,21.58629169857107,84.07894191127177
0.6929638,-0.64510876,358,1537.6186023950577,1,1280.0,0,2022,2023,21.353897534569352,84.05998745877685
0.33333334,-0.29319853,183,1594.0544555187223,1,681.1754546370561,0,2022,2023,21.41776775127025,84.1800023807352
0.38600138,-0.42877555,177,1612.698834657669,1,720.0694410957876,0,2022,2023,21.410042239826826,84.11262873442624
0.67608106,-0.62399507,203,1588.8062154054642,1,1280.0,0,2022,2023,21.364856981035608,84.17946339156474
0.7439726,-0.6141277,242,1588.8768920898438,1,570.7889277132134,0,2022,2023,21.39899296183215,84.10319642394299
0.32523745,-0.3923699,180,1505.147863149643,4,972.5224933131368,0,2022,2023,21.526553732177124,84.09906417363604
0.56305367,-0.54570735,157,1540.8635561466217,1,626.0990336999412,0,2022,2023,21.497178822386413,83.9289232588238
0.57882667,-0.5357829,178,1612.698834657669,1,777.946013551069,0,2022,2023,21.423427137560203,84.14963932413197
0.40564913,-0.42818648,177,1573.282821893692,1,250.79872407968907,0,2022,2023,21.52529609077936,83.99539858984865
0.6522195,-0.6249839,158,1556.5259022712708,4,1138.859078200635,0,2022,2023,21.37276215553586,84.0085139929968
0.15984695,-0.26442713,165,1517.3875867128372,6,367.1511950137164,0,2022,2023,21.53895048309797,83.89595508789661
0.49133748,-0.40210664,166,1511.856633424759,6,1280.0,0,2022,2023,21.51487563348357,84.00860382452521
0.34131053,-0.41268253,155,1604.141280889511,4,553.1726674375732,0,2022,2023,21.44130361171418,84.04983649606629
0.526506,-0.5169111,167,1602.4353742599487,4,1280.0,0,2022,2023,21.496370338630708,84.0558552084699
0.17512953,-0.2808735,193,1573.282821893692,5,956.3472172804186,0,2022,2023,21.54245391270604,83.96503553324541
0.32143304,-0.38133514,169,1540.8635561466217,1,552.268050859363,0,2022,2023,21.46115637949322,83.91275358370964
0.34949702,-0.4145638,196,1491.7797845602036,4,283.0194339616981,0,2022,2023,21.50499416535825,84.19895683323013
0.5229847,-0.5265442,153,1556.5259022712708,4,1280.0,0,2022,2023,21.357939953347888,84.00375292199095
0.6500446,-0.58219546,267,1505.147863149643,1,651.2296062065974,0,2022,2023,21.518199400034813,84.05567554541307
0.59783643,-0.54868555,160,1602.8384928703308,4,1280.0,0,2022,2023,21.40626931563352,83.8762819831744
0.68538916,-0.59172416,193,1495.758952379227,1,456.0701700396552,0,2022,2023,21.53733351558656,84.11505418569337
0.3747204,-0.4352231,174,1556.5259022712708,4,1280.0,0,2022,2023,21.395040374582024,84.03160069579866
-0.25571114,0.47241268,188,1531.6997517347336,0,0.0,0,2022,2023,21.55359302222912,83.90601621907875
0.72619116,-0.63292086,171,1608.0899786949158,1,373.3630940518895,0,2022,2023,21.473463298885655,84.1422731388022
0.5464393,-0.5257802,186,1517.3875867128372,1,465.2956049652737,0,2022,2023,21.505443323000318,83.85867500360565
0.33377662,-0.4290979,187,1431.9922362565994,5,230.8679276123039,0,2022,2023,21.5714694963831,84.11244907136943
0.5119911,-0.522606,169,1608.0899786949158,4,880.2272433866154,0,2022,2023,21.48262611478368,84.14595623146708
0.67180765,-0.6001803,183,1515.590425491333,1,1070.420478129973,0,2022,2023,21.46969037469236,83.85615972081013
0.21930923,-0.31646284,188,1573.282821893692,6,356.93136595149497,0,2022,2023,21.541825092007155,83.9853374586665
0.6311073,-0.5654828,167,1511.856633424759,4,1151.0864433221338,0,2022,2023,21.547304815240285,84.01480219998562
0.5272281,-0.52063835,165,1585.277441740036,4,1280.0,0,2022,2023,21.427649219395565,84.07795376445924
-0.20307785,0.39554843,188,1532.3917932510376,0,0.0,0,2022,2023,21.596622324338444,83.99324263316676
0.34027374,-0.4190137,155,1604.141280889511,4,1280.0,0,2022,2023,21.4422019269983,84.00644786784332
0.3859371,-0.44637883,182,1591.7766270637512,5,870.0,0,2022,2023,21.48864482718728,84.17883457086586
0.5881699,-0.5676414,172,1511.856633424759,4,1280.0,0,2022,2023,21.54407088021745,84.00447157421826
0.6413834,-0.56731015,151,1583.5447580814362,4,1280.0,0,2022,2023,21.363329845052608,83.86981411312874
0.52766687,-0.52288884,153,1556.5259022712708,4,1280.0,0,2022,2023,21.39198610261602,84.00096814461018
0.5899141,-0.5697611,151,1596.223125219345,4,237.69728648009425,0,2022,2023,21.35057376801811,83.98686459464952
0.55634636,-0.554748,192,1491.7797845602036,1,615.5485358604958,0,2022,2023,21.502389051034307,84.17173788012131
0.6963171,-0.6154476,175,1495.758952379227,1,596.657355607052,0,2022,2023,21.520624851301932,84.11388637582401
0.5905803,-0.51937073,180,1465.7138321995735,4,1280.0,0,2022,2023,21.5752424205764,84.03142103274185
0.26978523,-0.35425165,177,1430.244505524635,4,1280.0,0,2022,2023,21.565181289394264,84.05001615912312
0.47868338,-0.49912602,160,1511.856633424759,4,506.0632371551998,0,2022,2023,21.522960471040644,84.03887704960003
-0.22749819,0.4684321,188,1531.0154056549072,0,0.0,0,2022,2023,21.591412095690558,83.85984281347501
0.3507378,-0.24737945,182,1612.698834657669,0,574.8912940721924,0,2022,2023,21.401508244627685,84.12349834936408
-0.123338394,0.27399844,196,1532.3917932510376,0,0.0,0,2022,2023,21.59931727019081,83.95353709760867
0.7022929,-0.6215313,351,1556.5259022712708,1,1280.0,0,2022,2023,21.374019796933627,84.0454347511741
0.5023596,-0.47449806,195,1431.9922362565994,1,241.86773244895647,0,2022,2023,21.58260860590618,84.12852891495515
-0.16330084,0.38400263,188,1531.6997517347336,0,0.0,0,2022,2023,21.58808832913931,83.94051152598894
0.36801857,-0.43421617,189,1591.7766270637512,1,1280.0,0,2022,2023,21.49646017015912,84.19051266955941
0.39132914,-0.2785029,177,1431.9922362565994,1,813.4494452638098,0,2022,2023,21.56284566965555,84.11550334333543
0.64734733,-0.55121744,175,1546.614536702633,4,613.5144660071187,0,2022,2023,21.54335222799016,83.94967434188696
0.45126787,-0.48336497,177,1430.244505524635,1,1280.0,0,2022,2023,21.55637779960989,84.0987048475224
0.6135553,-0.5660704,160,1602.4353742599487,1,1280.0,0,2022,2023,21.48936347941457,84.05720268139606
0.6075342,-0.55379015,171,1505.147863149643,4,1280.0,0,2022,2023,21.505443323000318,84.06070611100414
-0.14537445,0.35819548,188,1531.0154056549072,0,0.0,0,2022,2023,21.578206861014,83.8799650758393
0.435479,-0.5,183,1620.52530169487,1,1250.9996003196804,0,2022,2023,21.40662864174717,83.94626074380731
0.42016685,-0.4665995,179,1495.758952379227,1,848.999411071645,0,2022,2023,21.50894675260838,84.12834925189834
0.4902884,-0.52163464,170,1602.4353742599487,4,1240.0,0,2022,2023,21.49448387653405,84.07507915555004
0.6358124,-0.57630616,222,1537.6186023950577,1,799.2496481075234,0,2022,2023,21.377882552655343,84.09017085232325
0.6847458,-0.60893494,383,1556.5259022712708,1,1280.0,0,2022,2023,21.372133334836978,84.0468720556287
0.2954099,-0.40867522,195,1431.8467383384705,4,830.0602387778854,0,2022,2023,21.594735862241794,84.16697680911548
0.36806494,-0.39834026,165,1585.277441740036,6,1280.0,0,2022,2023,21.44552569354954,84.06852145397598
0.33638826,-0.4065683,164,1583.5447580814362,4,408.166632639171,0,2022,2023,21.35910776321725,83.85202747050317
0.35655326,-0.43649903,168,1583.5447580814362,5,884.5903006477066,0,2022,2023,21.36261119282531,83.85472241635553
-0.24255319,0.4517454,190,1546.614536702633,0,0.0,0,2022,2023,21.549101445808525,83.9229045464202
0.18882227,-0.25607386,150,1580.9598841071129,6,148.66068747318505,0,2022,2023,21.45163423748156,83.9845289749108
0.35978547,-0.38679186,187,1573.282821893692,6,222.0360331117452,0,2022,2023,21.52664356370553,83.98237301822891
-0.18121563,0.29741436,198,1465.7138321995735,0,0.0,0,2022,2023,21.591951084861023,84.03752957667385
-0.2139423,0.40419072,188,1531.0154056549072,0,0.0,0,2022,2023,21.58224927979253,83.86810731408892
0.45889068,-0.49186817,189,1431.8467383384705,4,462.3851208678757,0,2022,2023,21.575961072803697,84.15341224832527
-0.062330622,0.20322394,158,1540.8635561466217,0,0.0,0,2022,2023,21.48621937592016,83.91877229611325
0.38514286,-0.45993313,180,1591.7766270637512,5,680.0735254367721,0,2022,2023,21.4549580040328,84.18251766353075
0.32679597,-0.37684503,138,1596.223125219345,4,237.69728648009425,0,2022,2023,21.38192497143388,83.9716830663479
0.51960623,-0.5176143,163,1608.0899786949158,1,300.66592756745814,0,2022,2023,21.47481077181184,84.10301676088616
0.38681182,-0.4225219,141,1580.9598841071129,5,344.0930106817051,0,2022,2023,21.45001726997014,83.96916778355235
0.52090394,-0.50631493,160,1585.277441740036,4,1280.0,0,2022,2023,21.432320458872987,84.05639419764036
0.5810378,-0.5425,175,1495.758952379227,4,236.00847442411893,0,2022,2023,21.512719676801684,84.11505418569337
0.21992663,-0.22477464,153,1583.1036818027496,6,766.6159403508382,0,2022,2023,21.45693429765786,84.01614967291181
0.3699201,-0.43405145,186,1431.9922362565994,1,1091.146186356347,0,2022,2023,21.551616728604056,84.10454389686917
0.51979434,-0.48492968,152,1602.4353742599487,1,172.6267650163207,0,2022,2023,21.481188810329087,84.07112656829992
0.57966924,-0.55181295,181,1430.244505524635,6,1176.435293588219,0,2022,2023,21.56643893079203,84.05657386069718
0.55471814,-0.5212782,163,1511.856633424759,4,1102.5878649794763,0,2022,2023,21.535267390433084,84.04579407728775
0.4700162,-0.44657096,190,1495.758952379227,0,50.0,0,2022,2023,21.52349946021112,84.13391880665988
0.64972544,-0.57451516,164,1585.277441740036,1,1280.0,0,2022,2023,21.426840735639857,84.07732494376035
0.54605836,-0.5218874,167,1511.856633424759,4,92.19544457292886,0,2022,2023,21.54712515218346,84.02459383658253
0.054856986,-0.1164204,181,1540.8635561466217,7,399.2492955535426,0,2022,2023,21.46007840115228,83.92299437794861
0.4409135,-0.48655257,201,1431.9922362565994,1,430.8131845707603,0,2022,2023,21.55296420153024,84.14218330727378
0.5611838,-0.5449169,168,1511.856633424759,4,1139.9122773266372,0,2022,2023,21.514156981256274,84.01174792801962
0.33242506,-0.39262137,166,1517.3875867128372,5,439.317652729776,0,2022,2023,21.521253672000817,83.87223956439585
0.46330953,-0.46159655,201,1431.9922362565994,1,890.2246907382428,0,2022,2023,21.584495068002838,84.13966802447824
0.61202556,-0.5564662,153,1580.9598841071129,1,356.0898762952972,0,2022,2023,21.450107101498556,83.9807560507175
0.44002742,-0.4918175,145,1593.592208623886,1,607.4537019394976,0,2022,2023,21.36440782339355,83.91212476301077
0.2883472,-0.18674698,141,1593.592208623886,0,310.16124838541646,0,2022,2023,21.35299921928523,83.91365189899378
0.43734792,-0.46952736,175,1495.758952379227,4,241.66091947189145,0,2022,2023,21.51191119304597,84.11595250097749
0.5673229,-0.5656695,176,1532.3917932510376,4,1016.366075781753,0,2022,2023,21.559521903104308,83.9928833070531
0.43137634,-0.4781188,171,1540.8635561466217,1,359.02646142032484,0,2022,2023,21.462324189362576,83.9145502142779
0.62191427,-0.5483204,158,1511.856633424759,1,1280.0,0,2022,2023,21.50427551313096,84.00519022644555
0.38050577,-0.4340836,160,1620.52530169487,5,247.3863375370596,0,2022,2023,21.42100168629308,83.92829443812492
0.75941545,-0.67315775,302,1556.5259022712708,1,1280.0,0,2022,2023,21.35255006164317,84.04040418558303
0.6248968,-0.585457,147,1600.8621512344107,1,910.0,0,2022,2023,21.417588088213424,83.96530502783064
0.71538043,-0.6297452,159,1505.147863149643,1,1280.0,0,2022,2023,21.54209458659239,84.0618739208735
0.68212366,-0.6072346,218,1602.8384928703308,1,1280.0,0,2022,2023,21.44552569354954,83.8770006354017
0.6547281,-0.60325855,165,1517.3875867128372,1,152.64337522473747,0,2022,2023,21.53805216781385,83.88400749461783
0.3293479,-0.38886034,178,1608.0899786949158,1,600.832755431992,0,2022,2023,21.4775057176642,84.12394750700615
0.5262661,-0.54522294,160,1585.277441740036,4,1273.1064370271638,0,2022,2023,21.421271180878318,84.05962813266319
0.5896457,-0.49209902,134,1593.592208623886,0,80.62257748298549,0,2022,2023,21.36261119282531,83.94302680878448
0.5841584,-0.54604614,200,1430.244505524635,1,575.6735185849702,0,2022,2023,21.585932372457425,84.0957404070848
0.5654163,-0.5393021,150,1593.592208623886,1,1280.0,0,2022,2023,21.37500794374616,83.93431315052852
0.60339946,-0.5588708,159,1583.1036818027496,4,509.9019513592785,0,2022,2023,21.493855055835173,84.02189889073017
0.5221374,-0.5256312,198,1495.758952379227,1,801.3114251026251,0,2022,2023,21.53787250475703,84.13966802447824
0.5695046,-0.5321243,172,1583.5447580814362,4,1238.1033882515628,0,2022,2023,21.39306408095696,83.85247662814523
0.38311255,-0.38265,151,1580.9598841071129,6,522.0153254455274,0,2022,2023,21.477865043777847,83.95120147786997
0.48833942,-0.51099247,213,1431.8467383384705,4,760.2631123499284,0,2022,2023,21.591591758747377,84.18278715811599
0.5368558,-0.52393275,163,1602.4353742599487,4,456.17978911828175,0,2022,2023,21.486668533562217,84.07867241668653
0.6051733,-0.5658021,170,1495.758952379227,4,1280.0,0,2022,2023,21.502658545619543,84.12933739871087
0.61812145,-0.5656005,169,1515.590425491333,4,682.4954212300622,0,2022,2023,21.46385132534558,83.88796008186796
0.4809756,-0.48629242,152,1583.1036818027496,4,947.6286192385708,0,2022,2023,21.460797053379576,84.02198872225858
0.52670807,-0.52639204,158,1583.1036818027496,4,481.04053883222775,0,2022,2023,21.45459867791915,84.03860755501479
0.4159053,-0.46236056,204,1431.9922362565994,1,961.0411021387172,0,2022,2023,21.58332725813348,84.13894937225095
0.34775898,-0.42200887,212,1491.7797845602036,1,605.3924347066124,0,2022,2023,21.53895048309797,84.19886700170171
0.5285505,-0.49187258,185,1546.614536702633,1,622.8964600958975,0,2022,2023,21.515234959597212,83.91868246458483
0.67243135,-0.5945508,160,1583.5447580814362,4,965.6603957913984,0,2022,2023,21.364677317978785,83.85337494342934
0.50348836,-0.52117646,174,1602.4353742599487,1,1280.0,0,2022,2023,21.499424610596712,84.07238420969769
0.35714287,-0.42367476,146,1596.223125219345,4,724.7068372797376,0,2022,2023,21.38066733003611,83.97671363193896
0.4112992,-0.44933218,142,1600.8621512344107,4,456.17978911828175,0,2022,2023,21.4459748511916,83.98057638766068
0.43128252,-0.4780318,180,1431.9922362565994,1,1231.0158406779335,0,2022,2023,21.55296420153024,84.11721014237526
0.26530612,-0.38136575,179,1591.7766270637512,5,626.4982043070834,0,2022,2023,21.489453310942988,84.16778529287119
0.38827285,-0.4537732,156,1540.8635561466217,6,110.0,0,2022,2023,21.489453310942988,83.93691826485247
0.57547307,-0.5419957,168,1511.856633424759,4,1280.0,0,2022,2023,21.549640434978997,84.01327506400263
0.32234675,-0.41766784,165,1602.4353742599487,5,294.10882339705483,0,2022,2023,21.48038032657338,84.07615713389099
0.5511471,-0.5168105,148,1600.8621512344107,4,562.2277118748239,0,2022,2023,21.40222689685498,83.9867747631211
0.5811413,-0.5387485,151,1583.1036818027496,4,355.10561809129405,0,2022,2023,21.463312336175107,84.00923264522409
0.6742552,-0.57480377,166,1540.8635561466217,0,28.284271247461906,0,2022,2023,21.46196486324893,83.937906411665
-0.16239527,0.38384846,188,1531.6997517347336,0,0.0,0,2022,2023,21.58997479123596,83.91652650790296
0.6298531,-0.53366286,176,1620.52530169487,1,774.6612162745726,0,2022,2023,21.44534603049272,83.92964191105109
0.40420088,-0.4461834,152,1593.592208623886,1,1280.0,0,2022,2023,21.378511373354225,83.93736742249453
0.5755226,-0.53813106,164,1580.9598841071129,6,990.4039579888604,0,2022,2023,21.46879205940824,83.98812223604727
0.5461978,-0.547869,172,1591.7766270637512,1,824.6211251235321,0,2022,2023,21.491699099153287,84.17227686929178
0.5801634,-0.55756146,153,1596.223125219345,4,1280.0,0,2022,2023,21.38641654785448,83.99611724207594
0.51596814,-0.4858594,163,1602.8384928703308,4,1280.0,0,2022,2023,21.418127077383897,83.87268872203792
0.54187965,-0.50915074,172,1602.8384928703308,4,1280.0,0,2022,2023,21.422438990747672,83.85957331888977
0.3951613,-0.45786518,174,1602.4353742599487,4,710.6335201775947,0,2022,2023,21.45657497154421,84.0770554491751
0.55877715,-0.50735235,154,1600.8621512344107,4,572.0139858430036,0,2022,2023,21.434476415554872,83.95281844538138
0.31784236,-0.39453506,170,1515.590425491333,6,324.49961479175903,0,2022,2023,21.476337907794843,83.8988296968058
-0.20456733,0.40545118,188,1532.3917932510376,0,0.0,0,2022,2023,21.582339111320945,83.96853896285347
0.7204748,-0.6245447,286,1556.5259022712708,1,1280.0,0,2022,2023,21.35093309413176,84.04094317475351
0.17195925,-0.13905047,185,1465.7138321995735,0,912.6883367283708,0,2022,2023,21.574344105292283,84.0430991314354
0.48568907,-0.52622825,175,1602.8384928703308,4,756.6372975210778,0,2022,2023,21.43151197511728,83.85103932369064
0.66065466,-0.6127149,164,1593.592208623886,1,1280.0,0,2022,2023,21.38569789562718,83.93359449830122
0.53542066,-0.49555087,165,1511.856633424759,1,778.2030583337487,0,2022,2023,21.53374025445008,84.01399371622992
0.50690335,-0.4862528,199,1532.3917932510376,1,84.85281374238569,0,2022,2023,21.597969797264625,83.9597354730691
0.21627103,-0.30413172,179,1515.590425491333,4,344.81879299133334,0,2022,2023,21.475978581681197,83.87421585802092
0.5569994,-0.5330038,161,1583.1036818027496,4,412.31056256176606,0,2022,2023,21.45136474289632,84.0326786741396
0.30496743,-0.38400087,166,1612.698834657669,5,1280.0,0,2022,2023,21.432320458872987,84.11065244080118
0.36355436,-0.45726877,163,1583.5447580814362,5,70.0,0,2022,2023,21.39117761886031,83.88867873409525
0.39628252,-0.45920745,156,1602.4353742599487,4,360.6937759374287,0,2022,2023,21.46528862980017,84.06016712183366
0.5693711,-0.53168815,186,1430.244505524635,1,737.6313442364011,0,2022,2023,21.57694921961623,84.05657386069718
0.65048546,-0.6154276,195,1537.6186023950577,1,733.3484846919641,0,2022,2023,21.377253731956458,84.0656468450668
0.3799031,-0.42764753,184,1594.0544555187223,5,1061.5083607772478,0,2022,2023,21.4076167885597,84.18215833741709
0.3586473,-0.40749845,154,1580.9598841071129,6,404.5985664828782,0,2022,2023,21.463941156873997,83.99387145386564
0.52998435,-0.49761796,169,1511.856633424759,4,1280.0,0,2022,2023,21.540836945194624,84.00258511212161
0.5816106,-0.5512963,175,1573.282821893692,4,1280.0,0,2022,2023,21.51406714972786,83.96153210363734
0.4094601,-0.50101763,183,1515.590425491333,5,1280.0,0,2022,2023,21.459808906567044,83.86226826474213
0.51923555,-0.49602836,210,1431.8467383384705,4,326.9556544854363,0,2022,2023,21.57982382852541,84.18269732658757
0.33868593,-0.40505618,184,1612.698834657669,6,420.4759208325728,0,2022,2023,21.40168790768451,84.12107289809697
-0.2547617,0.50241804,188,1532.3917932510376,0,0.0,0,2022,2023,21.561767691314607,83.96135244058051
0.6568435,-0.5957111,239,1588.8768920898438,1,400.0,0,2022,2023,21.36719260077432,84.12511531687551
0.62217796,-0.59438735,197,1588.8062154054642,1,1160.9048195265625,0,2022,2023,21.372043503308564,84.1783854132238
0.5804498,-0.55242735,154,1583.5447580814362,4,910.9335870413386,0,2022,2023,21.37168417719492,83.88248035863482
0.4041543,-0.43480897,166,1580.9598841071129,6,692.6037828369117,0,2022,2023,21.47256498360154,83.9987223563999
0.5345097,-0.5315165,173,1594.0544555187223,1,566.4803615307419,0,2022,2023,21.42737972481033,84.18215833741709
0.7499656,-0.64251673,331,1556.5259022712708,1,1280.0,0,2022,2023,21.35335854539888,84.02701928784965
0.6917716,-0.64487565,219,1588.8062154054642,1,1280.0,0,2022,2023,21.358568774046773,84.19653138196301
-0.1939545,0.37885904,188,1531.0154056549072,0,0.0,0,2022,2023,21.591052769576905,83.85283595425888
-0.1747676,0.3883836,158,1540.8635561466217,0,0.0,0,2022,2023,21.4910702784544,83.9017941372434
0.5393934,-0.5065288,181,1546.614536702633,1,718.6793443532381,0,2022,2023,21.54622683689934,83.94185899891512
0.36249623,-0.34769017,156,1580.9598841071129,6,786.0025445251433,0,2022,2023,21.481009147272264,83.96171176669417
0.66013074,-0.6037282,164,1583.5447580814362,1,1280.0,0,2022,2023,21.386596210911303,83.858315677492
0.61269385,-0.56822866,175,1620.52530169487,1,1280.0,0,2022,2023,21.40402352742322,83.94383529254019
0.5245131,-0.5093085,153,1604.141280889511,4,761.6429609731846,0,2022,2023,21.44813080787349,84.03222951649755
-0.17564182,0.39425406,188,1531.6997517347336,0,0.0,0,2022,2023,21.582698437434598,83.93907422153436
0.31658024,-0.42824173,189,1431.9922362565994,5,342.0526275297414,0,2022,2023,21.55098790790517,84.14847151426261
0.44269663,-0.42508325,142,1546.614536702633,1,263.0589287593181,0,2022,2023,21.500502588937657,83.91077729008458
0.4270413,-0.45567414,152,1596.223125219345,4,696.56299069072,0,2022,2023,21.35255006164317,83.98282217587098
0.5000973,-0.52432114,169,1583.1036818027496,4,1264.6343345014795,0,2022,2023,21.49619067557388,84.03905671265686
0.47559276,-0.46183074,163,1556.5259022712708,1,1280.0,0,2022,2023,21.398364141133268,84.02127007003129
0.38660508,-0.4448901,154,1604.141280889511,5,1231.6655390161732,0,2022,2023,21.430523828304747,84.01857512417894
0.5619196,-0.5406404,166,1602.4353742599487,4,439.317652729776,0,2022,2023,21.49619067557388,84.09933366822128
0.6275323,-0.55404854,166,1620.52530169487,1,492.4428900898053,0,2022,2023,21.401328581570866,83.92613848144303
0.31939676,-0.39161128,185,1505.147863149643,4,632.5345840347388,0,2022,2023,21.53966913532527,84.09609973319844
0.32078716,-0.38414562,178,1540.8635561466217,1,714.2128534267638,0,2022,2023,21.45001726997014,83.92416218781797
0.20388697,-0.2693882,155,1580.9598841071129,6,533.3854141237834,0,2022,2023,21.480200663516555,83.96557452241588
0.4788929,-0.49325427,166,1515.590425491333,4,862.670273047588,0,2022,2023,21.485860049806508,83.88221086404958
0.6636825,-0.609608,222,1588.8062154054642,1,698.1403870282825,0,2022,2023,21.36306035046737,84.17173788012131
0.45818266,-0.49563983,189,1588.8062154054642,1,275.13632984395207,0,2022,2023,21.392884417900135,84.17434299444525
0.5319543,-0.545313,174,1546.614536702633,4,1280.0,0,2022,2023,21.5301469933136,83.92874359576697
0.35233247,-0.41272947,183,1573.282821893692,5,1051.189802081432,0,2022,2023,21.531404634711368,83.96782031062618
0.7651822,-0.66990095,347,1556.5259022712708,1,1280.0,0,2022,2023,21.36575529631973,84.04004485946939
0.5057187,-0.4857349,167,1511.856633424759,1,1280.0,0,2022,2023,21.53706402100132,84.02046158627559
0.44307417,-0.47713137,197,1431.9922362565994,1,314.00636936215164,0,2022,2023,21.58036281769588,84.11442536499449
0.70392084,-0.6230366,279,1537.6186023950577,1,1006.2305898749054,0,2022,2023,21.36800108453003,84.06932993773168
0.5705293,-0.5462939,161,1602.8384928703308,4,1280.0,0,2022,2023,21.4174084251566,83.89038553313507
0.30741882,-0.37077534,166,1511.856633424759,6,1280.0,0,2022,2023,21.5000534312956,84.00078848155336
0.46485528,-0.5048544,160,1583.1036818027496,4,1272.8707711311467,0,2022,2023,21.490171963170283,84.02836676077584
0.36968073,-0.4504258,183,1588.8062154054642,5,684.470598345904,0,2022,2023,21.397286162792323,84.1694022603826
0.71649486,-0.6412603,212,1588.8768920898438,1,435.6604182158393,0,2022,2023,21.375277438331395,84.11568300639225
0.7637549,-0.6835922,171,1585.277441740036,1,1280.0,0,2022,2023,21.42432545284432,84.08091820489683
0.2960499,-0.36328515,175,1620.52530169487,1,458.0392996239515,0,2022,2023,21.440944285600533,83.92766561742603
0.53250253,-0.5031384,163,1511.856633424759,4,530.0,0,2022,2023,21.543711554103805,84.02261754295746
0.572717,-0.56171286,158,1585.277441740036,4,825.4089895318564,0,2022,2023,21.415791457645184,84.05837049126542
0.31657067,-0.3906634,211,1431.8467383384705,1,444.1846462902562,0,2022,2023,21.57793736642876,84.17560063584303
0.6117149,-0.5757728,187,1620.52530169487,1,1127.2089424769483,0,2022,2023,21.40582015799146,83.93826573777865
0.5081996,-0.49107754,169,1620.52530169487,1,232.59406699226017,0,2022,2023,21.425044105071617,83.90511790379463
0.55476594,-0.49728483,171,1465.7138321995735,4,322.490309931942,0,2022,2023,21.552515043888175,84.00132747072384
0.58491707,-0.5530594,166,1511.856633424759,1,1120.714058089752,0,2022,2023,21.53751317864338,84.01129877037756
-0.20894893,0.42638507,188,1531.0154056549072,0,0.0,0,2022,2023,21.58997479123596,83.86918529242985
0.35271496,-0.44490814,189,1431.8467383384705,5,791.580697086532,0,2022,2023,21.58242894284936,84.16005978142776
0.62621194,-0.56033176,143,1596.223125219345,1,265.70660511172844,0,2022,2023,21.35066359954652,83.9537167606655
-0.21558441,0.42977026,188,1531.6997517347336,0,0.0,0,2022,2023,21.558713419348603,83.92946224799428
0.41199416,-0.2702073,138,1600.8621512344107,3,632.4555320336758,0,2022,2023,21.43717136140723,83.98282217587098
0.51555574,-0.51156664,169,1573.282821893692,4,1280.0,0,2022,2023,21.52044518824511,83.9551540651201
0.6525379,-0.5841584,168,1620.52530169487,1,192.09372712298543,0,2022,2023,21.42657124105462,83.94338613489813
0.2877118,-0.34529456,147,1517.3875867128372,5,658.0273550544841,0,2022,2023,21.51721125322228,83.89802121305009
0.27992576,-0.37463665,190,1430.244505524635,1,1280.0,0,2022,2023,21.59356805237244,84.06438920366902
-0.16727386,0.3811471,188,1531.6997517347336,0,0.0,0,2022,2023,21.59222057944626,83.90395009392527
0.69738877,-0.6418733,425,1556.5259022712708,1,1280.0,0,2022,2023,21.35695180653536,84.0499263275947
0.6653621,-0.5929379,150,1583.5447580814362,4,1280.0,0,2022,2023,21.359736583916128,83.8703531022992
0.746667,-0.6736202,174,1591.7766270637512,1,425.7933771208753,0,2022,2023,21.46483947215811,84.15934112920046
0.37184173,-0.4425184,160,1600.8621512344107,5,759.2759709091287,0,2022,2023,21.403394706724335,83.95281844538138
0.29574275,-0.407725,163,1573.282821893692,4,1280.0,0,2022,2023,21.504455176187783,83.97015593036488
0.558,-0.538874,163,1511.856633424759,4,460.1086828130937,0,2022,2023,21.501311072693365,84.02324636365636
0.42644158,-0.44911137,135,1596.223125219345,5,237.69728648009425,0,2022,2023,21.370516367325564,83.95560322276215
0.28470206,-0.3825,181,1594.0544555187223,4,120.83045973594572,0,2022,2023,21.446064682720014,84.18781772370704
0.55408096,-0.5377544,170,1540.8635561466217,1,506.35955604688655,0,2022,2023,21.45693429765786,83.91113661619823
0.35692105,-0.4249759,199,1431.8467383384705,6,380.1315561749642,0,2022,2023,21.575961072803697,84.1612275912971
0.510902,-0.5253378,158,1583.1036818027496,4,1032.4727599312246,0,2022,2023,21.477775212249437,84.00528005797396
0.37231398,-0.432222,159,1517.3875867128372,5,110.0,0,2022,2023,21.52044518824511,83.87789895068582
0.4607541,-0.50307447,190,1431.9922362565994,1,403.11288741492746,0,2022,2023,21.554850663626887,84.13355948054623
0.534411,-0.53215796,203,1588.8062154054642,1,800.812087820857,0,2022,2023,21.37258249247904,84.1874583975934
0.709694,-0.62610227,206,1537.6186023950577,1,920.4890004774636,0,2022,2023,21.37554693291663,84.06654516035091
0.30573964,-0.41260734,173,1594.0544555187223,4,245.96747752497689,0,2022,2023,21.443369736867652,84.17254636387702
0.22411832,-0.15616046,193,1465.7138321995735,0,20.0,1,2022,2023,21.58665102468472,84.00222578600795
-0.0016963528,0.14368862,164,1540.8635561466217,0,10.0,1,2022,2023,21.486578702033803,83.91850280152802
0.13315013,-0.016470589,133,1593.592208623886,0,28.284271247461906,1,2022,2023,21.36315018199578,83.93593011803993
0.24412903,-0.15625374,158,1515.590425491333,0,28.284271247461906,1,2022,2023,21.486129544391744,83.89370929968632
0.03862926,0.0965315,158,1620.52530169487,0,22.360679774997894,1,2022,2023,21.440135801844825,83.94446411323906
-0.101968326,0.14356688,191,1531.6997517347336,0,10.0,1,2022,2023,21.565630447036323,83.94895568965967
0.27208912,-0.30436602,158,1517.3875867128372,0,20.0,1,2022,2023,21.52736221593283,83.88086339112341
0.13733076,-0.06137184,192,1532.3917932510376,0,14.142135623730953,1,2022,2023,21.584584899531244,83.99360195928041
0.36635274,-0.43347964,188,1588.8768920898438,0,28.284271247461906,1,2022,2023,21.39584885833773,84.14424943242726
0.55585706,-0.4694575,178,1465.7138321995735,0,28.284271247461906,1,2022,2023,21.55592864196783,84.00195629142272
0.16390137,-0.10253656,193,1532.3917932510376,0,30.0,1,2022,2023,21.59392737848609,83.95650153804627
-0.07932124,0.22276773,193,1531.6997517347336,0,0.0,1,2022,2023,21.59904777560557,83.92766561742603
0.17902185,-0.19879308,190,1588.8768920898438,0,22.360679774997894,1,2022,2023,21.396567510565028,84.1454172422966
0.1844114,-0.18847007,193,1517.3875867128372,0,20.0,1,2022,2023,21.503107703261605,83.85229696508841
0.29638764,-0.26196864,188,1515.590425491333,0,22.360679774997894,1,2022,2023,21.49879578989783,83.85211730203159
0.062320963,-0.023050515,194,1531.6997517347336,0,20.0,1,2022,2023,21.55413201139959,83.91679600248818
0.42662674,-0.3942103,193,1515.590425491333,0,22.360679774997894,1,2022,2023,21.49619067557388,83.85265629120205
0.2004104,-0.09322574,158,1540.8635561466217,0,20.0,1,2022,2023,21.45504783556121,83.94428445018225
0.19397363,-0.17770898,194,1531.6997517347336,0,28.284271247461906,1,2022,2023,21.554221842928005,83.91679600248818
-0.2073633,0.32319704,191,1531.6997517347336,0,0.0,1,2022,2023,21.55125740249041,83.92398252476114
-0.08926732,0.19657326,193,1531.6997517347336,0,0.0,1,2022,2023,21.59913760713398,83.9273961228408
-0.10851609,0.1973673,191,1531.6997517347336,0,0.0,1,2022,2023,21.55961173463272,83.94922518424491
-0.22393021,0.3809445,192,1531.6997517347336,0,0.0,1,2022,2023,21.551526897075647,83.92317404100544
0.21105187,-0.28753638,190,1515.590425491333,0,30.0,1,2022,2023,21.4790328536472,83.85580039469647
-0.050890584,0.17508294,196,1431.9922362565994,0,0.0,1,2022,2023,21.580272986167472,84.1206237404549
0.28507596,-0.28997535,177,1594.0544555187223,4,20.0,1,2022,2023,21.44911895468602,84.19069233261624
0.25556117,-0.38029733,182,1591.7766270637512,4,22.360679774997894,1,2022,2023,21.4910702784544,84.15655635181969
0.29820627,-0.37122557,190,1532.3917932510376,0,22.360679774997894,1,2022,2023,21.58224927979253,83.99629690513277
0.3483278,-0.44535878,222,1431.8467383384705,1,22.360679774997894,1,2022,2023,21.578206861014,84.18853637593435
0.06465956,0.05906324,136,1596.223125219345,0,22.360679774997894,1,2022,2023,21.37294181859269,83.9612626090521
0.60689396,-0.5655442,197,1515.590425491333,0,30.0,1,2022,2023,21.49843646378418,83.85014100840652
-0.0819556,0.20843092,194,1531.6997517347336,0,0.0,1,2022,2023,21.599227438662396,83.92793511201127
0.01693899,0.071448125,161,1517.3875867128372,6,10.0,1,2022,2023,21.53742334711497,83.88274985322006
-0.006649348,0.14558065,156,1540.8635561466217,0,30.0,1,2022,2023,21.45172406900997,83.93961321070482
-0.2304975,0.4232127,192,1531.6997517347336,0,0.0,1,2022,2023,21.555120158212123,83.93539112886947
0.32204494,-0.3607608,202,1465.7138321995735,0,28.284271247461906,1,2022,2023,21.59096293804849,84.03609227221926
0.39631474,-0.4479926,176,1612.698834657669,1,30.0,1,2022,2023,21.420911854764668,84.14245280185901
-0.101261176,0.2604534,193,1532.3917932510376,0,0.0,1,2022,2023,21.59859861796351,83.96063378835322
0.019003801,0.10990739,158,1540.8635561466217,0,10.0,1,2022,2023,21.4857702182781,83.91985027445419
0.25147754,-0.32015562,159,1583.5447580814362,4,30.0,1,2022,2023,21.390279303576197,83.88813974492477
0.42537996,-0.41591632,216,1491.7797845602036,0,22.360679774997894,1,2022,2023,21.54838279358123,84.19716020266189
0.14117804,-0.006258833,158,1540.8635561466217,0,30.0,1,2022,2023,21.48136847338591,83.91419088816424
0.6362255,-0.5671338,154,1600.8621512344107,1,28.284271247461906,1,2022,2023,21.42055252865102,83.95793884250087
0.043824703,0.092562124,158,1540.8635561466217,0,14.142135623730953,1,2022,2023,21.487027859675862,83.90916032257317
0.40083322,-0.4230658,199,1531.0154056549072,0,30.0,1,2022,2023,21.55574897891101,83.87143108064015
0.020459702,-0.13941842,151,1593.592208623886,0,14.142135623730953,1,2022,2023,21.37375030234839,83.91553836109043
0.6529154,-0.56911,150,1593.592208623886,3,30.0,1,2022,2023,21.375816427501867,83.91553836109043
0.18360695,-0.15682444,140,1600.8621512344107,0,30.0,1,2022,2023,21.42702039869668,83.97689329499579
0.06939138,-0.09584098,160,1583.5447580814362,4,22.360679774997894,1,2022,2023,21.39854380419009,83.89182283758967
-0.13823164,0.30171543,192,1531.6997517347336,0,0.0,1,2022,2023,21.551437065547237,83.93431315052852
0.019384563,0.06491508,166,1540.8635561466217,0,10.0,1,2022,2023,21.46843273329459,83.9213774104372
-0.14719127,0.25926435,188,1531.6997517347336,0,0.0,1,2022,2023,21.558893082405422,83.91248408912442
0.65567195,-0.54851484,191,1531.6997517347336,0,30.0,1,2022,2023,21.553323527643887,83.91437055122107
0.0037994853,0.10687023,179,1430.244505524635,0,20.0,1,2022,2023,21.554221842928005,84.08469112909013
0.15451011,-0.28919217,154,1593.592208623886,4,30.0,1,2022,2023,21.374289291518863,83.9161671817893
0.059008863,0.04335452,152,1517.3875867128372,0,28.284271247461906,1,2022,2023,21.5165824325234,83.88140238029388
-0.034835566,0.16956612,171,1612.698834657669,0,0.0,1,2022,2023,21.43753068752088,84.12718144202898
0.23942713,-0.2779153,196,1531.6997517347336,0,30.0,1,2022,2023,21.59904777560557,83.94742855367666
-0.04477612,0.09717868,191,1532.3917932510376,0,10.0,1,2022,2023,21.55970156616113,83.96332873420558
0.17609459,-0.13022113,194,1531.6997517347336,0,22.360679774997894,1,2022,2023,21.55035908720629,83.93575045498311
0.3549884,-0.3643894,188,1531.6997517347336,0,30.0,1,2022,2023,21.57236781166722,83.9101484693857
0.20059435,-0.12597547,190,1532.3917932510376,0,22.360679774997894,1,2022,2023,21.59805962879304,83.99459010609294
0.10995239,-0.123773456,193,1532.3917932510376,0,20.0,1,2022,2023,21.575601746690047,83.9891103828598
-0.15591007,0.3493572,190,1465.7138321995735,0,0.0,1,2022,2023,21.58665102468472,84.00168679683749
-0.06425712,0.19062792,185,1588.8768920898438,0,0.0,1,2022,2023,21.3993522879458,84.10867614717611
0.080763586,0.04512037,195,1465.7138321995735,0,10.0,1,2022,2023,21.582339111320945,84.0018664598943
0.499782,-0.50024766,163,1583.5447580814362,4,22.360679774997894,1,2022,2023,21.394142059297906,83.89317031051584
0.22849306,-0.24178684,203,1588.8768920898438,4,20.0,1,2022,2023,21.35659248042171,84.14757319897849
-0.07467532,0.055062167,147,1593.592208623886,0,10.0,1,2022,2023,21.36934855745621,83.9153586980336
0.4127844,-0.34479204,188,1465.7138321995735,0,28.284271247461906,1,2022,2023,21.59222057944626,84.00159696530908
0.18379888,-0.12997325,141,1600.8621512344107,0,30.0,1,2022,2023,21.44588501966319,83.96710165839889
0.5969777,-0.5234598,194,1515.590425491333,0,28.284271247461906,1,2022,2023,21.49619067557388,83.85184780744635
0.39046115,-0.39755213,172,1608.0899786949158,1,22.360679774997894,1,2022,2023,21.46295301006146,84.11442536499449
0.19490957,-0.19437626,191,1532.3917932510376,0,28.284271247461906,1,2022,2023,21.58386624730395,83.99530875832023
0.2287355,-0.2255846,191,1588.8768920898438,1,14.142135623730953,1,2022,2023,21.383541938945296,84.1070591796647
0.45552173,-0.44120514,177,1430.244505524635,0,30.0,1,2022,2023,21.57712888267305,84.06690448646457
0.07122272,0.021878054,194,1531.6997517347336,0,20.0,1,2022,2023,21.550179424149466,83.92820460659651
-0.21195212,0.3884531,188,1531.6997517347336,0,0.0,1,2022,2023,21.551347234018824,83.93260635148869
-0.0036374433,0.10317179,188,1531.6997517347336,0,22.360679774997894,1,2022,2023,21.558354093234957,83.90520773532305
0.23279925,-0.23547748,194,1491.7797845602036,0,20.0,1,2022,2023,21.529428341086305,84.16068860212664
-0.052913595,0.12924333,188,1531.6997517347336,0,10.0,1,2022,2023,21.558713419348603,83.90053649584563
0.005745947,0.10890909,191,1531.6997517347336,0,28.284271247461906,1,2022,2023,21.599407101719216,83.92658763908508
0.121360414,-0.10585624,173,1511.856633424759,1,20.0,1,2022,2023,21.526104574535065,84.00141730225225
-0.062176164,0.22066738,188,1531.6997517347336,0,0.0,1,2022,2023,21.56086937603049,83.90152464265816
0.27055642,-0.3096178,195,1532.3917932510376,0,20.0,1,2022,2023,21.59770030267939,83.96036429376798
-0.1953025,0.3746574,191,1531.6997517347336,0,0.0,1,2022,2023,21.554850663626887,83.93601994956835
-0.0057394924,0.13412638,191,1532.3917932510376,0,10.0,1,2022,2023,21.593029063201968,83.95533372817691
-0.16387032,0.30619866,188,1531.6997517347336,0,0.0,1,2022,2023,21.555569315854186,83.93781658013658
-0.02284451,0.104313426,195,1465.7138321995735,0,20.0,1,2022,2023,21.58736967691201,84.04040418558303
0.3418363,-0.2842734,137,1596.223125219345,0,30.0,1,2022,2023,21.397196331263917,83.97842043097879
0.3931058,-0.42271158,175,1515.590425491333,6,22.360679774997894,1,2022,2023,21.46501913521493,83.89820087610691
-0.21235083,0.3987854,189,1531.6997517347336,0,0.0,1,2022,2023,21.55583881043942,83.93826573777865
0.10308183,-0.16712666,146,1593.592208623886,4,10.0,1,2022,2023,21.36988754662668,83.91544852956201
-0.08061998,0.10362401,194,1531.6997517347336,0,10.0,1,2022,2023,21.595185019883854,83.94679973297778
-0.016291162,0.15106192,207,1588.8062154054642,0,0.0,1,2022,2023,21.367102769245907,84.16688697758707
0.08625868,0.10760904,158,1620.52530169487,0,14.142135623730953,1,2022,2023,21.44004597031641,83.94437428171067
0.46191198,-0.4724605,185,1594.0544555187223,4,30.0,1,2022,2023,21.442112095469888,84.1958127297357
0.27381396,-0.20061967,194,1531.0154056549072,0,22.360679774997894,1,2022,2023,21.5571862833656,83.87843793985628
0.62045705,-0.5609864,188,1517.3875867128372,0,30.0,1,2022,2023,21.5038263554889,83.85032067146335
0.28980678,-0.3025342,150,1593.592208623886,0,28.284271247461906,1,2022,2023,21.37186384025174,83.91464004580631
0.21682546,-0.15844029,179,1495.758952379227,0,22.360679774997894,1,2022,2023,21.522690976455408,84.1498189871888
0.24107793,-0.29115364,194,1532.3917932510376,0,28.284271247461906,1,2022,2023,21.562127017428256,83.9769831265242
0.12514351,-0.02617801,152,1517.3875867128372,0,20.0,1,2022,2023,21.516851927108632,83.88059389653817
0.15533715,-0.011956002,160,1583.1036818027496,0,28.284271247461906,1,2022,2023,21.46205469477734,84.04714155021394
0.46966293,-0.45575958,199,1517.3875867128372,0,28.284271247461906,1,2022,2023,21.50831793190949,83.85319528037253
0.17623875,-0.2036877,193,1532.3917932510376,0,22.360679774997894,1,2022,2023,21.57928483935494,83.99360195928041
0.0068895128,0.16203016,201,1491.7797845602036,0,0.0,1,2022,2023,21.53733351558656,84.1702107441383
0.6148423,-0.52247685,172,1594.0544555187223,0,22.360679774997894,1,2022,2023,21.442740916168773,84.16949209191101
0.027143136,0.10601232,192,1532.3917932510376,0,10.0,1,2022,2023,21.592490074031492,83.99180532871218
-0.17880248,0.2420277,195,1588.8768920898438,0,0.0,1,2022,2023,21.391806439559197,84.13212217609164
-0.22036418,0.42060205,191,1531.6997517347336,0,0.0,1,2022,2023,21.555209989740536,83.93557079192628
-0.0925136,0.2569609,201,1431.9922362565994,0,0.0,1,2022,2023,21.58242894284936,84.12268986560838
0.60084283,-0.5134806,167,1511.856633424759,0,28.284271247461906,1,2022,2023,21.507329785096964,84.0446262674184
0.27560553,-0.18264207,158,1540.8635561466217,0,20.0,1,2022,2023,21.48316510395415,83.92308420947703
0.070039496,-0.019798283,188,1531.6997517347336,0,28.284271247461906,1,2022,2023,21.558264261706544,83.90511790379463
-0.046340846,0.1771903,193,1531.6997517347336,0,0.0,1,2022,2023,21.55125740249041,83.93628944415359
0.41229385,-0.44227824,197,1431.8467383384705,0,20.0,1,2022,2023,21.580542480752705,84.17137855400766
-0.17446296,0.30774412,190,1531.6997517347336,0,0.0,1,2022,2023,21.552604875416588,83.92712662825556
0.15624388,-0.04537398,189,1591.7766270637512,0,28.284271247461906,1,2022,2023,21.47373279347089,84.19841784405966
-0.21358897,0.3584854,189,1531.6997517347336,0,0.0,1,2022,2023,21.55188622318929,83.93323517218758
0.31259245,-0.2637969,165,1540.8635561466217,0,14.142135623730953,1,2022,2023,21.468073407180945,83.92110791585196
0.0058183656,0.09734835,191,1531.6997517347336,0,20.0,1,2022,2023,21.56284566965555,83.94724889061985
-0.05027523,0.042899407,193,1532.3917932510376,0,10.0,1,2022,2023,21.577847534900343,83.99342229622359
0.0017053206,0.10756609,192,1532.3917932510376,0,10.0,1,2022,2023,21.58440523647442,83.99324263316676
0.27264994,-0.27048832,197,1531.6997517347336,0,20.0,1,2022,2023,21.55089807637676,83.90969931174365
-0.065790914,0.19205008,185,1588.8768920898438,0,0.0,1,2022,2023,21.399262456417382,84.10867614717611
0.0518847,0.100492984,160,1583.1036818027496,0,20.0,1,2022,2023,21.46277334700464,84.0468720556287
0.09108089,-0.16578676,151,1593.592208623886,0,14.142135623730953,1,2022,2023,21.37132485108127,83.91490954039153
0.37783802,-0.34410447,192,1532.3917932510376,0,30.0,1,2022,2023,21.59275956861673,83.9988121879283
0.361932,-0.3528855,134,1593.592208623886,0,30.0,1,2022,2023,21.36431799186514,83.94042169446054
-0.00614363,0.16343184,195,1532.3917932510376,0,0.0,1,2022,2023,21.59464603071338,83.9529082769098
0.17074883,-0.0649943,134,1596.223125219345,0,22.360679774997894,1,2022,2023,21.36539597020608,83.95578288581898
-0.061723407,0.17248753,191,1531.6997517347336,0,0.0,1,2022,2023,21.556018473496245,83.9401521998753
0.24454354,-0.25470248,189,1431.9922362565994,1,22.360679774997894,1,2022,2023,21.57506275751958,84.10256760324411
-0.17276984,0.29357484,192,1531.6997517347336,0,0.0,1,2022,2023,21.55458116904165,83.936379275682
0.07310514,0.050903544,194,1431.9922362565994,0,10.0,1,2022,2023,21.580272986167472,84.1212525611538
0.35682023,-0.41298214,170,1515.590425491333,6,30.0,1,2022,2023,21.4707683530333,83.89856020222057
0.28572533,-0.37738815,179,1573.282821893692,4,28.284271247461906,1,2022,2023,21.52529609077936,83.99333246469517
-0.03732001,0.15978456,194,1531.6997517347336,0,0.0,1,2022,2023,21.55476083209848,83.91940111681214
-0.0120019205,0.08573967,191,1531.6997517347336,0,20.0,1,2022,2023,21.554401505984828,83.91526886650519
0.4023686,-0.29501083,136,1596.223125219345,0,30.0,1,2022,2023,21.366563780075435,83.95102181481315
0.12026984,-0.12070299,193,1532.3917932510376,0,20.0,1,2022,2023,21.593388389315617,83.95380659219391
-0.17924035,0.17855273,172,1608.0899786949158,6,0.0,1,2022,2023,21.46241402089099,84.11397620735242
-0.11439114,0.2724333,191,1531.6997517347336,0,0.0,1,2022,2023,21.56185752284302,83.94823703743238
-0.1749842,0.33984837,191,1531.6997517347336,0,0.0,1,2022,2023,21.551347234018824,83.92398252476114
0.1856205,-0.2524105,136,1596.223125219345,0,30.0,1,2022,2023,21.384799580343063,83.97195256093313
-0.16377237,0.28587726,190,1531.6997517347336,0,0.0,1,2022,2023,21.55206588624612,83.92227572572132
0.30481014,-0.33571762,198,1431.8467383384705,4,22.360679774997894,1,2022,2023,21.58701035079837,84.16661748300183
0.25399047,-0.2689147,195,1531.6997517347336,0,20.0,1,2022,2023,21.55080824484835,83.91059762702777
-0.18038969,0.34274194,192,1532.3917932510376,0,0.0,1,2022,2023,21.56185752284302,83.97356952844454
0.13966917,-0.20324533,213,1491.7797845602036,4,20.0,1,2022,2023,21.54496919550157,84.19302795235494
-0.101165436,0.20729013,151,1593.592208623886,0,0.0,1,2022,2023,21.37267232400745,83.91437055122107
0.03237598,-0.059485532,185,1594.0544555187223,0,14.142135623730953,1,2022,2023,21.41129988122459,84.15988011837094
-0.05100212,0.1505251,194,1465.7138321995735,0,0.0,1,2022,2023,21.58665102468472,84.04049401711144
-0.06783254,0.12713997,191,1531.6997517347336,0,10.0,1,2022,2023,21.56006089227478,83.94949467883013
0.20770271,-0.1598697,191,1532.3917932510376,0,22.360679774997894,1,2022,2023,21.59311889473038,83.9551540651201
0.47221768,-0.40960452,190,1591.7766270637512,0,20.0,1,2022,2023,21.474181951112957,84.1987771701733
-0.238499,0.40248433,192,1531.6997517347336,0,0.0,1,2022,2023,21.55296420153024,83.92757578589762
-0.07568883,0.1830784,219,1588.8768920898438,0,0.0,1,2022,2023,21.368809568285734,84.10301676088616
0.04255319,0.107061505,161,1583.1036818027496,0,20.0,1,2022,2023,21.462503852419403,84.04660256104346
0.4057587,-0.42795622,184,1495.758952379227,4,28.284271247461906,1,2022,2023,21.51954687296099,84.12026441434126
0.11260015,-0.054462623,189,1591.7766270637512,0,14.142135623730953,1,2022,2023,21.474092119584544,84.19868733864489
0.12551308,-0.047095865,188,1531.6997517347336,0,20.0,1,2022,2023,21.562127017428256,83.90143481112975
-0.025267666,0.06414474,190,1531.6997517347336,0,10.0,1,2022,2023,21.55089807637676,83.9243418508748
-0.046846066,0.21003135,155,1620.52530169487,0,0.0,1,2022,2023,21.438698497390234,83.94257765114241
0.017914562,0.11021883,193,1531.6997517347336,0,10.0,1,2022,2023,21.550179424149466,83.92910292188063
0.26438826,-0.32924578,171,1620.52530169487,4,30.0,1,2022,2023,21.423247474503377,83.92191639960767
-0.055229645,0.1868477,191,1531.6997517347336,0,0.0,1,2022,2023,21.55296420153024,83.936379275682
0.03597944,0.16433038,191,1532.3917932510376,0,0.0,1,2022,2023,21.593747715429263,83.99692572583164
-0.027659774,0.20431511,194,1532.3917932510376,0,0.0,1,2022,2023,21.59311889473038,83.95578288581898
-0.039202355,0.18099286,192,1531.6997517347336,0,0.0,1,2022,2023,21.564193142581733,83.94437428171067
-0.069784,0.25185436,188,1531.6997517347336,0,0.0,1,2022,2023,21.558893082405422,83.90565689296511
0.05023998,0.041923318,154,1580.9598841071129,0,20.0,1,2022,2023,21.466546271197934,83.97644413735372
0.2222987,-0.19495374,191,1465.7138321995735,0,30.0,1,2022,2023,21.59823929184986,84.00563938408762
0.3478261,-0.4736387,214,1491.7797845602036,4,28.284271247461906,1,2022,2023,21.53652503183085,84.1881770498207
0.062730625,-0.016204914,192,1532.3917932510376,0,20.0,1,2022,2023,21.558893082405422,83.96620334311476
0.0019974525,0.1248072,188,1532.3917932510376,0,10.0,1,2022,2023,21.59599350363956,83.9529082769098
0.20989625,-0.09221902,192,1531.6997517347336,0,14.142135623730953,1,2022,2023,21.56500162633744,83.94338613489813
-0.0022102937,0.066883214,154,1580.9598841071129,0,20.0,1,2022,2023,21.477415886135784,83.969527109666
0.28293064,-0.26374158,189,1532.3917932510376,0,30.0,1,2022,2023,21.55997106074637,83.9597354730691
0.40986377,-0.4683238,217,1431.8467383384705,1,30.0,1,2022,2023,21.58251877437777,84.18179901130345
0.16878402,-0.1017964,165,1556.5259022712708,0,30.0,1,2022,2023,21.37590625903028,84.0183056295937
-0.102163464,0.28161564,191,1531.6997517347336,0,0.0,1,2022,2023,21.55529982126895,83.94006236834689
-0.012547418,0.18484022,192,1532.3917932510376,0,0.0,1,2022,2023,21.59257990555991,83.99971050321243
0.08624559,-0.14769648,152,1593.592208623886,0,14.142135623730953,1,2022,2023,21.373929965405218,83.91446038274948
-0.1363212,0.2568623,191,1531.6997517347336,0,0.0,1,2022,2023,21.55215571777453,83.92793511201127
0.5288541,-0.5091916,195,1465.7138321995735,0,30.0,1,2022,2023,21.59635282975321,84.04732121327075
0.2507078,-0.18672636,154,1517.3875867128372,3,14.142135623730953,1,2022,2023,21.51406714972786,83.85903432971931
0.43703118,-0.40866873,175,1430.244505524635,0,30.0,1,2022,2023,21.57712888267305,84.06717398104979
-0.023629626,0.073776476,196,1588.8768920898438,0,14.142135623730953,1,2022,2023,21.38929115676366,84.12924756718246
0.3672264,-0.43475196,180,1591.7766270637512,4,28.284271247461906,1,2022,2023,21.45971907503863,84.17856507628062
-0.028032117,0.13609615,154,1580.9598841071129,0,10.0,1,2022,2023,21.48684819661904,83.96593384852953
0.1329062,0.036467794,158,1540.8635561466217,0,20.0,1,2022,2023,21.47867352753355,83.92047909515308
-0.0034567902,-0.038386334,179,1505.147863149643,0,10.0,1,2022,2023,21.517929905449577,84.06160442628826
0.4801595,-0.49289832,200,1491.7797845602036,0,30.0,1,2022,2023,21.519816367546227,84.18458378868422
-0.0029547336,0.13423645,174,1430.244505524635,0,10.0,1,2022,2023,21.577847534900343,84.0672638125782
0.05869365,0.086884074,194,1465.7138321995735,0,10.0,1,2022,2023,21.586561193156307,84.00024949238289
-0.040224507,0.13709,192,1531.6997517347336,0,10.0,1,2022,2023,21.550089592621056,83.93054022633521
-0.22015916,0.408153,192,1532.3917932510376,0,0.0,1,2022,2023,21.562127017428256,83.97347969691613
0.16474982,-0.06312202,207,1588.8062154054642,0,10.0,1,2022,2023,21.367102769245907,84.16697680911548
0.25759932,-0.23704414,190,1491.7797845602036,0,30.0,1,2022,2023,21.52924867802948,84.1596106237857
0.62029517,-0.5815141,188,1515.590425491333,0,30.0,1,2022,2023,21.49807713767053,83.85346477495776
-0.00231818,0.119434044,143,1600.8621512344107,0,20.0,1,2022,2023,21.41318634332124,83.98722392076316
-0.06960316,0.19166757,188,1517.3875867128372,0,0.0,1,2022,2023,21.504095850074137,83.85283595425888
0.25606522,-0.26675686,195,1532.3917932510376,0,20.0,1,2022,2023,21.59437653612815,83.95731002180197
-0.08836959,0.20347336,192,1531.6997517347336,0,0.0,1,2022,2023,21.553772685285946,83.91562819261884
0.35506636,-0.45060664,187,1431.9922362565994,1,30.0,1,2022,2023,21.574793262934342,84.10283709782934
0.10153804,-0.0866434,182,1515.590425491333,0,20.0,1,2022,2023,21.4609767164364,83.87834810832787
0.19285874,-0.1546379,137,1596.223125219345,0,30.0,1,2022,2023,21.375636764445044,83.96602368005794
-0.0025823617,0.0016448657,179,1540.8635561466217,0,22.360679774997894,1,2022,2023,21.4549580040328,83.91544852956201
0.016270338,0.15062761,192,1465.7138321995735,0,0.0,1,2022,2023,21.59931727019081,84.0176768088948
0.32605243,-0.33624837,189,1495.758952379227,0,30.0,1,2022,2023,21.523768954796356,84.13194251303482
0.5208243,-0.48094437,184,1594.0544555187223,0,20.0,1,2022,2023,21.442740916168773,84.19527374056524
0.0022573364,0.068764046,188,1531.6997517347336,0,10.0,1,2022,2023,21.558803250877013,83.9010754850161
0.0005417118,0.106704555,194,1531.6997517347336,0,10.0,1,2022,2023,21.556916788780363,83.94796754284714
-0.053634085,0.15336323,190,1531.6997517347336,0,0.0,1,2022,2023,21.55278453847341,83.93700809638088
0.18428014,-0.1371553,191,1532.3917932510376,0,22.360679774997894,1,2022,2023,21.58440523647442,83.99476976914977
0.26578072,-0.3025641,203,1588.8062154054642,0,28.284271247461906,1,2022,2023,21.36270102435372,84.16239540116646
-0.2602199,0.42981312,191,1531.6997517347336,0,0.0,1,2022,2023,21.551976054717706,83.92335370406227
-0.13794482,0.29908973,192,1531.6997517347336,0,0.0,1,2022,2023,21.551976054717706,83.93628944415359
-0.17475729,0.31897846,190,1531.6997517347336,0,0.0,1,2022,2023,21.552515043888175,83.9273961228408
0.5296264,-0.4890156,199,1491.7797845602036,0,30.0,1,2022,2023,21.51909771531893,84.18413463104216
-0.11385968,0.30210254,195,1532.3917932510376,0,0.0,1,2022,2023,21.57245764319563,83.98587644783699
0.24912316,-0.23643994,142,1540.8635561466217,3,30.0,1,2022,2023,21.478943022118788,83.93610978109676
0.4592,-0.50229436,205,1431.8467383384705,1,20.0,1,2022,2023,21.560599881445253,84.18404479951374
0.026369167,0.11916567,178,1495.758952379227,0,10.0,1,2022,2023,21.514336644313097,84.11676098473319
0.32114333,-0.27152586,134,1596.223125219345,0,22.360679774997894,1,2022,2023,21.365575633262903,83.95614221193263
0.27444795,-0.20861587,171,1594.0544555187223,0,10.0,1,2022,2023,21.44076462254371,84.17290568999067
-0.026974952,0.01688518,195,1431.9922362565994,0,20.0,1,2022,2023,21.583147595076653,84.12152205573902
-0.07495287,0.19808397,189,1531.6997517347336,0,0.0,1,2022,2023,21.599766427832865,83.92775544895444
-0.04138208,0.06565723,191,1531.6997517347336,0,14.142135623730953,1,2022,2023,21.56661859384885,83.94724889061985
0.38408267,-0.39775887,177,1591.7766270637512,0,22.360679774997894,1,2022,2023,21.460347895737517,84.17874473933745
0.14660013,0.031101739,138,1596.223125219345,0,20.0,1,2022,2023,21.367102769245907,83.95209979315409
0.2720924,-0.25900045,136,1600.8621512344107,0,30.0,1,2022,2023,21.40483201117893,83.98030689307544
0.078772075,0.08182281,156,1540.8635561466217,0,10.0,1,2022,2023,21.460797053379576,83.93817590625024
-0.21337792,0.3836478,192,1531.6997517347336,0,0.0,1,2022,2023,21.552604875416588,83.92227572572132
-0.016766366,0.1398753,193,1532.3917932510376,0,10.0,1,2022,2023,21.593029063201968,83.95542355970532
-0.06270943,0.23084982,188,1532.3917932510376,0,0.0,1,2022,2023,21.598868112548743,83.99441044303612
0.03162843,-0.05645963,180,1612.698834657669,4,10.0,1,2022,2023,21.43438658402646,84.14092566587601
-0.021119481,0.12524746,180,1515.590425491333,0,14.142135623730953,1,2022,2023,21.450825753725848,83.8891278917373
0.005378835,0.18651868,188,1531.6997517347336,0,0.0,1,2022,2023,21.561767691314607,83.90377043086846
0.2723157,-0.23552124,190,1465.7138321995735,0,30.0,1,2022,2023,21.59060361193485,84.04956700148105
0.34746,-0.32899654,199,1491.7797845602036,4,22.360679774997894,1,2022,2023,21.53661486335926,84.15898180308682
-0.20431115,0.3718091,189,1532.3917932510376,0,0.0,1,2022,2023,21.585393383286952,83.99360195928041
0.38334146,-0.37439507,194,1532.3917932510376,0,28.284271247461906,1,2022,2023,21.59446636765656,83.99683589430323
0.0047393367,0.010732618,191,1531.6997517347336,0,20.0,1,2022,2023,21.566708425377264,83.94679973297778
0.33723053,-0.36567163,188,1531.0154056549072,0,22.360679774997894,1,2022,2023,21.5676965721898,83.85427325871348
-0.15132606,0.25767568,191,1532.3917932510376,0,0.0,1,2022,2023,21.561767691314607,83.97312037080248
0.029626032,0.08099126,188,1531.6997517347336,0,10.0,1,2022,2023,21.55862358782019,83.90520773532305
0.067532465,0.050259966,158,1540.8635561466217,0,22.360679774997894,1,2022,2023,21.476787065436906,83.91185526842553
0.25249946,-0.18805489,165,1602.8384928703308,0,22.360679774997894,1,2022,2023,21.406538810218755,83.86145978098642
0.5341189,-0.4492626,159,1515.590425491333,0,28.284271247461906,1,2022,2023,21.48999230011346,83.89101435383395
0.44309762,-0.30549,218,1588.8768920898438,0,30.0,1,2022,2023,21.36961805204144,84.10310659241458
0.1718164,-0.015174787,156,1540.8635561466217,0,22.360679774997894,1,2022,2023,21.460258064209103,83.93754708555134
-0.03801794,0.20085166,190,1465.7138321995735,0,0.0,1,2022,2023,21.598418954906684,84.0183056295937
0.23431848,-0.15839091,148,1596.223125219345,0,30.0,1,2022,2023,21.353089050813644,83.96566435394429
0.012987013,0.13516368,192,1531.6997517347336,0,10.0,1,2022,2023,21.550179424149466,83.92946224799428
-0.017502986,0.16052455,165,1540.8635561466217,0,0.0,1,2022,2023,21.46843273329459,83.92101808432355
0.065765984,-0.05296277,196,1431.8467383384705,4,10.0,1,2022,2023,21.569313539701213,84.15080713400133
0.23938507,-0.20827882,191,1532.3917932510376,0,28.284271247461906,1,2022,2023,21.584495068002838,83.9943206115077
0.20012659,-0.038832955,188,1465.7138321995735,0,14.142135623730953,1,2022,2023,21.59805962879304,84.00510039491714
0.080518164,0.019906,191,1531.6997517347336,0,22.360679774997894,1,2022,2023,21.555120158212123,83.9395233791764
0.21840194,-0.2160464,212,1588.8768920898438,0,28.284271247461906,1,2022,2023,21.386326716326067,84.14380027478519
0.14183089,-0.094818495,196,1532.3917932510376,0,20.0,1,2022,2023,21.59895794407716,83.95362692913709
-0.1162734,0.28978825,191,1532.3917932510376,0,0.0,1,2022,2023,21.571828822496748,83.98515779560968
0.063870214,-0.06632485,148,1593.592208623886,0,10.0,1,2022,2023,21.36943838898462,83.9145502142779
0.023861172,0.11539491,191,1532.3917932510376,0,14.142135623730953,1,2022,2023,21.59931727019081,83.99566808443389
0.40893367,-0.30376694,133,1596.223125219345,0,28.284271247461906,1,2022,2023,21.366923106189084,83.95883715778498
0.48109427,-0.4154192,142,1600.8621512344107,0,22.360679774997894,1,2022,2023,21.449657943856494,83.96368806031923
0.21668598,-0.14130434,184,1594.0544555187223,0,20.0,1,2022,2023,21.44265108464036,84.19114149025829
0.070859954,-0.022050334,195,1532.3917932510376,0,14.142135623730953,1,2022,2023,21.560330386860016,83.9582981686145
-0.1005291,0.20699708,191,1531.6997517347336,0,0.0,1,2022,2023,21.551077739433588,83.92461134546002
-0.01023154,0.10094507,193,1531.6997517347336,0,20.0,1,2022,2023,21.59949693324763,83.92506050310209
-0.00033681374,0.11640369,159,1583.1036818027496,0,10.0,1,2022,2023,21.462503852419403,84.04723138174235
-0.038658213,0.13488087,193,1531.6997517347336,0,10.0,1,2022,2023,21.599227438662396,83.92613848144303
0.034692634,0.1017964,158,1540.8635561466217,0,20.0,1,2022,2023,21.48603971286333,83.91958077986897
0.08029951,0.045184847,192,1465.7138321995735,0,14.142135623730953,1,2022,2023,21.586471361627897,84.00024949238289
0.16733387,-0.13943341,191,1465.7138321995735,0,22.360679774997894,1,2022,2023,21.59823929184986,84.00536988950238
0.35264766,-0.41184378,178,1573.282821893692,4,22.360679774997894,1,2022,2023,21.525745248421416,83.99324263316676
-0.064993165,0.2150849,191,1465.7138321995735,0,0.0,1,2022,2023,21.598418954906684,84.01884461876416
0.1732401,-0.21984603,193,1517.3875867128372,0,28.284271247461906,1,2022,2023,21.52385878632477,83.8612801179296
0.30113485,-0.18424213,178,1430.244505524635,0,20.0,1,2022,2023,21.554221842928005,84.08388264533443
-0.2175,0.3468962,191,1531.6997517347336,0,0.0,1,2022,2023,21.5549404951553,83.93628944415359
0.030977443,0.12862226,193,1532.3917932510376,0,10.0,1,2022,2023,21.5977901342078,83.996566399718
0.045766592,0.090029866,191,1465.7138321995735,0,10.0,1,2022,2023,21.599227438662396,84.0175869773664
0.04418438,0.12079367,158,1540.8635561466217,0,10.0,1,2022,2023,21.48621937592016,83.9033212732264
0.38638544,-0.47651464,199,1491.7797845602036,4,22.360679774997894,1,2022,2023,21.53194362388184,84.17182771164973
0.4766988,-0.41114587,191,1531.0154056549072,0,30.0,1,2022,2023,21.55583881043942,83.87619215164598
-0.13054037,0.30095193,192,1531.6997517347336,0,0.0,1,2022,2023,21.55125740249041,83.93503180275582
-0.14244299,0.28090435,192,1531.6997517347336,0,0.0,1,2022,2023,21.555030326683717,83.93673860179564
0.26811406,-0.13086075,185,1594.0544555187223,0,30.0,1,2022,2023,21.442561253111947,84.19060250108782
0.15502428,-0.122934446,152,1593.592208623886,0,14.142135623730953,1,2022,2023,21.375367269859808,83.91553836109043
-0.17320575,0.24299066,177,1602.4353742599487,0,0.0,1,2022,2023,21.458191939055627,84.08352331922077
0.053333335,0.101705626,191,1465.7138321995735,0,10.0,1,2022,2023,21.59689181892368,84.0041122481046
-0.049792532,0.16802907,191,1531.6997517347336,0,0.0,1,2022,2023,21.55305403305865,83.9364691072104
0.02936226,0.09384261,189,1532.3917932510376,0,10.0,1,2022,2023,21.593298557787204,83.9927036439963
0.055359244,0.08037719,192,1465.7138321995735,0,10.0,1,2022,2023,21.582698437434598,84.00177662836589
-0.092921644,0.20174314,191,1531.6997517347336,0,0.0,1,2022,2023,21.557545609479245,83.91338240440854
0.36833978,-0.23183872,157,1620.52530169487,0,28.284271247461906,1,2022,2023,21.43968664420277,83.94374546101177
-0.02373835,0.012451085,194,1532.3917932510376,0,14.142135623730953,1,2022,2023,21.576679725030992,83.99378162233724
-0.04782342,0.211475,191,1532.3917932510376,0,0.0,1,2022,2023,21.5895256335939,83.99989016626924
-0.23512362,0.21394779,183,1505.147863149643,0,0.0,1,2022,2023,21.517570579335928,84.06205358393032
0.1327323,-0.01587725,193,1531.6997517347336,0,20.0,1,2022,2023,21.564462637166965,83.9439251240686
0.18939275,-0.116347566,191,1465.7138321995735,0,20.0,1,2022,2023,21.59725114503733,84.00348342740573
0.027816756,0.13226481,192,1532.3917932510376,0,10.0,1,2022,2023,21.59266973708832,83.99261381246788
0.117248155,-0.14735568,193,1531.6997517347336,0,22.360679774997894,1,2022,2023,21.556198136553068,83.91679600248818
-0.07830854,0.20122159,191,1531.6997517347336,0,0.0,1,2022,2023,21.555030326683717,83.9145502142779
-0.043160833,0.13976835,197,1431.8467383384705,0,10.0,1,2022,2023,21.56302533271237,84.16580899924612
0.3702235,-0.28727457,171,1594.0544555187223,0,20.0,1,2022,2023,21.44543586202113,84.16697680911548
0.3242622,-0.11565906,160,1540.8635561466217,0,20.0,1,2022,2023,21.457203792243096,83.939433547648
-0.00657277,0.11377914,190,1531.6997517347336,0,10.0,1,2022,2023,21.550538750263115,83.9243418508748
0.19382258,-0.06538462,155,1620.52530169487,0,30.0,1,2022,2023,21.44022563337324,83.94904552118808
0.14233072,-0.016393442,188,1465.7138321995735,0,10.0,1,2022,2023,21.59805962879304,84.00348342740573
0.35759783,-0.24731782,201,1491.7797845602036,0,14.142135623730953,1,2022,2023,21.519277378375754,84.18395496798533
-0.15031417,0.29708117,192,1531.6997517347336,0,0.0,1,2022,2023,21.565810110093143,83.94895568965967
-0.021289237,0.028749509,169,1620.52530169487,0,14.142135623730953,1,2022,2023,21.438339171276585,83.93089955244886
0.067056865,0.023118794,142,1540.8635561466217,0,14.142135623730953,1,2022,2023,21.4790328536472,83.93575045498311
0.028982148,0.077338874,192,1531.6997517347336,0,14.142135623730953,1,2022,2023,21.599766427832865,83.92398252476114
0.091536336,-0.12678063,197,1491.7797845602036,0,20.0,1,2022,2023,21.53832166239909,84.15916146614363
0.069556266,0.033073682,175,1540.8635561466217,0,22.360679774997894,1,2022,2023,21.48828550107363,83.91679600248818
0.32834634,-0.4060062,190,1431.9922362565994,1,28.284271247461906,1,2022,2023,21.56958303428645,84.11208974525577
0.241014,-0.18042226,192,1532.3917932510376,0,28.284271247461906,1,2022,2023,21.584674731059657,83.99414094845088
0.15251727,-0.0883244,169,1591.7766270637512,0,22.360679774997894,1,2022,2023,21.46115637949322,84.1588919715584
0.09095249,0.01918702,163,1540.8635561466217,0,28.284271247461906,1,2022,2023,21.487477017317925,83.9176943177723
0.084716156,-0.015812432,192,1532.3917932510376,0,28.284271247461906,1,2022,2023,21.59823929184986,83.99530875832023
0.15649948,-0.21506567,190,1517.3875867128372,0,28.284271247461906,1,2022,2023,21.5286198573306,83.86765815644685
-0.13980263,0.30243415,191,1532.3917932510376,0,0.0,1,2022,2023,21.56077954450208,83.96746098451253
0.36426568,-0.42380163,188,1588.8768920898438,0,22.360679774997894,1,2022,2023,21.39575902680932,84.14442909548407
0.082811415,-0.06414991,192,1531.0154056549072,0,20.0,1,2022,2023,21.55592864196783,83.87834810832787
-0.06541282,0.21190526,193,1531.6997517347336,0,0.0,1,2022,2023,21.56149819672937,83.94904552118808
-0.061419398,0.22539313,193,1532.3917932510376,0,0.0,1,2022,2023,21.59770030267939,83.99638673666118
0.16400258,-0.24918196,169,1594.0544555187223,6,28.284271247461906,1,2022,2023,21.44687316647572,84.16625815688818
-0.014908579,0.21859427,191,1531.6997517347336,0,0.0,1,2022,2023,21.550718413319935,83.9326961830171
0.014109229,0.10008387,170,1594.0544555187223,0,22.360679774997894,1,2022,2023,21.446154514248427,84.166437819945
0.2630248,-0.22232419,194,1531.6997517347336,0,20.0,1,2022,2023,21.599946090889688,83.94904552118808
0.20004015,-0.06400872,142,1600.8621512344107,0,22.360679774997894,1,2022,2023,21.407347293974464,83.98246284975733
0.10682865,-0.013943968,190,1532.3917932510376,0,10.0,1,2022,2023,21.560689712973662,83.97213222398995
0.0690941,-0.1546115,197,1465.7138321995735,0,30.0,1,2022,2023,21.58512388870172,84.00501056338872
0.30904183,-0.23454122,171,1612.698834657669,0,30.0,1,2022,2023,21.43762051904929,84.12682211591533
0.15839565,-0.11372549,195,1531.6997517347336,0,20.0,1,2022,2023,21.552335380831355,83.93709792790929
-0.21087664,0.39866176,191,1531.6997517347336,0,0.0,1,2022,2023,21.55538965279736,83.93557079192628
0.3229726,-0.4002592,208,1431.8467383384705,1,20.0,1,2022,2023,21.568954213587563,84.19006351191734
0.1494058,-0.11215977,134,1596.223125219345,0,28.284271247461906,1,2022,2023,21.370696030382387,83.96063378835322
-0.103165254,0.20283155,165,1430.244505524635,0,0.0,1,2022,2023,21.56257617507032,84.07238420969769
-0.0037149612,0.14402814,197,1465.7138321995735,0,10.0,1,2022,2023,21.59213074791785,84.03501429387832
0.5716106,-0.47854245,197,1531.6997517347336,0,22.360679774997894,1,2022,2023,21.596981650452094,83.94805737437555
0.08268839,-0.029833399,192,1531.6997517347336,0,14.142135623730953,1,2022,2023,21.554671000570064,83.93979287376165
-0.056648776,0.2199211,188,1532.3917932510376,0,0.0,1,2022,2023,21.598508786435097,83.99414094845088
0.22070135,-0.29425305,202,1465.7138321995735,0,28.284271247461906,1,2022,2023,21.59257990555991,84.03779907125909
-0.029029028,0.14554174,192,1531.6997517347336,0,10.0,1,2022,2023,21.599227438662396,83.92712662825556
0.53341836,-0.5106859,175,1465.7138321995735,4,28.284271247461906,1,2022,2023,21.555209989740536,84.00150713378066
-0.15940262,0.34937486,192,1532.3917932510376,0,0.0,1,2022,2023,21.559521903104308,83.96395755490447
0.16804086,-0.27458683,202,1431.8467383384705,4,30.0,1,2022,2023,21.598329123378274,84.15601736264922
0.08074534,0.05743906,158,1600.8621512344107,0,20.0,1,2022,2023,21.44552569354954,83.95030316258585
0.10003059,0.06983963,188,1531.6997517347336,0,14.142135623730953,1,2022,2023,21.550628581791525,83.93278601454551
0.38795575,-0.3731424,193,1531.6997517347336,0,28.284271247461906,1,2022,2023,21.550179424149466,83.91338240440854
0.005388249,-0.12959673,152,1593.592208623886,0,14.142135623730953,1,2022,2023,21.374019796933627,83.91580785567565
0.59503376,-0.5497998,188,1531.6997517347336,0,30.0,1,2022,2023,21.57191865402516,83.91338240440854
-0.12807128,0.2745462,191,1532.3917932510376,0,0.0,1,2022,2023,21.55997106074637,83.96216092433623
-0.012658228,0.13258754,164,1620.52530169487,0,20.0,1,2022,2023,21.421630506991963,83.91787398082913
0.39113823,-0.44182414,197,1465.7138321995735,6,30.0,1,2022,2023,21.596173166696385,84.04660256104346
-0.04225076,0.11254428,193,1531.6997517347336,0,20.0,1,2022,2023,21.551077739433588,83.93377416135804
-0.045949213,0.14625789,180,1591.7766270637512,1,10.0,1,2022,2023,21.464120819930816,84.17560063584303
0.19856268,-0.26073045,158,1620.52530169487,4,30.0,1,2022,2023,21.400520097815157,83.90520773532305
-0.07310047,0.1525926,218,1588.8768920898438,0,0.0,1,2022,2023,21.369168894399383,84.10301676088616
-0.26575083,0.20395455,149,1593.592208623886,0,0.0,1,2022,2023,21.37366047081998,83.91472987733471
0.118716575,0.05626331,155,1620.52530169487,0,14.142135623730953,1,2022,2023,21.437710350577703,83.94563192310842
0.34736347,-0.41543636,181,1515.590425491333,1,20.0,1,2022,2023,21.46016823268069,83.87861760291311
-0.020330274,0.2064917,188,1531.6997517347336,0,0.0,1,2022,2023,21.55997106074637,83.90134497960133
0.5985431,-0.52603924,188,1517.3875867128372,0,28.284271247461906,1,2022,2023,21.503646692432078,83.85005117687811
0.54561543,-0.5169711,189,1431.9922362565994,1,30.0,1,2022,2023,21.575422083633224,84.10283709782934
0.025893431,0.077011935,171,1594.0544555187223,0,10.0,1,2022,2023,21.44543586202113,84.16670731453024
0.3745004,-0.3042364,157,1540.8635561466217,0,28.284271247461906,1,2022,2023,21.485500723692866,83.92128757890879
0.02324255,0.13382152,157,1600.8621512344107,0,10.0,1,2022,2023,21.445615525077955,83.95003366800061
0.07614213,-0.12657005,194,1531.0154056549072,0,10.0,1,2022,2023,21.561947354371437,83.86792765103209
0.48503828,-0.49155438,161,1583.5447580814362,4,30.0,1,2022,2023,21.393692901655847,83.89370929968632
0.21269332,-0.24682143,188,1517.3875867128372,0,28.284271247461906,1,2022,2023,21.52691305829077,83.86532253670813
-0.02686916,0.080890976,188,1531.6997517347336,0,14.142135623730953,1,2022,2023,21.560330386860016,83.90502807226622
0.4878456,-0.47797236,196,1588.8768920898438,1,22.360679774997894,1,2022,2023,21.392704754843315,84.13158318692116
0.49039465,-0.48167887,161,1583.1036818027496,4,30.0,1,2022,2023,21.49825680072736,84.02046158627559
0.22705314,-0.25328946,193,1532.3917932510376,0,22.360679774997894,1,2022,2023,21.574972925991165,83.99467993762136
-0.098015636,0.24395162,192,1531.6997517347336,0,0.0,1,2022,2023,21.562396512013493,83.94742855367666
-0.098559074,0.21327968,192,1531.6997517347336,0,0.0,1,2022,2023,21.55628796808148,83.91383156205059
-0.04761905,0.13770181,192,1531.6997517347336,0,10.0,1,2022,2023,21.554042179871185,83.93682843332405
-0.08784667,0.1817116,170,1620.52530169487,0,0.0,1,2022,2023,21.42252882227608,83.92074858973831
-0.07156309,0.19378577,190,1531.6997517347336,0,0.0,1,2022,2023,21.551796391660883,83.92182656807925
0.0576,-0.039444372,189,1532.3917932510376,0,20.0,1,2022,2023,21.575781409746877,83.9905476873144
0.14121646,-0.09182644,191,1531.6997517347336,0,22.360679774997894,1,2022,2023,21.565181289394264,83.94967434188696
0.0553328,0.022126816,134,1596.223125219345,0,20.0,1,2022,2023,21.38003850933723,83.96737115298411
-0.08844197,0.26213592,158,1540.8635561466217,0,0.0,1,2022,2023,21.492597414437405,83.91410105663583
0.36316022,-0.39963078,218,1491.7797845602036,0,28.284271247461906,1,2022,2023,21.549550603450584,84.19689070807665
-0.023361588,-0.0041983314,171,1620.52530169487,0,10.0,1,2022,2023,21.423427137560203,83.92191639960767
-0.07106599,0.13051225,193,1532.3917932510376,0,10.0,1,2022,2023,21.562396512013493,83.9507523202279
0.005970359,-0.005687803,180,1573.282821893692,0,28.284271247461906,1,2022,2023,21.54784380441076,83.9845289749108
-0.106088564,0.17846546,219,1588.8768920898438,0,0.0,1,2022,2023,21.36898923134256,84.10292692935775
0.16531792,-0.119585335,192,1531.0154056549072,0,20.0,1,2022,2023,21.5549404951553,83.87735996151534
-0.06060103,0.15690657,192,1532.3917932510376,0,0.0,1,2022,2023,21.58377641577553,83.9927934755247
0.014349074,0.12616122,191,1531.6997517347336,0,10.0,1,2022,2023,21.56275583812714,83.94679973297778
-0.0779319,0.1793122,192,1531.6997517347336,0,0.0,1,2022,2023,21.55206588624612,83.92775544895444
-0.02021773,0.13540713,161,1546.614536702633,0,14.142135623730953,1,2022,2023,21.510563720119794,83.94266748267083
-0.010773751,0.08844765,192,1531.6997517347336,0,14.142135623730953,1,2022,2023,21.55907274546225,83.91302307829488
0.55874807,-0.5177479,164,1620.52530169487,1,28.284271247461906,1,2022,2023,21.418396571969133,83.9469793960346
0.33708823,-0.16196974,155,1620.52530169487,0,30.0,1,2022,2023,21.439147655032293,83.94518276546637
-0.077734634,0.18545361,192,1531.6997517347336,0,0.0,1,2022,2023,21.55125740249041,83.9335046667728
-0.17079645,0.35122037,191,1531.6997517347336,0,0.0,1,2022,2023,21.554221842928005,83.93610978109676
0.16477273,-0.037099496,191,1465.7138321995735,0,14.142135623730953,1,2022,2023,21.591501927218964,84.00204612295113
0.10795406,-0.025956122,133,1596.223125219345,0,14.142135623730953,1,2022,2023,21.368899399814147,83.96018463071117
0.025474956,0.072446786,216,1491.7797845602036,0,10.0,1,2022,2023,21.54838279358123,84.19751952877554
0.11566992,-0.14049034,192,1531.0154056549072,0,20.0,1,2022,2023,21.557994767121308,83.87421585802092
0.1683196,-0.034508348,171,1594.0544555187223,0,22.360679774997894,1,2022,2023,21.44265108464036,84.16976158649625
0.14344807,0.014012739,189,1532.3917932510376,0,20.0,1,2022,2023,21.59275956861673,83.99602741054753
0.24072826,-0.22241087,153,1593.592208623886,0,20.0,1,2022,2023,21.375367269859808,83.91517903497677
0.18438037,-0.24638927,188,1531.6997517347336,0,22.360679774997894,1,2022,2023,21.59868844949192,83.94787771131872
0.271315,-0.34622455,152,1593.592208623886,0,22.360679774997894,1,2022,2023,21.37545710138822,83.91580785567565
0.12760834,0.060985796,192,1515.590425491333,0,22.360679774997894,1,2022,2023,21.49834663225577,83.8530156173157
0.15631332,-0.06717471,135,1596.223125219345,0,14.142135623730953,1,2022,2023,21.39315391248537,83.97680346346738
-0.06336291,0.18534648,194,1531.6997517347336,0,0.0,1,2022,2023,21.55026925567788,83.92838426965334
0.10001403,-0.050220974,190,1531.0154056549072,0,20.0,1,2022,2023,21.558264261706544,83.87394636343569
0.22101337,-0.19968237,198,1532.3917932510376,0,20.0,1,2022,2023,21.572996632366102,83.98578661630857
-0.10735969,0.26684505,192,1531.6997517347336,0,0.0,1,2022,2023,21.56374398493967,83.94446411323906
0.39245668,-0.24720384,156,1593.592208623886,0,28.284271247461906,1,2022,2023,21.390458966633016,83.92227572572132
0.15217832,-0.19078533,212,1537.6186023950577,0,22.360679774997894,1,2022,2023,21.36530613867767,84.09026068385167
0.29549414,-0.25715667,171,1430.244505524635,0,22.360679774997894,1,2022,2023,21.55089807637676,84.07804359598764
-0.18177874,0.3605154,191,1531.6997517347336,0,0.0,1,2022,2023,21.552245549302945,83.93619961262517
0.6111441,-0.5687702,195,1588.8768920898438,1,30.0,1,2022,2023,21.389470819820485,84.12888824106881
-0.14768726,0.27916598,190,1531.6997517347336,0,0.0,1,2022,2023,21.552425212359765,83.92748595436922
0.002714171,0.16023691,191,1465.7138321995735,0,0.0,1,2022,2023,21.592490074031492,84.00123763919542
-0.1486784,0.19937856,196,1588.8768920898438,0,0.0,1,2022,2023,21.392884417900135,84.13176284997799
0.05122235,0.12129945,156,1540.8635561466217,0,10.0,1,2022,2023,21.452622384294088,83.9371877594377
-0.021475257,0.11784512,192,1532.3917932510376,0,10.0,1,2022,2023,21.579015344769704,83.99360195928041
-0.14603616,0.29908675,190,1465.7138321995735,0,0.0,1,2022,2023,21.599407101719216,84.01803613500846
0.30834752,-0.30955595,192,1531.0154056549072,0,30.0,1,2022,2023,21.5549404951553,83.87727012998693
0.29597592,-0.32725638,192,1517.3875867128372,0,22.360679774997894,1,2022,2023,21.5060721436992,83.85346477495776
0.12684453,-0.21623212,144,1593.592208623886,0,22.360679774997894,1,2022,2023,21.373390976234745,83.91437055122107
-0.10202117,0.2086514,191,1531.6997517347336,0,0.0,1,2022,2023,21.557455777950835,83.91338240440854
0.13792561,-0.09936897,164,1430.244505524635,0,20.0,1,2022,2023,21.56257617507032,84.07265370428293
0.33219227,-0.32597807,167,1620.52530169487,4,20.0,1,2022,2023,21.43851883433341,83.93125887856252
0.030828517,0.05768384,141,1600.8621512344107,0,10.0,1,2022,2023,21.413994827076948,83.9853374586665
0.38369963,-0.38671562,192,1532.3917932510376,0,22.360679774997894,1,2022,2023,21.58162045909365,83.99710538888847
-0.045310937,0.22752336,193,1532.3917932510376,0,0.0,1,2022,2023,21.593298557787204,83.95659136957468
-0.04621393,0.17523453,216,1588.8768920898438,0,0.0,1,2022,2023,21.368540073700498,84.10319642394299
-0.063043475,0.17274472,193,1532.3917932510376,0,0.0,1,2022,2023,21.58404591036077,83.99297313858152
0.19499096,-0.17541517,137,1596.223125219345,0,30.0,1,2022,2023,21.37348080776316,83.96135244058051
-0.007959462,0.13692762,191,1532.3917932510376,0,10.0,1,2022,2023,21.56006089227478,83.95757951638721
0.28533334,-0.2766521,191,1531.6997517347336,0,22.360679774997894,1,2022,2023,21.551616728604056,83.91248408912442
0.21154772,-0.2692954,160,1583.5447580814362,4,20.0,1,2022,2023,21.39854380419009,83.89200250064648
-0.15991472,0.24388294,192,1531.6997517347336,0,0.0,1,2022,2023,21.551167570962,83.92416218781797
-0.054455444,0.002460704,181,1505.147863149643,0,10.0,1,2022,2023,21.51775024239275,84.06169425781667
0.2536232,-0.17865254,194,1531.6997517347336,0,20.0,1,2022,2023,21.566708425377264,83.94419461865384
0.0391363,0.08624513,158,1540.8635561466217,0,20.0,1,2022,2023,21.493495729721523,83.90538739837987
-0.13261649,0.25576627,188,1531.0154056549072,0,0.0,1,2022,2023,21.559162576990666,83.89775171846486
-0.06276151,0.12156863,188,1531.6997517347336,0,28.284271247461906,1,2022,2023,21.558264261706544,83.90071615890245
0.43003225,-0.39395797,191,1465.7138321995735,0,30.0,1,2022,2023,21.58997479123596,84.04929750689581
0.008053351,0.034369398,195,1532.3917932510376,0,28.284271247461906,1,2022,2023,21.59608333516797,83.95308793996662
-0.18507682,0.39897493,188,1531.6997517347336,0,0.0,1,2022,2023,21.55808459864972,83.94787771131872
0.38000372,-0.35237506,139,1580.9598841071129,0,30.0,1,2022,2023,21.450825753725848,83.97258138163201
-0.041296393,0.17374982,193,1531.6997517347336,0,0.0,1,2022,2023,21.55583881043942,83.91778414930072
0.019673973,0.067671746,146,1593.592208623886,0,10.0,1,2022,2023,21.36943838898462,83.91410105663583
0.12044568,0.0045732614,188,1531.6997517347336,0,20.0,1,2022,2023,21.560689712973662,83.90215346335704
0.03433658,0.08139118,211,1537.6186023950577,0,10.0,1,2022,2023,21.360185741558187,84.07957073197065
0.15588775,-0.16278675,191,1588.8768920898438,4,14.142135623730953,1,2022,2023,21.383362275888476,84.1070591796647
-0.20036374,0.33423066,191,1531.6997517347336,0,0.0,1,2022,2023,21.55125740249041,83.92389269323273
-0.007841087,0.150783,208,1537.6186023950577,0,0.0,1,2022,2023,21.37132485108127,84.08648775965837
0.26013666,-0.28452012,193,1532.3917932510376,0,20.0,1,2022,2023,21.559521903104308,83.97150340329107
-0.0659192,0.24711747,193,1532.3917932510376,0,0.0,1,2022,2023,21.561318533672548,83.96710165839889
0.16562815,-0.10631886,144,1540.8635561466217,0,20.0,1,2022,2023,21.478404032948315,83.93691826485247
0.597741,-0.5307072,189,1491.7797845602036,0,30.0,1,2022,2023,21.521612998114467,84.1731751845759
0.38416013,-0.37651858,197,1546.614536702633,0,22.360679774997894,1,2022,2023,21.548113298995997,83.92416218781797
0.119195506,-0.03218767,193,1465.7138321995735,0,22.360679774997894,1,2022,2023,21.586471361627897,84.04031435405463
0.44805765,-0.46359998,195,1531.6997517347336,0,30.0,1,2022,2023,21.59392737848609,83.90044666431722
-0.0019159247,0.116167665,158,1540.8635561466217,0,22.360679774997894,1,2022,2023,21.47310397277201,83.91185526842553
-0.14599878,0.30204692,193,1532.3917932510376,0,0.0,1,2022,2023,21.56122870214414,83.96755081604094
0.5679113,-0.5493018,194,1515.590425491333,0,30.0,1,2022,2023,21.49807713767053,83.85364443801458
0.35771587,-0.42211783,197,1588.8062154054642,4,28.284271247461906,1,2022,2023,21.3933335755422,84.1979686864176
-0.07540057,0.14135668,192,1532.3917932510376,0,10.0,1,2022,2023,21.57614073586052,83.98866122521775
0.29416028,-0.36609933,210,1491.7797845602036,4,20.0,1,2022,2023,21.544699700916336,84.1927584577697
0.20933914,-0.1742104,192,1465.7138321995735,0,22.360679774997894,1,2022,2023,21.59967659630445,84.02100057544605
0.06916192,-0.024002494,193,1531.6997517347336,0,20.0,1,2022,2023,21.55413201139959,83.9161671817893
0.17217085,-0.23297822,188,1531.0154056549072,0,20.0,1,2022,2023,21.56042021838843,83.89640424553868
0.3039777,-0.19136383,135,1596.223125219345,0,30.0,1,2022,2023,21.39162677650237,83.97033559342171
-0.0021691974,0.06504065,197,1431.9922362565994,0,10.0,1,2022,2023,21.580991638394767,84.12017458281285
-0.10696518,0.24579832,191,1465.7138321995735,0,0.0,1,2022,2023,21.59060361193485,84.00096814461018
0.38767955,-0.3272131,166,1540.8635561466217,0,28.284271247461906,1,2022,2023,21.485860049806508,83.92038926362467
0.02596271,0.1877759,158,1540.8635561466217,0,0.0,1,2022,2023,21.48496173452239,83.91005863785729
-0.064311706,0.2011849,197,1532.3917932510376,0,0.0,1,2022,2023,21.59958676477604,83.96180159822258
0.1264026,-0.020678166,191,1531.6997517347336,0,22.360679774997894,1,2022,2023,21.55089807637676,83.9334148352444
-0.0075734626,0.1109905,195,1532.3917932510376,0,14.142135623730953,1,2022,2023,21.572996632366102,83.9867747631211
0.26018396,-0.22909324,193,1465.7138321995735,0,30.0,1,2022,2023,21.59770030267939,84.0033037643489
0.18595825,-0.16264649,190,1532.3917932510376,0,20.0,1,2022,2023,21.560689712973662,83.97222205551836
0.16008905,-0.2294958,151,1593.592208623886,0,20.0,1,2022,2023,21.37500794374616,83.91562819261884
0.37575477,-0.3618391,210,1537.6186023950577,0,20.0,1,2022,2023,21.363689171166254,84.08927253703914
0.12068965,-0.11622202,191,1531.0154056549072,0,22.360679774997894,1,2022,2023,21.556198136553068,83.87601248858917
0.09629415,0.048836723,190,1532.3917932510376,0,14.142135623730953,1,2022,2023,21.59770030267939,83.9943206115077
0.17809376,-0.06807352,185,1588.8768920898438,0,22.360679774997894,1,2022,2023,21.399531951002626,84.10948463093183
0.17423312,-0.15929739,182,1591.7766270637512,4,10.0,1,2022,2023,21.49142960456805,84.15655635181969
0.008797654,0.11777471,192,1531.6997517347336,0,10.0,1,2022,2023,21.563564321882847,83.94464377629589
0.19553535,-0.101854205,188,1465.7138321995735,0,14.142135623730953,1,2022,2023,21.598149460321448,84.00348342740573
0.18222585,-0.11281658,165,1556.5259022712708,0,20.0,1,2022,2023,21.37599609055869,84.01884461876416
0.1347026,-0.017946877,191,1531.6997517347336,0,10.0,1,2022,2023,21.55529982126895,83.93988270529006
0.18698092,-0.08627773,198,1431.8467383384705,0,22.360679774997894,1,2022,2023,21.58072214380953,84.17173788012131
0.4024768,-0.43467933,209,1668.123893737793,5,685.9300255857006,0,2023,2024,21.359736583916128,84.08496062367536
0.31094077,-0.3158617,156,1771.36021399498,6,102.95630140987,0,2023,2024,21.48621937592016,83.97204239246155
0.307721,-0.32153517,157,1771.36021399498,6,358.4689665786984,0,2023,2024,21.48271594631209,83.95497440206327
0.40458342,-0.37724885,165,1688.6987352371216,6,308.7069808086626,0,2023,2024,21.5301469933136,83.89460761497044
0.6228086,-0.55059224,177,1728.853170067072,1,1164.0017182117904,0,2023,2024,21.482895609368917,83.88131254876546
0.28055078,-0.38921162,192,1690.0501866340635,4,622.8964600958975,0,2023,2024,21.542184418120804,84.11496435416495
0.6093302,-0.5296956,213,1668.123893737793,1,1280.0,0,2023,2024,21.38650637938289,84.07498932402164
-0.1688898,0.35240296,188,1688.6987352371216,0,0.0,0,2023,2024,21.548203130524403,83.87367686885045
0.67033786,-0.59132135,329,1689.2596210241318,1,1280.0,0,2023,2024,21.37770288959852,84.03968553335574
0.44253054,-0.47675538,178,1686.0821499824524,6,1280.0,0,2023,2024,21.50499416535825,84.05657386069718
0.7662226,-0.66555226,171,1657.5867500305176,1,870.9190547921202,0,2023,2024,21.559162576990666,84.03231934802596
0.3834506,-0.4359992,194,1648.0802314281464,1,300.66592756745814,0,2023,2024,21.57883568171288,84.1175694684889
0.5928844,-0.56937504,143,1779.304337501526,6,520.0961449578338,0,2023,2024,21.360095910029777,83.95209979315409
0.3446687,-0.4135531,196,1660.8073947429657,5,632.5345840347388,0,2023,2024,21.509126415665204,84.18260749505916
0.5670987,-0.49149507,171,1682.8754785060885,4,1280.0,0,2023,2024,21.54919127733693,84.0484890231401
0.3434616,-0.45851958,189,1669.5950181484222,5,526.3078946776307,0,2023,2024,21.499514442125125,84.15996994989935
0.20240687,-0.25204408,163,1771.36021399498,6,1280.0,0,2023,2024,21.49142960456805,83.98812223604727
0.54184794,-0.5239701,150,1782.6826467514038,4,1280.0,0,2023,2024,21.394142059297906,83.87834810832787
0.27926266,-0.34583065,157,1751.5303001403809,4,1166.19037896906,0,2023,2024,21.464569977572875,84.02639046715078
0.33344302,-0.4177326,158,1825.13307595253,1,232.59406699226017,0,2023,2024,21.42216949616244,83.94841670048919
0.53078604,-0.5132829,160,1751.5303001403809,4,349.2849839314596,0,2023,2024,21.46843273329459,84.01300556941739
0.3530371,-0.44776446,174,1689.2596210241318,4,1032.4727599312246,0,2023,2024,21.36458748645037,84.01938360793464
0.28026056,-0.3977179,175,1665.2535457611084,4,562.2277118748239,0,2023,2024,21.425762757298912,84.17991254920679
0.4,-0.45438936,218,1668.123893737793,6,215.40659228538016,0,2023,2024,21.364856981035608,84.0874759064709
0.21001138,-0.22063932,149,1732.3358600139618,4,302.3243291566195,0,2023,2024,21.48819566954522,83.92604864991462
0.49670568,-0.49777877,167,1682.8754785060885,4,331.05890714493694,0,2023,2024,21.546496331484576,84.02261754295746
0.5947385,-0.5662873,148,1779.304337501526,4,1036.1949623502326,0,2023,2024,21.385787727155595,83.98937987744505
0.48458308,-0.48436937,232,1620.3801980018616,1,170.0,0,2023,2024,21.592849400145145,84.18826688134911
0.46818253,-0.45702422,174,1686.0821499824524,4,1280.0,0,2023,2024,21.528080868160128,84.08379281380601
0.4628653,-0.47654676,175,1669.5950181484222,4,120.41594578792296,0,2023,2024,21.451274911367907,84.17308535304748
0.48953333,-0.48259667,167,1686.0821499824524,1,683.5202996254025,0,2023,2024,21.546406499956163,84.05765183903813
0.64376307,-0.58585453,150,1751.5303001403809,4,215.870331449229,0,2023,2024,21.472744646658363,84.01839546112211
0.46885446,-0.48248103,172,1692.262746810913,1,422.0189569201838,0,2023,2024,21.42845770315127,84.14074600281918
0.32397133,-0.41721854,185,1721.871881723404,4,869.7700845625814,0,2023,2024,21.450646090669025,84.13957819294983
0.46094525,-0.47910783,158,1771.36021399498,6,544.2425929675111,0,2023,2024,21.474541277226603,83.9687186259103
-0.12654424,0.33219877,188,1640.110756397247,0,0.0,0,2023,2024,21.56051004991684,83.89865003374898
0.5098433,-0.5312473,273,1668.123893737793,1,1280.0,0,2023,2024,21.397196331263917,84.09627939625527
0.4475741,-0.48952958,185,1660.8073947429657,1,1201.0412149464314,0,2023,2024,21.500412757409244,84.18188884283185
0.34592354,-0.42259008,174,1692.262746810913,4,1274.872542648872,0,2023,2024,21.414893142361063,84.12745093661421
0.36689654,-0.45735294,168,1689.8170459270475,1,242.0743687382041,0,2023,2024,21.47373279347089,84.09250647206197
0.696622,-0.59906125,321,1696.406155653298,1,612.9437168288782,0,2023,2024,21.4136355009633,84.09466242874386
0.33052143,-0.40463254,188,1753.9669737815857,1,1280.0,0,2023,2024,21.516133274881337,83.9891103828598
0.5018324,-0.50468475,173,1721.871881723404,1,672.6812023536855,0,2023,2024,21.46969037469236,84.106250695909
0.16038841,-0.26151082,152,1707.17979991436,4,295.296461204668,0,2023,2024,21.447232492589368,84.04857885466852
0.32964697,-0.3549674,203,1620.3801980018616,1,225.6102834535696,0,2023,2024,21.599946090889688,84.15449022666621
0.5034722,-0.50958747,172,1690.0501866340635,4,1280.0,0,2023,2024,21.51182136151756,84.10005232044857
-0.21428093,0.37731418,188,1694.663972377777,0,0.0,0,2023,2024,21.591052769576905,83.92443168240321
0.56273764,-0.54137677,160,1689.8170459270475,4,1280.0,0,2023,2024,21.497178822386413,84.05980779572002
0.5452992,-0.5271302,151,1782.6826467514038,4,998.2484660644365,0,2023,2024,21.36800108453003,83.89784154999327
0.5368359,-0.534359,167,1682.8754785060885,4,465.18813398452033,0,2023,2024,21.511372203875503,84.04561441423093
0.5549188,-0.5503777,168,1721.871881723404,4,1280.0,0,2023,2024,21.49583134946024,84.11954576211396
0.32891452,-0.42089278,178,1669.5950181484222,4,545.6189146281496,0,2023,2024,21.471397173732186,84.17209720623495
0.27735507,-0.29245558,198,1620.3801980018616,1,85.44003745317531,0,2023,2024,21.58341708966189,84.1520647753991
0.19017687,-0.27457732,186,1637.8678257465365,6,870.9190547921202,0,2023,2024,21.555569315854186,84.08873354786867
0.24833348,-0.35867566,193,1657.5867500305176,4,222.0360331117452,0,2023,2024,21.586830687741543,84.0499263275947
0.478859,-0.4381271,152,1790.7314677461982,6,300.8321791298265,0,2023,2024,21.447861313288254,83.99566808443389
0.36578172,-0.39379117,161,1732.3358600139618,6,653.9113089708726,0,2023,2024,21.499514442125125,83.90502807226622
0.49395972,-0.48896322,156,1707.17979991436,6,732.4616030891996,0,2023,2024,21.410850723582527,84.022078553787
0.34706184,-0.40374172,158,1682.8754785060885,4,42.426406871192846,0,2023,2024,21.52664356370553,84.03726008208862
0.51960576,-0.51887345,167,1682.8754785060885,4,1280.0,0,2023,2024,21.539579303796856,84.01111910732074
0.57161087,-0.5306788,151,1707.17979991436,1,1136.001760562016,0,2023,2024,21.44866979704396,84.00842416146838
0.32636073,-0.4042409,208,1620.3801980018616,5,418.6884283091664,0,2023,2024,21.57281696930928,84.17910406545109
0.50314903,-0.48727712,187,1681.415932178497,1,887.693640846886,0,2023,2024,21.56661859384885,83.99180532871218
-0.21665886,0.42310676,188,1640.110756397247,0,0.0,0,2023,2024,21.584674731059657,83.85274612273047
0.39953732,-0.4599571,155,1782.6826467514038,4,618.4658438426491,0,2023,2024,21.39063862968984,83.88526513601559
0.6331573,-0.5883721,174,1686.0821499824524,4,1086.7382389517727,0,2023,2024,21.53005716178519,84.09088950455055
0.41026744,-0.3238618,193,1681.415932178497,0,148.66068747318505,0,2023,2024,21.561947354371437,83.95003366800061
0.5306344,-0.48905495,156,1751.5303001403809,1,755.8438992278762,0,2023,2024,21.497178822386413,84.00860382452521
0.28902072,-0.43688747,237,1696.406155653298,5,1010.0495037373169,0,2023,2024,21.40716763091764,84.09942349974969
0.60741615,-0.5619102,152,1689.2596210241318,4,1280.0,0,2023,2024,21.383182612831646,84.00644786784332
0.6808756,-0.5867319,165,1728.853170067072,1,545.7105459856901,0,2023,2024,21.497897474613712,83.87493451024822
0.37509063,-0.4262409,170,1722.2489975690842,4,191.049731745428,0,2023,2024,21.5444302063311,83.90287211558433
0.37726524,-0.42128527,142,1790.7314677461982,4,442.8317965096906,0,2023,2024,21.44714266106096,83.9799475669618
0.6095176,-0.59599227,182,1660.8073947429657,1,988.12954616285,0,2023,2024,21.5015805672786,84.18027187532044
0.32724595,-0.38745767,187,1665.2535457611084,4,497.6946855251722,0,2023,2024,21.4158812891736,84.19446525680954
-0.024977498,0.19880427,188,1694.663972377777,0,0.0,0,2023,2024,21.558354093234957,83.90646537672082
0.39384532,-0.42264906,155,1732.3358600139618,1,236.00847442411893,0,2023,2024,21.477056560022135,83.9289232588238
0.3807576,-0.4429081,171,1657.5867500305176,6,520.0,0,2023,2024,21.550628581791525,84.00599871020125
0.68597025,-0.5798064,161,1732.3358600139618,3,134.53624047073708,0,2023,2024,21.48361426159621,83.91104678466982
0.44833782,-0.4904076,173,1773.171569108963,4,925.418824100742,0,2023,2024,21.42468477895797,83.85526140552601
0.53669965,-0.51152074,177,1637.8678257465365,4,1023.0347012687304,0,2023,2024,21.55961173463272,84.06106543711779
0.61102766,-0.5592587,156,1696.406155653298,1,1250.0,0,2023,2024,21.435464562367404,84.0920573144199
0.6255386,-0.5560555,238,1668.123893737793,1,1210.3718436910206,0,2023,2024,21.37545710138822,84.09493192332909
0.46627736,-0.49642432,163,1751.5303001403809,4,870.9190547921202,0,2023,2024,21.47031919539124,84.0499263275947
0.42963716,-0.4334651,164,1773.171569108963,4,498.196748283246,0,2023,2024,21.412467691093944,83.87520400483345
0.20071551,-0.25712055,169,1682.8754785060885,1,349.2849839314596,0,2023,2024,21.52646390064871,84.026659961736
0.43410927,-0.4617584,163,1682.8754785060885,4,410.48751503547584,0,2023,2024,21.519726536017814,84.0280972661906
0.33893576,-0.38629118,171,1732.3358600139618,5,663.0987860040161,0,2023,2024,21.46241402089099,83.91338240440854
0.47407335,-0.43159485,170,1682.8754785060885,6,439.089968002003,0,2023,2024,21.50490433382984,84.04004485946939
0.47920206,-0.48030555,186,1637.8678257465365,1,500.09999000199946,0,2023,2024,21.57982382852541,84.09304546123244
0.6711798,-0.6059426,184,1771.36021399498,1,840.5950273467004,0,2023,2024,21.47166666831742,83.98569678478016
0.45728552,-0.4830921,260,1688.6987352371216,1,358.4689665786984,0,2023,2024,21.54478953244475,83.89182283758967
0.54379606,-0.53921765,194,1666.5909271240234,1,608.276253029822,0,2023,2024,21.37752322654169,84.17748709793968
0.6187572,-0.5804741,160,1771.36021399498,6,465.7252408878008,0,2023,2024,21.45693429765786,83.97500683289914
0.33447686,-0.4102719,169,1665.2535457611084,4,269.2582403567252,0,2023,2024,21.439237486560707,84.17272602693384
0.30743244,-0.37307817,181,1668.123893737793,5,1280.0,0,2023,2024,21.38641654785448,84.06690448646457
0.50561595,-0.48611945,157,1722.2489975690842,4,1280.0,0,2023,2024,21.51227051915962,83.937906411665
0.5598528,-0.51673335,205,1620.3801980018616,4,60.0,0,2023,2024,21.551796391660883,84.18108035907615
0.6489357,-0.5584256,161,1732.3358600139618,1,662.872536767062,0,2023,2024,21.49969410518195,83.90359076781164
0.6327798,-0.57756615,192,1691.8503458499908,1,509.6076922496363,0,2023,2024,21.38012834086564,84.11801862613096
0.3027273,-0.41026008,144,1811.9562884569168,5,1159.5257651298657,0,2023,2024,21.35587382819441,83.9018839687718
0.49133742,-0.50719446,180,1665.2535457611084,1,651.1528238439882,0,2023,2024,21.43573405695264,84.19221946859923
-0.18836483,0.39632037,188,1694.663972377777,0,0.0,0,2023,2024,21.587998497610897,83.90655520824923
0.18257684,-0.25570714,169,1722.2489975690842,6,631.9810123729984,0,2023,2024,21.52915884650107,83.9206587582099
0.51160574,-0.50205374,162,1689.8170459270475,4,567.1860364994893,0,2023,2024,21.474541277226603,84.06259257310079
0.2595352,-0.37362957,199,1648.0802314281464,5,817.4350127074322,0,2023,2024,21.581261132980003,84.14568673688184
0.33411056,-0.38098955,183,1753.9669737815857,1,392.17343102255154,0,2023,2024,21.53077581401249,83.993512127752
-0.19149856,0.38508996,188,1694.663972377777,0,0.0,0,2023,2024,21.575961072803697,83.93098938397728
0.16203867,-0.2818212,317,1728.853170067072,5,711.7583859709698,0,2023,2024,21.482536283255268,83.86442422142402
0.3891579,-0.4544553,196,1648.0802314281464,1,462.709412050371,0,2023,2024,21.570840675684217,84.1356256056997
-0.06017969,0.24620655,197,1681.415932178497,0,0.0,0,2023,2024,21.56042021838843,83.95587271734739
0.58219177,-0.57078743,216,1696.406155653298,1,1068.8779163215977,0,2023,2024,21.40357436978116,84.07004858995897
0.25606677,-0.32967973,157,1782.6826467514038,5,460.9772228646444,0,2023,2024,21.399531951002626,83.89083469077714
0.5285714,-0.4950778,177,1728.853170067072,1,586.0034129593445,0,2023,2024,21.475888750152784,83.87987524431088
0.041002277,0.095228665,131,1790.7314677461982,0,70.71067811865476,0,2023,2024,21.40995240829841,83.9785102625072
0.34630704,-0.42258492,159,1782.6826467514038,5,555.4277630799526,0,2023,2024,21.390099640519367,83.88544479907242
0.3349298,-0.40192044,181,1721.871881723404,5,296.81644159311656,0,2023,2024,21.454419014862324,84.11658132167636
0.45831552,-0.47587037,163,1722.2489975690842,4,1280.0,0,2023,2024,21.5181095685064,83.93817590625024
0.6557252,-0.5995575,373,1668.123893737793,1,1280.0,0,2023,2024,21.36818074758685,84.05783150209496
-0.14366266,0.37127256,188,1688.6987352371216,0,0.0,0,2023,2024,21.54092677672304,83.86478354753767
0.5563094,-0.5353353,159,1825.13307595253,1,170.0,0,2023,2024,21.40716763091764,83.9237130301759
0.59159946,-0.56767863,167,1782.6826467514038,4,1280.0,0,2023,2024,21.3873148631386,83.85696820456583
0.55167,-0.5203163,172,1692.262746810913,4,774.6612162745726,0,2023,2024,21.42468477895797,84.1040049076987
0.3632837,-0.3959508,175,1690.0501866340635,1,672.6812023536855,0,2023,2024,21.510473888591385,84.14451892701248
0.6094146,-0.50672895,165,1732.3358600139618,1,230.8679276123039,0,2023,2024,21.4730141412436,83.91553836109043
0.564085,-0.54790574,140,1811.9562884569168,1,230.0,0,2023,2024,21.36386883422308,83.92838426965334
-0.19407101,0.3799505,188,1694.663972377777,0,0.0,0,2023,2024,21.58045264922429,83.92694696519874
0.46289518,-0.45984104,171,1825.13307595253,1,774.1446893184763,0,2023,2024,21.448490133987136,83.93152837314774
0.5686845,-0.54907316,170,1669.5950181484222,4,420.5948168962618,0,2023,2024,21.472475152073127,84.16005978142776
0.23789355,-0.31056738,138,1779.304337501526,4,250.0,0,2023,2024,21.38381143353053,83.97321020233089
0.614536,-0.5226438,152,1689.2596210241318,4,632.5345840347388,0,2023,2024,21.399172624888976,84.00339359587731
-0.25741398,0.42410302,188,1681.415932178497,0,0.0,0,2023,2024,21.5857527094006,83.96359822879081
0.4543942,-0.45552933,164,1825.13307595253,1,353.5533905932738,0,2023,2024,21.42010337100896,83.92541982921574
0.49399275,-0.5014602,174,1721.871881723404,4,524.7856705360771,0,2023,2024,21.486129544391744,84.13571543722811
0.50179857,-0.48444444,143,1779.304337501526,1,230.8679276123039,0,2023,2024,21.384530085757827,83.97491700137073
0.5567167,-0.54758716,168,1689.8170459270475,1,674.2403132415029,0,2023,2024,21.469959869277595,84.09600990167003
0.48525956,-0.49045554,153,1696.406155653298,4,1280.0,0,2023,2024,21.43654254070835,84.06555701353838
0.34382653,-0.378976,193,1637.8678257465365,1,1164.0017182117904,0,2023,2024,21.59455619918497,84.06142476323143
0.59152824,-0.5366095,192,1637.8678257465365,6,410.0,0,2023,2024,21.57892551324129,84.05387891484483
0.5419046,-0.5222728,164,1773.171569108963,4,842.1995013059553,0,2023,2024,21.41165920733824,83.89047536466349
0.6211144,-0.54724586,154,1751.5303001403809,1,89.44271909999159,0,2023,2024,21.49960427365354,84.01435304234357
0.42145354,-0.46436486,196,1660.8073947429657,4,142.12670403551894,0,2023,2024,21.501131409636542,84.19446525680954
0.27269253,-0.37706444,190,1690.0501866340635,5,338.3784863137726,0,2023,2024,21.54335222799016,84.10732867424994
0.36356327,-0.405719,188,1691.8503458499908,1,172.6267650163207,0,2023,2024,21.396387847508205,84.14182398116013
-0.2029197,0.3898968,188,1640.110756397247,0,0.0,0,2023,2024,21.5917714218042,83.8995483490331
0.65263265,-0.5780832,161,1689.8170459270475,1,862.670273047588,0,2023,2024,21.483793924653035,84.05172295816294
0.42334926,-0.46235833,154,1751.5303001403809,4,684.1052550594828,0,2023,2024,21.471037847618536,84.02261754295746
0.33692998,-0.41155133,201,1694.663972377777,5,130.0,0,2023,2024,21.550718413319935,83.9049382407378
0.43596527,-0.43609023,161,1825.13307595253,5,178.88543819998318,0,2023,2024,21.421361012406727,83.92802494353968
0.26100466,-0.40346128,208,1620.3801980018616,4,484.1487374764082,0,2023,2024,21.570481349570567,84.18323631575804
0.4325336,-0.4516851,178,1689.8170459270475,6,228.4731931759173,0,2023,2024,21.454149520277088,84.09250647206197
0.5422235,-0.50520325,197,1771.36021399498,1,733.48483283569,0,2023,2024,21.47211582595948,83.98686459464952
0.35720232,-0.43380737,211,1691.8503458499908,1,728.0109889280518,0,2023,2024,21.357760290291065,84.1243068331198
0.35098097,-0.4364949,181,1668.123893737793,1,1280.0,0,2023,2024,21.39342340707061,84.07427067179434
0.5098456,-0.50163776,172,1721.871881723404,4,873.2124598286491,0,2023,2024,21.48711769120428,84.13212217609164
0.34905943,-0.39703155,154,1689.8170459270475,4,440.4543109109048,0,2023,2024,21.467624249538883,84.05549588235624
0.53726125,-0.5017466,247,1691.8503458499908,1,1280.0,0,2023,2024,21.39944211947421,84.10292692935775
-0.05381575,0.16073355,158,1732.3358600139618,0,0.0,0,2023,2024,21.481009147272264,83.91625701331772
0.48196656,-0.45531273,180,1773.171569108963,4,42.426406871192846,0,2023,2024,21.449747775384903,83.89146351147602
0.67142653,-0.58683616,152,1782.6826467514038,4,1278.0062597655772,0,2023,2024,21.386596210911303,83.87574299400393
0.21583556,-0.2839341,177,1753.9669737815857,6,1280.0,0,2023,2024,21.509575573307263,83.99162566565535
0.52905685,-0.5186879,166,1686.0821499824524,4,1280.0,0,2023,2024,21.51990619907464,84.07418084026592
0.58761203,-0.5434797,172,1689.8170459270475,1,610.0,0,2023,2024,21.46879205940824,84.08496062367536
0.39097267,-0.4248657,146,1811.9562884569168,1,1280.0,0,2023,2024,21.37321131317792,83.90134497960133
0.3215182,-0.33866164,172,1722.2489975690842,6,1280.0,0,2023,2024,21.517840073921164,83.92694696519874
0.49360266,-0.4841197,165,1721.871881723404,4,895.5445270895244,0,2023,2024,21.481907462556386,84.11352704971037
0.15164761,-0.19221146,160,1771.36021399498,6,161.55494421403512,0,2023,2024,21.485231229107622,83.97258138163201
0.5085414,-0.5415862,189,1689.2596210241318,1,1280.0,0,2023,2024,21.35695180653536,84.02118023850288
0.5696335,-0.5477543,170,1690.0501866340635,4,906.8627239003708,0,2023,2024,21.50337719784684,84.10077097267586
0.61067605,-0.5687231,163,1682.8754785060885,1,223.60679774997897,0,2023,2024,21.519367209904168,84.03654142986132
0.27703464,-0.38968784,168,1689.2596210241318,1,395.60080889704966,0,2023,2024,21.37967918322358,84.01938360793464
0.3962617,-0.42660376,156,1689.8170459270475,4,260.0,0,2023,2024,21.482536283255268,84.06394004602697
0.471867,-0.43650547,176,1686.0821499824524,4,1280.0,0,2023,2024,21.50508399688667,84.08478096061855
0.61749536,-0.58837086,460,1689.2596210241318,1,1280.0,0,2023,2024,21.358209447933124,84.03546345152037
-0.22620831,0.4216649,188,1640.110756397247,0,0.0,0,2023,2024,21.594915525298617,83.85903432971931
-0.23877361,0.4327256,188,1640.110756397247,0,0.0,0,2023,2024,21.556018473496245,83.86532253670813
0.26041755,-0.3581507,156,1782.6826467514038,4,549.1812087098392,0,2023,2024,21.374648617632516,83.8859837882429
0.5030397,-0.52642494,153,1782.6826467514038,4,152.31546211727817,0,2023,2024,21.36719260077432,83.86604118893544
0.47506413,-0.4705381,155,1707.17979991436,4,754.7184905645282,0,2023,2024,21.42917635537857,84.00285460670683
0.5201859,-0.5140295,165,1696.406155653298,4,210.95023109728987,0,2023,2024,21.40402352742322,84.05711284986766
0.2954663,-0.40963116,184,1669.5950181484222,6,1059.9056561788884,0,2023,2024,21.48271594631209,84.15592753112081
0.3475595,-0.423381,182,1773.171569108963,1,380.0,0,2023,2024,21.44732232411778,83.88822957645318
0.29595777,-0.40970922,206,1668.123893737793,5,1090.0,0,2023,2024,21.358658605575183,84.0987048475224
0.4069973,-0.4321343,178,1637.8678257465365,1,1211.9818480488889,0,2023,2024,21.55476083209848,84.09547091249956
-0.21059904,0.40693033,188,1640.110756397247,0,0.0,0,2023,2024,21.596532492810034,83.85795635137836
-0.22498259,0.41755366,188,1640.110756397247,0,0.0,0,2023,2024,21.59868844949192,83.88625328282812
-0.21150278,0.39031678,188,1681.415932178497,0,0.0,0,2023,2024,21.581081469923177,83.9559625488758
0.34967342,-0.34354028,162,1751.5303001403809,6,1069.018241191421,0,2023,2024,21.47732605460737,84.00078848155336
0.5696822,-0.518628,150,1779.304337501526,4,725.6031973468694,0,2023,2024,21.39432172235473,83.99036802425758
0.27196652,-0.2982917,135,1811.9562884569168,6,685.9300255857006,0,2023,2024,21.353268713870467,83.9335046667728
-0.16662504,0.36691427,188,1694.663972377777,0,0.0,0,2023,2024,21.583686584247125,83.9281147750681
0.28436637,-0.37805006,182,1728.853170067072,5,1280.0,0,2023,2024,21.461785200192107,83.86298691696943
0.6096418,-0.567315,165,1686.0821499824524,1,278.0287754891569,0,2023,2024,21.53194362388184,84.05091447440724
-0.18970732,0.3893137,188,1640.110756397247,0,0.0,0,2023,2024,21.574074610707047,83.86397506378196
0.35843933,-0.4317965,181,1692.262746810913,1,180.27756377319943,0,2023,2024,21.4294458499638,84.14505791618296
0.35707182,-0.36823106,170,1728.853170067072,6,186.01075237738277,0,2023,2024,21.49646017015912,83.88176170640753
0.3391673,-0.4189661,175,1728.853170067072,5,70.0,0,2023,2024,21.457652949885155,83.89532626719773
0.30384946,-0.39367485,154,1707.17979991436,4,1171.366723105962,0,2023,2024,21.447861313288254,84.00779534076949
0.4868131,-0.5027191,173,1722.2489975690842,4,659.6969000988257,0,2023,2024,21.52718255287601,83.92074858973831
0.41841394,-0.43269518,146,1790.7314677461982,4,514.78150704935,0,2023,2024,21.416689772929303,83.99539858984865
0.70354277,-0.6340734,275,1689.2596210241318,1,1280.0,0,2023,2024,21.355065344438707,84.03079221204295
0.5175219,-0.47650552,175,1722.2489975690842,4,240.4163056034261,0,2023,2024,21.54604717384252,83.91715532860184
0.4315697,-0.40103263,200,1657.5867500305176,6,100.0,0,2023,2024,21.592849400145145,84.03851772348638
0.331637,-0.25758097,175,1682.8754785060885,6,1280.0,0,2023,2024,21.54407088021745,84.0468720556287
0.58188426,-0.50023293,159,1790.7314677461982,6,1224.0914998479484,0,2023,2024,21.439506981145943,83.9958477474907
0.65722114,-0.5698646,247,1691.8503458499908,1,679.5586803212802,0,2023,2024,21.36539597020608,84.12179155032426
0.30119628,-0.39578325,179,1692.262746810913,4,905.5385138137416,0,2023,2024,21.409233756071117,84.14245280185901
0.22781746,-0.34531412,209,1657.5867500305176,6,240.0,0,2023,2024,21.59635282975321,84.04471609894681
-0.19798389,0.38868067,188,1694.663972377777,0,0.0,0,2023,2024,21.580901806866358,83.92604864991462
0.38467646,-0.41312653,169,1722.2489975690842,1,1280.0,0,2023,2024,21.51002473094933,83.92757578589762
0.45138133,-0.4215909,171,1728.853170067072,4,505.3711507397311,0,2023,2024,21.46951071163553,83.88319901086211
0.4512133,-0.46463436,161,1689.8170459270475,1,446.8780594300866,0,2023,2024,21.465378461328584,84.06537735048155
0.40638104,-0.43998507,164,1682.8754785060885,6,319.5309061734092,0,2023,2024,21.51038405706297,84.01120893884915
0.32731062,-0.40021992,195,1681.415932178497,1,341.32096331752024,0,2023,2024,21.550538750263115,83.97949840931973
0.49618194,-0.48105448,200,1657.5867500305176,6,130.0,0,2023,2024,21.5977901342078,84.04121266933875
0.5639276,-0.5330038,155,1782.6826467514038,4,438.29214001622256,0,2023,2024,21.35335854539888,83.85050033452016
0.6211342,-0.55492616,175,1637.8678257465365,1,564.3580423808985,0,2023,2024,21.574883094462752,84.06627566576567
0.4651253,-0.4848921,181,1637.8678257465365,1,794.0403012442127,0,2023,2024,21.57290680083769,84.09331495581768
0.5422447,-0.49629018,149,1811.9562884569168,1,482.59714048054616,0,2023,2024,21.363419676581017,83.9161671817893
0.6147447,-0.5616127,149,1790.7314677461982,1,600.0,0,2023,2024,21.427200061753503,83.95991513612593
0.5845353,-0.5301505,221,1640.110756397247,1,241.66091947189145,0,2023,2024,21.55413201139959,83.87457518413457
0.5421483,-0.5030053,166,1696.406155653298,0,372.0215047547655,0,2023,2024,21.4068981363324,84.05325009414594
0.51304543,-0.4282121,171,1732.3358600139618,6,643.5060217278467,0,2023,2024,21.46259368394781,83.9220960626645
-0.23604457,0.4137375,188,1640.110756397247,0,0.0,0,2023,2024,21.586561193156307,83.8965839085955
0.38296762,-0.45529518,178,1669.5950181484222,4,134.53624047073708,0,2023,2024,21.4504664276122,84.17533114125779
0.28936863,-0.39363912,208,1620.3801980018616,5,36.05551275463989,0,2023,2024,21.569762697343272,84.17416333138843
0.6004939,-0.5596705,201,1620.3801980018616,1,354.682957019364,0,2023,2024,21.556647294195127,84.15026814483085
-0.20454909,0.36200827,188,1694.663972377777,0,0.0,0,2023,2024,21.59958676477604,83.91005863785729
0.50681776,-0.48809862,162,1751.5303001403809,4,1119.7321108193692,0,2023,2024,21.47669723390849,84.02917524453154
0.41684482,-0.4793909,190,1669.5950181484222,1,615.223536610881,0,2023,2024,21.459808906567044,84.18341597881486
0.5478432,-0.53511703,163,1689.8170459270475,4,1280.0,0,2023,2024,21.49655000168753,84.05360942025959
0.669547,-0.5889683,204,1668.123893737793,1,1280.0,0,2023,2024,21.394591216939965,84.08621826507313
0.54165924,-0.51506686,162,1782.6826467514038,1,340.0,0,2023,2024,21.39692683667868,83.8951466041409
0.38303262,-0.4511036,207,1666.5909271240234,1,1041.7293314484334,0,2023,2024,21.395399700695677,84.15484955277987
0.39732784,-0.39678594,194,1681.415932178497,5,84.85281374238569,0,2023,2024,21.59455619918497,83.95937614695545
0.60350364,-0.5604046,177,1686.0821499824524,1,1280.0,0,2023,2024,21.51164169846074,84.06897061161804
0.48131746,-0.47845304,176,1686.0821499824524,4,1280.0,0,2023,2024,21.519457041432577,84.0943031026302
0.52398527,-0.49039826,154,1732.3358600139618,1,360.5551275463989,0,2023,2024,21.47157683678901,83.93422331900011
0.59433573,-0.54424894,156,1722.2489975690842,1,802.807573457052,0,2023,2024,21.517480747807515,83.92011976903943
0.5074946,-0.4926931,181,1657.5867500305176,4,954.4108130150244,0,2023,2024,21.56221684895667,84.00923264522409
0.5423272,-0.516768,169,1722.2489975690842,6,497.29267036625424,0,2023,2024,21.529877498728364,83.91931128528373
0.31893942,-0.4029382,158,1707.17979991436,4,1035.8571330062848,0,2023,2024,21.431781469702518,84.02010226016193
0.47930932,-0.4890174,149,1779.304337501526,4,530.8483775994798,0,2023,2024,21.360095910029777,83.95326760302345
0.44702938,-0.4673812,175,1721.871881723404,4,512.6402247190518,0,2023,2024,21.48639903897698,84.13652392098382
0.49503335,-0.46454626,178,1648.0802314281464,4,880.5112151472007,0,2023,2024,21.560240555331607,84.11020328315912
0.1872695,-0.25782645,147,1722.2489975690842,5,257.0992026436488,0,2023,2024,21.510923046233444,83.90996880632888
0.5968503,-0.5592051,160,1696.406155653298,4,1176.5202930676546,0,2023,2024,21.435195067782168,84.05540605082783
-0.26257506,0.46205485,188,1688.6987352371216,0,0.0,0,2023,2024,21.52897918344425,83.86235809627054
0.43328694,-0.45252296,197,1681.415932178497,6,427.2001872658765,0,2023,2024,21.55574897891101,83.9739288545582
0.41209227,-0.44289392,187,1694.663972377777,5,202.23748416156684,0,2023,2024,21.556198136553068,83.94931501577332
0.31497443,-0.42071235,181,1692.262746810913,4,276.5863337187866,0,2023,2024,21.41076089205412,84.14999865024562
0.61323446,-0.56893206,171,1692.262746810913,4,811.2336284942828,0,2023,2024,21.42154067546355,84.1048133914544
0.38236988,-0.3878784,170,1682.8754785060885,4,652.7633568147036,0,2023,2024,21.53643520030244,84.01866495570734
0.53851986,-0.52687263,166,1773.171569108963,4,406.0788100849391,0,2023,2024,21.412647354150767,83.86720899880478
-0.2430124,0.41025466,188,1694.663972377777,0,0.0,0,2023,2024,21.591501927218964,83.93772674860817
0.58823013,-0.5349745,346,1696.406155653298,1,1280.0,0,2023,2024,21.420283034065783,84.08064871031159
0.46698874,-0.46149734,198,1691.8503458499908,4,340.0,0,2023,2024,21.373929965405218,84.1266424528585
0.23065864,-0.35122335,171,1732.3358600139618,4,660.07575322837,0,2023,2024,21.464030988402403,83.91275358370964
0.63377017,-0.54766417,153,1707.17979991436,6,722.4956747275377,0,2023,2024,21.42558309424209,84.02118023850288
0.6585602,-0.591976,150,1782.6826467514038,4,822.0097323024831,0,2023,2024,21.37500794374616,83.87583282553234
0.5147929,-0.5032623,161,1682.8754785060885,4,396.232255123179,0,2023,2024,21.521074008943994,84.03097187509978
0.6115925,-0.57571864,172,1721.871881723404,4,1215.9358535712315,0,2023,2024,21.48774651190316,84.14748336745008
0.5309795,-0.5565695,160,1782.6826467514038,4,1280.0,0,2023,2024,21.392614923314905,83.87367686885045
-0.21824291,0.3356181,154,1688.6987352371216,0,0.0,0,2023,2024,21.51622310640975,83.8559800577533
0.43707767,-0.4468126,161,1732.3358600139618,5,199.24858845171275,0,2023,2024,21.47256498360154,83.90960948021524
0.53209174,-0.53209174,191,1665.2535457611084,1,440.4543109109048,0,2023,2024,21.403933695894807,84.15089696552974
0.30017602,-0.37927407,203,1657.5867500305176,5,689.4925670375279,0,2023,2024,21.594915525298617,84.01363439011628
0.10287567,-0.1553537,165,1732.3358600139618,6,518.6520991955977,0,2023,2024,21.48226678867003,83.9055670614367
0.34615386,-0.41568735,185,1692.262746810913,4,1100.181803158005,0,2023,2024,21.406089652576696,84.13993751906348
0.42180413,-0.45130315,174,1686.0821499824524,5,1280.0,0,2023,2024,21.52322996562588,84.0649281928395
0.4240297,-0.45724246,141,1790.7314677461982,4,144.22205101855957,0,2023,2024,21.439956138788,83.98318150198462
0.31688234,-0.37935382,152,1771.36021399498,6,533.1041174104736,0,2023,2024,21.461785200192107,83.99467993762136
0.5134508,-0.51246375,171,1751.5303001403809,4,1097.679370308106,0,2023,2024,21.49735848544324,84.04678222410028
0.37924945,-0.45686305,202,1660.8073947429657,1,891.4033879226621,0,2023,2024,21.522960471040644,84.18682957689451
0.33990148,-0.45577464,196,1668.123893737793,5,1280.0,0,2023,2024,21.393603070127437,84.09753703765304
0.28276435,-0.39244816,160,1782.6826467514038,4,599.0826320300064,0,2023,2024,21.35758062723424,83.85562073163965
0.59271747,-0.57374865,203,1666.5909271240234,1,1280.0,0,2023,2024,21.36234169824008,84.19114149025829
0.2974697,-0.27045596,169,1637.8678257465365,5,680.9552114493288,0,2023,2024,21.55898291393384,84.07750460681717
-0.17633675,0.3919373,188,1640.110756397247,0,0.0,0,2023,2024,21.59716131350892,83.88337867391894
0.0927835,-0.18690784,158,1707.17979991436,6,622.4146527838174,0,2023,2024,21.409323587599527,84.0468720556287
0.54287475,-0.50065863,177,1722.2489975690842,6,1004.987562112089,0,2023,2024,21.54191492353557,83.94185899891512
0.61424804,-0.53456116,212,1691.8503458499908,1,1072.0541031123382,0,2023,2024,21.36566546479132,84.11262873442624
-0.19170985,0.437487,188,1640.110756397247,0,0.0,0,2023,2024,21.557994767121308,83.8891278917373
0.46237096,-0.47700328,190,1722.2489975690842,1,492.5444142409901,0,2023,2024,21.51532479112563,83.91751465471549
0.3424337,-0.43356934,186,1690.0501866340635,1,808.0222769206305,0,2023,2024,21.52826053121695,84.13912903530777
0.217898,-0.30662963,153,1751.5303001403809,6,557.3149917237109,0,2023,2024,21.45172406900997,84.00258511212161
0.4613907,-0.45970836,169,1751.5303001403809,4,1280.0,0,2023,2024,21.49376522430676,84.03366682095213
0.19740596,-0.23952739,156,1771.36021399498,6,499.799959983992,0,2023,2024,21.467714081067296,83.99234431788264
0.25824288,-0.35854062,181,1637.8678257465365,5,1280.0,0,2023,2024,21.551077739433588,84.09412343957338
0.25232053,-0.32450688,182,1773.171569108963,6,350.142828000232,0,2023,2024,21.423876295202263,83.85014100840652
0.70451826,-0.62156016,229,1691.8503458499908,1,536.0037313302959,0,2023,2024,21.374019796933627,84.11478469110813
0.6279851,-0.61742735,153,1782.6826467514038,4,155.24174696260025,0,2023,2024,21.35937725780248,83.88409732614623
0.6472435,-0.5693665,202,1669.5950181484222,1,557.8530272392541,0,2023,2024,21.488824490244102,84.18718890300816
-0.09619189,0.23766816,143,1771.36021399498,0,0.0,0,2023,2024,21.456395308487387,83.96009479918276
0.2968588,-0.39093485,195,1732.3358600139618,1,702.6378868236469,0,2023,2024,21.49987376823877,83.9237130301759
0.54318094,-0.51341206,177,1637.8678257465365,4,1023.132444994293,0,2023,2024,21.57308646389452,84.08316399310712
0.3190447,-0.40211555,175,1689.8170459270475,4,290.17236257093816,0,2023,2024,21.45531733014645,84.08684708577202
0.34235308,-0.42965832,188,1660.8073947429657,5,272.02941017470886,0,2023,2024,21.52314013409747,84.15449022666621
0.44922617,-0.41754973,172,1825.13307595253,4,825.6512580987205,0,2023,2024,21.447232492589368,83.92101808432355
0.35531986,-0.3984268,181,1692.262746810913,1,1280.0,0,2023,2024,21.40950325065635,84.13517644805765
0.631386,-0.56206125,176,1692.262746810913,1,1280.0,0,2023,2024,21.43106281747522,84.12304919172203
0.32683232,-0.42451873,175,1696.406155653298,1,777.946013551069,0,2023,2024,21.41947455031008,84.07202488358405
0.33520338,-0.4177606,193,1666.5909271240234,5,494.06477308142496,0,2023,2024,21.390099640519367,84.17973288614998
0.500678,-0.4914645,172,1686.0821499824524,4,1280.0,0,2023,2024,21.51002473094933,84.09942349974969
0.14123465,-0.19609876,167,1771.36021399498,6,1252.3977004130916,0,2023,2024,21.46789374412412,83.98488830102445
0.30453646,-0.42168674,188,1666.5909271240234,5,760.0657866263946,0,2023,2024,21.3971064997355,84.17039040719513
0.6407538,-0.55447066,147,1779.304337501526,4,991.2618221237012,0,2023,2024,21.3888419991216,83.98964937203029
0.45884883,-0.45858732,203,1691.8503458499908,1,460.4345773288535,0,2023,2024,21.35228056705793,84.11550334333543
0.5546677,-0.55073786,165,1751.5303001403809,4,933.0058949438636,0,2023,2024,21.498885621426243,84.04094317475351
0.25407097,-0.33001217,187,1657.5867500305176,1,280.713376952364,0,2023,2024,21.596532492810034,84.04956700148105
0.5862426,-0.5263158,211,1657.5867500305176,1,806.5977932030313,0,2023,2024,21.586830687741543,84.03025322287249
0.4718101,-0.48859543,173,1728.853170067072,4,1280.0,0,2023,2024,21.45361053110662,83.86532253670813
0.5876009,-0.571508,159,1689.8170459270475,4,1280.0,0,2023,2024,21.49268724596582,84.05468739860054
0.413668,-0.46583354,202,1620.3801980018616,1,720.6247289678588,0,2023,2024,21.59500535682703,84.17362434221796
0.40378517,-0.4218676,174,1722.2489975690842,1,1280.0,0,2023,2024,21.504006018545724,83.93485213969899
0.44743082,-0.4292591,175,1721.871881723404,1,711.7583859709698,0,2023,2024,21.478853190590375,84.12134239268221
0.5184408,-0.49270448,159,1689.2596210241318,4,971.4422267947796,0,2023,2024,21.386596210911303,84.00285460670683
0.55914843,-0.5446463,171,1637.8678257465365,4,825.6512580987205,0,2023,2024,21.57290680083769,84.0904403469085
0.6102493,-0.56020945,205,1666.5909271240234,1,1280.0,0,2023,2024,21.356502648893297,84.18314648422962
0.38988036,-0.4288205,196,1660.8073947429657,1,36.05551275463989,0,2023,2024,21.53661486335926,84.16553950466088
0.30970353,-0.38152868,207,1753.9669737815857,5,657.9513659838392,0,2023,2024,21.521972324228116,83.99476976914977
0.52646184,-0.5123385,174,1773.171569108963,1,1115.0784725749124,0,2023,2024,21.411389712753,83.8530156173157
0.5149579,-0.5054839,170,1686.0821499824524,4,1280.0,0,2023,2024,21.52727238440442,84.0828944985219
0.36422977,-0.4183916,156,1682.8754785060885,5,92.19544457292886,0,2023,2024,21.51307900291533,84.02863625536106
0.4921334,-0.4809494,161,1689.8170459270475,4,152.97058540778357,0,2023,2024,21.47993116893132,84.07220454664086
0.61854994,-0.54920185,270,1668.123893737793,1,1280.0,0,2023,2024,21.39306408095696,84.08307416157871
0.7082583,-0.64968944,162,1707.17979991436,4,1158.360910942699,0,2023,2024,21.40590998951987,84.04022452252622
0.29724795,-0.38716877,154,1811.9562884569168,4,1104.536101718726,0,2023,2024,21.38893183065001,83.94751838520507
0.57278913,-0.57257515,160,1773.171569108963,4,1131.370849898476,0,2023,2024,21.42046269712261,83.87798878221423
0.59677607,-0.5534091,166,1753.9669737815857,6,1280.0,0,2023,2024,21.50715012204014,83.96566435394429
-0.26218098,0.46470654,188,1688.6987352371216,0,0.0,0,2023,2024,21.530865645540896,83.86208860168531
0.5127738,-0.5288968,169,1753.9669737815857,6,1280.0,0,2023,2024,21.51370782361421,83.95021333105744
0.30033404,-0.42046773,190,1665.2535457611084,6,183.8477631085024,0,2023,2024,21.440944285600533,84.19284828929811
0.45017722,-0.48440808,189,1660.8073947429657,1,270.7397274136177,0,2023,2024,21.506341638284432,84.17524130972937
-0.18432105,0.39115292,188,1640.110756397247,0,0.0,0,2023,2024,21.583147595076653,83.87358703732204
-0.28540298,0.47061393,188,1728.853170067072,0,0.0,0,2023,2024,21.487027859675862,83.85364443801458
0.51422036,-0.49741378,170,1682.8754785060885,4,746.3243262818116,0,2023,2024,21.54856245663805,84.0062682047865
0.29336306,-0.35606337,193,1753.9669737815857,5,570.350769263968,0,2023,2024,21.53095547706931,83.9770729580526
0.5720084,-0.44947734,158,1728.853170067072,0,31.6227766016838,0,2023,2024,21.48936347941457,83.8920923321749
0.39943564,-0.43758902,195,1660.8073947429657,4,180.27756377319943,0,2023,2024,21.53517755890467,84.16589883077454
0.4187131,-0.4524239,339,1773.171569108963,1,1280.0,0,2023,2024,21.44022563337324,83.88122271723705
0.094596684,-0.19472764,179,1668.123893737793,6,342.34485537247383,0,2023,2024,21.39162677650237,84.05738234445289
0.30928892,-0.41345197,174,1665.2535457611084,4,769.2203845452875,0,2023,2024,21.42989500760586,84.17991254920679
0.63817024,-0.6197557,158,1689.2596210241318,4,1280.0,0,2023,2024,21.39845397266168,84.01399371622992
0.6047788,-0.54347825,141,1790.7314677461982,1,548.1788029466298,0,2023,2024,21.430523828304747,83.98632560547904
0.696603,-0.6129544,148,1811.9562884569168,1,614.00325732035,0,2023,2024,21.37375030234839,83.94033186293213
0.5266006,-0.5186351,156,1790.7314677461982,4,926.5527507918802,0,2023,2024,21.409772745241582,83.96180159822258
0.5114504,-0.49905363,161,1682.8754785060885,4,310.16124838541646,0,2023,2024,21.51343832902898,84.03061254898613
0.56391877,-0.5538936,172,1637.8678257465365,4,975.2948272189288,0,2023,2024,21.571559327911512,84.07795376445924
0.28900114,-0.38833484,172,1692.262746810913,4,1280.0,0,2023,2024,21.420013539480543,84.12772043119945
0.68381697,-0.5799807,251,1728.853170067072,1,645.3681120105022,0,2023,2024,21.4775057176642,83.87134124911174
0.39133683,-0.444396,189,1753.9669737815857,1,63.24555320336759,0,2023,2024,21.535896211131966,83.97671363193896
0.4921928,-0.49685034,191,1691.8503458499908,1,349.2849839314596,0,2023,2024,21.39845397266168,84.12403733853456
0.5573556,-0.53974795,170,1728.853170067072,4,1280.0,0,2023,2024,21.450735922197435,83.86361573766831
0.5533645,-0.5329546,163,1773.171569108963,4,698.5699678629192,0,2023,2024,21.412198196508708,83.86442422142402
0.7228903,-0.61681014,135,1779.304337501526,1,56.56854249492381,0,2023,2024,21.366653611603848,83.95883715778498
0.40792683,-0.4582774,172,1728.853170067072,4,1280.0,0,2023,2024,21.452622384294088,83.86424455836719
0.46271706,-0.4852204,182,1681.415932178497,4,898.0534505250787,0,2023,2024,21.564462637166965,83.98991886661551
0.54532677,-0.50281906,174,1728.853170067072,6,255.5386467836128,0,2023,2024,21.498526295312598,83.88544479907242
0.6171746,-0.5652174,141,1779.304337501526,1,726.1542535852834,0,2023,2024,21.37114518802445,83.97797127333673
0.5857249,-0.5682353,163,1753.9669737815857,4,1167.7756633874503,0,2023,2024,21.5038263554889,83.99234431788264
0.5787196,-0.5500628,179,1811.9562884569168,1,1114.2710621747296,0,2023,2024,21.3723129978938,83.92937241646587
0.5182303,-0.49496612,169,1689.8170459270475,1,1280.0,0,2023,2024,21.451903732066796,84.07202488358405
0.27386823,-0.40011823,188,1660.8073947429657,5,298.328677803526,0,2023,2024,21.52233165034176,84.15386140596733
0.56445587,-0.5271857,167,1773.171569108963,1,798.3107164506812,0,2023,2024,21.40626931563352,83.87232939592427
0.606525,-0.5764841,195,1660.8073947429657,1,901.3878188659974,0,2023,2024,21.50436534465937,84.18188884283185
0.52860516,-0.5115434,170,1692.262746810913,4,1063.8138934982942,0,2023,2024,21.43789001363453,84.11667115320478
0.6155643,-0.5442453,171,1690.0501866340635,1,941.4881836751856,0,2023,2024,21.508138268852672,84.1362544263986
-0.18933117,0.36997488,188,1694.663972377777,0,0.0,0,2023,2024,21.58665102468472,83.91751465471549
0.19583842,-0.28608003,202,1657.5867500305176,5,70.0,0,2023,2024,21.59320872625879,84.03573294610561
0.6150796,-0.551329,154,1790.7314677461982,1,979.4386147176352,0,2023,2024,21.43600355153788,83.96359822879081
0.36462307,-0.45299324,155,1779.304337501526,4,832.4061508662703,0,2023,2024,21.351741577887463,83.96737115298411
0.34210706,-0.42723164,186,1660.8073947429657,4,451.88494110780016,0,2023,2024,21.51218068763121,84.16149708588235
-0.19390307,0.39014202,188,1694.663972377777,0,0.0,0,2023,2024,21.56832539288868,83.91481970886312
0.22561537,-0.32758048,196,1681.415932178497,5,699.714227381436,0,2023,2024,21.57137966485469,83.99971050321243
0.5462235,-0.5058158,164,1696.406155653298,4,1280.0,0,2023,2024,21.42962551302063,84.05010599065153
0.43558642,-0.44313306,164,1825.13307595253,1,352.2782990761707,0,2023,2024,21.445795188134777,83.94670990144937
0.27251598,-0.25934446,192,1681.415932178497,0,98.48857801796105,0,2023,2024,21.58395607883236,83.99485960067817
0.4087142,-0.43098468,169,1722.2489975690842,1,241.86773244895647,0,2023,2024,21.544609869387926,83.90197380030021
0.52620214,-0.51638067,193,1657.5867500305176,1,286.35642126552705,0,2023,2024,21.56266600659873,84.01614967291181
0.40319192,-0.3316062,139,1790.7314677461982,4,100.4987562112089,0,2023,2024,21.447412155646195,83.97267121316042
0.39072675,-0.44351152,188,1665.2535457611084,4,1119.7321108193692,0,2023,2024,21.41722876209978,84.17039040719513
0.5657021,-0.53042173,246,1648.0802314281464,1,915.8602513484248,0,2023,2024,21.59365788390085,84.11927626752873
0.6760268,-0.6023984,233,1637.8678257465365,1,1280.0,0,2023,2024,21.598418954906684,84.08073854184
0.46891466,-0.46685374,160,1688.6987352371216,1,200.9975124224178,0,2023,2024,21.52089434588717,83.86810731408892
-0.18143813,0.38037974,188,1694.663972377777,0,0.0,0,2023,2024,21.58629169857107,83.91670617095977
0.3909476,-0.45378226,206,1691.8503458499908,1,401.62171256046406,0,2023,2024,21.384530085757827,84.14748336745008
0.5686275,-0.53754467,178,1657.5867500305176,4,692.9646455628166,0,2023,2024,21.55961173463272,84.00869365605362
0.5122268,-0.49674815,170,1722.2489975690842,4,1280.0,0,2023,2024,21.52457743855206,83.93332500371599
0.5247934,-0.5400209,172,1686.0821499824524,4,1280.0,0,2023,2024,21.506341638284432,84.06160442628826
-0.24514185,0.4375097,188,1640.110756397247,0,0.0,0,2023,2024,21.579464502411764,83.8687361347878
0.47488004,-0.49697003,156,1782.6826467514038,1,750.066663703967,0,2023,2024,21.39423189082632,83.8867922719986
0.40243155,-0.45998117,164,1696.406155653298,1,845.9905436823748,0,2023,2024,21.40034043475833,84.06376038297014
0.5855311,-0.5266486,174,1753.9669737815857,4,1074.4766167767448,0,2023,2024,21.548203130524403,83.99539858984865
-0.2707789,0.42845437,188,1681.415932178497,0,0.0,0,2023,2024,21.59608333516797,83.95012349952903
0.5310443,-0.5318619,158,1689.8170459270475,4,156.20499351813308,0,2023,2024,21.45468850944756,84.05477723012895
0.40154016,-0.46981156,193,1690.0501866340635,1,382.7531841800928,0,2023,2024,21.519726536017814,84.12754076814262
0.43959454,-0.4595573,166,1722.2489975690842,4,496.78969393496885,0,2023,2024,21.52906901497266,83.94841670048919
0.54865235,-0.5545705,163,1696.406155653298,4,1115.0336317797774,0,2023,2024,21.43483574166852,84.0520822842766
0.6176674,-0.5754012,205,1666.5909271240234,1,1014.0019723846694,0,2023,2024,21.391806439559197,84.1574546671038
0.42381048,-0.4283988,173,1692.262746810913,1,559.4640292279746,0,2023,2024,21.419115224196428,84.13778156238159
0.65417653,-0.6322319,199,1771.36021399498,1,1056.834897228512,0,2023,2024,21.48684819661904,83.98066621918909
0.53585243,-0.53562397,166,1721.871881723404,4,586.0034129593445,0,2023,2024,21.49466353959088,84.1002319835054
0.39743105,-0.4716895,256,1666.5909271240234,1,1280.0,0,2023,2024,21.35785012181948,84.17587013042827
0.50496453,-0.46092942,176,1657.5867500305176,6,1055.7461816175326,0,2023,2024,21.563115164240788,84.02863625536106
-0.16760404,0.37867337,188,1640.110756397247,0,0.0,0,2023,2024,21.570750844155803,83.89972801208992
0.41629955,-0.45639864,190,1637.8678257465365,1,276.5863337187866,0,2023,2024,21.58072214380953,84.09960316280652
0.25660288,-0.32324156,163,1782.6826467514038,6,234.30749027719963,0,2023,2024,21.395579363752496,83.89532626719773
0.3553367,-0.43557936,205,1691.8503458499908,4,254.95097567963924,0,2023,2024,21.3745587861041,84.1446087585409
-0.22699386,0.4293277,188,1694.663972377777,0,0.0,0,2023,2024,21.559252408519075,83.92407235628956
0.5665934,-0.51772594,169,1721.871881723404,4,1280.0,0,2023,2024,21.49313640360788,84.11361688123877
0.2546786,-0.3414528,189,1657.5867500305176,5,800.5623023850173,0,2023,2024,21.57515258904799,84.00519022644555
0.43639514,-0.48176402,165,1728.853170067072,1,802.122185206219,0,2023,2024,21.478314201419906,83.8883194079816
0.21673474,-0.36600956,187,1665.2535457611084,4,1280.0,0,2023,2024,21.416150783758837,84.1678751243996
0.5432199,-0.527856,184,1665.2535457611084,1,1067.941945987702,0,2023,2024,21.410401565940468,84.17811591863855
0.43863285,-0.40587044,188,1692.262746810913,0,50.0,0,2023,2024,21.401957402269744,84.12511531687551
0.5041634,-0.49340898,215,1666.5909271240234,1,739.2563831310488,0,2023,2024,21.37258249247904,84.19203980554241
0.5163301,-0.51257694,276,1722.2489975690842,1,992.9753269845128,0,2023,2024,21.5015805672786,83.92613848144303
0.4205039,-0.44682264,204,1620.3801980018616,1,512.4451190127583,0,2023,2024,21.551976054717706,84.1762294565419
-0.16163142,0.38349643,188,1694.663972377777,0,0.0,0,2023,2024,21.571828822496748,83.91742482318708
0.3433084,-0.42220137,181,1728.853170067072,1,1280.0,0,2023,2024,21.466725934254764,83.8551715739976
0.64094317,-0.5710621,154,1707.17979991436,4,861.4522621712708,0,2023,2024,21.409593082184763,84.02495316269618
0.63408744,-0.57836115,198,1691.8503458499908,1,506.0632371551998,0,2023,2024,21.396477679036614,84.13005605093817
0.38726473,-0.4243421,182,1657.5867500305176,1,1195.7006314291216,0,2023,2024,21.583596752718712,84.02360568977
0.5746614,-0.53469825,165,1825.13307595253,1,691.8092222571191,0,2023,2024,21.420732191707845,83.94410478712543
0.5961193,-0.51635146,219,1668.123893737793,1,1141.2712210513328,0,2023,2024,21.375367269859808,84.08819455869819
-0.092071526,0.2714985,188,1681.415932178497,0,0.0,0,2023,2024,21.591591758747377,83.99944100862719
0.5879576,-0.55396324,199,1666.5909271240234,1,639.7655820689325,0,2023,2024,21.39297424942855,84.1506274709445
0.30119333,-0.36614212,149,1751.5303001403809,5,245.96747752497689,0,2023,2024,21.49825680072736,84.0130954009458
0.36512953,-0.4193451,219,1620.3801980018616,1,518.6520991955977,0,2023,2024,21.591681590275787,84.18503294632627
0.152584,-0.20477128,161,1771.36021399498,6,801.1242100947892,0,2023,2024,21.4790328536472,83.97410851761501
0.37414074,-0.4118834,170,1669.5950181484222,1,329.84845004941286,0,2023,2024,21.45235288970885,84.16724630370071
0.43775305,-0.45236132,173,1665.2535457611084,1,144.22205101855957,0,2023,2024,21.44920878621443,84.16751579828595
0.6455417,-0.5552143,144,1779.304337501526,4,640.3124237432849,0,2023,2024,21.37375030234839,83.97195256093313
0.49892008,-0.5148901,215,1668.123893737793,6,200.9975124224178,0,2023,2024,21.36530613867767,84.08765556952773
0.3986872,-0.4306025,150,1751.5303001403809,4,170.0,0,2023,2024,21.46367166228876,84.01022079203662
0.528097,-0.516875,186,1690.0501866340635,6,226.2741699796952,0,2023,2024,21.517570579335928,84.12161188726743
0.51190037,-0.5146087,170,1721.871881723404,4,1280.0,0,2023,2024,21.49798730614212,84.11801862613096
0.5573896,-0.5551626,209,1620.3801980018616,1,388.9730067755345,0,2023,2024,21.55350319070071,84.17748709793968
0.292019,-0.39938495,187,1665.2535457611084,4,466.9047011971501,0,2023,2024,21.417138930571365,84.1897041858037
0.5039415,-0.5030829,169,1825.13307595253,4,1060.0,0,2023,2024,21.44498670437907,83.91940111681214
0.4493185,-0.46922743,181,1657.5867500305176,1,1060.7544484940895,0,2023,2024,21.57173899096833,84.01848529265052
0.30333,-0.39372605,194,1666.5909271240234,4,170.29386365926402,0,2023,2024,21.399172624888976,84.18988384886052
0.25591636,-0.36281928,193,1753.9669737815857,5,496.78969393496885,0,2023,2024,21.542813238819686,83.9762644742969
0.27067387,-0.3816346,187,1665.2535457611084,4,541.2947441089743,0,2023,2024,21.403304875195925,84.19617205584936
0.7081851,-0.6272062,275,1689.2596210241318,1,1280.0,0,2023,2024,21.351651746359053,84.02881591841789
0.6110865,-0.580596,170,1728.853170067072,1,903.7698822156004,0,2023,2024,21.476787065436906,83.8891278917373
0.51561415,-0.5005153,176,1722.2489975690842,4,420.4759208325728,0,2023,2024,21.54434037480269,83.92083842126672
0.028592376,0.089493155,190,1722.2489975690842,0,10.0,0,2023,2024,21.548203130524403,83.92308420947703
0.28173375,-0.39821923,209,1691.8503458499908,5,862.7861844049197,0,2023,2024,21.37132485108127,84.13993751906348
0.5221834,-0.5040508,140,1811.9562884569168,1,360.1388621073821,0,2023,2024,21.370696030382387,83.91077729008458
0.14715384,-0.20177384,158,1688.6987352371216,6,848.999411071645,0,2023,2024,21.526104574535065,83.89981784361834
0.67699116,-0.6076352,158,1689.2596210241318,4,1280.0,0,2023,2024,21.396387847508205,84.01138860190598
0.5222015,-0.52869564,163,1696.406155653298,6,1280.0,0,2023,2024,21.441393443242596,84.07777410140241
0.60992587,-0.5628672,150,1751.5303001403809,4,1032.4727599312246,0,2023,2024,21.459449580453395,84.02324636365636
0.2143774,-0.15050167,145,1707.17979991436,0,533.3854141237834,0,2023,2024,21.433847594855987,84.03160069579866
0.37272727,-0.45682585,203,1668.123893737793,1,631.2685640834652,0,2023,2024,21.364677317978785,84.09618956472686
0.68527186,-0.5886666,163,1728.853170067072,1,133.41664064126334,0,2023,2024,21.489902468585047,83.89775171846486
0.55958277,-0.5274355,167,1692.262746810913,4,1280.0,0,2023,2024,21.42926618690698,84.12116272962538
0.57727754,-0.57894737,160,1696.406155653298,4,518.8448708429139,0,2023,2024,21.40896426148588,84.05333992567435
0.31768292,-0.40713006,200,1660.8073947429657,4,422.965719651132,0,2023,2024,21.52826053121695,84.1686836081553
0.5814653,-0.5513558,176,1825.13307595253,1,395.60080889704966,0,2023,2024,21.40662864174717,83.94778787979031
-0.24457875,0.4092371,188,1694.663972377777,0,0.0,0,2023,2024,21.59949693324763,83.94069118904576
0.21510048,-0.32301626,189,1689.2596210241318,5,325.2691193458119,0,2023,2024,21.398633635718504,84.02980406523042
0.40404516,-0.38603517,161,1728.853170067072,1,258.0697580112788,0,2023,2024,21.496639833215944,83.8988296968058
0.4887024,-0.48882252,180,1728.853170067072,1,533.6665625650534,0,2023,2024,21.49619067557388,83.86415472683879
0.5670103,-0.5125612,157,1696.406155653298,1,1280.0,0,2023,2024,21.43456624708329,84.07975039502747
0.38036984,-0.48720306,198,1666.5909271240234,1,943.6630754670864,0,2023,2024,21.36602479090497,84.15053763941609
0.55047727,-0.52380955,169,1682.8754785060885,4,265.70660511172844,0,2023,2024,21.50795860579585,84.04633306645822
0.44891348,-0.4912311,201,1620.3801980018616,1,537.1219600798314,0,2023,2024,21.561588028257784,84.1776667609965
0.162,-0.18096098,188,1722.2489975690842,0,28.284271247461906,0,2023,2024,21.548742119694875,83.94814720590396
0.5998831,-0.55474555,147,1790.7314677461982,4,696.3476143421474,0,2023,2024,21.44498670437907,83.95955581001228
-0.18323377,0.38194752,188,1640.110756397247,0,0.0,0,2023,2024,21.593298557787204,83.88113288570864
0.15414341,-0.0809768,143,1732.3358600139618,0,344.38350715445125,0,2023,2024,21.474181951112957,83.94042169446054
0.383205,-0.37865496,179,1753.9669737815857,1,667.0832032063167,0,2023,2024,21.53562671654673,83.99755454653054
-0.15128882,0.36691767,188,1694.663972377777,0,0.0,0,2023,2024,21.56661859384885,83.92353336711909
0.62959725,-0.57342625,169,1825.13307595253,1,497.6946855251722,0,2023,2024,21.403484538252748,83.94949467883013
0.44031936,-0.40279937,205,1668.123893737793,1,445.9820624195552,0,2023,2024,21.35012461037605,84.08855388481184
-0.19872722,0.40811965,188,1640.110756397247,0,0.0,0,2023,2024,21.570481349570567,83.89254148981696
0.50992125,-0.5169963,161,1753.9669737815857,4,1280.0,0,2023,2024,21.51011456247773,83.95057265717108
0.31129438,-0.19741815,191,1657.5867500305176,0,28.284271247461906,0,2023,2024,21.58898664442343,84.04983649606629
0.6444757,-0.5639826,173,1692.262746810913,1,1010.0,0,2023,2024,21.4174084251566,84.12116272962538
0.2971506,-0.3666905,187,1637.8678257465365,6,1122.1853679316978,0,2023,2024,21.55547948432577,84.09322512428926
0.49582478,-0.4984904,214,1691.8503458499908,1,585.2349955359813,0,2023,2024,21.36108405684231,84.11945593058556
0.21407448,-0.32338962,177,1689.8170459270475,6,120.0,0,2023,2024,21.46430048298764,84.08837422175502
-0.19327351,0.39333105,188,1694.663972377777,0,0.0,0,2023,2024,21.575781409746877,83.9018839687718
0.57644826,-0.54624087,270,1689.2596210241318,1,1280.0,0,2023,2024,21.36072473072866,84.02719895090648
0.6133554,-0.54141176,155,1779.304337501526,1,1280.0,0,2023,2024,21.350304273432872,83.98120520835955
0.29002464,-0.39110225,178,1728.853170067072,4,130.384048104053,0,2023,2024,21.45504783556121,83.89326014204426
0.6100179,-0.5776821,474,1696.406155653298,1,1280.0,0,2023,2024,21.41453381624742,84.08154702559571
0.26516983,-0.3898305,184,1690.0501866340635,4,742.1590126111789,0,2023,2024,21.52547575383618,84.1258339691028
0.49984112,-0.49520868,182,1657.5867500305176,1,787.7182237323191,0,2023,2024,21.585034057173303,84.01659883055387
0.6126898,-0.5644691,163,1689.8170459270475,1,954.1488353501252,0,2023,2024,21.489722805528224,84.08981152620962
0.54591423,-0.51745117,173,1669.5950181484222,4,160.312195418814,0,2023,2024,21.45513766708962,84.16014961295616
0.22936001,-0.36378223,188,1665.2535457611084,4,212.602916254693,0,2023,2024,21.442112095469888,84.15125629164338
0.71277535,-0.64780676,344,1689.2596210241318,1,1280.0,0,2023,2024,21.364677317978785,84.03366682095213
0.46645606,-0.4584941,159,1751.5303001403809,4,1280.0,0,2023,2024,21.46933104857871,84.02854642383265
0.4415896,-0.4618725,178,1665.2535457611084,1,1143.372205364465,0,2023,2024,21.42333730603179,84.15305292221163
-0.22751358,0.40301967,188,1681.415932178497,0,0.0,0,2023,2024,21.5714694963831,83.97446784372866
0.5322359,-0.50589824,164,1682.8754785060885,1,358.4689665786984,0,2023,2024,21.52664356370553,84.04238047920809
0.3702605,-0.3557879,172,1753.9669737815857,0,20.0,1,2023,2024,21.525655416893,83.95192013009726
0.38425514,-0.3864969,192,1660.8073947429657,0,30.0,1,2023,2024,21.517929905449577,84.16302422186536
0.012357884,0.07414105,143,1790.7314677461982,0,10.0,1,2023,2024,21.420732191707845,83.97446784372866
-0.03621854,0.20747097,164,1728.853170067072,0,0.0,1,2023,2024,21.49223808832376,83.88670244047019
0.13502713,-0.009521391,135,1779.304337501526,0,10.0,1,2023,2024,21.374289291518863,83.9559625488758
0.1877535,-0.29084548,157,1689.8170459270475,0,22.360679774997894,1,2023,2024,21.47552942403913,84.08334365616395
0.08998302,0.060579456,188,1694.663972377777,0,10.0,1,2023,2024,21.558264261706544,83.94751838520507
0.16097218,-0.04990444,188,1694.663972377777,0,22.360679774997894,1,2023,2024,21.56042021838843,83.90538739837987
0.110412,0.03562879,147,1771.36021399498,0,30.0,1,2023,2024,21.461785200192107,83.95362692913709
0.050144337,-0.12008211,154,1688.6987352371216,0,22.360679774997894,1,2023,2024,21.53059615095566,83.87664130928805
0.23285297,-0.11243645,133,1811.9562884569168,0,22.360679774997894,1,2023,2024,21.357760290291065,83.92389269323273
0.000769177,0.13623561,154,1811.9562884569168,0,10.0,1,2023,2024,21.37869103641105,83.92020960056784
0.44653273,-0.3121693,139,1790.7314677461982,0,22.360679774997894,1,2023,2024,21.437710350577703,83.9822831867005
0.32278752,-0.24153982,134,1790.7314677461982,0,22.360679774997894,1,2023,2024,21.41165920733824,83.97868992556403
-0.07029478,0.17621057,158,1732.3358600139618,0,0.0,1,2023,2024,21.48235662019844,83.91329257288012
0.048562646,0.13340506,157,1825.13307595253,0,10.0,1,2023,2024,21.42980517607745,83.93889455847753
-0.026635706,0.11861472,158,1732.3358600139618,0,10.0,1,2023,2024,21.481009147272264,83.91347223593695
0.52351767,-0.51520693,160,1721.871881723404,0,28.284271247461906,1,2023,2024,21.47175649984583,84.1235881808925
0.3385125,-0.37665236,158,1790.7314677461982,4,30.0,1,2023,2024,21.42782888245239,83.95138114092678
0.012345679,0.15676416,158,1790.7314677461982,0,0.0,1,2023,2024,21.44345956839607,83.95165063551202
-0.049643487,0.24480915,154,1825.13307595253,0,0.0,1,2023,2024,21.40680830480399,83.92200623113608
0.3845191,-0.2771909,140,1771.36021399498,0,28.284271247461906,1,2023,2024,21.47292430971519,83.95254895079614
0.30599403,-0.160526,158,1728.853170067072,0,28.284271247461906,1,2023,2024,21.493585561249937,83.89361946815791
0.45066595,-0.33482352,144,1751.5303001403809,0,14.142135623730953,1,2023,2024,21.45935974892498,84.00492073186031
0.051167965,0.09641434,147,1722.2489975690842,0,10.0,1,2023,2024,21.505443323000318,83.91347223593695
0.23717217,-0.22852477,170,1773.171569108963,6,20.0,1,2023,2024,21.40114891851404,83.85849534054883
-0.11087772,0.17115016,158,1728.853170067072,0,0.0,1,2023,2024,21.493944887363583,83.89802121305009
0.24208643,-0.25135267,151,1689.8170459270475,0,20.0,1,2023,2024,21.477865043777847,84.05711284986766
0.11328125,-0.08151184,193,1681.415932178497,0,30.0,1,2023,2024,21.560689712973662,83.9582981686145
0.51914775,-0.4966341,150,1782.6826467514038,4,28.284271247461906,1,2023,2024,21.35380770304094,83.8913736799476
0.047690373,0.09620293,148,1771.36021399498,0,14.142135623730953,1,2023,2024,21.46196486324893,83.95380659219391
0.24220912,-0.1280684,149,1811.9562884569168,0,10.0,1,2023,2024,21.379050362524698,83.913921393579
0.15888813,-0.24268629,180,1648.0802314281464,0,22.360679774997894,1,2023,2024,21.553862516814355,84.12322885477886
0.43551502,-0.42696407,148,1689.8170459270475,0,28.284271247461906,1,2023,2024,21.452622384294088,84.05100430593565
0.22710934,-0.13979465,145,1771.36021399498,3,20.0,1,2023,2024,21.45926991739657,83.95704052721675
0.45188347,-0.46231937,191,1690.0501866340635,1,28.284271247461906,1,2023,2024,21.54173526047874,84.13346964901781
0.07047027,0.027207391,139,1779.304337501526,0,20.0,1,2023,2024,21.39117761886031,83.97545599054119
0.04359313,0.07113463,158,1732.3358600139618,0,22.360679774997894,1,2023,2024,21.470858184561717,83.91284341523806
0.1152016,-0.061156843,188,1657.5867500305176,0,22.360679774997894,1,2023,2024,21.598149460321448,84.00501056338872
-0.024305122,0.11280695,191,1657.5867500305176,0,10.0,1,2023,2024,21.598778281020333,84.0055495525592
0.6403773,-0.53013235,156,1811.9562884569168,0,22.360679774997894,1,2023,2024,21.396837005150264,83.92092825279514
-0.09677419,0.22594689,158,1732.3358600139618,0,0.0,1,2023,2024,21.478314201419906,83.91517903497677
-0.04409135,0.20509824,158,1732.3358600139618,0,0.0,1,2023,2024,21.47624807626643,83.9199401059826
0.13663505,-0.022540553,191,1681.415932178497,0,14.142135623730953,1,2023,2024,21.56086937603049,83.95838800014292
0.52058655,-0.47753015,153,1689.8170459270475,0,22.360679774997894,1,2023,2024,21.48029049504497,84.06735364410662
0.17880295,-0.1384288,195,1694.663972377777,0,28.284271247461906,1,2023,2024,21.59931727019081,83.94967434188696
-0.0012933264,0.12991549,158,1732.3358600139618,0,10.0,1,2023,2024,21.492507582908992,83.90754335506176
0.37694055,-0.39136904,154,1751.5303001403809,4,28.284271247461906,1,2023,2024,21.4880160064884,84.01857512417894
0.5692093,-0.49447262,156,1732.3358600139618,0,28.284271247461906,1,2023,2024,21.467624249538883,83.93206736231822
0.28316298,-0.1609756,157,1682.8754785060885,0,10.0,1,2023,2024,21.51334849750057,84.02791760313377
0.39648727,-0.46539834,195,1648.0802314281464,1,30.0,1,2023,2024,21.553862516814355,84.13814088849524
0.04105221,0.09662003,156,1732.3358600139618,0,10.0,1,2023,2024,21.45567665626009,83.9393437161196
0.13424045,0.00689042,156,1732.3358600139618,0,22.360679774997894,1,2023,2024,21.456305476958978,83.9476980482619
-0.050996028,0.1422242,193,1694.663972377777,0,10.0,1,2023,2024,21.598778281020333,83.92793511201127
0.012318029,0.11632454,141,1790.7314677461982,0,10.0,1,2023,2024,21.43753068752088,83.98470863796763
0.52183694,-0.49472347,156,1825.13307595253,0,28.284271247461906,1,2023,2024,21.43474591014011,83.94644040686413
0.3100113,-0.3502825,192,1666.5909271240234,0,28.284271247461906,1,2023,2024,21.383362275888476,84.17506164667255
0.38025594,-0.25897193,136,1790.7314677461982,0,30.0,1,2023,2024,21.413006680264417,83.97806110486513
-0.08341987,0.22686131,155,1825.13307595253,0,0.0,1,2023,2024,21.401508244627685,83.92119774738038
0.034021873,0.088865094,193,1694.663972377777,0,14.142135623730953,1,2023,2024,21.550538750263115,83.92982157410792
0.19984213,-0.2345796,140,1790.7314677461982,0,28.284271247461906,1,2023,2024,21.41561179458836,83.98210352364367
0.09708135,-0.046603475,188,1694.663972377777,0,22.360679774997894,1,2023,2024,21.55574897891101,83.94518276546637
0.47579572,-0.27856869,155,1782.6826467514038,0,28.284271247461906,1,2023,2024,21.367731589944796,83.87044293382762
0.5150912,-0.48340306,158,1811.9562884569168,0,30.0,1,2023,2024,21.39117761886031,83.92092825279514
0.4236624,-0.4494906,158,1689.8170459270475,4,28.284271247461906,1,2023,2024,21.481997294084795,84.08415213991965
-0.06485569,0.21246783,158,1728.853170067072,0,0.0,1,2023,2024,21.492148256795343,83.89083469077714
0.12539321,-0.023297746,151,1790.7314677461982,0,14.142135623730953,1,2023,2024,21.43672220376517,83.97383902302978
-0.07509014,0.18508287,158,1732.3358600139618,0,0.0,1,2023,2024,21.483883756181445,83.91356206746536
0.14331274,0.019151846,188,1694.663972377777,0,14.142135623730953,1,2023,2024,21.55592864196783,83.94149967280147
0.13516676,-0.11751152,192,1681.415932178497,0,30.0,1,2023,2024,21.578476355599232,83.993512127752
0.12326782,0.016604025,136,1811.9562884569168,0,10.0,1,2023,2024,21.358568774046773,83.92497067157367
-0.019743027,0.1538628,129,1811.9562884569168,0,0.0,1,2023,2024,21.350304273432872,83.91625701331772
0.14417636,-0.058497943,193,1694.663972377777,0,22.360679774997894,1,2023,2024,21.59958676477604,83.90044666431722
0.3836164,-0.3309081,164,1732.3358600139618,0,20.0,1,2023,2024,21.47211582595948,83.9289232588238
0.07409164,0.054778345,156,1732.3358600139618,0,22.360679774997894,1,2023,2024,21.459629243510214,83.93763691707976
-0.0034398714,0.1377335,166,1825.13307595253,0,30.0,1,2023,2024,21.41507280541789,83.92613848144303
0.04255319,0.059139784,166,1728.853170067072,0,20.0,1,2023,2024,21.487656680374748,83.89119401689078
0.09751434,-0.10977443,152,1688.6987352371216,5,22.360679774997894,1,2023,2024,21.531763960825018,83.88113288570864
0.5565801,-0.42392856,149,1751.5303001403809,0,22.360679774997894,1,2023,2024,21.49978393671036,84.01543102068452
0.22426099,-0.12747246,160,1782.6826467514038,0,10.0,1,2023,2024,21.385338569513536,83.8875109242259
0.30480435,-0.25945404,156,1811.9562884569168,4,20.0,1,2023,2024,21.39989127711627,83.90565689296511
0.37940797,-0.3703729,144,1732.3358600139618,0,30.0,1,2023,2024,21.48307527242574,83.93557079192628
-0.036662064,0.15473242,179,1773.171569108963,0,0.0,1,2023,2024,21.444268052151774,83.8989195283342
0.09465205,0.0508343,167,1773.171569108963,0,14.142135623730953,1,2023,2024,21.406179484105103,83.86181910710008
0.16751269,-0.2636186,196,1640.110756397247,0,28.284271247461906,1,2023,2024,21.557096451837182,83.87125141758332
-0.019627182,0.16703911,162,1825.13307595253,0,0.0,1,2023,2024,21.437351024464053,83.94805737437555
0.23612723,-0.22240931,205,1648.0802314281464,1,20.0,1,2023,2024,21.58251877437777,84.11217957678419
0.48016798,-0.39489886,158,1732.3358600139618,0,28.284271247461906,1,2023,2024,21.45558682473168,83.9485065320176
0.41307983,-0.39321357,183,1665.2535457611084,1,20.0,1,2023,2024,21.44480704132225,84.18718890300816
-0.101133674,0.21887523,153,1825.13307595253,0,0.0,1,2023,2024,21.40168790768451,83.92128757890879
0.11271851,0.0032397409,183,1669.5950181484222,1,10.0,1,2023,2024,21.49655000168753,84.15637668876286
0.07099581,0.07314684,157,1732.3358600139618,0,20.0,1,2023,2024,21.45585631931692,83.93925388459118
0.122272365,0.03031137,140,1732.3358600139618,0,22.360679774997894,1,2023,2024,21.478404032948315,83.94042169446054
0.053804766,0.034337033,158,1732.3358600139618,0,20.0,1,2023,2024,21.47157683678901,83.91221459453918
0.40415913,-0.3773836,149,1771.36021399498,0,28.284271247461906,1,2023,2024,21.453341036521383,83.99144600259852
0.66114575,-0.5550498,151,1751.5303001403809,0,28.284271247461906,1,2023,2024,21.48756684884633,84.0145327054004
0.38147202,-0.45503455,157,1811.9562884569168,0,30.0,1,2023,2024,21.389021662178425,83.92083842126672
0.40455416,-0.327467,194,1640.110756397247,0,28.284271247461906,1,2023,2024,21.550628581791525,83.87619215164598
0.09860384,0.04294945,181,1689.8170459270475,0,10.0,1,2023,2024,21.45828177058404,84.08729624341407
-0.11802422,0.26644284,154,1732.3358600139618,0,0.0,1,2023,2024,21.46978020622077,83.93125887856252
0.72322506,-0.5877665,150,1751.5303001403809,1,28.284271247461906,1,2023,2024,21.451903732066796,84.04750087632758
-0.017384732,0.17557529,135,1779.304337501526,0,0.0,1,2023,2024,21.37653507972916,83.95650153804627
0.115209654,-0.17955749,187,1690.0501866340635,5,20.0,1,2023,2024,21.541465765893506,84.12673228438692
0.016445866,0.106784426,158,1728.853170067072,0,22.360679774997894,1,2023,2024,21.493944887363583,83.89595508789661
0.35565478,-0.25406522,199,1691.8503458499908,0,22.360679774997894,1,2023,2024,21.370336704268738,84.12520514840392
0.063799076,-0.024322446,212,1691.8503458499908,1,10.0,1,2023,2024,21.356502648893297,84.13122386080752
0.003378687,0.13466688,147,1771.36021399498,0,30.0,1,2023,2024,21.454329183333915,83.98632560547904
-0.04917364,0.17118719,158,1732.3358600139618,0,0.0,1,2023,2024,21.47660740238008,83.91751465471549
0.3237255,-0.3208346,192,1722.2489975690842,0,30.0,1,2023,2024,21.54802346746758,83.92308420947703
0.39531925,-0.40503734,192,1660.8073947429657,0,30.0,1,2023,2024,21.53284193916596,84.15422073208097
-0.030841121,0.15889366,189,1694.663972377777,0,0.0,1,2023,2024,21.55296420153024,83.913921393579
0.5764101,-0.48194158,149,1751.5303001403809,0,22.360679774997894,1,2023,2024,21.464120819930816,84.01543102068452
0.29817444,-0.22370937,139,1707.17979991436,0,28.284271247461906,1,2023,2024,21.412467691093944,84.00132747072384
0.44548216,-0.45894378,197,1728.853170067072,0,28.284271247461906,1,2023,2024,21.485500723692866,83.8553512370544
-0.032258064,0.19052319,163,1728.853170067072,0,0.0,1,2023,2024,21.492507582908992,83.88661260894177
0.63455147,-0.50561035,156,1811.9562884569168,0,20.0,1,2023,2024,21.38839284147954,83.92101808432355
0.27843344,-0.345334,172,1825.13307595253,5,30.0,1,2023,2024,21.424954273543204,83.91976044292578
0.077345036,0.06831119,141,1707.17979991436,0,10.0,1,2023,2024,21.419744044895317,84.00824449841156
0.40147525,-0.4004914,163,1688.6987352371216,6,28.284271247461906,1,2023,2024,21.503646692432078,83.88041423348135
-0.06556105,0.17059158,164,1825.13307595253,0,0.0,1,2023,2024,21.41345583790648,83.92488084004526
0.3609198,-0.35060987,186,1660.8073947429657,0,20.0,1,2023,2024,21.511731529989152,84.16670731453024
0.32324648,-0.23023544,139,1790.7314677461982,0,20.0,1,2023,2024,21.44040529643006,83.97195256093313
0.14999282,-0.096632905,156,1689.8170459270475,0,10.0,1,2023,2024,21.483434598539382,84.07454016637958
0.47064486,-0.44069394,146,1771.36021399498,0,28.284271247461906,1,2023,2024,21.45181390053838,83.99602741054753
0.3847578,-0.2370452,135,1779.304337501526,0,14.142135623730953,1,2023,2024,21.376624911257576,83.95793884250087
0.5424,-0.5419835,157,1790.7314677461982,4,30.0,1,2023,2024,21.427559387867152,83.95209979315409
-0.002235886,0.19985057,157,1825.13307595253,0,0.0,1,2023,2024,21.429356018435392,83.93898439000594
0.56848997,-0.53410983,161,1771.36021399498,0,20.0,1,2023,2024,21.489902468585047,83.9611727775237
0.40852258,-0.2749004,159,1732.3358600139618,0,30.0,1,2023,2024,21.480559989630205,83.9220960626645
-0.036497317,0.13017999,158,1728.853170067072,0,22.360679774997894,1,2023,2024,21.493944887363583,83.89667374012392
0.17924145,-0.04280379,144,1790.7314677461982,0,28.284271247461906,1,2023,2024,21.4429205792256,83.97680346346738
-0.07492562,0.13123,188,1694.663972377777,0,10.0,1,2023,2024,21.556916788780363,83.9469793960346
0.3383561,-0.37121707,160,1732.3358600139618,0,28.284271247461906,1,2023,2024,21.46277334700464,83.93835556930706
0.45534384,-0.41709346,159,1790.7314677461982,0,30.0,1,2023,2024,21.445256198964305,83.95227945621092
0.14541516,0.04341534,169,1728.853170067072,0,20.0,1,2023,2024,21.496100844045472,83.86981411312874
0.0048076925,0.18076943,157,1825.13307595253,0,0.0,1,2023,2024,21.4241457897875,83.93287584607393
0.51582396,-0.4069192,145,1771.36021399498,3,22.360679774997894,1,2023,2024,21.46519879827176,83.95605238040422
-0.026706232,0.16915283,158,1771.36021399498,0,0.0,1,2023,2024,21.451274911367907,83.95102181481315
0.27861702,-0.16350754,141,1771.36021399498,3,14.142135623730953,1,2023,2024,21.46465980910129,83.95560322276215
0.056977674,0.08334196,144,1771.36021399498,0,14.142135623730953,1,2023,2024,21.452712215822498,83.96171176669417
-0.111604854,0.19216722,190,1657.5867500305176,0,0.0,1,2023,2024,21.599946090889688,84.02127007003129
0.00029522163,0.104085214,163,1782.6826467514038,0,22.360679774997894,1,2023,2024,21.36090439378548,83.85121898674747
0.19398119,-0.2789899,195,1640.110756397247,0,28.284271247461906,1,2023,2024,21.55458116904165,83.88176170640753
0.35313994,-0.3384022,174,1669.5950181484222,1,20.0,1,2023,2024,21.453071541936147,84.17039040719513
0.03246422,0.108309425,135,1771.36021399498,0,10.0,1,2023,2024,21.45792244447039,83.9709644141206
0.079081215,-0.058586836,173,1669.5950181484222,4,14.142135623730953,1,2023,2024,21.45298171040773,84.17003108108148
0.07495069,0.06937033,158,1790.7314677461982,0,10.0,1,2023,2024,21.44345956839607,83.95174046704044
-0.0925419,0.20402145,160,1825.13307595253,0,0.0,1,2023,2024,21.435913720009463,83.94132000974466
0.31453237,-0.24851383,139,1790.7314677461982,0,22.360679774997894,1,2023,2024,21.417947414327077,83.9777017787515
-0.031502556,0.17218044,154,1825.13307595253,0,0.0,1,2023,2024,21.400430266286744,83.92155707349403
0.12939773,0.033426896,154,1811.9562884569168,0,20.0,1,2023,2024,21.377433395013284,83.92083842126672
-0.0898635,0.22802198,151,1825.13307595253,0,0.0,1,2023,2024,21.40078959240039,83.92146724196562
-0.013232514,0.16396396,193,1694.663972377777,0,0.0,1,2023,2024,21.55098790790517,83.9289232588238
-0.11048242,0.2426091,144,1771.36021399498,0,0.0,1,2023,2024,21.454329183333915,83.99189516024057
0.13789,0.067661524,148,1790.7314677461982,0,22.360679774997894,1,2023,2024,21.40123875004245,83.99099684495646
0.015203662,0.21029307,157,1825.13307595253,0,0.0,1,2023,2024,21.42962551302063,83.93898439000594
0.2032493,-0.07585174,143,1771.36021399498,3,14.142135623730953,1,2023,2024,21.45828177058404,83.96225075586463
-0.039533034,0.18272895,158,1771.36021399498,0,0.0,1,2023,2024,21.451095248311084,83.95093198328473
0.15515289,-0.092954725,192,1681.415932178497,0,22.360679774997894,1,2023,2024,21.574164442235457,83.99369179080882
0.6433401,-0.583111,170,1692.262746810913,4,28.284271247461906,1,2023,2024,21.43133231206045,84.10238794018728
0.26058134,-0.10250092,150,1707.17979991436,0,30.0,1,2023,2024,21.44875962857237,84.04597374034458
0.117015265,-0.061338488,192,1694.663972377777,0,28.284271247461906,1,2023,2024,21.550089592621056,83.92506050310209
0.11888898,-0.011869759,134,1779.304337501526,0,28.284271247461906,1,2023,2024,21.385787727155595,83.97141357176265
-0.05370766,0.1980086,158,1732.3358600139618,0,0.0,1,2023,2024,21.47130734220377,83.91230442606759
0.3242383,-0.25913188,143,1732.3358600139618,0,28.284271247461906,1,2023,2024,21.47373279347089,83.9469793960346
0.042503115,0.09495192,158,1732.3358600139618,0,20.0,1,2023,2024,21.476427739323253,83.91805364388595
0.3804449,-0.30562687,158,1771.36021399498,0,28.284271247461906,1,2023,2024,21.45361053110662,83.95003366800061
0.040927548,0.046682324,188,1694.663972377777,0,30.0,1,2023,2024,21.565360952451087,83.94275731419924
0.538257,-0.447394,159,1825.13307595253,0,28.284271247461906,1,2023,2024,21.432230627344573,83.94320647184131
-0.050628517,0.23886414,160,1825.13307595253,0,0.0,1,2023,2024,21.42702039869668,83.93584028651152
-0.018007878,0.14680357,149,1751.5303001403809,0,10.0,1,2023,2024,21.492597414437405,84.01650899902546
0.34214452,-0.3441503,191,1691.8503458499908,0,22.360679774997894,1,2023,2024,21.39611835292297,84.14559690535343
-0.017024726,0.09430439,163,1689.2596210241318,0,30.0,1,2023,2024,21.37653507972916,84.01812596653687
-0.0018420161,0.147934,158,1732.3358600139618,0,10.0,1,2023,2024,21.489453310942988,83.90781284964699
0.29264095,-0.24926108,197,1681.415932178497,0,28.284271247461906,1,2023,2024,21.57308646389452,83.98560695325175
0.07682646,0.07281903,193,1694.663972377777,0,10.0,1,2023,2024,21.556018473496245,83.94123017821624
0.33127922,-0.32272658,141,1790.7314677461982,0,28.284271247461906,1,2023,2024,21.44552569354954,83.96719148992729
-0.0023248305,0.1638172,161,1732.3358600139618,0,0.0,1,2023,2024,21.463581830760344,83.93619961262517
0.4507496,-0.33001798,158,1825.13307595253,0,22.360679774997894,1,2023,2024,21.43932731808912,83.94922518424491
0.45748502,-0.40480486,196,1640.110756397247,0,30.0,1,2023,2024,21.55368285375753,83.88212103252117
0.38297874,-0.2997969,163,1721.871881723404,0,14.142135623730953,1,2023,2024,21.471846331374245,84.12322885477886
-0.05963148,0.25281972,159,1771.36021399498,0,0.0,1,2023,2024,21.490261794698693,83.9604541252964
-0.040417477,0.17541546,161,1732.3358600139618,0,0.0,1,2023,2024,21.475080266397075,83.92712662825556
-0.10154197,0.16178703,196,1657.5867500305176,0,0.0,1,2023,2024,21.598329123378274,84.04273980532174
-0.0063003427,0.07543903,158,1732.3358600139618,0,20.0,1,2023,2024,21.474271782641367,83.90996880632888
0.5222867,-0.44276807,144,1771.36021399498,0,30.0,1,2023,2024,21.45118507983949,83.99234431788264
0.54550254,-0.44331154,168,1688.6987352371216,0,22.360679774997894,1,2023,2024,21.50023309435242,83.88212103252117
-0.0001452011,0.14043191,144,1707.17979991436,0,10.0,1,2023,2024,21.420642360179432,84.01516152609928
0.5282068,-0.5033446,152,1689.8170459270475,1,28.284271247461906,1,2023,2024,21.47256498360154,84.05801116515178
0.4363188,-0.42272866,199,1728.853170067072,0,30.0,1,2023,2024,21.48675836509063,83.85490207941235
0.24860832,-0.20732948,141,1771.36021399498,3,20.0,1,2023,2024,21.46609711355588,83.95389642372233
0.07368977,0.09991144,156,1790.7314677461982,0,10.0,1,2023,2024,21.42702039869668,83.9521896246825
0.4760133,-0.3953785,143,1771.36021399498,0,28.284271247461906,1,2023,2024,21.462234357834166,83.95308793996662
-0.024320457,0.1647275,158,1732.3358600139618,0,0.0,1,2023,2024,21.476427739323253,83.91859263305643
0.4562509,-0.46743464,167,1692.262746810913,4,30.0,1,2023,2024,21.431871301230924,84.10274726630092
-0.0039648334,0.0784689,158,1728.853170067072,0,20.0,1,2023,2024,21.49295674055105,83.89200250064648
0.06409367,0.061794188,157,1825.13307595253,0,10.0,1,2023,2024,21.40222689685498,83.92101808432355
-0.0009519277,0.035755303,179,1728.853170067072,0,22.360679774997894,1,2023,2024,21.450825753725848,83.88894822868049
0.52893174,-0.43156382,141,1771.36021399498,0,30.0,1,2023,2024,21.47067852150489,83.95084215175632
0.5072534,-0.39033854,161,1686.0821499824524,0,20.0,1,2023,2024,21.534997895847848,84.05837049126542
0.043758966,0.009193054,194,1728.853170067072,0,22.360679774997894,1,2023,2024,21.49915511601148,83.853734269543
0.5583899,-0.4385321,158,1728.853170067072,0,20.0,1,2023,2024,21.486488870505397,83.89370929968632
0.26576546,-0.24559389,154,1682.8754785060885,0,20.0,1,2023,2024,21.50508399688667,84.01623950444022
0.4225298,-0.33721536,147,1732.3358600139618,0,20.0,1,2023,2024,21.46609711355588,83.94877602660284
0.6769154,-0.5456157,158,1825.13307595253,0,28.284271247461906,1,2023,2024,21.43528489931058,83.94069118904576
0.21049237,-0.08026863,152,1682.8754785060885,0,10.0,1,2023,2024,21.506880627454905,84.01974293404828
0.2837618,-0.168584,144,1771.36021399498,0,28.284271247461906,1,2023,2024,21.47391245652772,83.95272861385297
0.12919186,-0.022844693,142,1771.36021399498,0,10.0,1,2023,2024,21.46564795591382,83.95236928773932
0.27138022,-0.2139738,153,1707.17979991436,4,14.142135623730953,1,2023,2024,21.448310470930316,84.04606357187299
0.4692713,-0.4041973,156,1782.6826467514038,4,28.284271247461906,1,2023,2024,21.379858846280406,83.88517530448718
0.35381114,-0.25250033,144,1771.36021399498,3,28.284271247461906,1,2023,2024,21.46259368394781,83.95479473900645
0.09348442,-0.12514575,190,1648.0802314281464,0,22.360679774997894,1,2023,2024,21.559791397689544,84.12763059967104
-0.008665511,0.13398941,168,1637.8678257465365,0,10.0,1,2023,2024,21.56284566965555,84.08567927590266
0.6400359,-0.5544967,166,1732.3358600139618,1,28.284271247461906,1,2023,2024,21.479392179760847,83.9237130301759
0.47605756,-0.4773688,158,1825.13307595253,0,30.0,1,2023,2024,21.40546083187781,83.92092825279514
0.5458208,-0.41712126,169,1669.5950181484222,0,28.284271247461906,1,2023,2024,21.46160553713528,84.15880214002999
0.11190391,0.00053447357,158,1732.3358600139618,0,20.0,1,2023,2024,21.472654815129957,83.91320274135171
0.11635139,0.017783858,189,1694.663972377777,0,14.142135623730953,1,2023,2024,21.55637779960989,83.93880472694912
0.04211753,0.09143686,158,1732.3358600139618,0,10.0,1,2023,2024,21.48082948421544,83.92164690502243
-0.03477312,0.159049,180,1825.13307595253,0,0.0,1,2023,2024,21.422079664634023,83.91742482318708
-0.0018021984,0.14790022,143,1771.36021399498,0,10.0,1,2023,2024,21.459090254339745,83.95847783167133
0.20162721,-0.05872622,158,1728.853170067072,0,30.0,1,2023,2024,21.48891432177252,83.89613475095344
0.65868264,-0.56746244,162,1790.7314677461982,0,30.0,1,2023,2024,21.449747775384903,83.9507523202279
0.10745234,0.04054054,193,1694.663972377777,0,14.142135623730953,1,2023,2024,21.552604875416588,83.9259588183862
0.004537522,0.13961136,158,1732.3358600139618,0,10.0,1,2023,2024,21.47930234823244,83.92083842126672
0.26652494,-0.3104315,200,1620.3801980018616,0,22.360679774997894,1,2023,2024,21.57515258904799,84.16949209191101
0.022900764,0.104961835,141,1790.7314677461982,0,28.284271247461906,1,2023,2024,21.43654254070835,83.98497813255285
0.19094603,-0.070853464,143,1751.5303001403809,0,10.0,1,2023,2024,21.456664803072623,84.00087831308177
0.21277955,-0.20499435,138,1779.304337501526,0,22.360679774997894,1,2023,2024,21.395579363752496,83.97078475106377
0.34406236,-0.23798494,145,1771.36021399498,3,22.360679774997894,1,2023,2024,21.46286317853305,83.95362692913709
0.44381684,-0.37193102,146,1751.5303001403809,0,14.142135623730953,1,2023,2024,21.45855126516928,84.0033037643489
0.48395833,-0.4279209,160,1721.871881723404,0,22.360679774997894,1,2023,2024,21.471936162902654,84.12089323504014
0.2844115,-0.1387234,156,1782.6826467514038,0,14.142135623730953,1,2023,2024,21.36907906287097,83.87161074369698
0.04108858,0.1531199,160,1825.13307595253,0,0.0,1,2023,2024,21.44265108464036,83.94455394476748
-0.056819767,0.21569538,160,1790.7314677461982,0,0.0,1,2023,2024,21.442471421583537,83.95120147786997
-0.020296963,0.1613806,158,1732.3358600139618,0,0.0,1,2023,2024,21.477865043777847,83.91266375218125
0.6659224,-0.5675446,192,1660.8073947429657,0,30.0,1,2023,2024,21.524757101608884,84.17470232055891
0.04979184,0.071302295,148,1707.17979991436,0,30.0,1,2023,2024,21.433847594855987,84.03672109291814
0.062338512,0.052822843,145,1732.3358600139618,0,22.360679774997894,1,2023,2024,21.483883756181445,83.93224702537505
0.1047409,-0.00039936102,158,1732.3358600139618,0,20.0,1,2023,2024,21.472475152073127,83.91329257288012
0.036003985,-0.071723,188,1688.6987352371216,0,22.360679774997894,1,2023,2024,21.50463483924461,83.85041050299175
0.05598391,0.056818992,160,1732.3358600139618,0,10.0,1,2023,2024,21.467803912595706,83.93305550913075
0.28236082,-0.3136379,205,1666.5909271240234,0,28.284271247461906,1,2023,2024,21.359017931688832,84.15835298238792
0.117274165,0.121221565,158,1689.8170459270475,0,14.142135623730953,1,2023,2024,21.468073407180945,84.06223324698713
0.096296296,-0.019484354,140,1790.7314677461982,0,30.0,1,2023,2024,21.438788328918648,83.9814747029448
0.015539689,0.11200882,158,1732.3358600139618,0,20.0,1,2023,2024,21.47930234823244,83.91517903497677
-0.05902612,0.28979897,159,1825.13307595253,0,0.0,1,2023,2024,21.40770662008811,83.9221858941929
0.42833936,-0.46298456,191,1690.0501866340635,4,30.0,1,2023,2024,21.541825092007155,84.12215087643791
0.23382062,-0.33282116,198,1660.8073947429657,1,22.360679774997894,1,2023,2024,21.51388748667104,84.1791938969795
-0.027789785,0.24613337,160,1771.36021399498,0,0.0,1,2023,2024,21.489812637056637,83.96063378835322
0.15281579,-0.219007,163,1637.8678257465365,0,20.0,1,2023,2024,21.555120158212123,84.06968926384533
0.040618956,0.107300885,161,1825.13307595253,0,10.0,1,2023,2024,21.41165920733824,83.92389269323273
0.119920716,0.026365673,141,1790.7314677461982,0,10.0,1,2023,2024,21.43663237223676,83.98407981726874
0.2852622,-0.20397548,149,1688.6987352371216,0,22.360679774997894,1,2023,2024,21.525116427722534,83.89227199523172
0.03875969,0.07708609,137,1790.7314677461982,0,10.0,1,2023,2024,21.43753068752088,83.98255268128574
0.3833261,-0.43796936,149,1771.36021399498,6,30.0,1,2023,2024,21.45612581390215,83.99018836120075
0.28637916,-0.16176294,134,1811.9562884569168,0,20.0,1,2023,2024,21.355783996666,83.9205689266815
0.003153527,0.11108932,141,1790.7314677461982,0,14.142135623730953,1,2023,2024,21.438698497390234,83.97258138163201
0.28741527,-0.17886497,140,1790.7314677461982,0,28.284271247461906,1,2023,2024,21.410401565940468,83.97347969691613
0.02767992,0.06071757,170,1669.5950181484222,0,10.0,1,2023,2024,21.45738345529992,84.15916146614363
0.17273194,-0.07670588,158,1728.853170067072,0,30.0,1,2023,2024,21.48460240840874,83.8920923321749
0.59166664,-0.46855298,163,1732.3358600139618,0,28.284271247461906,1,2023,2024,21.4880160064884,83.90206363182863
0.60581625,-0.5179308,153,1682.8754785060885,0,28.284271247461906,1,2023,2024,21.50616197522761,84.0176768088948
-0.044200376,0.1996411,163,1811.9562884569168,0,0.0,1,2023,2024,21.38381143353053,83.92164690502243
-0.08864398,0.21910496,145,1751.5303001403809,0,0.0,1,2023,2024,21.47238532054472,84.01632933596863
-0.021524142,0.17346437,163,1728.853170067072,0,0.0,1,2023,2024,21.49223808832376,83.88652277741336
0.13100576,-0.17149907,140,1771.36021399498,0,30.0,1,2023,2024,21.45971907503863,83.96773047909777
0.14916424,-0.020340536,147,1722.2489975690842,0,22.360679774997894,1,2023,2024,21.5165824325234,83.9010754850161
0.11874712,-0.042343784,189,1694.663972377777,0,20.0,1,2023,2024,21.55449133751324,83.93557079192628
0.05156581,0.057209205,151,1689.8170459270475,0,22.360679774997894,1,2023,2024,21.455766487788505,84.05378908331642
-0.02848723,0.14557235,150,1689.8170459270475,0,20.0,1,2023,2024,21.469061553993477,84.05926880654954
0.5256623,-0.43960148,148,1707.17979991436,0,22.360679774997894,1,2023,2024,21.43456624708329,84.03770923973067
0.036117665,0.054995988,143,1790.7314677461982,0,14.142135623730953,1,2023,2024,21.433578100270758,83.97446784372866
0.35952014,-0.27978143,156,1732.3358600139618,0,22.360679774997894,1,2023,2024,21.46106654796481,83.93862506389229
0.0027225132,0.14451115,155,1688.6987352371216,0,20.0,1,2023,2024,21.512450182216448,83.87753962457217
0.5155807,-0.47028512,155,1682.8754785060885,0,30.0,1,2023,2024,21.508138268852672,84.0272887824349
0.33272064,-0.19505541,143,1771.36021399498,3,20.0,1,2023,2024,21.45837160211245,83.96243041892146
0.40344837,-0.29575557,149,1707.17979991436,0,20.0,1,2023,2024,21.43474591014011,84.03770923973067
-0.057361282,0.25009808,158,1771.36021399498,0,0.0,1,2023,2024,21.489902468585047,83.96054395682481
0.04859387,-0.09184902,147,1771.36021399498,0,20.0,1,2023,2024,21.471846331374245,83.95901682084181
0.17758457,-0.0088495575,157,1825.13307595253,0,20.0,1,2023,2024,21.43797984516294,83.94123017821624
0.034961868,0.07423168,158,1732.3358600139618,0,10.0,1,2023,2024,21.48460240840874,83.912394257596
0.27515367,-0.21507743,143,1771.36021399498,3,22.360679774997894,1,2023,2024,21.465827618970643,83.95479473900645
0.1226042,0.03753079,156,1732.3358600139618,0,22.360679774997894,1,2023,2024,21.453341036521383,83.93772674860817
-0.039576624,0.15999195,156,1782.6826467514038,0,0.0,1,2023,2024,21.3678214214732,83.87080225994127
0.40763324,-0.29769614,158,1732.3358600139618,0,22.360679774997894,1,2023,2024,21.48262611478368,83.92317404100544
0.4809379,-0.4900054,172,1696.406155653298,4,22.360679774997894,1,2023,2024,21.400520097815157,84.05477723012895
0.19933444,-0.17394137,140,1707.17979991436,0,28.284271247461906,1,2023,2024,21.41282701720759,84.0041122481046
0.20777006,-0.123767115,147,1771.36021399498,0,22.360679774997894,1,2023,2024,21.45298171040773,83.96287957656352
0.10814141,-0.090332605,140,1771.36021399498,0,14.142135623730953,1,2023,2024,21.46465980910129,83.96692199534206
0.034115586,0.06092654,158,1732.3358600139618,0,30.0,1,2023,2024,21.4933160666647,83.90610605060716
0.002770083,0.13310717,158,1732.3358600139618,0,10.0,1,2023,2024,21.475080266397075,83.9191316222269
0.112898804,-0.095868215,152,1688.6987352371216,3,22.360679774997894,1,2023,2024,21.52924867802948,83.88508547295876
0.11675978,-0.00781447,150,1689.8170459270475,0,14.142135623730953,1,2023,2024,21.469959869277595,84.0589094804359
-0.052137643,0.20726745,163,1825.13307595253,0,0.0,1,2023,2024,21.437081529878817,83.94814720590396
0.06934787,-0.0248878,142,1771.36021399498,0,14.142135623730953,1,2023,2024,21.465468292857,83.95236928773932
0.12015603,-0.010877289,164,1689.2596210241318,0,30.0,1,2023,2024,21.37599609055869,84.01812596653687
0.32596508,-0.22764347,146,1771.36021399498,0,22.360679774997894,1,2023,2024,21.452532552765675,83.99117650801328
0.26378882,-0.30161503,191,1648.0802314281464,1,14.142135623730953,1,2023,2024,21.581350964508413,84.1303255455234
-0.03436178,0.10196579,192,1694.663972377777,0,10.0,1,2023,2024,21.59904777560557,83.92497067157367
0.49838623,-0.4186402,144,1771.36021399498,0,20.0,1,2023,2024,21.455946150845328,83.99036802425758
-0.014041043,0.13308914,156,1689.8170459270475,0,10.0,1,2023,2024,21.479661674346083,84.06160442628826
0.028230617,0.1070442,157,1825.13307595253,0,10.0,1,2023,2024,21.40258622296863,83.92101808432355
0.19691232,-0.052207034,156,1811.9562884569168,0,28.284271247461906,1,2023,2024,21.39522003763885,83.92254522030656
0.2828217,-0.36775064,158,1732.3358600139618,0,28.284271247461906,1,2023,2024,21.461336042550045,83.94060135751735
0.28730553,-0.19818354,148,1790.7314677461982,0,22.360679774997894,1,2023,2024,21.448310470930316,83.97338986538772
0.041112315,0.089046516,191,1657.5867500305176,0,22.360679774997894,1,2023,2024,21.599946090889688,84.02162939614493
-0.074260995,0.17841989,158,1732.3358600139618,0,0.0,1,2023,2024,21.482536283255268,83.91338240440854
0.047779273,0.031942178,138,1779.304337501526,0,14.142135623730953,1,2023,2024,21.395399700695677,83.97069491953536
-0.04543396,0.12531121,154,1689.8170459270475,0,10.0,1,2023,2024,21.479751505874496,84.06196375240191
0.1422437,-0.08830549,190,1694.663972377777,0,30.0,1,2023,2024,21.551976054717706,83.93314534065917
-0.039920732,0.08364122,193,1694.663972377777,0,28.284271247461906,1,2023,2024,21.59967659630445,83.9237130301759
0.07551308,0.0019989097,158,1728.853170067072,0,22.360679774997894,1,2023,2024,21.48424308229509,83.89227199523172
0.3366157,-0.2850025,199,1691.8503458499908,1,14.142135623730953,1,2023,2024,21.37860120488264,84.11370671276718
0.32470378,-0.21330173,140,1771.36021399498,0,28.284271247461906,1,2023,2024,21.46007840115228,83.9635083972624
0.21307714,-0.33256328,154,1811.9562884569168,5,28.284271247461906,1,2023,2024,21.37949952016676,83.93736742249453
0.15420093,-0.01708093,142,1751.5303001403809,0,10.0,1,2023,2024,21.463941156873997,84.01498186304245
-0.034594476,0.0807142,190,1694.663972377777,0,22.360679774997894,1,2023,2024,21.59895794407716,83.92577915532938
0.2530373,-0.12281422,140,1771.36021399498,3,22.360679774997894,1,2023,2024,21.46187503172052,83.9611727775237
-0.12790318,0.21418746,169,1773.171569108963,0,0.0,1,2023,2024,21.401059086985622,83.8589444981909
0.114098586,-0.050715216,188,1640.110756397247,0,28.284271247461906,1,2023,2024,21.558713419348603,83.89999750667515
0.28501648,-0.15504003,154,1682.8754785060885,0,10.0,1,2023,2024,21.50679079592649,84.01875478723575
-0.05147953,0.123267144,152,1689.8170459270475,0,14.142135623730953,1,2023,2024,21.480110831988146,84.06663499187933
0.06027527,0.1451258,159,1825.13307595253,0,10.0,1,2023,2024,21.40770662008811,83.92227572572132
0.14186852,-0.03716029,156,1689.8170459270475,0,14.142135623730953,1,2023,2024,21.47373279347089,84.05738234445289
-0.05586592,0.25779533,188,1694.663972377777,0,0.0,1,2023,2024,21.56042021838843,83.94814720590396
0.4393871,-0.34145316,150,1751.5303001403809,0,14.142135623730953,1,2023,2024,21.492597414437405,84.01668866208227
0.20599046,-0.04943281,191,1657.5867500305176,0,30.0,1,2023,2024,21.592490074031492,84.0010579761386
-0.40392342,0.44221023,177,1648.0802314281464,0,0.0,1,2023,2024,21.55449133751324,84.12242037102315
0.30391222,-0.21462809,158,1732.3358600139618,0,22.360679774997894,1,2023,2024,21.476427739323253,83.92038926362467
-0.18309858,0.2631579,194,1648.0802314281464,4,0.0,1,2023,2024,21.554221842928005,84.13805105696683
0.04712718,0.09988901,156,1825.13307595253,0,10.0,1,2023,2024,21.40626931563352,83.92128757890879
0.2064162,-0.0912562,158,1732.3358600139618,0,20.0,1,2023,2024,21.485141397579213,83.91122644772665
0.15924826,0.025768911,155,1825.13307595253,0,28.284271247461906,1,2023,2024,21.43932731808912,83.94374546101177
0.0844354,0.044631656,160,1732.3358600139618,0,14.142135623730953,1,2023,2024,21.47759554919261,83.92604864991462
0.14717273,-0.0091993185,191,1694.663972377777,0,20.0,1,2023,2024,21.56086937603049,83.94886585813126
0.061332528,0.021134129,159,1689.8170459270475,0,10.0,1,2023,2024,21.475170097925485,84.09933366822128
-0.09019314,0.19361809,158,1732.3358600139618,0,0.0,1,2023,2024,21.4812786418575,83.91365189899378
0.26925796,-0.24462925,147,1771.36021399498,0,20.0,1,2023,2024,21.452532552765675,83.99135617107011
0.070766754,0.08002923,144,1771.36021399498,3,10.0,1,2023,2024,21.459449580453395,83.95686086415992
0.04460143,0.10891089,142,1790.7314677461982,0,10.0,1,2023,2024,21.436991698350408,83.98354082809827
0.3031541,-0.20301735,137,1779.304337501526,0,10.0,1,2023,2024,21.39566919528091,83.97051525647854
0.61244446,-0.50508195,158,1732.3358600139618,0,20.0,1,2023,2024,21.48819566954522,83.90233312641386
0.5635048,-0.44289973,147,1722.2489975690842,0,22.360679774997894,1,2023,2024,21.50526365994349,83.91365189899378
0.051834594,0.05147059,131,1790.7314677461982,0,20.0,1,2023,2024,21.40905409301429,83.97132374023424
0.40884718,-0.31170046,148,1707.17979991436,0,28.284271247461906,1,2023,2024,21.445166367435892,84.04094317475351
-0.005838908,0.14840761,135,1771.36021399498,0,10.0,1,2023,2024,21.45810210752721,83.97069491953536
0.3120626,-0.13382955,160,1771.36021399498,0,28.284271247461906,1,2023,2024,21.485500723692866,83.97060508800695
0.26108375,-0.13152324,156,1732.3358600139618,0,28.284271247461906,1,2023,2024,21.460886884907985,83.93826573777865
0.07787409,0.06852437,144,1771.36021399498,0,20.0,1,2023,2024,21.459000422811336,83.9589269893134
0.37935248,-0.27390692,142,1707.17979991436,0,20.0,1,2023,2024,21.420013539480543,84.00860382452521
0.215348,-0.06991359,145,1771.36021399498,0,10.0,1,2023,2024,21.45280204735091,83.98363065962668
0.65257907,-0.5091072,148,1751.5303001403809,0,28.284271247461906,1,2023,2024,21.46439031451605,84.01489203151404
0.0037503606,0.090325445,170,1825.13307595253,0,22.360679774997894,1,2023,2024,21.421810170048783,83.91796381235754
0.15643854,-0.25273025,194,1640.110756397247,0,28.284271247461906,1,2023,2024,21.55682695725195,83.8755633309471
0.0020089557,0.18235864,159,1825.13307595253,0,0.0,1,2023,2024,21.446064682720014,83.9499438364722
-0.018769853,0.16658945,161,1732.3358600139618,0,0.0,1,2023,2024,21.466007282027466,83.93431315052852
-0.02271269,0.14878081,158,1732.3358600139618,0,14.142135623730953,1,2023,2024,21.476517570851662,83.91742482318708
0.11646587,-0.01831502,143,1790.7314677461982,0,22.360679774997894,1,2023,2024,21.412647354150767,83.99989016626924
-0.13495518,0.22682536,188,1694.663972377777,0,0.0,1,2023,2024,21.552515043888175,83.93386399288646
0.11713087,0.034141514,156,1811.9562884569168,0,28.284271247461906,1,2023,2024,21.381745308377056,83.92254522030656
-0.092860475,0.16518752,176,1728.853170067072,0,0.0,1,2023,2024,21.456215645430564,83.8935296366295
0.47610277,-0.28606358,158,1825.13307595253,0,22.360679774997894,1,2023,2024,21.42702039869668,83.93521146581264
0.2883145,-0.32758686,158,1689.8170459270475,0,22.360679774997894,1,2023,2024,21.47445144569819,84.08487079214696
-0.0009253807,0.1365421,160,1689.8170459270475,0,10.0,1,2023,2024,21.47669723390849,84.0980760268235
0.37699252,-0.3565094,158,1732.3358600139618,0,22.360679774997894,1,2023,2024,21.47157683678901,83.93054022633521
0.14291395,-0.05524921,192,1694.663972377777,0,28.284271247461906,1,2023,2024,21.59949693324763,83.90026700126039
0.011194435,0.10078211,195,1694.663972377777,0,14.142135623730953,1,2023,2024,21.59958676477604,83.94832686896079
0.02460284,0.10088121,143,1732.3358600139618,0,28.284271247461906,1,2023,2024,21.47355313041407,83.9461709122789
0.48325053,-0.44818124,146,1732.3358600139618,0,30.0,1,2023,2024,21.474271782641367,83.94868619507443
0.120741546,0.032811012,156,1732.3358600139618,0,14.142135623730953,1,2023,2024,21.45325120499297,83.93772674860817
0.118827164,-0.006289308,137,1811.9562884569168,0,20.0,1,2023,2024,21.35398736609776,83.92577915532938
0.41040048,-0.37443435,145,1732.3358600139618,0,22.360679774997894,1,2023,2024,21.469151385521887,83.94428445018225
0.5649887,-0.504094,145,1771.36021399498,0,30.0,1,2023,2024,21.450735922197435,83.99602741054753
-0.0886418,0.1730323,188,1657.5867500305176,0,0.0,1,2023,2024,21.59868844949192,84.00528005797396
0.22616614,-0.17636378,163,1790.7314677461982,1,22.360679774997894,1,2023,2024,21.40770662008811,83.95102181481315
-0.04216074,0.21752234,156,1732.3358600139618,0,0.0,1,2023,2024,21.455946150845328,83.9447336078243
-0.084350795,0.19876605,156,1732.3358600139618,0,0.0,1,2023,2024,21.462234357834166,83.93853523236388
-0.06516073,0.19611505,158,1728.853170067072,0,0.0,1,2023,2024,21.491968593738523,83.8905651961919
0.47906977,-0.38154083,157,1825.13307595253,0,14.142135623730953,1,2023,2024,21.423876295202263,83.93287584607393
0.015047347,0.18468352,193,1681.415932178497,0,0.0,1,2023,2024,21.564282974110142,83.95093198328473
0.54778886,-0.45223355,150,1682.8754785060885,0,20.0,1,2023,2024,21.50706029051173,84.0191141133494
0.27927566,-0.21861583,134,1811.9562884569168,0,22.360679774997894,1,2023,2024,21.35560433360918,83.92092825279514
0.33509734,-0.16683185,191,1660.8073947429657,0,10.0,1,2023,2024,21.52664356370553,84.17497181514413
0.4039409,-0.32686713,164,1790.7314677461982,0,20.0,1,2023,2024,21.44956811232808,83.95165063551202
-0.02345044,-0.013297151,177,1648.0802314281464,0,10.0,1,2023,2024,21.55413201139959,84.12215087643791
0.26167193,-0.19414431,161,1811.9562884569168,0,14.142135623730953,1,2023,2024,21.385877558684005,83.9213774104372
0.56257904,-0.5302857,156,1782.6826467514038,4,28.284271247461906,1,2023,2024,21.365934959376556,83.86415472683879
0.08477767,0.025220448,160,1721.871881723404,0,30.0,1,2023,2024,21.46798357565253,84.11694064779002
0.19103353,-0.1477729,141,1790.7314677461982,0,28.284271247461906,1,2023,2024,21.43528489931058,83.97590514818326
0.20014372,-0.05529226,156,1732.3358600139618,0,14.142135623730953,1,2023,2024,21.45379019416344,83.93754708555134
0.4273656,-0.3342469,199,1660.8073947429657,0,22.360679774997894,1,2023,2024,21.51541462265404,84.19680087654824
0.15883829,-0.24980666,141,1707.17979991436,0,30.0,1,2023,2024,21.41255752262236,84.00465123727508
0.12467976,0.014958863,143,1771.36021399498,0,10.0,1,2023,2024,21.451095248311084,83.9928833070531
0.5414302,-0.42298287,156,1811.9562884569168,0,30.0,1,2023,2024,21.39423189082632,83.92236555724973
-0.0054171183,0.14325711,175,1668.123893737793,0,10.0,1,2023,2024,21.396208184451385,84.05729251292448
0.04461967,0.10876147,161,1825.13307595253,0,10.0,1,2023,2024,21.42558309424209,83.93368432982963
0.006849603,0.13450676,192,1681.415932178497,0,10.0,1,2023,2024,21.59240024250309,83.95425574983598
0.62189037,-0.5321259,151,1779.304337501526,1,28.284271247461906,1,2023,2024,21.39611835292297,83.95398625525074
0.092658415,0.023012402,158,1721.871881723404,0,30.0,1,2023,2024,21.469420880107123,84.11927626752873
-0.051903114,0.1746988,151,1689.8170459270475,0,0.0,1,2023,2024,21.473193804300426,84.05729251292448
0.047463875,0.0942123,141,1771.36021399498,0,10.0,1,2023,2024,21.47337346735725,83.95263878232456
0.1413901,-0.057676684,162,1728.853170067072,0,20.0,1,2023,2024,21.494034718892,83.89838053916374
0.41300556,-0.3299045,156,1689.8170459270475,0,14.142135623730953,1,2023,2024,21.481637967971142,84.0724740412261
0.2534283,-0.13470376,148,1689.8170459270475,0,10.0,1,2023,2024,21.452622384294088,84.0514534635777
-0.043605614,0.2138078,160,1825.13307595253,0,0.0,1,2023,2024,21.405281168820988,83.92128757890879
0.04136947,0.1543808,155,1825.13307595253,0,0.0,1,2023,2024,21.406538810218755,83.92200623113608
0.106185414,0.053776793,144,1771.36021399498,0,14.142135623730953,1,2023,2024,21.4587309282261,83.96683216381365
-0.025824266,0.17394298,162,1732.3358600139618,0,0.0,1,2023,2024,21.467624249538883,83.93287584607393
-0.075346164,0.16514885,191,1694.663972377777,0,0.0,1,2023,2024,21.59904777560557,83.92443168240321
-0.0015379883,0.12435932,134,1779.304337501526,0,14.142135623730953,1,2023,2024,21.38569789562718,83.97132374023424
0.13848732,-0.07455013,157,1811.9562884569168,0,14.142135623730953,1,2023,2024,21.3678214214732,83.91652650790296
0.14366475,-0.022749752,160,1686.0821499824524,0,22.360679774997894,1,2023,2024,21.5346385697342,84.05765183903813
-0.08146459,0.22975352,155,1825.13307595253,0,0.0,1,2023,2024,21.401598076156095,83.92119774738038
-0.0060961493,0.1316366,172,1682.8754785060885,0,10.0,1,2023,2024,21.507419616625377,84.04399744671952
0.06421446,-0.0039700046,138,1779.304337501526,0,14.142135623730953,1,2023,2024,21.39530986916726,83.97069491953536
-0.00070443796,0.089297175,158,1732.3358600139618,0,10.0,1,2023,2024,21.487027859675862,83.90161447418657
0.20294708,-0.055229142,159,1732.3358600139618,0,22.360679774997894,1,2023,2024,21.45558682473168,83.93898439000594
-0.042402826,0.14453213,167,1637.8678257465365,0,10.0,1,2023,2024,21.562127017428256,84.07157572594198
0.18210863,-0.18276013,199,1691.8503458499908,1,20.0,1,2023,2024,21.391087787331895,84.14128499198966
0.013025314,0.073499665,133,1779.304337501526,0,10.0,1,2023,2024,21.387764020780654,83.97437801220025
-0.011540821,0.1524485,132,1771.36021399498,0,0.0,1,2023,2024,21.45828177058404,83.9709644141206
-0.016848732,0.136838,158,1732.3358600139618,0,10.0,1,2023,2024,21.48307527242574,83.91347223593695
0.12670368,-0.00082873926,195,1640.110756397247,0,20.0,1,2023,2024,21.55314386458706,83.87637181470281
0.073845394,0.06974754,147,1771.36021399498,0,20.0,1,2023,2024,21.452622384294088,83.99674606277483
-0.10579857,0.24321997,145,1751.5303001403809,0,0.0,1,2023,2024,21.46286317853305,84.0122869171901
0.3389403,-0.35882553,201,1666.5909271240234,1,30.0,1,2023,2024,21.36440782339355,84.16194624352441
-0.0035971224,0.15108795,188,1694.663972377777,0,0.0,1,2023,2024,21.560330386860016,83.90143481112975
-0.0026338894,0.101739585,188,1694.663972377777,0,10.0,1,2023,2024,21.55458116904165,83.93539112886947
0.3277238,-0.2222318,162,1732.3358600139618,0,22.360679774997894,1,2023,2024,21.45459867791915,83.94814720590396
0.4662511,-0.37745443,160,1686.0821499824524,0,22.360679774997894,1,2023,2024,21.539489472268443,84.06061627947572
0.041564792,0.066608235,151,1689.8170459270475,0,10.0,1,2023,2024,21.45558682473168,84.05360942025959
0.19360365,-0.21360432,147,1732.3358600139618,0,28.284271247461906,1,2023,2024,21.49978393671036,83.91194509995394
0.35036206,-0.40291435,156,1722.2489975690842,0,28.284271247461906,1,2023,2024,21.515055296540396,83.91077729008458
0.33946338,-0.18572791,151,1771.36021399498,3,28.284271247461906,1,2023,2024,21.46061739032275,83.9619812612794
0.26052165,-0.14661631,180,1686.0821499824524,0,28.284271247461906,1,2023,2024,21.54739464676869,84.08307416157871
0.30399793,-0.20956087,188,1694.663972377777,0,22.360679774997894,1,2023,2024,21.562935501183965,83.90098565348768
0.21469428,-0.09690092,164,1825.13307595253,0,10.0,1,2023,2024,21.42369663214544,83.93251651996027
-0.08063888,0.19809718,158,1732.3358600139618,0,0.0,1,2023,2024,21.476337907794843,83.91562819261884
0.4282414,-0.33711815,147,1707.17979991436,0,20.0,1,2023,2024,21.44085445407212,84.03726008208862
0.25454104,-0.111190565,144,1771.36021399498,0,10.0,1,2023,2024,21.473822624999308,83.95200996162568
0.39915082,-0.44415966,167,1825.13307595253,4,30.0,1,2023,2024,21.417588088213424,83.9303605632784
-0.04221636,0.24161705,159,1825.13307595253,0,0.0,1,2023,2024,21.40725746244605,83.9220960626645
0.22946593,-0.2995912,193,1694.663972377777,0,22.360679774997894,1,2023,2024,21.55763544100766,83.91571802414724
0.28958282,-0.32064158,134,1779.304337501526,0,30.0,1,2023,2024,21.381565645320237,83.969527109666
0.34227484,-0.32153964,148,1771.36021399498,0,22.360679774997894,1,2023,2024,21.45549699320327,83.9597354730691
0.31825694,-0.3589489,177,1692.262746810913,0,30.0,1,2023,2024,21.44866979704396,84.11586266944907
0.17921884,0.0047004637,163,1825.13307595253,0,10.0,1,2023,2024,21.413366006378062,83.92461134546002
0.17503178,-0.1109512,138,1790.7314677461982,0,22.360679774997894,1,2023,2024,21.442471421583537,83.96970677272283
0.18686053,-0.13583155,134,1811.9562884569168,0,22.360679774997894,1,2023,2024,21.360814562257072,83.93018090022157
0.59182477,-0.5124015,157,1825.13307595253,0,30.0,1,2023,2024,21.407347293974464,83.92245538877815
-0.077951,0.19836488,157,1732.3358600139618,0,0.0,1,2023,2024,21.462683515476225,83.9371877594377
0.3198101,-0.24906962,136,1790.7314677461982,0,28.284271247461906,1,2023,2024,21.434476415554872,83.97806110486513
0.6115237,-0.5234358,164,1825.13307595253,0,30.0,1,2023,2024,21.42145084393514,83.92982157410792
0.37239194,-0.38189262,157,1689.8170459270475,0,30.0,1,2023,2024,21.481548136442736,84.07346218803863
-0.09878053,0.2460934,164,1732.3358600139618,0,0.0,1,2023,2024,21.472834478186776,83.92901309035221
0.328923,-0.23618461,132,1790.7314677461982,0,22.360679774997894,1,2023,2024,21.42657124105462,83.9799475669618
0.0751503,0.012425219,200,1691.8503458499908,0,20.0,1,2023,2024,21.370606198853974,84.12565430604597
-0.06705803,0.22037736,159,1732.3358600139618,0,0.0,1,2023,2024,21.47040902691965,83.93098938397728
-0.09024479,0.24507327,149,1732.3358600139618,0,0.0,1,2023,2024,21.46933104857871,83.93134871009093
0.1574179,0.0029268293,156,1811.9562884569168,0,20.0,1,2023,2024,21.382733455189587,83.92083842126672
0.21589553,-0.11992598,138,1779.304337501526,0,20.0,1,2023,2024,21.39575902680932,83.97078475106377
0.41652825,-0.41280904,146,1771.36021399498,0,20.0,1,2023,2024,21.4519935635952,83.99620707360435
0.3123064,-0.22550954,150,1751.5303001403809,0,22.360679774997894,1,2023,2024,21.491968593738523,84.01695815666751
0.5077688,-0.5165343,175,1721.871881723404,0,30.0,1,2023,2024,21.45747328682833,84.10220827713046
0.24935623,-0.20964056,159,1732.3358600139618,0,22.360679774997894,1,2023,2024,21.475978581681197,83.92730629131239
0.49448755,-0.4313649,161,1686.0821499824524,0,22.360679774997894,1,2023,2024,21.53517755890467,84.05801116515178
-0.08059385,0.17897727,164,1790.7314677461982,0,0.0,1,2023,2024,21.449478280799667,83.95138114092678
0.00018206882,0.0699868,158,1732.3358600139618,0,10.0,1,2023,2024,21.471037847618536,83.91383156205059
0.46658233,-0.43363562,201,1691.8503458499908,0,22.360679774997894,1,2023,2024,21.371594345666505,84.12493565381868
0.10124057,0.02187242,141,1771.36021399498,0,10.0,1,2023,2024,21.459539411981808,83.96853896285347
0.4629396,-0.44095495,176,1728.853170067072,0,22.360679774997894,1,2023,2024,21.45918008586816,83.89379913121473
0.4604356,-0.34322047,145,1771.36021399498,3,22.360679774997894,1,2023,2024,21.465558124385407,83.95488457053486
0.18230201,-0.04210705,158,1782.6826467514038,0,10.0,1,2023,2024,21.379409688638347,83.88508547295876
0.14624506,-0.036639858,140,1707.17979991436,0,22.360679774997894,1,2023,2024,21.412647354150767,84.00195629142272
0.52764857,-0.43309632,134,1779.304337501526,0,30.0,1,2023,2024,21.3805774985077,83.96898812049554
0.08802624,0.02066929,141,1707.17979991436,0,20.0,1,2023,2024,21.41318634332124,84.00267494365002
0.1774676,-0.23703781,153,1811.9562884569168,4,22.360679774997894,1,2023,2024,21.379050362524698,83.93763691707976
0.22700107,-0.21663104,165,1689.2596210241318,0,30.0,1,2023,2024,21.37653507972916,84.01839546112211
0.34659854,-0.42828622,186,1692.262746810913,6,30.0,1,2023,2024,21.44022563337324,84.14999865024562
0.41516244,-0.4507207,188,1681.415932178497,0,28.284271247461906,1,2023,2024,21.55413201139959,83.97868992556403
-0.34354034,0.37012064,175,1648.0802314281464,0,0.0,1,2023,2024,21.55529982126895,84.12322885477886
0.44815496,-0.42930126,150,1751.5303001403809,0,22.360679774997894,1,2023,2024,21.481637967971142,84.01264624330375
0.34277517,-0.30881828,164,1732.3358600139618,0,14.142135623730953,1,2023,2024,21.47256498360154,83.92874359576697
-0.12713473,0.24101356,165,1637.8678257465365,0,0.0,1,2023,2024,21.562037185899843,84.07193505205564
-0.038488716,0.11304253,175,1825.13307595253,0,10.0,1,2023,2024,21.421810170048783,83.91724516013025
0.3254205,-0.19433172,146,1771.36021399498,3,14.142135623730953,1,2023,2024,21.459988569623867,83.95775917944404
0.6257356,-0.5274604,156,1682.8754785060885,0,30.0,1,2023,2024,21.50652130134126,84.01722765125275
0.2673543,-0.093874976,162,1771.36021399498,0,10.0,1,2023,2024,21.490171963170283,83.96108294599529
0.12603192,-0.16739176,192,1681.415932178497,0,28.284271247461906,1,2023,2024,21.563564321882847,83.97824076792196
-0.04172662,0.16331658,163,1825.13307595253,0,0.0,1,2023,2024,21.43762051904929,83.94823703743238
0.18975553,-0.293437,158,1689.8170459270475,0,30.0,1,2023,2024,21.474541277226603,84.08496062367536
0.20882177,-0.11469403,137,1790.7314677461982,0,30.0,1,2023,2024,21.401418413099275,83.97922891473449
0.3808964,-0.43731555,160,1811.9562884569168,1,30.0,1,2023,2024,21.386775873968126,83.92110791585196
0.5486225,-0.5045377,196,1691.8503458499908,1,30.0,1,2023,2024,21.379858846280406,84.11316772359672
0.33249107,-0.14850499,191,1660.8073947429657,0,10.0,1,2023,2024,21.52664356370553,84.17488198361573
0.061354313,0.08752361,163,1732.3358600139618,0,22.360679774997894,1,2023,2024,21.480110831988146,83.92389269323273
0.016817594,0.08498254,158,1728.853170067072,0,22.360679774997894,1,2023,2024,21.487477017317925,83.89128384841919
0.36409864,-0.2667945,196,1657.5867500305176,0,20.0,1,2023,2024,21.596622324338444,84.04669239257187
0.16125786,-0.10202133,201,1660.8073947429657,0,28.284271247461906,1,2023,2024,21.528799520387423,84.19707037113348
