system:index,Distance_From_River,Elevation,Feature_Year,Label,LandCover,Latitude,Longitude,NDVI,NDWI,Prediction_Year,Rainfall,.geo
0,362.2154055254967,190,2021,0,4,21.403843864366397,84.17012091260989,0.31259722,-0.4012175,2022,1596.7456719875336,"{""geodesic"":false,""type"":""Point"",""coordinates"":[84.17012091260989,21.403843864366397]}"
1,782.3042886243178,174,2021,0,6,21.493585561249937,83.87727012998693,0.6456841,-0.56783754,2022,1425.125935792923,"{""geodesic"":false,""type"":""Point"",""coordinates"":[83.87727012998693,21.493585561249937]}"
2,914.4397191723465,177,2021,0,1,21.445256198964305,83.90727386047652,0.5107467,-0.5160606,2022,1527.9942190647125,"{""geodesic"":false,""type"":""Point"",""coordinates"":[83.90727386047652,21.445256198964305]}"
3,161.24515496597098,178,2021,0,4,21.510923046233444,84.11882710988667,0.4907804,-0.4970998,2022,1516.5754685401917,"{""geodesic"":false,""type"":""Point"",""coordinates"":[84.11882710988667,21.510923046233444]}"
4,500.39984012787215,172,2021,0,4,21.49232791985217,84.09529124944274,0.5456338,-0.55814284,2022,1510.849615097046,"{""geodesic"":false,""type"":""Point"",""coordinates"":[84.09529124944274,21.49232791985217]}"
5,174.6424919657298,159,2021,0,0,21.35380770304094,83.9168858340166,0.38571602,-0.30753028,2022,1542.414464712143,"{""geodesic"":false,""type"":""Point"",""coordinates"":[83.9168858340166,21.35380770304094]}"
6,300.8321791298265,168,2021,0,1,21.561318533672548,84.08118769948206,0.38780805,-0.4057808,2022,1441.9273054599762,"{""geodesic"":false,""type"":""Point"",""coordinates"":[84.08118769948206,21.561318533672548]}"
7,271.6615541441225,191,2021,0,4,21.557904935592894,83.97123390870583,0.3254195,-0.3953882,2022,1488.760817527771,"{""geodesic"":false,""type"":""Point"",""coordinates"":[83.97123390870583,21.557904935592894]}"
8,537.5872022286245,181,2021,0,1,21.474541277226603,83.85139864980428,0.37843683,-0.4191209,2022,1425.125935792923,"{""geodesic"":false,""type"":""Point"",""coordinates"":[83.85139864980428,21.474541277226603]}"
9,1280.0,163,2021,0,4,21.415162636946302,83.87439552107774,0.56442887,-0.5306239,2022,1488.7521340847015,"{""geodesic"":false,""type"":""Point"",""coordinates"":[83.87439552107774,21.415162636946302]}"
10,881.4193099768123,160,2021,0,1,21.409323587599527,83.90466874615258,0.39512354,-0.41879687,2022,1527.9942190647125,"{""geodesic"":false,""type"":""Point"",""coordinates"":[83.90466874615258,21.409323587599527]}"
11,1238.789731956154,154,2021,0,4,21.352190735529526,83.85903432971931,0.5635334,-0.5202781,2022,1506.1152746677399,"{""geodesic"":false,""type"":""Point"",""coordinates"":[83.85903432971931,21.352190735529526]}"
12,330.15148038438355,175,2021,0,4,21.417588088213424,84.11496435416495,0.35651153,-0.38088897,2022,1596.4968211650848,"{""geodesic"":false,""type"":""Point"",""coordinates"":[84.11496435416495,21.417588088213424]}"
13,130.384048104053,156,2021,0,4,21.508048437324263,84.02639046715078,0.48656458,-0.48979297,2022,1464.9749150276184,"{""geodesic"":false,""type"":""Point"",""coordinates"":[84.02639046715078,21.508048437324263]}"
14,240.0,159,2021,0,1,21.446244345776837,84.04381778366269,0.50022924,-0.46022537,2022,1531.3260192871094,"{""geodesic"":false,""type"":""Point"",""coordinates"":[84.04381778366269,21.446244345776837]}"
15,574.543296888929,203,2021,0,1,21.557276114894012,84.15224443845591,0.6240209,-0.5543805,2022,1467.101193189621,"{""geodesic"":false,""type"":""Point"",""coordinates"":[84.15224443845591,21.557276114894012]}"
16,885.6635930193812,177,2021,0,6,21.461336042550045,83.98093571377433,0.34248492,-0.44181198,2022,1515.9416505098343,"{""geodesic"":false,""type"":""Point"",""coordinates"":[83.98093571377433,21.461336042550045]}"
17,272.02941017470886,144,2021,0,3,21.475978581681193,83.93997253681847,0.62620854,-0.5366415,2022,1491.5035831928253,"{""geodesic"":false,""type"":""Point"",""coordinates"":[83.93997253681847,21.475978581681193]}"
18,281.7800560721074,199,2021,0,4,21.383991096587355,84.17748709793968,0.3382393,-0.40970427,2022,1569.3732466697693,"{""geodesic"":false,""type"":""Point"",""coordinates"":[84.17748709793968,21.383991096587355]}"
19,0.0,188,2021,0,0,21.59275956861673,83.85912416124772,-0.14106584,0.32009926,2022,1460.6702898740768,"{""geodesic"":false,""type"":""Point"",""coordinates"":[83.85912416124772,21.59275956861673]}"
20,0.0,188,2021,0,0,21.52367912326794,83.86002247653184,-0.11212247,0.26557153,2022,1444.0026681423187,"{""geodesic"":false,""type"":""Point"",""coordinates"":[83.86002247653184,21.52367912326794]}"
21,571.4017850864661,170,2021,0,5,21.476787065436902,84.1190067729435,0.34196293,-0.41453785,2022,1559.4533474445343,"{""geodesic"":false,""type"":""Point"",""coordinates"":[84.1190067729435,21.476787065436902]}"
22,728.0109889280518,146,2021,0,4,21.358748437103596,83.95551339123374,0.4634824,-0.46265677,2022,1523.130874812603,"{""geodesic"":false,""type"":""Point"",""coordinates"":[83.95551339123374,21.358748437103596]}"
23,40.0,157,2021,0,1,21.47768538072102,84.0950217548575,0.3900383,-0.41691077,2022,1510.849615097046,"{""geodesic"":false,""type"":""Point"",""coordinates"":[84.0950217548575,21.47768538072102]}"
24,937.7632963600144,159,2021,0,4,21.52835036274536,84.06232307851555,0.54370826,-0.52356094,2022,1462.586761713028,"{""geodesic"":false,""type"":""Point"",""coordinates"":[84.06232307851555,21.52835036274536]}"
25,260.1922366251538,142,2021,0,3,21.441123948657356,83.98219335517209,0.63503087,-0.5662543,2022,1474.2084752321243,"{""geodesic"":false,""type"":""Point"",""coordinates"":[83.98219335517209,21.441123948657356]}"
26,1012.7191120937731,312,2021,0,1,21.518379063091636,84.05396874637324,0.54443425,-0.5284152,2022,1462.586761713028,"{""geodesic"":false,""type"":""Point"",""coordinates"":[84.05396874637324,21.518379063091636]}"
27,746.3243262818116,189,2021,0,1,21.548203130524403,84.1146050280513,0.43674147,-0.46556193,2022,1516.5754685401917,"{""geodesic"":false,""type"":""Point"",""coordinates"":[84.1146050280513,21.548203130524403]}"
28,351.14099732158877,153,2021,0,4,21.45181390053838,84.05495689318577,0.44835007,-0.459606,2022,1510.849615097046,"{""geodesic"":false,""type"":""Point"",""coordinates"":[84.05495689318577,21.45181390053838]}"
29,468.187996428785,186,2021,0,4,21.52457743855206,84.16032927601299,0.48424438,-0.48075277,2022,1486.6419987678528,"{""geodesic"":false,""type"":""Point"",""coordinates"":[84.16032927601299,21.52457743855206]}"
30,0.0,188,2021,0,0,21.533470759864844,83.85481224788394,-0.116029084,0.29023522,2022,1444.0026681423187,"{""geodesic"":false,""type"":""Point"",""coordinates"":[83.85481224788394,21.533470759864844]}"
31,771.0382610480494,168,2021,0,4,21.411569375809826,83.85696820456583,0.5607175,-0.5213534,2022,1488.7521340847015,"{""geodesic"":false,""type"":""Point"",""coordinates"":[83.85696820456583,21.411569375809826]}"
32,1280.0,182,2021,0,5,21.556198136553068,84.09457259721545,0.34871668,-0.43370068,2022,1441.9273054599762,"{""geodesic"":false,""type"":""Point"",""coordinates"":[84.09457259721545,21.556198136553068]}"
33,1280.0,368,2021,0,1,21.36997737815509,84.03240917955438,0.5684783,-0.53196913,2022,1473.560908794403,"{""geodesic"":false,""type"":""Point"",""coordinates"":[84.03240917955438,21.36997737815509]}"
34,802.3091673413684,169,2021,0,4,21.446424008833663,84.10714901119312,0.47401187,-0.47366098,2022,1596.4968211650848,"{""geodesic"":false,""type"":""Point"",""coordinates"":[84.10714901119312,21.446424008833663]}"
35,1280.0,201,2021,0,1,21.38749452619542,84.06897061161804,0.08814673,-0.14635904,2022,1469.0348498821259,"{""geodesic"":false,""type"":""Point"",""coordinates"":[84.06897061161804,21.38749452619542]}"
36,1280.0,160,2021,0,4,21.378331710297402,83.86972428160033,0.59550864,-0.54771787,2022,1506.1152746677399,"{""geodesic"":false,""type"":""Point"",""coordinates"":[83.86972428160033,21.378331710297402]}"
37,844.0379138403677,190,2021,0,4,21.51020439400615,84.18808721829228,0.331996,-0.40876946,2022,1486.6419987678528,"{""geodesic"":false,""type"":""Point"",""coordinates"":[84.18808721829228,21.51020439400615]}"
38,208.08652046684813,204,2021,0,4,21.585573046343775,84.1769481087692,0.23269883,-0.33329788,2022,1467.101193189621,"{""geodesic"":false,""type"":""Point"",""coordinates"":[84.1769481087692,21.585573046343775]}"
39,726.1542535852834,183,2021,0,5,21.46304284158987,84.19302795235494,0.4260147,-0.4487013,2022,1543.9708049297333,"{""geodesic"":false,""type"":""Point"",""coordinates"":[84.19302795235494,21.46304284158987]}"
40,234.30749027719963,163,2021,0,6,21.50436534465937,83.87439552107774,0.4477977,-0.42594048,2022,1444.0026681423187,"{""geodesic"":false,""type"":""Point"",""coordinates"":[83.87439552107774,21.50436534465937]}"
41,1280.0,170,2021,0,4,21.551167570961997,84.00285460670683,0.4762219,-0.46783242,2022,1477.3682265281677,"{""geodesic"":false,""type"":""Point"",""coordinates"":[84.00285460670683,21.551167570961997]}"
42,1280.0,164,2021,0,4,21.538591156984324,84.01713781972434,0.48464215,-0.49041015,2022,1464.9749150276184,"{""geodesic"":false,""type"":""Point"",""coordinates"":[84.01713781972434,21.538591156984324]}"
43,724.4308110509934,166,2021,0,6,21.52870968885901,83.90691453436287,0.017563557,-0.05453159,2022,1500.3094980716705,"{""geodesic"":false,""type"":""Point"",""coordinates"":[83.90691453436287,21.52870968885901]}"
44,133.41664064126334,173,2021,0,4,21.446962998004132,84.16535984160406,0.20296082,-0.30825815,2022,1596.7456719875336,"{""geodesic"":false,""type"":""Point"",""coordinates"":[84.16535984160406,21.446962998004132]}"
45,1280.0,166,2021,0,4,21.427559387867152,84.10301676088616,0.50295085,-0.526982,2022,1596.4968211650848,"{""geodesic"":false,""type"":""Point"",""coordinates"":[84.10301676088616,21.427559387867152]}"
46,642.8841264178172,175,2021,0,6,21.49151943609646,83.86792765103209,0.39460325,-0.40681848,2022,1425.125935792923,"{""geodesic"":false,""type"":""Point"",""coordinates"":[83.86792765103209,21.49151943609646]}"
47,1280.0,241,2021,0,1,21.378511373354225,84.09385394498814,0.65690374,-0.572778,2022,1469.0348498821259,"{""geodesic"":false,""type"":""Point"",""coordinates"":[84.09385394498814,21.378511373354225]}"
48,921.9544457292888,199,2021,0,5,21.370336704268738,84.07202488358405,0.37831816,-0.42306972,2022,1469.0348498821259,"{""geodesic"":false,""type"":""Point"",""coordinates"":[84.07202488358405,21.370336704268738]}"
49,330.15148038438355,208,2021,0,1,21.583237426605066,84.11343721818196,0.42195562,-0.47010666,2022,1429.1016558408737,"{""geodesic"":false,""type"":""Point"",""coordinates"":[84.11343721818196,21.583237426605066]}"
50,194.164878389476,146,2021,0,4,21.474631108755016,83.95380659219391,0.49411348,-0.46062446,2022,1515.9416505098343,"{""geodesic"":false,""type"":""Point"",""coordinates"":[83.95380659219391,21.474631108755016]}"
51,1246.6354719804824,178,2021,0,4,21.42513393660003,84.19482458292318,0.23914081,-0.34229577,2022,1596.7456719875336,"{""geodesic"":false,""type"":""Point"",""coordinates"":[84.19482458292318,21.42513393660003]}"
52,1280.0,180,2021,0,5,21.49376522430676,84.13912903530777,0.2940261,-0.36632538,2022,1559.4533474445343,"{""geodesic"":false,""type"":""Point"",""coordinates"":[84.13912903530777,21.49376522430676]}"
53,952.732911156112,188,2021,0,1,21.524128280910002,84.12268986560838,0.4169718,-0.46896553,2022,1516.5754685401917,"{""geodesic"":false,""type"":""Point"",""coordinates"":[84.12268986560838,21.524128280910002]}"
54,1171.537451385998,149,2021,0,1,21.37312148164951,83.904758577681,0.637792,-0.5645599,2022,1542.414464712143,"{""geodesic"":false,""type"":""Point"",""coordinates"":[83.904758577681,21.37312148164951]}"
55,1280.0,402,2021,0,1,21.352729724699994,84.04956700148105,0.70190114,-0.6019252,2022,1473.560908794403,"{""geodesic"":false,""type"":""Point"",""coordinates"":[84.04956700148105,21.352729724699994]}"
56,0.0,155,2021,0,0,21.435823888481053,83.9447336078243,-0.21576191,0.38122365,2022,1527.9942190647125,"{""geodesic"":false,""type"":""Point"",""coordinates"":[83.9447336078243,21.435823888481053]}"
57,664.8308055437865,168,2021,0,1,21.46205469477734,84.11801862613096,0.3574246,-0.39964828,2022,1559.4533474445343,"{""geodesic"":false,""type"":""Point"",""coordinates"":[84.11801862613096,21.46205469477734]}"
58,1280.0,223,2021,0,1,21.376445248200753,84.09250647206197,0.5664561,-0.52085656,2022,1469.0348498821259,"{""geodesic"":false,""type"":""Point"",""coordinates"":[84.09250647206197,21.376445248200753]}"
59,622.0128616033595,207,2021,0,5,21.367731589944793,84.09538108097115,0.2959775,-0.37341774,2022,1469.0348498821259,"{""geodesic"":false,""type"":""Point"",""coordinates"":[84.09538108097115,21.367731589944793]}"
60,610.7372593840988,159,2021,0,1,21.501311072693365,83.92038926362467,0.34148294,-0.42206863,2022,1500.3094980716705,"{""geodesic"":false,""type"":""Point"",""coordinates"":[83.92038926362467,21.501311072693365]}"
61,582.494635168428,216,2021,0,5,21.541645428950332,84.19491441445159,0.33000997,-0.41824368,2022,1486.6419987678528,"{""geodesic"":false,""type"":""Point"",""coordinates"":[84.19491441445159,21.541645428950332]}"
62,1280.0,208,2021,0,1,21.593747715429263,84.08379281380601,0.5826747,-0.5510114,2022,1441.9273054599762,"{""geodesic"":false,""type"":""Point"",""coordinates"":[84.08379281380601,21.593747715429263]}"
63,1280.0,168,2021,0,1,21.360994225313895,84.00995129745138,0.2964993,-0.3868276,2022,1473.560908794403,"{""geodesic"":false,""type"":""Point"",""coordinates"":[84.00995129745138,21.360994225313895]}"
64,538.5164807134504,196,2021,0,5,21.539399640740033,84.15071730247291,0.27666184,-0.37387845,2022,1486.6419987678528,"{""geodesic"":false,""type"":""Point"",""coordinates"":[84.15071730247291,21.539399640740033]}"
65,858.8364221433555,185,2021,0,1,21.54883195122329,84.12520514840392,0.33510482,-0.3999133,2022,1516.5754685401917,"{""geodesic"":false,""type"":""Point"",""coordinates"":[84.12520514840392,21.54883195122329]}"
66,936.0555539069248,171,2021,0,4,21.42333730603179,84.10472355992599,0.5604027,-0.53023446,2022,1596.4968211650848,"{""geodesic"":false,""type"":""Point"",""coordinates"":[84.10472355992599,21.42333730603179]}"
67,1280.0,168,2021,0,4,21.423427137560203,84.06915027467485,0.5537509,-0.5660377,2022,1473.8019874989986,"{""geodesic"":false,""type"":""Point"",""coordinates"":[84.06915027467485,21.423427137560203]}"
68,706.1161377563892,196,2021,0,5,21.552964201530237,83.95865749472816,0.30674362,-0.41858232,2022,1488.760817527771,"{""geodesic"":false,""type"":""Point"",""coordinates"":[83.95865749472816,21.552964201530237]}"
69,0.0,188,2021,0,0,21.597790134207802,83.8605614657023,-0.21403196,0.38891765,2022,1460.6702898740768,"{""geodesic"":false,""type"":""Point"",""coordinates"":[83.8605614657023,21.597790134207802]}"
70,960.4686356149273,162,2021,0,6,21.480200663516555,83.98138487141638,0.3106803,-0.29523215,2022,1515.9416505098343,"{""geodesic"":false,""type"":""Point"",""coordinates"":[83.98138487141638,21.480200663516555]}"
71,666.0330322138685,146,2021,0,6,21.431961132759337,83.98866122521775,0.15027322,-0.20595817,2022,1474.2084752321243,"{""geodesic"":false,""type"":""Point"",""coordinates"":[83.98866122521775,21.431961132759337]}"
72,1010.1980003939822,173,2021,0,4,21.436452709179935,83.90377043086846,0.37195283,-0.39115795,2022,1527.9942190647125,"{""geodesic"":false,""type"":""Point"",""coordinates"":[83.90377043086846,21.436452709179935]}"
73,681.8357573492314,160,2021,0,6,21.427649219395565,84.03734991361704,0.3195122,-0.35089582,2022,1531.3260192871094,"{""geodesic"":false,""type"":""Point"",""coordinates"":[84.03734991361704,21.427649219395565]}"
74,0.0,188,2021,0,0,21.576410230445756,83.9853374586665,-0.20046696,0.38315794,2022,1488.760817527771,"{""geodesic"":false,""type"":""Point"",""coordinates"":[83.9853374586665,21.576410230445756]}"
75,842.1995013059553,194,2021,0,6,21.482087125613205,84.19410593069588,0.38970828,-0.44660527,2022,1543.9708049297333,"{""geodesic"":false,""type"":""Point"",""coordinates"":[84.19410593069588,21.482087125613205]}"
76,728.9718787443039,178,2021,0,1,21.4730141412436,84.17587013042827,0.37391305,-0.42007276,2022,1543.9708049297333,"{""geodesic"":false,""type"":""Point"",""coordinates"":[84.17587013042827,21.4730141412436]}"
77,130.384048104053,186,2021,0,1,21.39629801597979,84.0522619473334,0.34936246,-0.45340395,2022,1469.0348498821259,"{""geodesic"":false,""type"":""Point"",""coordinates"":[84.0522619473334,21.39629801597979]}"
78,0.0,188,2021,0,0,21.51038405706297,83.85059016604858,-0.09048289,0.2468944,2022,1444.0026681423187,"{""geodesic"":false,""type"":""Point"",""coordinates"":[83.85059016604858,21.51038405706297]}"
79,327.56678708318395,196,2021,0,1,21.39809464654803,84.14757319897849,0.4562867,-0.45433977,2022,1570.934062719345,"{""geodesic"":false,""type"":""Point"",""coordinates"":[84.14757319897849,21.39809464654803]}"
80,900.8884503644167,155,2021,0,6,21.48927364788616,83.9521896246825,0.34092548,-0.39799812,2022,1515.9416505098343,"{""geodesic"":false,""type"":""Point"",""coordinates"":[83.9521896246825,21.48927364788616]}"
81,1280.0,168,2021,0,4,21.37375030234839,84.0176768088948,0.4995521,-0.52667576,2022,1473.560908794403,"{""geodesic"":false,""type"":""Point"",""coordinates"":[84.0176768088948,21.37375030234839]}"
82,323.8826948140329,197,2021,0,1,21.396387847508205,84.1483816827342,0.59492856,-0.50370705,2022,1570.934062719345,"{""geodesic"":false,""type"":""Point"",""coordinates"":[84.1483816827342,21.396387847508205]}"
83,0.0,188,2021,0,0,21.543262396461746,83.86038180264548,-0.13637319,0.33089134,2022,1444.0026681423187,"{""geodesic"":false,""type"":""Point"",""coordinates"":[83.86038180264548,21.543262396461746]}"
84,1042.3531071570708,154,2021,0,4,21.48864482718728,83.94760821673349,0.34920081,-0.40412083,2022,1491.5035831928253,"{""geodesic"":false,""type"":""Point"",""coordinates"":[83.94760821673349,21.48864482718728]}"
85,346.6987164671943,183,2021,0,4,21.45325120499297,84.13814088849524,0.26149368,-0.34091383,2022,1559.4533474445343,"{""geodesic"":false,""type"":""Point"",""coordinates"":[84.13814088849524,21.45325120499297]}"
86,531.5072906367325,202,2021,0,1,21.567247414547737,84.14945966107514,0.44863176,-0.47933188,2022,1429.1016558408737,"{""geodesic"":false,""type"":""Point"",""coordinates"":[84.14945966107514,21.567247414547737]}"
87,729.4518489934753,195,2021,0,4,21.372582492479037,84.16311405339376,0.22900763,-0.33835563,2022,1569.3732466697693,"{""geodesic"":false,""type"":""Point"",""coordinates"":[84.16311405339376,21.372582492479037]}"
88,1280.0,183,2021,0,1,21.56104903908731,84.01237674871851,0.49612266,-0.4874281,2022,1477.3682265281677,"{""geodesic"":false,""type"":""Point"",""coordinates"":[84.01237674871851,21.56104903908731]}"
89,996.2429422585637,185,2021,0,1,21.386236884797654,84.05998745877685,0.5202629,-0.5036562,2022,1469.0348498821259,"{""geodesic"":false,""type"":""Point"",""coordinates"":[84.05998745877685,21.386236884797654]}"
90,67.0820393249937,195,2021,0,1,21.394411553883142,84.19500424598,0.4004884,-0.43285447,2022,1569.3732466697693,"{""geodesic"":false,""type"":""Point"",""coordinates"":[84.19500424598,21.394411553883142]}"
91,888.4255736976509,157,2021,0,6,21.479661674346083,83.98192386058686,0.27469593,-0.28219846,2022,1515.9416505098343,"{""geodesic"":false,""type"":""Point"",""coordinates"":[83.98192386058686,21.479661674346083]}"
92,1040.0,150,2021,0,1,21.377882552655343,83.97797127333673,0.57682043,-0.5396929,2022,1523.130874812603,"{""geodesic"":false,""type"":""Point"",""coordinates"":[83.97797127333673,21.377882552655343]}"
93,1280.0,182,2021,0,5,21.55215571777453,84.10912530481818,0.31824273,-0.39090934,2022,1429.1016558408737,"{""geodesic"":false,""type"":""Point"",""coordinates"":[84.10912530481818,21.55215571777453]}"
94,1213.7956994486347,236,2021,0,1,21.457113960714683,83.87376670037887,0.6177076,-0.57632506,2022,1425.125935792923,"{""geodesic"":false,""type"":""Point"",""coordinates"":[83.87376670037887,21.457113960714683]}"
95,598.4145720150873,160,2021,0,6,21.495741517931823,83.95946597848386,0.35918164,-0.3937966,2022,1515.9416505098343,"{""geodesic"":false,""type"":""Point"",""coordinates"":[83.95946597848386,21.495741517931823]}"
96,470.10637094172637,191,2021,0,5,21.398723467246914,84.19410593069588,0.3062147,-0.39782345,2022,1569.3732466697693,"{""geodesic"":false,""type"":""Point"",""coordinates"":[84.19410593069588,21.398723467246914]}"
97,1280.0,174,2021,0,0,21.550987907905174,84.00770550924109,0.23326287,-0.27989468,2022,1477.3682265281677,"{""geodesic"":false,""type"":""Point"",""coordinates"":[84.00770550924109,21.550987907905174]}"
98,0.0,188,2021,0,0,21.596981650452094,83.92847410118175,-0.09464417,0.21717066,2022,1462.1980240345001,"{""geodesic"":false,""type"":""Point"",""coordinates"":[83.92847410118175,21.596981650452094]}"
99,300.8321791298265,153,2021,0,6,21.41642027834407,84.02719895090648,0.1689441,-0.21970189,2022,1531.3260192871094,"{""geodesic"":false,""type"":""Point"",""coordinates"":[84.02719895090648,21.41642027834407]}"
100,1280.0,179,2021,0,4,21.410581228997295,84.12870857801198,0.25854445,-0.3684342,2022,1596.4968211650848,"{""geodesic"":false,""type"":""Point"",""coordinates"":[84.12870857801198,21.410581228997295]}"
101,1095.9014554237986,149,2021,0,1,21.37348080776316,83.93619961262517,0.6188028,-0.5519761,2022,1542.414464712143,"{""geodesic"":false,""type"":""Point"",""coordinates"":[83.93619961262517,21.37348080776316]}"
102,1071.8675291284833,191,2021,0,1,21.407526957031287,84.10409473922711,0.64666265,-0.57550055,2022,1596.4968211650848,"{""geodesic"":false,""type"":""Point"",""coordinates"":[84.10409473922711,21.407526957031287]}"
103,1265.8988901172163,163,2021,0,4,21.50508399688667,83.95281844538138,0.44702843,-0.4767765,2022,1506.779983997345,"{""geodesic"":false,""type"":""Point"",""coordinates"":[83.95281844538138,21.50508399688667]}"
104,533.3854141237834,173,2021,0,1,21.460797053379576,84.08253517240824,0.42080715,-0.4538286,2022,1510.849615097046,"{""geodesic"":false,""type"":""Point"",""coordinates"":[84.08253517240824,21.460797053379576]}"
105,536.0037313302959,172,2021,0,1,21.49592118098865,84.0882843902266,0.5712193,-0.5304503,2022,1510.849615097046,"{""geodesic"":false,""type"":""Point"",""coordinates"":[84.0882843902266,21.49592118098865]}"
106,1231.6655390161732,170,2021,0,1,21.53742334711497,83.93961321070482,0.5322812,-0.50479054,2022,1500.3094980716705,"{""geodesic"":false,""type"":""Point"",""coordinates"":[83.93961321070482,21.53742334711497]}"
107,445.5333881989093,184,2021,0,4,21.51900788379052,84.16167674893917,0.33212247,-0.42294902,2022,1486.6419987678528,"{""geodesic"":false,""type"":""Point"",""coordinates"":[84.16167674893917,21.51900788379052]}"
108,1280.0,267,2021,0,1,21.411210049696177,84.09861501599399,0.70794076,-0.5992439,2022,1473.8019874989986,"{""geodesic"":false,""type"":""Point"",""coordinates"":[84.09861501599399,21.411210049696177]}"
109,1280.0,175,2021,0,4,21.515414622654042,84.08846405328343,0.5068229,-0.5210797,2022,1462.586761713028,"{""geodesic"":false,""type"":""Point"",""coordinates"":[84.08846405328343,21.515414622654042]}"
110,1280.0,166,2021,0,1,21.42926618690698,84.11676098473319,0.53905064,-0.5239349,2022,1596.4968211650848,"{""geodesic"":false,""type"":""Point"",""coordinates"":[84.11676098473319,21.42926618690698]}"
111,608.0296045424104,190,2021,0,1,21.38515890645671,84.12493565381868,0.60246485,-0.5728908,2022,1570.934062719345,"{""geodesic"":false,""type"":""Point"",""coordinates"":[84.12493565381868,21.38515890645671]}"
112,867.6404785393545,167,2021,0,4,21.401059086985626,84.03878721807162,0.47822556,-0.48485947,2022,1531.3260192871094,"{""geodesic"":false,""type"":""Point"",""coordinates"":[84.03878721807162,21.401059086985626]}"
113,1160.775602776006,184,2021,0,1,21.48720752273269,84.17515147820096,0.40220016,-0.44724452,2022,1543.9708049297333,"{""geodesic"":false,""type"":""Point"",""coordinates"":[84.17515147820096,21.48720752273269]}"
114,1280.0,158,2021,0,4,21.418755898082782,84.0581009966802,0.5761998,-0.54370534,2022,1473.8019874989986,"{""geodesic"":false,""type"":""Point"",""coordinates"":[84.0581009966802,21.418755898082782]}"
115,411.0960958218893,179,2021,0,4,21.444268052151774,84.14793252509214,0.20972727,-0.3368253,2022,1596.4968211650848,"{""geodesic"":false,""type"":""Point"",""coordinates"":[84.14793252509214,21.444268052151774]}"
116,1280.0,171,2021,0,4,21.505802649113964,84.10831682106247,0.4622951,-0.4819066,2022,1516.5754685401917,"{""geodesic"":false,""type"":""Point"",""coordinates"":[84.10831682106247,21.505802649113964]}"
117,22.360679774997898,193,2021,0,0,21.562576175070316,83.86792765103209,0.21627015,-0.29434824,2022,1460.6702898740768,"{""geodesic"":false,""type"":""Point"",""coordinates"":[83.86792765103209,21.562576175070316]}"
118,986.154146165801,218,2021,0,1,21.58844765525296,84.10571170673852,0.5662733,-0.5352517,2022,1429.1016558408737,"{""geodesic"":false,""type"":""Point"",""coordinates"":[84.10571170673852,21.58844765525296]}"
119,596.824932455071,187,2021,0,1,21.553233696115473,84.15314275374004,0.6785808,-0.57845247,2022,1467.101193189621,"{""geodesic"":false,""type"":""Point"",""coordinates"":[84.15314275374004,21.553233696115473]}"
120,296.98484809834997,168,2021,0,1,21.480021000459733,84.09897434210762,0.5052056,-0.51214325,2022,1510.849615097046,"{""geodesic"":false,""type"":""Point"",""coordinates"":[84.09897434210762,21.480021000459733]}"
121,693.1089380465382,215,2021,0,1,21.559521903104308,84.15170544928544,0.6080862,-0.55021405,2022,1467.101193189621,"{""geodesic"":false,""type"":""Point"",""coordinates"":[84.15170544928544,21.559521903104308]}"
122,1061.6967551989596,149,2021,0,4,21.49089061539758,83.9507523202279,0.3985208,-0.4405786,2022,1515.9416505098343,"{""geodesic"":false,""type"":""Point"",""coordinates"":[83.9507523202279,21.49089061539758]}"
123,1280.0,176,2021,0,4,21.568235561360268,84.04121266933875,0.465559,-0.44246656,2022,1477.3682265281677,"{""geodesic"":false,""type"":""Point"",""coordinates"":[84.04121266933875,21.568235561360268]}"
124,290.0,158,2021,0,1,21.39755565737756,83.8981110445785,0.25224692,-0.35140032,2022,1506.1152746677399,"{""geodesic"":false,""type"":""Point"",""coordinates"":[83.8981110445785,21.39755565737756]}"
125,0.0,188,2021,0,0,21.578206861013996,83.96656266922841,-0.18360472,0.32937998,2022,1488.760817527771,"{""geodesic"":false,""type"":""Point"",""coordinates"":[83.96656266922841,21.578206861013996]}"
126,594.8108943185221,157,2021,0,6,21.488375332602043,83.97114407717741,0.3291086,-0.38561386,2022,1515.9416505098343,"{""geodesic"":false,""type"":""Point"",""coordinates"":[83.97114407717741,21.488375332602043]}"
127,434.1658669218482,167,2021,0,4,21.478853190590378,84.1401171821203,0.50788736,-0.5182583,2022,1559.4533474445343,"{""geodesic"":false,""type"":""Point"",""coordinates"":[84.1401171821203,21.478853190590378]}"
128,651.1528238439882,148,2021,0,4,21.354077197626175,83.96692199534206,0.31920767,-0.40472096,2022,1523.130874812603,"{""geodesic"":false,""type"":""Point"",""coordinates"":[83.96692199534206,21.354077197626175]}"
129,1106.3453348751464,186,2021,0,4,21.578476355599232,84.05603487152672,0.35358423,-0.41289198,2022,1441.9273054599762,"{""geodesic"":false,""type"":""Point"",""coordinates"":[84.05603487152672,21.578476355599232]}"
130,571.4017850864661,202,2021,0,5,21.364228160336726,84.08406230839124,0.36962938,-0.4365325,2022,1469.0348498821259,"{""geodesic"":false,""type"":""Point"",""coordinates"":[84.08406230839124,21.364228160336726]}"
131,1280.0,162,2021,0,4,21.43061365983316,84.05693318681084,0.6014587,-0.5997918,2022,1473.8019874989986,"{""geodesic"":false,""type"":""Point"",""coordinates"":[84.05693318681084,21.43061365983316]}"
132,557.8530272392541,192,2021,0,6,21.546945489126635,84.12268986560838,0.3663259,-0.39984018,2022,1516.5754685401917,"{""geodesic"":false,""type"":""Point"",""coordinates"":[84.12268986560838,21.546945489126635]}"
133,1279.0621564255584,195,2021,0,4,21.58341708966189,84.1498189871888,0.37571606,-0.423519,2022,1429.1016558408737,"{""geodesic"":false,""type"":""Point"",""coordinates"":[84.1498189871888,21.58341708966189]}"
134,1280.0,168,2021,0,4,21.535087727376258,83.94931501577332,0.43372434,-0.46008757,2022,1500.3094980716705,"{""geodesic"":false,""type"":""Point"",""coordinates"":[83.94931501577332,21.535087727376258]}"
135,896.9392398596461,171,2021,0,4,21.420911854764668,84.10364558158506,0.45916608,-0.45560205,2022,1596.4968211650848,"{""geodesic"":false,""type"":""Point"",""coordinates"":[84.10364558158506,21.420911854764668]}"
136,948.1033698917013,183,2021,0,1,21.54757430982552,83.95766934791563,0.5237401,-0.4980238,2022,1506.779983997345,"{""geodesic"":false,""type"":""Point"",""coordinates"":[83.95766934791563,21.54757430982552]}"
137,1280.0,161,2021,0,5,21.503646692432074,83.969527109666,0.31367797,-0.3714603,2022,1506.779983997345,"{""geodesic"":false,""type"":""Point"",""coordinates"":[83.969527109666,21.503646692432074]}"
138,1280.0,143,2021,0,4,21.353448376927293,83.87861760291311,0.46061036,-0.4814891,2022,1506.1152746677399,"{""geodesic"":false,""type"":""Point"",""coordinates"":[83.87861760291311,21.353448376927293]}"
139,751.3321502504734,210,2021,0,1,21.587549339968838,84.12736110508581,0.62641966,-0.5901577,2022,1429.1016558408737,"{""geodesic"":false,""type"":""Point"",""coordinates"":[84.12736110508581,21.587549339968838]}"
140,0.0,188,2021,0,0,21.59320872625879,83.87520400483345,-0.23399499,0.38102874,2022,1460.6702898740768,"{""geodesic"":false,""type"":""Point"",""coordinates"":[83.87520400483345,21.59320872625879]}"
141,676.7569726275452,157,2021,0,4,21.50526365994349,83.94608108075049,0.56,-0.53544825,2022,1500.3094980716705,"{""geodesic"":false,""type"":""Point"",""coordinates"":[83.94608108075049,21.50526365994349]}"
142,0.0,188,2021,0,0,21.529338509557892,83.85364443801458,-0.16651905,0.35120228,2022,1444.0026681423187,"{""geodesic"":false,""type"":""Point"",""coordinates"":[83.85364443801458,21.529338509557892]}"
143,287.92360097775935,191,2021,0,1,21.59868844949192,84.01075978120708,0.3722677,-0.38686487,2022,1477.3682265281677,"{""geodesic"":false,""type"":""Point"",""coordinates"":[84.01075978120708,21.59868844949192]}"
144,1280.0,158,2021,0,4,21.35012461037605,83.99997999779765,0.34363854,-0.39527705,2022,1523.130874812603,"{""geodesic"":false,""type"":""Point"",""coordinates"":[83.99997999779765,21.35012461037605]}"
145,0.0,188,2021,0,0,21.573984779178634,83.89388896274315,-0.12204007,0.31717297,2022,1460.6702898740768,"{""geodesic"":false,""type"":""Point"",""coordinates"":[83.89388896274315,21.573984779178634]}"
146,316.2277660168379,170,2021,0,1,21.55449133751324,84.0724740412261,0.38812205,-0.38994664,2022,1441.9273054599762,"{""geodesic"":false,""type"":""Point"",""coordinates"":[84.0724740412261,21.55449133751324]}"
147,1280.0,161,2021,0,4,21.422259327690846,84.05693318681084,0.48298457,-0.5149712,2022,1473.8019874989986,"{""geodesic"":false,""type"":""Point"",""coordinates"":[84.05693318681084,21.422259327690846]}"
148,596.657355607052,174,2021,0,0,21.452532552765675,84.15610719417764,0.14250062,0.0036394414,2022,1543.9708049297333,"{""geodesic"":false,""type"":""Point"",""coordinates"":[84.15610719417764,21.452532552765675]}"
149,0.0,158,2021,0,0,21.38228429754753,83.92227572572132,0.05347847,0.17164387,2022,1542.414464712143,"{""geodesic"":false,""type"":""Point"",""coordinates"":[83.92227572572132,21.38228429754753]}"
150,1280.0,158,2021,0,4,21.53383008597849,84.0424703107365,0.6287778,-0.5911284,2022,1464.9749150276184,"{""geodesic"":false,""type"":""Point"",""coordinates"":[84.0424703107365,21.53383008597849]}"
151,530.0,152,2021,0,4,21.350933094131758,83.99171549718376,0.569953,-0.5227687,2022,1523.130874812603,"{""geodesic"":false,""type"":""Point"",""coordinates"":[83.99171549718376,21.350933094131758]}"
152,1190.3780911962385,227,2021,0,1,21.521163840472408,84.0612451001746,0.36553204,-0.4654614,2022,1462.586761713028,"{""geodesic"":false,""type"":""Point"",""coordinates"":[84.0612451001746,21.521163840472408]}"
153,136.01470508735443,201,2021,0,4,21.39989127711627,84.16095809671188,0.27915457,-0.35413805,2022,1569.3732466697693,"{""geodesic"":false,""type"":""Point"",""coordinates"":[84.16095809671188,21.39989127711627]}"
154,940.0,152,2021,0,6,21.402945549082276,83.99072735037123,0.27572453,-0.32067162,2022,1474.2084752321243,"{""geodesic"":false,""type"":""Point"",""coordinates"":[83.99072735037123,21.402945549082276]}"
155,570.087712549569,297,2021,0,1,21.487566848846335,83.85993264500343,0.34560412,-0.42751172,2022,1425.125935792923,"{""geodesic"":false,""type"":""Point"",""coordinates"":[83.85993264500343,21.487566848846335]}"
156,614.00325732035,192,2021,0,1,21.538680988512738,84.13805105696683,0.42171383,-0.46741349,2022,1516.5754685401917,"{""geodesic"":false,""type"":""Point"",""coordinates"":[84.13805105696683,21.538680988512738]}"
157,1210.1652779682618,194,2021,0,1,21.371594345666505,84.17676844571238,0.56458133,-0.49521708,2022,1569.3732466697693,"{""geodesic"":false,""type"":""Point"",""coordinates"":[84.17676844571238,21.371594345666505]}"
158,1280.0,173,2021,0,1,21.412198196508708,84.06681465493615,0.45576409,-0.48023626,2022,1473.8019874989986,"{""geodesic"":false,""type"":""Point"",""coordinates"":[84.06681465493615,21.412198196508708]}"
159,542.3098745182499,198,2021,0,1,21.585752709400598,84.08873354786867,0.5535743,-0.5363899,2022,1441.9273054599762,"{""geodesic"":false,""type"":""Point"",""coordinates"":[84.08873354786867,21.585752709400598]}"
160,1140.175425099138,176,2021,0,4,21.507778942739026,84.07939106891382,0.3035785,-0.39487565,2022,1462.586761713028,"{""geodesic"":false,""type"":""Point"",""coordinates"":[84.07939106891382,21.507778942739026]}"
161,1190.5040949110592,205,2021,0,1,21.353448376927293,84.09250647206197,0.5132874,-0.5010984,2022,1469.0348498821259,"{""geodesic"":false,""type"":""Point"",""coordinates"":[84.09250647206197,21.353448376927293]}"
162,1153.1695452100703,169,2021,0,4,21.427918713980798,84.10795749494882,0.2666174,-0.3709173,2022,1596.4968211650848,"{""geodesic"":false,""type"":""Point"",""coordinates"":[84.10795749494882,21.427918713980798]}"
163,1280.0,173,2021,0,4,21.555569315854182,84.0101309605082,0.4891581,-0.51428574,2022,1477.3682265281677,"{""geodesic"":false,""type"":""Point"",""coordinates"":[84.0101309605082,21.555569315854182]}"
164,251.79356624028344,191,2021,0,1,21.580542480752705,84.0860386020163,0.42215568,-0.4666152,2022,1441.9273054599762,"{""geodesic"":false,""type"":""Point"",""coordinates"":[84.0860386020163,21.580542480752705]}"
165,318.27660925679095,170,2021,0,4,21.471397173732186,84.14972915566038,0.46083486,-0.40712854,2022,1559.4533474445343,"{""geodesic"":false,""type"":""Point"",""coordinates"":[84.14972915566038,21.471397173732186]}"
166,1280.0,216,2021,0,1,21.36359933963784,84.10903547328977,0.43076923,-0.47059792,2022,1570.934062719345,"{""geodesic"":false,""type"":""Point"",""coordinates"":[84.10903547328977,21.36359933963784]}"
167,1280.0,200,2021,0,1,21.592490074031495,84.07966056349906,0.53749514,-0.5415872,2022,1441.9273054599762,"{""geodesic"":false,""type"":""Point"",""coordinates"":[84.07966056349906,21.592490074031495]}"
168,1280.0,149,2021,0,4,21.36997737815509,83.9890205513314,0.466548,-0.50266,2022,1523.130874812603,"{""geodesic"":false,""type"":""Point"",""coordinates"":[83.9890205513314,21.36997737815509]}"
169,818.5963596303125,148,2021,0,1,21.37698423737122,83.89541609872614,0.64072865,-0.563443,2022,1506.1152746677399,"{""geodesic"":false,""type"":""Point"",""coordinates"":[83.89541609872614,21.37698423737122]}"
170,304.63092423455635,180,2021,0,4,21.474720940283426,84.16733613522912,0.26645333,-0.3442623,2022,1543.9708049297333,"{""geodesic"":false,""type"":""Point"",""coordinates"":[84.16733613522912,21.474720940283426]}"
171,1053.850084215018,141,2021,0,4,21.354975512910293,83.95299810843821,0.5820443,-0.56261235,2022,1523.130874812603,"{""geodesic"":false,""type"":""Point"",""coordinates"":[83.95299810843821,21.354975512910293]}"
172,581.3776741499454,177,2021,0,1,21.54577767925728,83.92982157410792,0.5640557,-0.5302409,2022,1500.3094980716705,"{""geodesic"":false,""type"":""Point"",""coordinates"":[83.92982157410792,21.54577767925728]}"
173,0.0,188,2021,0,0,21.594286704599735,83.8875109242259,-0.14803134,0.31218383,2022,1460.6702898740768,"{""geodesic"":false,""type"":""Point"",""coordinates"":[83.8875109242259,21.594286704599735]}"
174,822.1921916437786,190,2021,0,1,21.574074610707047,84.1310441977507,0.35032645,-0.42655337,2022,1429.1016558408737,"{""geodesic"":false,""type"":""Point"",""coordinates"":[84.1310441977507,21.574074610707047]}"
175,438.29214001622256,197,2021,0,4,21.556108305024654,84.16778529287119,0.25726932,-0.3669509,2022,1467.101193189621,"{""geodesic"":false,""type"":""Point"",""coordinates"":[84.16778529287119,21.556108305024654]}"
176,412.31056256176606,198,2021,0,1,21.39297424942855,84.1362544263986,0.31506106,-0.41406476,2022,1570.934062719345,"{""geodesic"":false,""type"":""Point"",""coordinates"":[84.1362544263986,21.39297424942855]}"
177,36.05551275463989,142,2021,0,3,21.470409026919654,83.95048282564267,0.3946159,-0.31860313,2022,1515.9416505098343,"{""geodesic"":false,""type"":""Point"",""coordinates"":[83.95048282564267,21.470409026919654]}"
178,368.78177829171545,207,2021,0,5,21.53275210763755,84.17649895112714,0.38350484,-0.4282543,2022,1486.6419987678528,"{""geodesic"":false,""type"":""Point"",""coordinates"":[84.17649895112714,21.53275210763755]}"
179,1280.0,165,2021,0,4,21.542184418120804,84.03663126138973,0.5313732,-0.5253583,2022,1464.9749150276184,"{""geodesic"":false,""type"":""Point"",""coordinates"":[84.03663126138973,21.542184418120804]}"
180,14.142135623730951,192,2021,0,0,21.552694706945,83.92047909515308,0.15095942,-0.038561724,2022,1462.1980240345001,"{""geodesic"":false,""type"":""Point"",""coordinates"":[83.92047909515308,21.552694706945]}"
181,131.52946437965906,190,2021,0,1,21.521882492699703,84.13194251303482,0.5793015,-0.5208181,2022,1516.5754685401917,"{""geodesic"":false,""type"":""Point"",""coordinates"":[84.13194251303482,21.521882492699703]}"
182,414.3669871020132,188,2021,0,5,21.5279012051033,84.14901050343309,0.266819,-0.37807235,2022,1516.5754685401917,"{""geodesic"":false,""type"":""Point"",""coordinates"":[84.14901050343309,21.5279012051033]}"
183,1162.9703349613008,179,2021,0,1,21.385248737985123,84.06151459475984,0.412787,-0.43577152,2022,1469.0348498821259,"{""geodesic"":false,""type"":""Point"",""coordinates"":[84.06151459475984,21.385248737985123]}"
184,1253.2358118087752,179,2021,0,1,21.433667931799164,84.18314648422962,0.525212,-0.48432502,2022,1596.7456719875336,"{""geodesic"":false,""type"":""Point"",""coordinates"":[84.18314648422962,21.433667931799164]}"
185,1180.7201192492655,412,2021,0,1,21.5895256335939,84.19886700170171,0.74083567,-0.62021416,2022,1467.101193189621,"{""geodesic"":false,""type"":""Point"",""coordinates"":[84.19886700170171,21.5895256335939]}"
186,460.0,189,2021,0,4,21.564282974110142,84.12736110508581,0.3111931,-0.39324838,2022,1429.1016558408737,"{""geodesic"":false,""type"":""Point"",""coordinates"":[84.12736110508581,21.564282974110142]}"
187,1280.0,183,2021,0,5,21.404293022008456,84.13499678500082,0.2523648,-0.3475697,2022,1596.4968211650848,"{""geodesic"":false,""type"":""Point"",""coordinates"":[84.13499678500082,21.404293022008456]}"
188,990.0505037623082,173,2021,0,1,21.417588088213424,84.12089323504014,0.66343594,-0.6029274,2022,1596.4968211650848,"{""geodesic"":false,""type"":""Point"",""coordinates"":[84.12089323504014,21.417588088213424]}"
189,1280.0,171,2021,0,1,21.423247474503377,84.07139606288516,0.566129,-0.5255302,2022,1473.8019874989986,"{""geodesic"":false,""type"":""Point"",""coordinates"":[84.07139606288516,21.423247474503377]}"
190,330.0,145,2021,0,4,21.369258725927796,83.91383156205059,0.53667635,-0.5213649,2022,1542.414464712143,"{""geodesic"":false,""type"":""Point"",""coordinates"":[83.91383156205059,21.369258725927796]}"
191,276.5863337187866,200,2021,0,5,21.576230567388933,83.996566399718,0.25295508,-0.35135135,2022,1488.760817527771,"{""geodesic"":false,""type"":""Point"",""coordinates"":[83.996566399718,21.576230567388933]}"
192,0.0,188,2021,0,0,21.58763917149725,83.90682470283446,-0.17606279,0.36274394,2022,1462.1980240345001,"{""geodesic"":false,""type"":""Point"",""coordinates"":[83.90682470283446,21.58763917149725]}"
193,371.07950630558946,156,2021,0,4,21.48594988133492,83.96925761508076,0.6271396,-0.5878937,2022,1515.9416505098343,"{""geodesic"":false,""type"":""Point"",""coordinates"":[83.96925761508076,21.48594988133492]}"
194,1280.0,169,2021,0,1,21.403125212139102,83.95066248869949,0.45913866,-0.49374983,2022,1474.2084752321243,"{""geodesic"":false,""type"":""Point"",""coordinates"":[83.95066248869949,21.403125212139102]}"
195,1280.0,152,2021,0,4,21.441932432413065,84.00267494365002,0.46741572,-0.46214488,2022,1531.3260192871094,"{""geodesic"":false,""type"":""Point"",""coordinates"":[84.00267494365002,21.441932432413065]}"
196,1280.0,182,2021,0,4,21.405550663406224,84.13346964901781,0.2906099,-0.3925328,2022,1596.4968211650848,"{""geodesic"":false,""type"":""Point"",""coordinates"":[84.13346964901781,21.405550663406224]}"
197,1081.711606667877,186,2021,0,0,21.52502659619412,83.98291200739939,0.43721345,-0.43578818,2022,1506.779983997345,"{""geodesic"":false,""type"":""Point"",""coordinates"":[83.98291200739939,21.52502659619412]}"
198,466.9047011971501,188,2021,0,6,21.53158429776819,84.10274726630092,0.57839775,-0.56200784,2022,1516.5754685401917,"{""geodesic"":false,""type"":""Point"",""coordinates"":[84.10274726630092,21.53158429776819]}"
199,1280.0,167,2021,0,4,21.554760832098477,84.04327879449222,0.59725744,-0.5448342,2022,1477.3682265281677,"{""geodesic"":false,""type"":""Point"",""coordinates"":[84.04327879449222,21.554760832098477]}"
200,450.0,194,2021,0,1,21.54155559742192,84.15898180308682,0.48751932,-0.5177849,2022,1486.6419987678528,"{""geodesic"":false,""type"":""Point"",""coordinates"":[84.15898180308682,21.54155559742192]}"
201,377.3592452822641,190,2021,0,1,21.395130206110437,84.12134239268221,0.52573407,-0.5279382,2022,1570.934062719345,"{""geodesic"":false,""type"":""Point"",""coordinates"":[84.12134239268221,21.395130206110437]}"
202,401.62171256046406,216,2021,0,1,21.590064622764373,84.11613216403431,0.6266108,-0.55747604,2022,1429.1016558408737,"{""geodesic"":false,""type"":""Point"",""coordinates"":[84.11613216403431,21.590064622764373]}"
203,644.9806198638839,187,2021,0,1,21.531853792353427,84.10966429398864,0.44057393,-0.4859049,2022,1516.5754685401917,"{""geodesic"":false,""type"":""Point"",""coordinates"":[84.10966429398864,21.531853792353427]}"
204,190.0,179,2021,0,5,21.397645488905972,84.02917524453154,0.3899476,-0.40458566,2022,1473.560908794403,"{""geodesic"":false,""type"":""Point"",""coordinates"":[84.02917524453154,21.397645488905972]}"
205,450.0,178,2021,0,1,21.424415284372735,84.1768582772408,0.38684544,-0.4119166,2022,1596.7456719875336,"{""geodesic"":false,""type"":""Point"",""coordinates"":[84.1768582772408,21.424415284372735]}"
206,751.3321502504734,209,2021,0,1,21.5594320715759,84.19051266955941,0.597561,-0.5539739,2022,1467.101193189621,"{""geodesic"":false,""type"":""Point"",""coordinates"":[84.19051266955941,21.5594320715759]}"
207,680.294054067798,199,2021,0,1,21.544250543274277,84.16032927601299,0.5537163,-0.53756976,2022,1486.6419987678528,"{""geodesic"":false,""type"":""Point"",""coordinates"":[84.16032927601299,21.544250543274277]}"
208,511.0772935672255,188,2021,0,5,21.491968593738523,84.16068860212664,0.30101505,-0.39370078,2022,1543.9708049297333,"{""geodesic"":false,""type"":""Point"",""coordinates"":[84.16068860212664,21.491968593738523]}"
209,784.3468620451031,189,2021,0,1,21.596712155866857,84.05675352375401,0.3990461,-0.4449918,2022,1441.9273054599762,"{""geodesic"":false,""type"":""Point"",""coordinates"":[84.05675352375401,21.596712155866857]}"
210,887.693640846886,178,2021,0,1,21.406987967860815,84.1070591796647,0.308269,-0.3809314,2022,1596.4968211650848,"{""geodesic"":false,""type"":""Point"",""coordinates"":[84.1070591796647,21.406987967860815]}"
211,939.1485505499116,179,2021,0,1,21.549281108865348,84.09825568988033,0.22958337,-0.31350815,2022,1462.586761713028,"{""geodesic"":false,""type"":""Point"",""coordinates"":[84.09825568988033,21.549281108865348]}"
212,1087.5660899458019,146,2021,0,1,21.371504514138095,83.97536615901278,0.43412504,-0.4503053,2022,1523.130874812603,"{""geodesic"":false,""type"":""Point"",""coordinates"":[83.97536615901278,21.371504514138095]}"
213,1280.0,170,2021,0,4,21.496819496272767,84.0378889027875,0.47546852,-0.48424843,2022,1504.7035248279572,"{""geodesic"":false,""type"":""Point"",""coordinates"":[84.0378889027875,21.496819496272767]}"
214,186.01075237738274,187,2021,0,4,21.539848798382092,84.1055320436817,0.34274593,-0.41590214,2022,1516.5754685401917,"{""geodesic"":false,""type"":""Point"",""coordinates"":[84.1055320436817,21.539848798382092]}"
215,906.2008607367353,256,2021,0,1,21.500951746579716,83.92649780755669,0.4119688,-0.47614092,2022,1500.3094980716705,"{""geodesic"":false,""type"":""Point"",""coordinates"":[83.92649780755669,21.500951746579716]}"
216,518.6520991955977,182,2021,0,5,21.547933635939167,83.96782031062618,0.30558628,-0.39376035,2022,1506.779983997345,"{""geodesic"":false,""type"":""Point"",""coordinates"":[83.96782031062618,21.547933635939167]}"
217,488.2622246293481,155,2021,0,4,21.457563118356745,84.05253144191865,0.50296915,-0.49453795,2022,1510.849615097046,"{""geodesic"":false,""type"":""Point"",""coordinates"":[84.05253144191865,21.457563118356745]}"
218,1280.0,163,2021,0,4,21.43905782350388,83.92326387253385,0.49986026,-0.47291735,2022,1527.9942190647125,"{""geodesic"":false,""type"":""Point"",""coordinates"":[83.92326387253385,21.43905782350388]}"
219,1176.860229593982,144,2021,0,4,21.35524500749553,83.95811850555769,0.5036005,-0.49592826,2022,1523.130874812603,"{""geodesic"":false,""type"":""Point"",""coordinates"":[83.95811850555769,21.35524500749553]}"
220,735.5270219373317,177,2021,0,4,21.53643520030244,84.0048309003319,0.58584917,-0.56318825,2022,1464.9749150276184,"{""geodesic"":false,""type"":""Point"",""coordinates"":[84.0048309003319,21.53643520030244]}"
221,1182.7087553578015,219,2021,0,1,21.367821421473202,84.19608222432095,0.6779576,-0.55665636,2022,1569.3732466697693,"{""geodesic"":false,""type"":""Point"",""coordinates"":[84.19608222432095,21.367821421473202]}"
222,840.0,161,2021,0,6,21.485860049806508,83.99000869814392,0.481354,-0.453556,2022,1515.9416505098343,"{""geodesic"":false,""type"":""Point"",""coordinates"":[83.99000869814392,21.485860049806508]}"
223,0.0,188,2021,0,0,21.592040916389436,83.95317777149504,-0.14855415,0.26476854,2022,1488.760817527771,"{""geodesic"":false,""type"":""Point"",""coordinates"":[83.95317777149504,21.592040916389436]}"
224,1280.0,181,2021,0,0,21.57982382852541,84.02019209169035,0.25017518,-0.16297261,2022,1477.3682265281677,"{""geodesic"":false,""type"":""Point"",""coordinates"":[84.02019209169035,21.57982382852541]}"
225,836.0023923410746,190,2021,0,1,21.579733996997,84.13823072002366,0.38126734,-0.44464186,2022,1429.1016558408737,"{""geodesic"":false,""type"":""Point"",""coordinates"":[84.13823072002366,21.579733996997]}"
226,743.3034373659252,155,2021,0,6,21.467714081067296,83.97815093639355,0.5483506,-0.4865989,2022,1515.9416505098343,"{""geodesic"":false,""type"":""Point"",""coordinates"":[83.97815093639355,21.467714081067296]}"
227,1280.0,165,2021,0,4,21.451095248311084,84.06798246480551,0.075287424,-0.14512661,2022,1510.849615097046,"{""geodesic"":false,""type"":""Point"",""coordinates"":[84.06798246480551,21.451095248311084]}"
228,600.832755431992,199,2021,0,1,21.48541089216445,84.19096182720146,0.6212842,-0.57357186,2022,1543.9708049297333,"{""geodesic"":false,""type"":""Point"",""coordinates"":[84.19096182720146,21.48541089216445]}"
229,1280.0,169,2021,0,4,21.50795860579585,84.10086080420427,0.56543624,-0.5567297,2022,1516.5754685401917,"{""geodesic"":false,""type"":""Point"",""coordinates"":[84.10086080420427,21.50795860579585]}"
230,420.11903075200007,174,2021,0,4,21.485231229107626,84.14056633976236,0.478463,-0.4905251,2022,1559.4533474445343,"{""geodesic"":false,""type"":""Point"",""coordinates"":[84.14056633976236,21.485231229107626]}"
231,979.8979538707079,202,2021,0,5,21.570930507212626,84.00213595447954,0.20590968,-0.31007847,2022,1477.3682265281677,"{""geodesic"":false,""type"":""Point"",""coordinates"":[84.00213595447954,21.570930507212626]}"
232,201.24611797498108,192,2021,0,4,21.476337907794843,84.191949974014,0.48982608,-0.48274693,2022,1543.9708049297333,"{""geodesic"":false,""type"":""Point"",""coordinates"":[84.191949974014,21.476337907794843]}"
233,1280.0,161,2021,0,1,21.430883154418392,84.07103673677152,0.47514236,-0.4975,2022,1473.8019874989986,"{""geodesic"":false,""type"":""Point"",""coordinates"":[84.07103673677152,21.430883154418392]}"
234,1280.0,185,2021,0,1,21.591591758747377,84.06259257310079,0.2899719,-0.409367,2022,1441.9273054599762,"{""geodesic"":false,""type"":""Point"",""coordinates"":[84.06259257310079,21.591591758747377]}"
235,94.86832980505139,164,2021,0,1,21.454958004032797,83.94715905909143,0.61330533,-0.54832613,2022,1491.5035831928253,"{""geodesic"":false,""type"":""Point"",""coordinates"":[83.94715905909143,21.454958004032797]}"
236,78.10249675906654,204,2021,0,1,21.53921997768321,84.18539227243993,0.6348051,-0.56713176,2022,1486.6419987678528,"{""geodesic"":false,""type"":""Point"",""coordinates"":[84.18539227243993,21.53921997768321]}"
237,410.1219330881975,185,2021,0,5,21.54523869008681,84.133289985961,0.39291736,-0.44802606,2022,1516.5754685401917,"{""geodesic"":false,""type"":""Point"",""coordinates"":[84.133289985961,21.54523869008681]}"
238,630.3173803727769,191,2021,0,1,21.46528862980017,84.19132115331512,0.3637836,-0.46485734,2022,1543.9708049297333,"{""geodesic"":false,""type"":""Point"",""coordinates"":[84.19132115331512,21.46528862980017]}"
239,268.70057685088807,163,2021,0,6,21.486578702033803,83.89748222387962,0.435481,-0.43230915,2022,1425.125935792923,"{""geodesic"":false,""type"":""Point"",""coordinates"":[83.89748222387962,21.486578702033803]}"
240,711.6881339463234,175,2021,0,4,21.45370036263503,84.18054136990568,0.28874388,-0.37733498,2022,1543.9708049297333,"{""geodesic"":false,""type"":""Point"",""coordinates"":[84.18054136990568,21.45370036263503]}"
241,1280.0,169,2021,0,1,21.5075992796822,83.98057638766068,0.5396935,-0.5123394,2022,1506.779983997345,"{""geodesic"":false,""type"":""Point"",""coordinates"":[83.98057638766068,21.5075992796822]}"
242,939.6275858019496,169,2021,0,1,21.420732191707845,84.12008475128444,0.6101306,-0.5841329,2022,1596.4968211650848,"{""geodesic"":false,""type"":""Point"",""coordinates"":[84.12008475128444,21.420732191707845]}"
243,170.0,144,2021,0,6,21.454329183333915,83.99027819272916,0.36700538,-0.4024222,2022,1515.9416505098343,"{""geodesic"":false,""type"":""Point"",""coordinates"":[83.99027819272916,21.454329183333915]}"
244,350.5709628591621,159,2021,0,1,21.50840776343791,84.03079221204295,0.6017195,-0.544536,2022,1464.9749150276184,"{""geodesic"":false,""type"":""Point"",""coordinates"":[84.03079221204295,21.50840776343791]}"
245,1280.0,207,2021,0,1,21.587010350798366,84.02360568977,0.58359975,-0.536216,2022,1477.3682265281677,"{""geodesic"":false,""type"":""Point"",""coordinates"":[84.02360568977,21.587010350798366]}"
246,439.31765272977594,163,2021,0,6,21.532662276109136,83.91490954039153,0.36483368,-0.38577822,2022,1500.3094980716705,"{""geodesic"":false,""type"":""Point"",""coordinates"":[83.91490954039153,21.532662276109136]}"
247,1280.0,211,2021,0,1,21.35946708933089,84.18305665270121,0.5656391,-0.5188172,2022,1569.3732466697693,"{""geodesic"":false,""type"":""Point"",""coordinates"":[84.18305665270121,21.35946708933089]}"
248,288.61739379323626,173,2021,0,4,21.459808906567044,84.0987048475224,0.37583485,-0.46146405,2022,1510.849615097046,"{""geodesic"":false,""type"":""Point"",""coordinates"":[84.0987048475224,21.459808906567044]}"
249,628.0127387243033,171,2021,0,4,21.443279905339242,84.171019227894,0.2879111,-0.39705345,2022,1596.7456719875336,"{""geodesic"":false,""type"":""Point"",""coordinates"":[84.171019227894,21.443279905339242]}"
250,880.2272433866154,159,2021,0,4,21.490710952340756,84.02441417352571,0.47990182,-0.5083659,2022,1504.7035248279572,"{""geodesic"":false,""type"":""Point"",""coordinates"":[84.02441417352571,21.490710952340756]}"
251,393.19206502675,193,2021,0,1,21.4466935034189,84.19365677305383,0.551163,-0.5087156,2022,1596.7456719875336,"{""geodesic"":false,""type"":""Point"",""coordinates"":[84.19365677305383,21.4466935034189]}"
252,1280.0,153,2021,0,4,21.380757161564524,83.87529383636186,0.55279505,-0.5391073,2022,1506.1152746677399,"{""geodesic"":false,""type"":""Point"",""coordinates"":[83.87529383636186,21.380757161564524]}"
253,1178.81296226331,182,2021,0,1,21.542723407291273,84.14496808465455,0.458327,-0.48334074,2022,1516.5754685401917,"{""geodesic"":false,""type"":""Point"",""coordinates"":[84.14496808465455,21.542723407291273]}"
254,130.0,197,2021,0,1,21.47993116893132,83.85849534054883,0.536617,-0.5389858,2022,1425.125935792923,"{""geodesic"":false,""type"":""Point"",""coordinates"":[83.85849534054883,21.47993116893132]}"
255,371.6180835212409,157,2021,0,6,21.474900603340252,83.95722019027357,0.19757102,-0.25930822,2022,1515.9416505098343,"{""geodesic"":false,""type"":""Point"",""coordinates"":[83.95722019027357,21.474900603340252]}"
256,0.0,140,2021,0,0,21.46744458648206,83.95937614695545,-0.19463885,0.29654887,2022,1515.9416505098343,"{""geodesic"":false,""type"":""Point"",""coordinates"":[83.95937614695545,21.46744458648206]}"
257,318.27660925679095,183,2021,0,5,21.565001626337438,83.98318150198462,0.3372471,-0.39896786,2022,1488.760817527771,"{""geodesic"":false,""type"":""Point"",""coordinates"":[83.98318150198462,21.565001626337438]}"
258,554.7071299343465,191,2021,0,1,21.50283820867637,84.17048023872354,0.28873342,-0.37790245,2022,1486.6419987678528,"{""geodesic"":false,""type"":""Point"",""coordinates"":[84.17048023872354,21.50283820867637]}"
259,861.278120005379,200,2021,0,1,21.3805774985077,84.13697307862589,0.6535643,-0.5435323,2022,1570.934062719345,"{""geodesic"":false,""type"":""Point"",""coordinates"":[84.13697307862589,21.3805774985077]}"
260,89.44271909999159,165,2021,0,5,21.46978020622077,84.1182881207162,0.3944105,-0.4250665,2022,1559.4533474445343,"{""geodesic"":false,""type"":""Point"",""coordinates"":[84.1182881207162,21.46978020622077]}"
261,593.0430001273095,186,2021,0,6,21.42154067546355,84.17308535304748,0.34942758,-0.41161156,2022,1596.7456719875336,"{""geodesic"":false,""type"":""Point"",""coordinates"":[84.17308535304748,21.42154067546355]}"
262,152.31546211727817,187,2021,0,5,21.55359302222912,83.97635430582531,0.34249395,-0.43473038,2022,1488.760817527771,"{""geodesic"":false,""type"":""Point"",""coordinates"":[83.97635430582531,21.55359302222912]}"
263,644.437739428721,178,2021,0,4,21.53607587418879,84.00366309046255,0.48806113,-0.48995855,2022,1464.9749150276184,"{""geodesic"":false,""type"":""Point"",""coordinates"":[84.00366309046255,21.53607587418879]}"
264,454.8626166217664,192,2021,0,5,21.584674731059657,84.03833806042957,0.25287968,-0.35935396,2022,1477.3682265281677,"{""geodesic"":false,""type"":""Point"",""coordinates"":[84.03833806042957,21.584674731059657]}"
265,281.7800560721074,196,2021,0,4,21.554671000570064,84.17137855400766,0.2341278,-0.3620837,2022,1467.101193189621,"{""geodesic"":false,""type"":""Point"",""coordinates"":[84.17137855400766,21.554671000570064]}"
266,956.922149393565,149,2021,0,4,21.37491811221775,83.8801447388961,0.6426296,-0.5839151,2022,1506.1152746677399,"{""geodesic"":false,""type"":""Point"",""coordinates"":[83.8801447388961,21.37491811221775]}"
267,731.6419889536138,170,2021,0,4,21.49879578989783,84.07597747083418,0.5431181,-0.5251636,2022,1510.849615097046,"{""geodesic"":false,""type"":""Point"",""coordinates"":[84.07597747083418,21.49879578989783]}"
268,721.1102550927978,257,2021,0,1,21.491788930681697,83.86020213958867,0.6444929,-0.58883184,2022,1425.125935792923,"{""geodesic"":false,""type"":""Point"",""coordinates"":[83.86020213958867,21.491788930681697]}"
269,272.9468812791236,145,2021,0,1,21.45145457442473,83.98057638766068,0.71958506,-0.62721515,2022,1515.9416505098343,"{""geodesic"":false,""type"":""Point"",""coordinates"":[83.98057638766068,21.45145457442473]}"
270,1280.0,174,2021,0,4,21.503556860903664,84.06654516035091,0.30232558,-0.39063993,2022,1462.586761713028,"{""geodesic"":false,""type"":""Point"",""coordinates"":[84.06654516035091,21.503556860903664]}"
271,342.0526275297414,179,2021,0,1,21.50670096439808,84.15646652029127,0.5559528,-0.5061429,2022,1486.6419987678528,"{""geodesic"":false,""type"":""Point"",""coordinates"":[84.15646652029127,21.50670096439808]}"
272,94.33981132056603,159,2021,0,3,21.455766487788505,83.93826573777865,0.4380462,-0.4254776,2022,1491.5035831928253,"{""geodesic"":false,""type"":""Point"",""coordinates"":[83.93826573777865,21.455766487788505]}"
273,0.0,188,2021,0,0,21.558533756291776,83.8801447388961,-0.20614804,0.3904484,2022,1460.6702898740768,"{""geodesic"":false,""type"":""Point"",""coordinates"":[83.8801447388961,21.558533756291776]}"
274,189.73665961010278,223,2021,0,1,21.538950483097974,84.1889855335764,0.71061474,-0.6174073,2022,1486.6419987678528,"{""geodesic"":false,""type"":""Point"",""coordinates"":[84.1889855335764,21.538950483097974]}"
275,1195.0313803411188,200,2021,0,4,21.594196873071322,84.16742596675753,0.21929571,-0.3486881,2022,1467.101193189621,"{""geodesic"":false,""type"":""Point"",""coordinates"":[84.16742596675753,21.594196873071322]}"
276,90.55385138137417,192,2021,0,1,21.576320398917346,84.10355575005664,0.41823444,-0.45185184,2022,1429.1016558408737,"{""geodesic"":false,""type"":""Point"",""coordinates"":[84.10355575005664,21.576320398917346]}"
277,0.0,188,2021,0,0,21.58772900302566,83.98381032268351,-0.21259843,0.33425122,2022,1488.760817527771,"{""geodesic"":false,""type"":""Point"",""coordinates"":[83.98381032268351,21.58772900302566]}"
278,922.0086767487603,177,2021,0,1,21.511462035403916,84.13302049137576,0.5122947,-0.49684232,2022,1516.5754685401917,"{""geodesic"":false,""type"":""Point"",""coordinates"":[84.13302049137576,21.511462035403916]}"
279,1072.2872749408155,159,2021,0,6,21.46609711355588,83.98713408923474,0.15873154,-0.2371538,2022,1515.9416505098343,"{""geodesic"":false,""type"":""Point"",""coordinates"":[83.98713408923474,21.46609711355588]}"
280,143.17821063276352,177,2021,0,1,21.438878160447057,84.12745093661421,0.34193167,-0.41782627,2022,1596.4968211650848,"{""geodesic"":false,""type"":""Point"",""coordinates"":[84.12745093661421,21.438878160447057]}"
281,1280.0,179,2021,0,4,21.56006089227478,84.01219708566168,0.56657535,-0.5341069,2022,1477.3682265281677,"{""geodesic"":false,""type"":""Point"",""coordinates"":[84.01219708566168,21.56006089227478]}"
282,674.7592163134935,180,2021,0,1,21.51909771531893,84.1596106237857,0.4972477,-0.43616,2022,1486.6419987678528,"{""geodesic"":false,""type"":""Point"",""coordinates"":[84.1596106237857,21.51909771531893]}"
283,423.7924020083418,204,2021,0,4,21.364677317978785,84.15673601487651,0.27396262,-0.38925642,2022,1569.3732466697693,"{""geodesic"":false,""type"":""Point"",""coordinates"":[84.15673601487651,21.364677317978785]}"
284,1280.0,498,2021,0,1,21.36126371989913,84.04723138174235,0.69047946,-0.6039682,2022,1473.560908794403,"{""geodesic"":false,""type"":""Point"",""coordinates"":[84.04723138174235,21.36126371989913]}"
285,356.93136595149497,156,2021,0,1,21.481548136442736,84.0566636922256,0.44186047,-0.4051804,2022,1510.849615097046,"{""geodesic"":false,""type"":""Point"",""coordinates"":[84.0566636922256,21.481548136442736]}"
286,183.5755975068582,162,2021,0,5,21.43115264900363,83.93817590625024,0.28960627,-0.34963247,2022,1527.9942190647125,"{""geodesic"":false,""type"":""Point"",""coordinates"":[83.93817590625024,21.43115264900363]}"
287,870.0,196,2021,0,1,21.586561193156307,84.0828944985219,0.37546858,-0.41978922,2022,1441.9273054599762,"{""geodesic"":false,""type"":""Point"",""coordinates"":[84.0828944985219,21.586561193156307]}"
288,884.8163651289458,168,2021,0,1,21.47157683678901,84.07651646000464,0.3879552,-0.4477721,2022,1510.849615097046,"{""geodesic"":false,""type"":""Point"",""coordinates"":[84.07651646000464,21.47157683678901]}"
289,1280.0,173,2021,0,4,21.554042179871182,84.00051898696813,0.48117685,-0.4782151,2022,1477.3682265281677,"{""geodesic"":false,""type"":""Point"",""coordinates"":[84.00051898696813,21.554042179871182]}"
290,120.41594578792296,158,2021,0,0,21.46933104857871,83.91302307829488,0.14783679,-0.07967367,2022,1491.5035831928253,"{""geodesic"":false,""type"":""Point"",""coordinates"":[83.91302307829488,21.46933104857871]}"
291,0.0,188,2021,0,0,21.570301686513744,83.91553836109043,-0.15858002,0.3633829,2022,1462.1980240345001,"{""geodesic"":false,""type"":""Point"",""coordinates"":[83.91553836109043,21.570301686513744]}"
292,1280.0,163,2021,0,4,21.38740469466701,84.01264624330375,0.59961236,-0.5545953,2022,1473.560908794403,"{""geodesic"":false,""type"":""Point"",""coordinates"":[84.01264624330375,21.38740469466701]}"
293,1280.0,180,2021,0,1,21.465019135214934,83.8545427532987,0.62626773,-0.55868775,2022,1425.125935792923,"{""geodesic"":false,""type"":""Point"",""coordinates"":[83.8545427532987,21.465019135214934]}"
294,1280.0,155,2021,0,4,21.432230627344573,84.06501802436792,0.54594034,-0.49533126,2022,1473.8019874989986,"{""geodesic"":false,""type"":""Point"",""coordinates"":[84.06501802436792,21.432230627344573]}"
295,382.099463490856,139,2021,0,5,21.406987967860815,83.96898812049554,0.2320964,-0.3415718,2022,1474.2084752321243,"{""geodesic"":false,""type"":""Point"",""coordinates"":[83.96898812049554,21.406987967860815]}"
296,422.0189569201838,156,2021,0,1,21.449298617742844,84.05378908331642,0.46729776,-0.4270768,2022,1473.8019874989986,"{""geodesic"":false,""type"":""Point"",""coordinates"":[84.05378908331642,21.449298617742844]}"
297,656.2011886609167,169,2021,0,4,21.41237785956553,83.86092079181596,0.56744176,-0.5233593,2022,1488.7521340847015,"{""geodesic"":false,""type"":""Point"",""coordinates"":[83.86092079181596,21.41237785956553]}"
298,570.087712549569,145,2021,0,1,21.37123501955286,83.94329630336972,0.54091525,-0.52427185,2022,1542.414464712143,"{""geodesic"":false,""type"":""Point"",""coordinates"":[83.94329630336972,21.37123501955286]}"
299,1046.3746938836011,175,2021,0,4,21.541825092007155,83.99710538888847,0.61653304,-0.5753738,2022,1506.779983997345,"{""geodesic"":false,""type"":""Point"",""coordinates"":[83.99710538888847,21.541825092007155]}"
300,816.884324736373,216,2021,0,1,21.374019796933627,84.18934485969005,0.6430446,-0.55818295,2022,1569.3732466697693,"{""geodesic"":false,""type"":""Point"",""coordinates"":[84.18934485969005,21.374019796933627]}"
301,1280.0,161,2021,0,4,21.428996692321743,84.0544179040153,0.47715393,-0.49401337,2022,1473.8019874989986,"{""geodesic"":false,""type"":""Point"",""coordinates"":[84.0544179040153,21.428996692321743]}"
302,304.138126514911,150,2021,0,4,21.47067852150489,84.01857512417894,0.54670656,-0.50436807,2022,1504.7035248279572,"{""geodesic"":false,""type"":""Point"",""coordinates"":[84.01857512417894,21.47067852150489]}"
303,953.4149149242422,186,2021,0,1,21.497178822386413,84.18377530492852,0.40269342,-0.43878657,2022,1543.9708049297333,"{""geodesic"":false,""type"":""Point"",""coordinates"":[84.18377530492852,21.497178822386413]}"
304,1201.0412149464314,143,2021,0,4,21.35057376801811,83.95156080398361,0.53779924,-0.52936757,2022,1523.130874812603,"{""geodesic"":false,""type"":""Point"",""coordinates"":[83.95156080398361,21.35057376801811]}"
305,1280.0,175,2021,0,0,21.512899339858507,83.99342229622359,0.438801,-0.34877065,2022,1506.779983997345,"{""geodesic"":false,""type"":""Point"",""coordinates"":[83.99342229622359,21.512899339858507]}"
306,807.5270893288967,148,2021,0,4,21.39800481501962,83.98875105674617,0.508782,-0.50143266,2022,1523.130874812603,"{""geodesic"":false,""type"":""Point"",""coordinates"":[83.98875105674617,21.39800481501962]}"
307,803.0566605165541,158,2021,0,6,21.48900415330093,83.95308793996662,0.376979,-0.39132062,2022,1515.9416505098343,"{""geodesic"":false,""type"":""Point"",""coordinates"":[83.95308793996662,21.48900415330093]}"
308,170.29386365926402,157,2021,0,4,21.50858742649473,83.89496694108408,0.3059685,-0.35684648,2022,1444.0026681423187,"{""geodesic"":false,""type"":""Point"",""coordinates"":[83.89496694108408,21.50858742649473]}"
309,893.5882720806042,175,2021,0,6,21.426661072583034,83.89900935986262,0.20864989,-0.24159022,2022,1488.7521340847015,"{""geodesic"":false,""type"":""Point"",""coordinates"":[83.89900935986262,21.426661072583034]}"
310,1280.0,172,2021,0,4,21.420013539480546,84.07121639982833,0.36177474,-0.42020962,2022,1473.8019874989986,"{""geodesic"":false,""type"":""Point"",""coordinates"":[84.07121639982833,21.420013539480546]}"
311,483.3218389437829,166,2021,0,1,21.406448978690342,83.92730629131239,0.43224254,-0.4931435,2022,1527.9942190647125,"{""geodesic"":false,""type"":""Point"",""coordinates"":[83.92730629131239,21.406448978690342]}"
312,106.3014581273465,170,2021,0,1,21.50283820867637,83.88194136946436,0.69372666,-0.5982437,2022,1444.0026681423187,"{""geodesic"":false,""type"":""Point"",""coordinates"":[83.88194136946436,21.50283820867637]}"
313,582.494635168428,195,2021,0,1,21.384080928115768,84.1678751243996,0.60431516,-0.50596744,2022,1569.3732466697693,"{""geodesic"":false,""type"":""Point"",""coordinates"":[84.1678751243996,21.384080928115768]}"
314,1280.0,184,2021,0,5,21.40626931563352,84.18323631575804,0.31591916,-0.38163,2022,1596.7456719875336,"{""geodesic"":false,""type"":""Point"",""coordinates"":[84.18323631575804,21.40626931563352]}"
315,192.09372712298546,190,2021,0,4,21.581889953678886,84.08990135773801,0.2619532,-0.34983677,2022,1441.9273054599762,"{""geodesic"":false,""type"":""Point"",""coordinates"":[84.08990135773801,21.581889953678886]}"
316,623.6184731067545,177,2021,0,1,21.412557522622357,83.94832686896079,0.537852,-0.50999284,2022,1527.9942190647125,"{""geodesic"":false,""type"":""Point"",""coordinates"":[83.94832686896079,21.412557522622357]}"
317,0.0,188,2021,0,0,21.560779544502076,83.92146724196562,-0.20883882,0.42410454,2022,1462.1980240345001,"{""geodesic"":false,""type"":""Point"",""coordinates"":[83.92146724196562,21.560779544502076]}"
318,313.8470965295043,178,2021,0,1,21.531314803182955,84.00321393282049,0.27183095,-0.35410538,2022,1464.9749150276184,"{""geodesic"":false,""type"":""Point"",""coordinates"":[84.00321393282049,21.531314803182955]}"
319,1280.0,169,2021,0,0,21.552874370001824,84.05325009414594,0.4356683,-0.36584145,2022,1441.9273054599762,"{""geodesic"":false,""type"":""Point"",""coordinates"":[84.05325009414594,21.552874370001824]}"
320,0.0,188,2021,0,0,21.571918654025158,83.9551540651201,-0.20095219,0.36837482,2022,1488.760817527771,"{""geodesic"":false,""type"":""Point"",""coordinates"":[83.9551540651201,21.571918654025158]}"
321,0.0,188,2021,0,0,21.593388389315617,83.9297317425795,-0.16911505,0.31875774,2022,1462.1980240345001,"{""geodesic"":false,""type"":""Point"",""coordinates"":[83.9297317425795,21.593388389315617]}"
322,878.2368700982669,162,2021,0,4,21.47211582595948,84.04956700148105,0.35415366,-0.38353541,2022,1504.7035248279572,"{""geodesic"":false,""type"":""Point"",""coordinates"":[84.04956700148105,21.47211582595948]}"
323,0.0,188,2021,0,0,21.53517755890467,83.86505304212291,-0.14650121,0.33117235,2022,1444.0026681423187,"{""geodesic"":false,""type"":""Point"",""coordinates"":[83.86505304212291,21.53517755890467]}"
324,610.0,176,2021,0,4,21.427918713980798,84.18395496798533,0.24777415,-0.3729988,2022,1596.7456719875336,"{""geodesic"":false,""type"":""Point"",""coordinates"":[84.18395496798533,21.427918713980798]}"
325,1280.0,160,2021,0,4,21.352190735529526,84.00393258504778,0.510466,-0.48639303,2022,1473.560908794403,"{""geodesic"":false,""type"":""Point"",""coordinates"":[84.00393258504778,21.352190735529526]}"
326,440.4543109109048,215,2021,0,1,21.582698437434594,84.18548210396834,0.35323384,-0.44777113,2022,1467.101193189621,"{""geodesic"":false,""type"":""Point"",""coordinates"":[84.18548210396834,21.582698437434594]}"
327,1280.0,162,2021,0,4,21.413725332491712,84.06385021449856,0.5942857,-0.588386,2022,1473.8019874989986,"{""geodesic"":false,""type"":""Point"",""coordinates"":[84.06385021449856,21.413725332491712]}"
328,152.31546211727817,135,2021,0,3,21.36431799186514,83.93619961262517,0.47924915,-0.4527669,2022,1542.414464712143,"{""geodesic"":false,""type"":""Point"",""coordinates"":[83.93619961262517,21.36431799186514]}"
329,1280.0,170,2021,0,4,21.512540013744857,83.99647656818959,0.4650083,-0.48695505,2022,1506.779983997345,"{""geodesic"":false,""type"":""Point"",""coordinates"":[83.99647656818959,21.512540013744857]}"
330,225.61028345356956,179,2021,0,4,21.578206861013996,84.07498932402164,0.4248458,-0.44344988,2022,1441.9273054599762,"{""geodesic"":false,""type"":""Point"",""coordinates"":[84.07498932402164,21.578206861013996]}"
331,85.44003745317531,181,2021,0,5,21.459090254339745,84.08693691730042,0.35309,-0.42222223,2022,1510.849615097046,"{""geodesic"":false,""type"":""Point"",""coordinates"":[84.08693691730042,21.459090254339745]}"
332,933.4345183246653,200,2021,0,1,21.561588028257784,84.17308535304748,0.38226354,-0.47446716,2022,1467.101193189621,"{""geodesic"":false,""type"":""Point"",""coordinates"":[84.17308535304748,21.561588028257784]}"
333,622.9767250869008,176,2021,0,6,21.53751317864338,83.92703679672715,0.5139499,-0.4723201,2022,1500.3094980716705,"{""geodesic"":false,""type"":""Point"",""coordinates"":[83.92703679672715,21.53751317864338]}"
334,643.2728814430156,174,2021,0,1,21.423966126730672,84.11316772359672,0.4124866,-0.46280468,2022,1596.4968211650848,"{""geodesic"":false,""type"":""Point"",""coordinates"":[84.11316772359672,21.423966126730672]}"
335,1280.0,362,2021,0,1,21.381745308377056,84.05271110497547,0.63572115,-0.6042848,2022,1469.0348498821259,"{""geodesic"":false,""type"":""Point"",""coordinates"":[84.05271110497547,21.381745308377056]}"
336,898.7213138676527,164,2021,0,6,21.484243082295094,83.98443914338239,0.20454091,-0.2328274,2022,1515.9416505098343,"{""geodesic"":false,""type"":""Point"",""coordinates"":[83.98443914338239,21.484243082295094]}"
337,0.0,188,2021,0,0,21.56634909926362,83.96880845743871,-0.2038065,0.36132315,2022,1488.760817527771,"{""geodesic"":false,""type"":""Point"",""coordinates"":[83.96880845743871,21.56634909926362]}"
338,595.4829972383762,177,2021,0,4,21.42333730603179,84.1776667609965,0.30872312,-0.40977803,2022,1596.7456719875336,"{""geodesic"":false,""type"":""Point"",""coordinates"":[84.1776667609965,21.42333730603179]}"
339,230.8679276123039,154,2021,0,1,21.449927438441726,84.0499263275947,0.34639484,-0.36751524,2022,1531.3260192871094,"{""geodesic"":false,""type"":""Point"",""coordinates"":[84.0499263275947,21.449927438441726]}"
340,1280.0,166,2021,0,1,21.500951746579716,84.05917897502113,0.5409204,-0.52315235,2022,1462.586761713028,"{""geodesic"":false,""type"":""Point"",""coordinates"":[84.05917897502113,21.500951746579716]}"
341,1263.1706139710502,184,2021,0,5,21.55215571777453,84.10858631564771,0.32451555,-0.40760145,2022,1429.1016558408737,"{""geodesic"":false,""type"":""Point"",""coordinates"":[84.10858631564771,21.55215571777453]}"
342,1280.0,447,2021,0,1,21.59904777560557,84.10068114114746,0.55686736,-0.52732575,2022,1429.1016558408737,"{""geodesic"":false,""type"":""Point"",""coordinates"":[84.10068114114746,21.59904777560557]}"
343,391.1521443121589,151,2021,0,4,21.47067852150489,84.01336489553104,0.474949,-0.48912793,2022,1504.7035248279572,"{""geodesic"":false,""type"":""Point"",""coordinates"":[84.01336489553104,21.47067852150489]}"
344,1280.0,157,2021,0,4,21.384530085757827,83.86846664020256,0.55624646,-0.50890654,2022,1506.1152746677399,"{""geodesic"":false,""type"":""Point"",""coordinates"":[83.86846664020256,21.384530085757827]}"
345,1280.0,161,2021,0,6,21.433667931799164,83.9229045464202,0.14987531,-0.13389893,2022,1527.9942190647125,"{""geodesic"":false,""type"":""Point"",""coordinates"":[83.9229045464202,21.433667931799164]}"
346,590.0,194,2021,0,1,21.50975523636409,84.1958127297357,0.5108091,-0.4987745,2022,1486.6419987678528,"{""geodesic"":false,""type"":""Point"",""coordinates"":[84.1958127297357,21.50975523636409]}"
347,130.0,193,2021,0,4,21.591501927218964,84.0499263275947,0.31497943,-0.40213156,2022,1477.3682265281677,"{""geodesic"":false,""type"":""Point"",""coordinates"":[84.0499263275947,21.591501927218964]}"
348,470.7440918375928,168,2021,0,6,21.487477017317925,84.07337235651022,0.29851177,-0.35538185,2022,1510.849615097046,"{""geodesic"":false,""type"":""Point"",""coordinates"":[84.07337235651022,21.487477017317925]}"
349,0.0,188,2021,0,0,21.573086463894516,83.85966315041819,-0.15634972,0.33232322,2022,1460.6702898740768,"{""geodesic"":false,""type"":""Point"",""coordinates"":[83.85966315041819,21.573086463894516]}"
350,76.15773105863909,190,2021,0,4,21.47157683678901,84.19994498004266,0.41277906,-0.44140747,2022,1543.9708049297333,"{""geodesic"":false,""type"":""Point"",""coordinates"":[84.19994498004266,21.47157683678901]}"
351,554.4366510251645,149,2021,0,4,21.506341638284432,83.90592638755034,0.2427444,-0.3304914,2022,1500.3094980716705,"{""geodesic"":false,""type"":""Point"",""coordinates"":[83.90592638755034,21.506341638284432]}"
352,169.70562748477138,165,2021,0,6,21.453969857220265,83.9453624285232,0.5025473,-0.49380937,2022,1491.5035831928253,"{""geodesic"":false,""type"":""Point"",""coordinates"":[83.9453624285232,21.453969857220265]}"
353,0.0,188,2021,0,0,21.5346385697342,83.86101062334437,-0.15616438,0.34398296,2022,1444.0026681423187,"{""geodesic"":false,""type"":""Point"",""coordinates"":[83.86101062334437,21.5346385697342]}"
354,197.9898987322333,142,2021,0,1,21.367102769245907,83.9612626090521,0.55996615,-0.54887474,2022,1523.130874812603,"{""geodesic"":false,""type"":""Point"",""coordinates"":[83.9612626090521,21.367102769245907]}"
355,1181.905241548577,181,2021,0,5,21.546496331484576,83.95964564154069,0.4282303,-0.43156117,2022,1506.779983997345,"{""geodesic"":false,""type"":""Point"",""coordinates"":[83.95964564154069,21.546496331484576]}"
356,1051.9030373565806,174,2021,0,4,21.432589953458223,83.8507698291054,0.543058,-0.5325091,2022,1488.7521340847015,"{""geodesic"":false,""type"":""Point"",""coordinates"":[83.8507698291054,21.432589953458223]}"
357,1280.0,171,2021,0,4,21.535267390433084,83.95578288581898,0.5189477,-0.5392459,2022,1506.779983997345,"{""geodesic"":false,""type"":""Point"",""coordinates"":[83.95578288581898,21.535267390433084]}"
358,644.0496875241847,162,2021,0,4,21.402945549082276,84.03420581012261,0.4844026,-0.505447,2022,1531.3260192871094,"{""geodesic"":false,""type"":""Point"",""coordinates"":[84.03420581012261,21.402945549082276]}"
359,503.2891812864648,191,2021,0,1,21.585034057173303,84.09017085232325,0.51575863,-0.5258239,2022,1441.9273054599762,"{""geodesic"":false,""type"":""Point"",""coordinates"":[84.09017085232325,21.585034057173303]}"
360,1172.7318534089538,176,2021,0,4,21.513258665972153,84.10616086438058,0.50904644,-0.499757,2022,1516.5754685401917,"{""geodesic"":false,""type"":""Point"",""coordinates"":[84.10616086438058,21.513258665972153]}"
361,645.6004956627589,142,2021,0,4,21.373929965405218,83.90942981715841,0.60865015,-0.558345,2022,1542.414464712143,"{""geodesic"":false,""type"":""Point"",""coordinates"":[83.90942981715841,21.373929965405218]}"
362,573.846669416143,178,2021,0,4,21.544699700916336,83.94446411323906,0.5824384,-0.5314076,2022,1500.3094980716705,"{""geodesic"":false,""type"":""Point"",""coordinates"":[83.94446411323906,21.544699700916336]}"
363,0.0,158,2021,0,0,21.492238088323756,83.90799251270381,-0.05786157,0.20427553,2022,1491.5035831928253,"{""geodesic"":false,""type"":""Point"",""coordinates"":[83.90799251270381,21.492238088323756]}"
364,1280.0,158,2021,0,6,21.43654254070835,84.07570797624894,0.28235534,-0.31048894,2022,1473.8019874989986,"{""geodesic"":false,""type"":""Point"",""coordinates"":[84.07570797624894,21.43654254070835]}"
365,602.0797289396147,170,2021,0,1,21.493046572079464,84.08720641188566,0.6328063,-0.5919075,2022,1510.849615097046,"{""geodesic"":false,""type"":""Point"",""coordinates"":[84.08720641188566,21.493046572079464]}"
366,1280.0,165,2021,0,4,21.49699915932959,84.03321766331008,0.47907805,-0.4783834,2022,1504.7035248279572,"{""geodesic"":false,""type"":""Point"",""coordinates"":[84.03321766331008,21.49699915932959]}"
367,320.1562118716424,163,2021,0,5,21.47849386447673,84.08918270551072,0.26123777,-0.33467382,2022,1510.849615097046,"{""geodesic"":false,""type"":""Point"",""coordinates"":[84.08918270551072,21.47849386447673]}"
368,347.1310991541957,185,2021,0,4,21.57164915943992,84.10822698953406,0.25910673,-0.37138438,2022,1429.1016558408737,"{""geodesic"":false,""type"":""Point"",""coordinates"":[84.10822698953406,21.57164915943992]}"
369,1280.0,160,2021,0,4,21.367462095359556,83.85849534054883,0.56859034,-0.5479414,2022,1506.1152746677399,"{""geodesic"":false,""type"":""Point"",""coordinates"":[83.85849534054883,21.367462095359556]}"
370,973.0878685915264,161,2021,0,6,21.35156191483064,83.85580039469647,0.55987155,-0.539158,2022,1506.1152746677399,"{""geodesic"":false,""type"":""Point"",""coordinates"":[83.85580039469647,21.35156191483064]}"
371,929.569792968769,197,2021,0,1,21.597969797264625,84.06079594253255,0.5859106,-0.55381215,2022,1441.9273054599762,"{""geodesic"":false,""type"":""Point"",""coordinates"":[84.06079594253255,21.597969797264625]}"
372,776.2087348130012,196,2021,0,1,21.566618593848855,84.14074600281918,0.50103104,-0.5141151,2022,1429.1016558408737,"{""geodesic"":false,""type"":""Point"",""coordinates"":[84.14074600281918,21.566618593848855]}"
373,1085.7716150277645,161,2021,0,4,21.483344767010973,83.95281844538138,0.62128633,-0.60302687,2022,1515.9416505098343,"{""geodesic"":false,""type"":""Point"",""coordinates"":[83.95281844538138,21.483344767010973]}"
374,371.21422386541167,170,2021,0,4,21.443729062981305,84.16805478745641,0.33671874,-0.4033217,2022,1596.7456719875336,"{""geodesic"":false,""type"":""Point"",""coordinates"":[84.16805478745641,21.443729062981305]}"
375,1187.0130580579137,172,2021,0,4,21.393333575542197,83.85121898674747,0.6084656,-0.5589744,2022,1506.1152746677399,"{""geodesic"":false,""type"":""Point"",""coordinates"":[83.85121898674747,21.393333575542197]}"
376,150.33296378372907,157,2021,0,6,21.486938028147453,83.96449654407493,0.5710002,-0.54035115,2022,1515.9416505098343,"{""geodesic"":false,""type"":""Point"",""coordinates"":[83.96449654407493,21.486938028147453]}"
377,872.0091742636656,164,2021,0,4,21.402316728383393,84.03806856584433,0.5352798,-0.542473,2022,1531.3260192871094,"{""geodesic"":false,""type"":""Point"",""coordinates"":[84.03806856584433,21.402316728383393]}"
378,1125.8774356030056,149,2021,0,4,21.432410290401396,84.01345472705945,0.28660825,-0.38731444,2022,1531.3260192871094,"{""geodesic"":false,""type"":""Point"",""coordinates"":[84.01345472705945,21.432410290401396]}"
379,136.01470508735443,184,2021,0,5,21.56051004991684,84.12619329521645,0.34370258,-0.41800532,2022,1429.1016558408737,"{""geodesic"":false,""type"":""Point"",""coordinates"":[84.12619329521645,21.56051004991684]}"
380,180.27756377319946,152,2021,0,6,21.47984133740291,84.01498186304245,0.38759825,-0.4040297,2022,1504.7035248279572,"{""geodesic"":false,""type"":""Point"",""coordinates"":[84.01498186304245,21.47984133740291]}"
381,0.0,188,2021,0,0,21.591232432633728,83.88688210352701,-0.15734072,0.32396024,2022,1460.6702898740768,"{""geodesic"":false,""type"":""Point"",""coordinates"":[83.88688210352701,21.591232432633728]}"
382,1280.0,374,2021,0,1,21.37042653579715,84.03070238051454,0.3932264,-0.47138554,2022,1473.560908794403,"{""geodesic"":false,""type"":""Point"",""coordinates"":[84.03070238051454,21.37042653579715]}"
383,1019.803902718557,173,2021,0,4,21.414443984719007,84.14371044325678,0.3272141,-0.4090071,2022,1596.4968211650848,"{""geodesic"":false,""type"":""Point"",""coordinates"":[84.14371044325678,21.414443984719007]}"
384,0.0,188,2021,0,0,21.589705296650724,83.90430942003893,-0.15535766,0.3264367,2022,1462.1980240345001,"{""geodesic"":false,""type"":""Point"",""coordinates"":[83.90430942003893,21.589705296650724]}"
385,471.6990566028302,197,2021,0,4,21.57874585018447,84.16814461898483,0.2792487,-0.39476678,2022,1467.101193189621,"{""geodesic"":false,""type"":""Point"",""coordinates"":[84.16814461898483,21.57874585018447]}"
386,621.6912416947821,165,2021,0,4,21.412018533451885,83.8628072539126,0.4982538,-0.5076878,2022,1488.7521340847015,"{""geodesic"":false,""type"":""Point"",""coordinates"":[83.8628072539126,21.412018533451885]}"
387,1280.0,177,2021,0,4,21.394681048468378,84.0754384816637,0.31837043,-0.40645885,2022,1469.0348498821259,"{""geodesic"":false,""type"":""Point"",""coordinates"":[84.0754384816637,21.394681048468378]}"
388,1280.0,163,2021,0,5,21.36530613867767,84.01129877037756,0.3823149,-0.44376034,2022,1473.560908794403,"{""geodesic"":false,""type"":""Point"",""coordinates"":[84.01129877037756,21.36530613867767]}"
389,1280.0,433,2021,0,1,21.414713479304243,84.0890030424539,0.5195707,-0.54048,2022,1473.8019874989986,"{""geodesic"":false,""type"":""Point"",""coordinates"":[84.0890030424539,21.414713479304243]}"
390,740.0,199,2021,0,1,21.48029049504497,84.19823818100284,0.54706496,-0.51445085,2022,1543.9708049297333,"{""geodesic"":false,""type"":""Point"",""coordinates"":[84.19823818100284,21.48029049504497]}"
391,64.03124237432849,143,2021,0,0,21.456754634601037,83.9641372179613,0.44967166,-0.40352803,2022,1515.9416505098343,"{""geodesic"":false,""type"":""Point"",""coordinates"":[83.9641372179613,21.456754634601037]}"
392,1280.0,172,2021,0,4,21.438698497390234,83.90925015410158,0.54414123,-0.5159155,2022,1527.9942190647125,"{""geodesic"":false,""type"":""Point"",""coordinates"":[83.90925015410158,21.438698497390234]}"
393,243.51591323771842,143,2021,0,3,21.418486403497546,84.01938360793464,0.36543804,-0.40956023,2022,1531.3260192871094,"{""geodesic"":false,""type"":""Point"",""coordinates"":[84.01938360793464,21.418486403497546]}"
394,375.89892258425004,197,2021,0,1,21.584495068002834,84.13212217609164,0.524827,-0.5204038,2022,1429.1016558408737,"{""geodesic"":false,""type"":""Point"",""coordinates"":[84.13212217609164,21.584495068002834]}"
395,310.0,200,2021,0,1,21.560599881445253,84.18090069601932,0.37168714,-0.41243032,2022,1467.101193189621,"{""geodesic"":false,""type"":""Point"",""coordinates"":[84.18090069601932,21.560599881445253]}"
396,751.3321502504734,146,2021,0,4,21.41929488725325,83.96782031062618,0.64054567,-0.5699669,2022,1474.2084752321243,"{""geodesic"":false,""type"":""Point"",""coordinates"":[83.96782031062618,21.41929488725325]}"
397,1028.2509421342634,179,2021,0,6,21.460797053379576,84.12646278980168,0.4022075,-0.44356346,2022,1559.4533474445343,"{""geodesic"":false,""type"":""Point"",""coordinates"":[84.12646278980168,21.460797053379576]}"
398,331.05890714493694,156,2021,0,6,21.466905597311587,83.97410851761501,0.25835404,-0.29413453,2022,1515.9416505098343,"{""geodesic"":false,""type"":""Point"",""coordinates"":[83.97410851761501,21.466905597311587]}"
399,332.86633954186476,183,2021,0,4,21.546945489126635,83.97060508800695,0.2944287,-0.38053477,2022,1506.779983997345,"{""geodesic"":false,""type"":""Point"",""coordinates"":[83.97060508800695,21.546945489126635]}"
400,342.34485537247383,183,2021,0,4,21.45370036263503,84.13607476334177,0.28015035,-0.399789,2022,1559.4533474445343,"{""geodesic"":false,""type"":""Point"",""coordinates"":[84.13607476334177,21.45370036263503]}"
401,114.0175425099138,135,2021,0,1,21.375636764445044,83.9545252444212,0.6691056,-0.59334964,2022,1523.130874812603,"{""geodesic"":false,""type"":""Point"",""coordinates"":[83.9545252444212,21.375636764445044]}"
402,1280.0,163,2021,0,5,21.357131469592183,84.01210725413327,0.3082896,-0.42527995,2022,1473.560908794403,"{""geodesic"":false,""type"":""Point"",""coordinates"":[84.01210725413327,21.357131469592183]}"
403,0.0,134,2021,0,0,21.377074068899635,83.96683216381365,-0.017957352,0.16982922,2022,1523.130874812603,"{""geodesic"":false,""type"":""Point"",""coordinates"":[83.96683216381365,21.377074068899635]}"
404,1122.9425630903836,169,2021,0,4,21.54110643977986,84.0041122481046,0.6184602,-0.5806482,2022,1464.9749150276184,"{""geodesic"":false,""type"":""Point"",""coordinates"":[84.0041122481046,21.54110643977986]}"
405,388.9730067755345,202,2021,0,1,21.38039783545088,84.14568673688184,0.3764706,-0.40869564,2022,1570.934062719345,"{""geodesic"":false,""type"":""Point"",""coordinates"":[84.14568673688184,21.38039783545088]}"
406,624.2595614005443,159,2021,0,4,21.44121378018577,83.93745725402293,0.5551102,-0.51182854,2022,1527.9942190647125,"{""geodesic"":false,""type"":""Point"",""coordinates"":[83.93745725402293,21.44121378018577]}"
407,545.6189146281496,190,2021,0,4,21.57650006197417,84.15404106902416,0.35350597,-0.42273873,2022,1467.101193189621,"{""geodesic"":false,""type"":""Point"",""coordinates"":[84.15404106902416,21.57650006197417]}"
408,1280.0,178,2021,0,6,21.510563720119794,83.98443914338239,0.27878463,-0.32983187,2022,1506.779983997345,"{""geodesic"":false,""type"":""Point"",""coordinates"":[83.98443914338239,21.510563720119794]}"
409,1280.0,151,2021,0,4,21.369258725927796,83.87304804815157,0.6182765,-0.5609484,2022,1506.1152746677399,"{""geodesic"":false,""type"":""Point"",""coordinates"":[83.87304804815157,21.369258725927796]}"
410,603.0754513325841,185,2021,0,1,21.544969195501572,84.13742223626794,0.5195329,-0.5040406,2022,1516.5754685401917,"{""geodesic"":false,""type"":""Point"",""coordinates"":[84.13742223626794,21.544969195501572]}"
411,335.4101966249684,194,2021,0,1,21.577308545729878,84.11020328315912,0.3176577,-0.38708255,2022,1429.1016558408737,"{""geodesic"":false,""type"":""Point"",""coordinates"":[84.11020328315912,21.577308545729878]}"
412,572.4508712544684,189,2021,0,4,21.549281108865348,84.13984768753507,0.31751853,-0.4147047,2022,1516.5754685401917,"{""geodesic"":false,""type"":""Point"",""coordinates"":[84.13984768753507,21.549281108865348]}"
413,1280.0,203,2021,0,1,21.48675836509063,84.19904666475854,0.6131989,-0.533101,2022,1543.9708049297333,"{""geodesic"":false,""type"":""Point"",""coordinates"":[84.19904666475854,21.48675836509063]}"
414,123.6931687685298,167,2021,0,1,21.478224369891493,83.92380286170432,0.57830787,-0.54387504,2022,1491.5035831928253,"{""geodesic"":false,""type"":""Point"",""coordinates"":[83.92380286170432,21.478224369891493]}"
415,487.64741360946437,157,2021,0,6,21.48720752273269,83.94212849350036,0.348085,-0.4037676,2022,1491.5035831928253,"{""geodesic"":false,""type"":""Point"",""coordinates"":[83.94212849350036,21.48720752273269]}"
416,0.0,140,2021,0,0,21.470139532334418,83.95605238040422,-0.16680092,0.25650844,2022,1515.9416505098343,"{""geodesic"":false,""type"":""Point"",""coordinates"":[83.95605238040422,21.470139532334418]}"
417,0.0,188,2021,0,0,21.584944225644893,83.87879726596994,-0.10757606,0.29870617,2022,1460.6702898740768,"{""geodesic"":false,""type"":""Point"",""coordinates"":[83.87879726596994,21.584944225644893]}"
418,1076.1505470890213,167,2021,0,4,21.416240615287247,83.90969931174365,0.3724304,-0.40965337,2022,1527.9942190647125,"{""geodesic"":false,""type"":""Point"",""coordinates"":[83.90969931174365,21.416240615287247]}"
419,310.4834939252005,147,2021,0,1,21.408784598429055,83.98937987744505,0.4542457,-0.48119122,2022,1474.2084752321243,"{""geodesic"":false,""type"":""Point"",""coordinates"":[83.98937987744505,21.408784598429055]}"
420,319.53090617340916,164,2021,0,1,21.46528862980017,84.11622199556273,0.42748207,-0.43426296,2022,1559.4533474445343,"{""geodesic"":false,""type"":""Point"",""coordinates"":[84.11622199556273,21.46528862980017]}"
421,1220.0,176,2021,0,1,21.53652503183085,83.96243041892146,0.44655412,-0.45687053,2022,1506.779983997345,"{""geodesic"":false,""type"":""Point"",""coordinates"":[83.96243041892146,21.53652503183085]}"
422,0.0,188,2021,0,0,21.552784538473414,83.88804991339636,-0.1790343,0.3942625,2022,1460.6702898740768,"{""geodesic"":false,""type"":""Point"",""coordinates"":[83.88804991339636,21.552784538473414]}"
423,368.78177829171545,149,2021,0,1,21.483883756181445,83.92604864991462,0.4140217,-0.4560717,2022,1491.5035831928253,"{""geodesic"":false,""type"":""Point"",""coordinates"":[83.92604864991462,21.483883756181445]}"
424,773.8862965578342,190,2021,0,1,21.528440194273774,84.14137482351806,0.49864373,-0.49691686,2022,1516.5754685401917,"{""geodesic"":false,""type"":""Point"",""coordinates"":[84.14137482351806,21.528440194273774]}"
425,1280.0,160,2021,0,1,21.400699760871976,83.95389642372233,0.35904178,-0.42597324,2022,1474.2084752321243,"{""geodesic"":false,""type"":""Point"",""coordinates"":[83.95389642372233,21.400699760871976]}"
426,130.0,157,2021,0,1,21.517211253222282,83.90933998563,0.45557612,-0.4687934,2022,1500.3094980716705,"{""geodesic"":false,""type"":""Point"",""coordinates"":[83.90933998563,21.517211253222282]}"
427,0.0,168,2021,0,0,21.50939591025044,83.86451405295243,-0.041326918,0.193333,2022,1444.0026681423187,"{""geodesic"":false,""type"":""Point"",""coordinates"":[83.86451405295243,21.50939591025044]}"
428,910.0,175,2021,0,4,21.401059086985626,83.85050033452016,0.5243125,-0.50987643,2022,1488.7521340847015,"{""geodesic"":false,""type"":""Point"",""coordinates"":[83.85050033452016,21.401059086985626]}"
429,364.0054944640259,176,2021,0,4,21.476068413209607,83.87637181470281,0.25701773,-0.33771187,2022,1425.125935792923,"{""geodesic"":false,""type"":""Point"",""coordinates"":[83.87637181470281,21.476068413209607]}"
430,1280.0,228,2021,0,1,21.38470974881465,84.0356431145772,0.63269365,-0.5766644,2022,1473.560908794403,"{""geodesic"":false,""type"":""Point"",""coordinates"":[84.0356431145772,21.38470974881465]}"
431,0.0,188,2021,0,0,21.581800122150472,83.98057638766068,-0.16800657,0.34169024,2022,1488.760817527771,"{""geodesic"":false,""type"":""Point"",""coordinates"":[83.98057638766068,21.581800122150472]}"
432,0.0,188,2021,0,0,21.57425427376387,83.85849534054883,-0.16383833,0.32987142,2022,1460.6702898740768,"{""geodesic"":false,""type"":""Point"",""coordinates"":[83.85849534054883,21.57425427376387]}"
433,0.0,188,2021,0,0,21.55125740249041,83.89829070763533,-0.20601971,0.38695782,2022,1460.6702898740768,"{""geodesic"":false,""type"":""Point"",""coordinates"":[83.89829070763533,21.55125740249041]}"
434,890.2246907382428,174,2021,0,4,21.572637306252453,84.08873354786867,0.5269488,-0.5429443,2022,1441.9273054599762,"{""geodesic"":false,""type"":""Point"",""coordinates"":[84.08873354786867,21.572637306252453]}"
435,255.53864678361276,167,2021,0,4,21.479302348232437,83.89927885444786,0.32671657,-0.38511708,2022,1425.125935792923,"{""geodesic"":false,""type"":""Point"",""coordinates"":[83.89927885444786,21.479302348232437]}"
436,594.8108943185221,178,2021,0,4,21.44489687285066,84.18332614728645,0.26780972,-0.36612022,2022,1596.7456719875336,"{""geodesic"":false,""type"":""Point"",""coordinates"":[84.18332614728645,21.44489687285066]}"
437,1020.0490184299969,219,2021,0,1,21.567427077604563,84.13517644805765,0.6265399,-0.5483685,2022,1429.1016558408737,"{""geodesic"":false,""type"":""Point"",""coordinates"":[84.13517644805765,21.567427077604563]}"
438,687.0953354520753,154,2021,0,5,21.492777077494228,84.01075978120708,0.33868033,-0.40992633,2022,1504.7035248279572,"{""geodesic"":false,""type"":""Point"",""coordinates"":[84.01075978120708,21.492777077494228]}"
439,1280.0,157,2021,0,4,21.525565585364593,84.03833806042957,0.4570574,-0.44798303,2022,1464.9749150276184,"{""geodesic"":false,""type"":""Point"",""coordinates"":[84.03833806042957,21.525565585364593]}"
440,1280.0,148,2021,0,4,21.351741577887463,83.8957754248398,0.48868552,-0.51846534,2022,1506.1152746677399,"{""geodesic"":false,""type"":""Point"",""coordinates"":[83.8957754248398,21.351741577887463]}"
441,662.872536767062,190,2021,0,1,21.502568714091133,84.19455508833795,0.34895834,-0.40803382,2022,1486.6419987678528,"{""geodesic"":false,""type"":""Point"",""coordinates"":[84.19455508833795,21.502568714091133]}"
442,531.5072906367325,198,2021,0,5,21.59078327499167,84.17263619540543,0.31068164,-0.40173107,2022,1467.101193189621,"{""geodesic"":false,""type"":""Point"",""coordinates"":[84.17263619540543,21.59078327499167]}"
443,800.0,175,2021,0,6,21.478583696005142,83.87978541278247,0.13871917,-0.16805942,2022,1425.125935792923,"{""geodesic"":false,""type"":""Point"",""coordinates"":[83.87978541278247,21.478583696005142]}"
444,943.3981132056604,171,2021,0,4,21.45549699320327,83.90925015410158,0.52631056,-0.5151247,2022,1491.5035831928253,"{""geodesic"":false,""type"":""Point"",""coordinates"":[83.90925015410158,21.45549699320327]}"
445,1280.0,162,2021,0,4,21.420283034065783,84.06250274157237,0.59705716,-0.580731,2022,1473.8019874989986,"{""geodesic"":false,""type"":""Point"",""coordinates"":[84.06250274157237,21.420283034065783]}"
446,0.0,188,2021,0,0,21.56967286581486,83.89559576178297,-0.15327525,0.33937562,2022,1460.6702898740768,"{""geodesic"":false,""type"":""Point"",""coordinates"":[83.89559576178297,21.56967286581486]}"
447,282.842712474619,191,2021,0,5,21.485500723692862,84.18763806065023,0.32382682,-0.4250628,2022,1543.9708049297333,"{""geodesic"":false,""type"":""Point"",""coordinates"":[84.18763806065023,21.485500723692862]}"
448,1280.0,165,2021,0,1,21.433757763327577,84.10580153826693,0.4977323,-0.4969336,2022,1596.4968211650848,"{""geodesic"":false,""type"":""Point"",""coordinates"":[84.10580153826693,21.433757763327577]}"
449,909.3404203047394,193,2021,0,1,21.39530986916726,84.1874583975934,0.4641364,-0.4617855,2022,1569.3732466697693,"{""geodesic"":false,""type"":""Point"",""coordinates"":[84.1874583975934,21.39530986916726]}"
450,350.5709628591621,169,2021,0,4,21.503646692432074,84.04408727824793,0.4287429,-0.47043383,2022,1464.9749150276184,"{""geodesic"":false,""type"":""Point"",""coordinates"":[84.04408727824793,21.503646692432074]}"
451,693.1810730249349,137,2021,0,4,21.40123875004245,83.96782031062618,0.25667846,-0.33086556,2022,1474.2084752321243,"{""geodesic"":false,""type"":""Point"",""coordinates"":[83.96782031062618,21.40123875004245]}"
452,230.0,181,2021,0,1,21.540387787552564,84.09978282586333,0.5301967,-0.4865374,2022,1462.586761713028,"{""geodesic"":false,""type"":""Point"",""coordinates"":[84.09978282586333,21.540387787552564]}"
453,610.0,152,2021,0,4,21.426301746469385,83.95883715778498,0.6290052,-0.5843489,2022,1474.2084752321243,"{""geodesic"":false,""type"":""Point"",""coordinates"":[83.95883715778498,21.426301746469385]}"
454,1235.4756169184402,180,2021,0,1,21.41183887039506,84.12170171879585,0.2910447,-0.3949501,2022,1596.4968211650848,"{""geodesic"":false,""type"":""Point"",""coordinates"":[84.12170171879585,21.41183887039506]}"
455,1034.6496991735899,176,2021,0,4,21.461785200192107,84.1678751243996,0.36907217,-0.39985946,2022,1543.9708049297333,"{""geodesic"":false,""type"":""Point"",""coordinates"":[84.1678751243996,21.461785200192107]}"
456,250.79872407968907,192,2021,0,4,21.537333515586557,84.15592753112081,0.42854515,-0.44766167,2022,1486.6419987678528,"{""geodesic"":false,""type"":""Point"",""coordinates"":[84.15592753112081,21.537333515586557]}"
457,1280.0,337,2021,0,1,21.366024790904966,84.06429937214061,0.4803834,-0.521308,2022,1469.0348498821259,"{""geodesic"":false,""type"":""Point"",""coordinates"":[84.06429937214061,21.366024790904966]}"
458,311.44823004794875,158,2021,0,1,21.50849759496632,84.03043288592932,0.589229,-0.53853625,2022,1464.9749150276184,"{""geodesic"":false,""type"":""Point"",""coordinates"":[84.03043288592932,21.50849759496632]}"
459,573.846669416143,189,2021,0,5,21.534458906677376,83.97527632748437,0.2551937,-0.37675133,2022,1506.779983997345,"{""geodesic"":false,""type"":""Point"",""coordinates"":[83.97527632748437,21.534458906677376]}"
460,581.8934610390462,159,2021,0,1,21.503377197846838,84.02180905920176,0.37151444,-0.45664126,2022,1464.9749150276184,"{""geodesic"":false,""type"":""Point"",""coordinates"":[84.02180905920176,21.503377197846838]}"
461,445.5333881989093,172,2021,0,1,21.452083395123616,84.1032862554714,0.4376876,-0.44008908,2022,1559.4533474445343,"{""geodesic"":false,""type"":""Point"",""coordinates"":[84.1032862554714,21.452083395123616]}"
462,1280.0,176,2021,0,4,21.519726536017814,84.10256760324411,0.4781502,-0.5140062,2022,1516.5754685401917,"{""geodesic"":false,""type"":""Point"",""coordinates"":[84.10256760324411,21.519726536017814]}"
463,590.0847396772772,179,2021,0,1,21.465019135214934,83.89254148981696,0.35783923,-0.3992095,2022,1425.125935792923,"{""geodesic"":false,""type"":""Point"",""coordinates"":[83.89254148981696,21.465019135214934]}"
464,1280.0,168,2021,0,4,21.54883195122329,84.01300556941739,0.5238388,-0.51221,2022,1464.9749150276184,"{""geodesic"":false,""type"":""Point"",""coordinates"":[84.01300556941739,21.54883195122329]}"
465,0.0,188,2021,0,0,21.57757804031511,83.94158950432988,-0.15420097,0.33713976,2022,1462.1980240345001,"{""geodesic"":false,""type"":""Point"",""coordinates"":[83.94158950432988,21.57757804031511]}"
466,0.0,188,2021,0,0,21.566798256905678,83.8778091191574,-0.15500899,0.31654605,2022,1460.6702898740768,"{""geodesic"":false,""type"":""Point"",""coordinates"":[83.8778091191574,21.566798256905678]}"
467,1180.0423721205946,184,2021,0,6,21.50391618701731,84.0739113456807,0.12039575,-0.24681765,2022,1462.586761713028,"{""geodesic"":false,""type"":""Point"",""coordinates"":[84.0739113456807,21.50391618701731]}"
468,0.0,140,2021,0,0,21.471487005260595,83.95434558136438,-0.14903021,0.2797064,2022,1515.9416505098343,"{""geodesic"":false,""type"":""Point"",""coordinates"":[83.95434558136438,21.471487005260595]}"
469,328.9376840679705,158,2021,0,6,21.473822624999308,83.95964564154069,0.3514777,-0.36093083,2022,1515.9416505098343,"{""geodesic"":false,""type"":""Point"",""coordinates"":[83.95964564154069,21.473822624999308]}"
470,1254.1929676090517,151,2021,0,4,21.386775873968126,83.87538366789028,0.6456017,-0.56477517,2022,1506.1152746677399,"{""geodesic"":false,""type"":""Point"",""coordinates"":[83.87538366789028,21.386775873968126]}"
471,389.10152916687434,198,2021,0,1,21.403484538252748,84.15826315085951,0.47786158,-0.45307964,2022,1596.7456719875336,"{""geodesic"":false,""type"":""Point"",""coordinates"":[84.15826315085951,21.403484538252748]}"
472,1218.2364302548172,196,2021,0,1,21.409772745241586,84.10274726630092,0.569799,-0.505522,2022,1596.4968211650848,"{""geodesic"":false,""type"":""Point"",""coordinates"":[84.10274726630092,21.409772745241586]}"
473,1045.4664030948102,192,2021,0,1,21.45513766708962,83.87771928762899,0.4442353,-0.47761193,2022,1425.125935792923,"{""geodesic"":false,""type"":""Point"",""coordinates"":[83.87771928762899,21.45513766708962]}"
474,583.09518948453,203,2021,0,1,21.545059027029986,84.1612275912971,0.551701,-0.5435479,2022,1486.6419987678528,"{""geodesic"":false,""type"":""Point"",""coordinates"":[84.1612275912971,21.545059027029986]}"
475,1280.0,160,2021,0,4,21.494573708062468,84.06007729030526,0.54365873,-0.5225187,2022,1510.849615097046,"{""geodesic"":false,""type"":""Point"",""coordinates"":[84.06007729030526,21.494573708062468]}"
476,1280.0,165,2021,0,4,21.425313599656853,83.8703531022992,0.3647811,-0.39508748,2022,1488.7521340847015,"{""geodesic"":false,""type"":""Point"",""coordinates"":[83.8703531022992,21.425313599656853]}"
477,50.0,188,2021,0,1,21.397286162792323,84.14380027478519,0.47374615,-0.4270963,2022,1570.934062719345,"{""geodesic"":false,""type"":""Point"",""coordinates"":[84.14380027478519,21.397286162792323]}"
478,631.3477647065839,185,2021,0,1,21.546945489126635,84.12439666464822,0.44966444,-0.4659237,2022,1516.5754685401917,"{""geodesic"":false,""type"":""Point"",""coordinates"":[84.12439666464822,21.546945489126635]}"
479,693.757882838098,176,2021,0,5,21.458820759754513,83.89622458248185,0.40667588,-0.40348917,2022,1425.125935792923,"{""geodesic"":false,""type"":""Point"",""coordinates"":[83.89622458248185,21.458820759754513]}"
480,1280.0,170,2021,0,3,21.54937094039376,83.99926134557036,0.62543976,-0.4767642,2022,1506.779983997345,"{""geodesic"":false,""type"":""Point"",""coordinates"":[83.99926134557036,21.54937094039376]}"
481,642.8841264178172,178,2021,0,6,21.502568714091133,83.88742109269748,0.36603394,-0.44389203,2022,1444.0026681423187,"{""geodesic"":false,""type"":""Point"",""coordinates"":[83.88742109269748,21.502568714091133]}"
482,1280.0,270,2021,0,1,21.354616186796648,84.10786766342041,0.6527784,-0.58701277,2022,1570.934062719345,"{""geodesic"":false,""type"":""Point"",""coordinates"":[84.10786766342041,21.354616186796648]}"
483,208.08652046684813,197,2021,0,1,21.478583696005142,83.85867500360565,0.5251662,-0.5583407,2022,1425.125935792923,"{""geodesic"":false,""type"":""Point"",""coordinates"":[83.85867500360565,21.478583696005142]}"
484,551.0898293381942,173,2021,0,4,21.496370338630708,84.07759443834559,0.5854762,-0.54552054,2022,1510.849615097046,"{""geodesic"":false,""type"":""Point"",""coordinates"":[84.07759443834559,21.496370338630708]}"
485,1280.0,173,2021,0,4,21.52080451435876,84.09322512428926,0.51375526,-0.5258521,2022,1462.586761713028,"{""geodesic"":false,""type"":""Point"",""coordinates"":[84.09322512428926,21.52080451435876]}"
486,1280.0,167,2021,0,4,21.493405898193114,84.12798992578469,0.5300404,-0.5281382,2022,1559.4533474445343,"{""geodesic"":false,""type"":""Point"",""coordinates"":[84.12798992578469,21.493405898193114]}"
487,879.6590248499699,143,2021,0,1,21.384080928115768,83.95731002180197,0.61250794,-0.530177,2022,1523.130874812603,"{""geodesic"":false,""type"":""Point"",""coordinates"":[83.95731002180197,21.384080928115768]}"
488,555.7877292636101,206,2021,0,5,21.36350950810943,84.09592007014162,0.27707386,-0.3864521,2022,1469.0348498821259,"{""geodesic"":false,""type"":""Point"",""coordinates"":[84.09592007014162,21.36350950810943]}"
489,708.3784299369936,167,2021,0,4,21.39674717362185,83.85391393259982,0.6171059,-0.5717738,2022,1506.1152746677399,"{""geodesic"":false,""type"":""Point"",""coordinates"":[83.85391393259982,21.39674717362185]}"
490,531.6013544000805,197,2021,0,1,21.579105176298114,84.04732121327075,0.57683504,-0.5506318,2022,1477.3682265281677,"{""geodesic"":false,""type"":""Point"",""coordinates"":[84.04732121327075,21.579105176298114]}"
491,550.8175741568165,137,2021,0,5,21.40123875004245,83.97419834914342,0.3170336,-0.3831594,2022,1474.2084752321243,"{""geodesic"":false,""type"":""Point"",""coordinates"":[83.97419834914342,21.40123875004245]}"
492,479.2702786528704,153,2021,0,5,21.521163840472408,83.88364816850418,0.24356048,-0.33805782,2022,1444.0026681423187,"{""geodesic"":false,""type"":""Point"",""coordinates"":[83.88364816850418,21.521163840472408]}"
493,1280.0,160,2021,0,1,21.431961132759337,84.08010972114111,0.62623847,-0.5910863,2022,1473.8019874989986,"{""geodesic"":false,""type"":""Point"",""coordinates"":[84.08010972114111,21.431961132759337]}"
494,1139.9122773266372,198,2021,0,5,21.521702829642877,83.98381032268351,0.280682,-0.36901644,2022,1506.779983997345,"{""geodesic"":false,""type"":""Point"",""coordinates"":[83.98381032268351,21.521702829642877]}"
495,205.18284528683193,164,2021,0,6,21.49142960456805,83.96225075586463,0.5358793,-0.5023168,2022,1515.9416505098343,"{""geodesic"":false,""type"":""Point"",""coordinates"":[83.96225075586463,21.49142960456805]}"
496,420.0,190,2021,0,1,21.44714266106096,84.19392626763906,0.50278187,-0.48615777,2022,1596.7456719875336,"{""geodesic"":false,""type"":""Point"",""coordinates"":[84.19392626763906,21.44714266106096]}"
497,0.0,188,2021,0,0,21.57057118109898,83.85660887845218,-0.14841849,0.3226899,2022,1460.6702898740768,"{""geodesic"":false,""type"":""Point"",""coordinates"":[83.85660887845218,21.57057118109898]}"
498,853.7564055396598,177,2021,0,4,21.458012275998804,83.85786651984995,0.4822466,-0.48346367,2022,1425.125935792923,"{""geodesic"":false,""type"":""Point"",""coordinates"":[83.85786651984995,21.458012275998804]}"
499,1280.0,161,2021,0,4,21.37087569343921,84.00968180286615,0.5635104,-0.55252975,2022,1473.560908794403,"{""geodesic"":false,""type"":""Point"",""coordinates"":[84.00968180286615,21.37087569343921]}"
500,22.360679774997898,161,2021,1,0,21.49187876221011,83.88715159811224,0.0494382,0.13746701,2022,1425.125935792923,"{""geodesic"":false,""type"":""Point"",""coordinates"":[83.88715159811224,21.49187876221011]}"
501,10.0,160,2021,1,0,21.536884357944498,84.05953830113478,-0.04986643,0.14796774,2022,1462.586761713028,"{""geodesic"":false,""type"":""Point"",""coordinates"":[84.05953830113478,21.536884357944498]}"
502,14.142135623730951,142,2021,1,0,21.417049099042952,84.00671736242856,0.22184761,-0.12920648,2022,1531.3260192871094,"{""geodesic"":false,""type"":""Point"",""coordinates"":[84.00671736242856,21.417049099042952]}"
503,14.142135623730951,141,2021,1,0,21.39890313030374,83.98165436600162,0.3801411,-0.22790955,2022,1523.130874812603,"{""geodesic"":false,""type"":""Point"",""coordinates"":[83.98165436600162,21.39890313030374]}"
504,28.284271247461902,147,2021,1,6,21.451903732066793,83.9912663395417,0.45315486,-0.42678347,2022,1515.9416505098343,"{""geodesic"":false,""type"":""Point"",""coordinates"":[83.9912663395417,21.451903732066793]}"
505,20.0,146,2021,1,3,21.46061739032275,83.96171176669417,0.2693409,-0.121851854,2022,1515.9416505098343,"{""geodesic"":false,""type"":""Point"",""coordinates"":[83.96171176669417,21.46061739032275]}"
506,22.360679774997898,142,2021,1,0,21.420642360179432,83.97428818067183,0.1626833,-0.20570458,2022,1474.2084752321243,"{""geodesic"":false,""type"":""Point"",""coordinates"":[83.97428818067183,21.420642360179432]}"
507,10.0,149,2021,1,0,21.529877498728364,83.88400749461783,-0.041874085,0.120843686,2022,1444.0026681423187,"{""geodesic"":false,""type"":""Point"",""coordinates"":[83.88400749461783,21.529877498728364]}"
508,20.0,192,2021,1,1,21.573715284593398,84.1430816225579,0.15451467,-0.24279563,2022,1429.1016558408737,"{""geodesic"":false,""type"":""Point"",""coordinates"":[84.1430816225579,21.573715284593398]}"
509,28.284271247461902,165,2021,1,0,21.372941818592686,83.91841296999961,0.31392634,-0.20098549,2022,1542.414464712143,"{""geodesic"":false,""type"":""Point"",""coordinates"":[83.91841296999961,21.372941818592686]}"
510,22.360679774997898,140,2021,1,0,21.444268052151774,83.967999973683,0.08781532,0.04537311,2022,1474.2084752321243,"{""geodesic"":false,""type"":""Point"",""coordinates"":[83.967999973683,21.444268052151774]}"
511,22.360679774997898,140,2021,1,0,21.459000422811336,83.96449654407493,0.17955801,-0.0793049,2022,1515.9416505098343,"{""geodesic"":false,""type"":""Point"",""coordinates"":[83.96449654407493,21.459000422811336]}"
512,0.0,173,2021,1,0,21.497717811556885,84.08262500393666,-0.08985868,0.21145849,2022,1510.849615097046,"{""geodesic"":false,""type"":""Point"",""coordinates"":[84.08262500393666,21.497717811556885]}"
513,22.360679774997898,140,2021,1,0,21.473193804300422,83.95183029856885,0.2613545,-0.14295062,2022,1515.9416505098343,"{""geodesic"":false,""type"":""Point"",""coordinates"":[83.95183029856885,21.473193804300422]}"
514,10.0,138,2021,1,0,21.423247474503377,83.97572548512643,0.006215307,0.07517158,2022,1474.2084752321243,"{""geodesic"":false,""type"":""Point"",""coordinates"":[83.97572548512643,21.423247474503377]}"
515,0.0,166,2021,1,0,21.479392179760847,84.0393262072421,-0.06286155,0.15360501,2022,1504.7035248279572,"{""geodesic"":false,""type"":""Point"",""coordinates"":[84.0393262072421,21.479392179760847]}"
516,28.284271247461902,139,2021,1,0,21.42657124105462,83.9777017787515,0.10156253,-0.16110358,2022,1474.2084752321243,"{""geodesic"":false,""type"":""Point"",""coordinates"":[83.9777017787515,21.42657124105462]}"
517,20.0,143,2021,1,0,21.413276174849653,84.00267494365002,0.39033794,-0.30982906,2022,1531.3260192871094,"{""geodesic"":false,""type"":""Point"",""coordinates"":[84.00267494365002,21.413276174849653]}"
518,0.0,164,2021,1,0,21.37222316636539,83.91778414930072,-0.035145525,0.1569098,2022,1542.414464712143,"{""geodesic"":false,""type"":""Point"",""coordinates"":[83.91778414930072,21.37222316636539]}"
519,22.360679774997898,157,2021,1,0,21.48172779949956,84.08343348769236,0.30403394,-0.33449987,2022,1510.849615097046,"{""geodesic"":false,""type"":""Point"",""coordinates"":[84.08343348769236,21.48172779949956]}"
520,0.0,154,2021,1,0,21.50975523636409,84.02782777160536,-0.050750297,0.15108564,2022,1464.9749150276184,"{""geodesic"":false,""type"":""Point"",""coordinates"":[84.02782777160536,21.50975523636409]}"
521,14.142135623730951,146,2021,1,0,21.490171963170283,83.9220960626645,0.10763966,-0.07015372,2022,1491.5035831928253,"{""geodesic"":false,""type"":""Point"",""coordinates"":[83.9220960626645,21.490171963170283]}"
522,20.0,144,2021,1,3,21.46340216770352,83.95407608677915,0.29066697,-0.15007263,2022,1515.9416505098343,"{""geodesic"":false,""type"":""Point"",""coordinates"":[83.95407608677915,21.46340216770352]}"
523,10.0,139,2021,1,0,21.430074670662687,83.9799475669618,0.13543206,-0.09985619,2022,1474.2084752321243,"{""geodesic"":false,""type"":""Point"",""coordinates"":[83.9799475669618,21.430074670662687]}"
524,30.0,183,2021,1,0,21.534458906677376,84.09996248892016,0.23392016,-0.17818078,2022,1462.586761713028,"{""geodesic"":false,""type"":""Point"",""coordinates"":[84.09996248892016,21.534458906677376]}"
525,20.0,145,2021,1,0,21.504634839244606,83.913921393579,0.49506116,-0.34821108,2022,1500.3094980716705,"{""geodesic"":false,""type"":""Point"",""coordinates"":[83.913921393579,21.504634839244606]}"
526,30.0,156,2021,1,0,21.51352816055739,83.86298691696943,0.26209417,-0.30502445,2022,1444.0026681423187,"{""geodesic"":false,""type"":""Point"",""coordinates"":[83.86298691696943,21.51352816055739]}"
527,22.360679774997898,138,2021,1,0,21.41417449013377,83.97491700137073,0.024367843,0.094720185,2022,1474.2084752321243,"{""geodesic"":false,""type"":""Point"",""coordinates"":[83.97491700137073,21.41417449013377]}"
528,30.0,132,2021,1,3,21.4091439245427,83.9793187462629,0.32488424,-0.1980312,2022,1474.2084752321243,"{""geodesic"":false,""type"":""Point"",""coordinates"":[83.9793187462629,21.4091439245427]}"
529,20.0,140,2021,1,0,21.466725934254764,83.96620334311476,0.15445848,-0.07216693,2022,1515.9416505098343,"{""geodesic"":false,""type"":""Point"",""coordinates"":[83.96620334311476,21.466725934254764]}"
530,20.0,139,2021,1,0,21.412108364980295,83.99782404111576,0.14510524,-0.0012051823,2022,1474.2084752321243,"{""geodesic"":false,""type"":""Point"",""coordinates"":[83.99782404111576,21.412108364980295]}"
531,22.360679774997898,140,2021,1,0,21.464929303686525,83.96701182687048,-0.032005336,0.14616157,2022,1515.9416505098343,"{""geodesic"":false,""type"":""Point"",""coordinates"":[83.96701182687048,21.464929303686525]}"
532,22.360679774997898,167,2021,1,0,21.371145188024446,83.9176943177723,0.36295182,-0.3001706,2022,1542.414464712143,"{""geodesic"":false,""type"":""Point"",""coordinates"":[83.9176943177723,21.371145188024446]}"
533,20.0,147,2021,1,0,21.45244272123726,83.97069491953536,0.040622972,0.079886556,2022,1515.9416505098343,"{""geodesic"":false,""type"":""Point"",""coordinates"":[83.97069491953536,21.45244272123726]}"
534,30.0,155,2021,1,0,21.481458304914323,84.07220454664086,0.0044919266,0.0360014,2022,1510.849615097046,"{""geodesic"":false,""type"":""Point"",""coordinates"":[84.07220454664086,21.481458304914323]}"
535,20.0,160,2021,1,0,21.468253070237765,84.11774913154572,-0.014025098,0.072328605,2022,1559.4533474445343,"{""geodesic"":false,""type"":""Point"",""coordinates"":[84.11774913154572,21.468253070237765]}"
536,20.0,181,2021,1,0,21.44453754673701,83.89856020222057,-0.02827637,0.14077617,2022,1488.7521340847015,"{""geodesic"":false,""type"":""Point"",""coordinates"":[83.89856020222057,21.44453754673701]}"
537,28.284271247461902,158,2021,1,0,21.494573708062468,83.90062632737404,0.13026153,0.025692407,2022,1491.5035831928253,"{""geodesic"":false,""type"":""Point"",""coordinates"":[83.90062632737404,21.494573708062468]}"
538,28.284271247461902,141,2021,1,0,21.43025433371951,83.98030689307544,0.29528394,-0.21530761,2022,1474.2084752321243,"{""geodesic"":false,""type"":""Point"",""coordinates"":[83.98030689307544,21.43025433371951]}"
539,20.0,134,2021,1,0,21.383182612831646,83.96961694119442,-0.016975308,0.115661606,2022,1523.130874812603,"{""geodesic"":false,""type"":""Point"",""coordinates"":[83.96961694119442,21.383182612831646]}"
540,10.0,143,2021,1,0,21.419833876423723,84.00923264522409,0.07585005,0.034176886,2022,1531.3260192871094,"{""geodesic"":false,""type"":""Point"",""coordinates"":[84.00923264522409,21.419833876423723]}"
541,22.360679774997898,142,2021,1,0,21.457113960714683,83.96395755490447,0.09163198,0.05270434,2022,1515.9416505098343,"{""geodesic"":false,""type"":""Point"",""coordinates"":[83.96395755490447,21.457113960714683]}"
542,20.0,145,2021,1,0,21.493136403607878,83.92344353559068,0.15848337,-0.17105049,2022,1491.5035831928253,"{""geodesic"":false,""type"":""Point"",""coordinates"":[83.92344353559068,21.493136403607878]}"
543,10.0,145,2021,1,0,21.504814502301432,83.913921393579,0.03142035,0.10805835,2022,1500.3094980716705,"{""geodesic"":false,""type"":""Point"",""coordinates"":[83.913921393579,21.504814502301432]}"
544,10.0,161,2021,1,0,21.469510711635532,84.1190067729435,-0.06325464,0.14351623,2022,1559.4533474445343,"{""geodesic"":false,""type"":""Point"",""coordinates"":[84.1190067729435,21.469510711635532]}"
545,20.0,136,2021,1,0,21.40483201117893,83.97958824084814,0.23055016,-0.21509172,2022,1474.2084752321243,"{""geodesic"":false,""type"":""Point"",""coordinates"":[83.97958824084814,21.40483201117893]}"
546,30.0,153,2021,1,0,21.530775814012486,83.87466501566298,0.018051041,0.056773037,2022,1444.0026681423187,"{""geodesic"":false,""type"":""Point"",""coordinates"":[83.87466501566298,21.530775814012486]}"
547,28.284271247461902,170,2021,1,0,21.49843646378418,84.08334365616395,0.2024302,-0.063207224,2022,1510.849615097046,"{""geodesic"":false,""type"":""Point"",""coordinates"":[84.08334365616395,21.49843646378418]}"
548,28.284271247461902,162,2021,1,0,21.474541277226603,84.1356256056997,0.299103,-0.28352052,2022,1559.4533474445343,"{""geodesic"":false,""type"":""Point"",""coordinates"":[84.1356256056997,21.474541277226603]}"
549,22.360679774997898,141,2021,1,3,21.462683515476225,83.96009479918276,0.2924389,-0.16814908,2022,1515.9416505098343,"{""geodesic"":false,""type"":""Point"",""coordinates"":[83.96009479918276,21.462683515476225]}"
550,14.142135623730951,141,2021,1,0,21.44040529643006,83.97114407717741,0.058431156,0.054397497,2022,1474.2084752321243,"{""geodesic"":false,""type"":""Point"",""coordinates"":[83.97114407717741,21.44040529643006]}"
551,20.0,150,2021,1,0,21.463491999231934,84.05801116515178,0.36189812,-0.36361095,2022,1510.849615097046,"{""geodesic"":false,""type"":""Point"",""coordinates"":[84.05801116515178,21.463491999231934]}"
552,10.0,155,2021,1,0,21.466546271197938,84.05989762724843,0.06489587,0.0025445293,2022,1510.849615097046,"{""geodesic"":false,""type"":""Point"",""coordinates"":[84.05989762724843,21.466546271197938]}"
553,20.0,158,2021,1,0,21.484422745351917,83.912394257596,1.6537125E-4,0.13068753,2022,1491.5035831928253,"{""geodesic"":false,""type"":""Point"",""coordinates"":[83.912394257596,21.484422745351917]}"
554,30.0,170,2021,1,0,21.497627980028476,83.86972428160033,-0.013503185,0.12714157,2022,1425.125935792923,"{""geodesic"":false,""type"":""Point"",""coordinates"":[83.86972428160033,21.497627980028476]}"
555,10.0,139,2021,1,0,21.416510109872483,83.97886958862085,0.029526874,0.10791665,2022,1474.2084752321243,"{""geodesic"":false,""type"":""Point"",""coordinates"":[83.97886958862085,21.416510109872483]}"
556,22.360679774997898,146,2021,1,0,21.420013539480546,84.02710911937807,0.53872633,-0.4791529,2022,1531.3260192871094,"{""geodesic"":false,""type"":""Point"",""coordinates"":[84.02710911937807,21.420013539480546]}"
557,22.360679774997898,154,2021,1,0,21.50571281758555,84.01632933596863,0.53261995,-0.48197597,2022,1464.9749150276184,"{""geodesic"":false,""type"":""Point"",""coordinates"":[84.01632933596863,21.50571281758555]}"
558,10.0,161,2021,1,0,21.52835036274536,83.91347223593695,-0.041672565,0.13677812,2022,1500.3094980716705,"{""geodesic"":false,""type"":""Point"",""coordinates"":[83.91347223593695,21.52835036274536]}"
559,10.0,145,2021,1,3,21.45783261294198,83.96467620713176,-0.03951169,0.14589229,2022,1515.9416505098343,"{""geodesic"":false,""type"":""Point"",""coordinates"":[83.96467620713176,21.45783261294198]}"
560,20.0,200,2021,1,0,21.40034043475833,84.15996994989935,-0.048295453,0.032490976,2022,1596.7456719875336,"{""geodesic"":false,""type"":""Point"",""coordinates"":[84.15996994989935,21.40034043475833]}"
561,30.0,138,2021,1,0,21.394501385411555,83.97599497971167,0.28276503,-0.1447483,2022,1523.130874812603,"{""geodesic"":false,""type"":""Point"",""coordinates"":[83.97599497971167,21.394501385411555]}"
562,30.0,158,2021,1,0,21.47579891862437,83.91778414930072,-0.043752316,0.117215395,2022,1491.5035831928253,"{""geodesic"":false,""type"":""Point"",""coordinates"":[83.91778414930072,21.47579891862437]}"
563,30.0,151,2021,1,0,21.45361053110662,84.04300929990698,0.4802395,-0.43804538,2022,1504.7035248279572,"{""geodesic"":false,""type"":""Point"",""coordinates"":[84.04300929990698,21.45361053110662]}"
564,10.0,158,2021,1,0,21.481009147272264,83.91383156205059,-0.016811594,0.13351499,2022,1491.5035831928253,"{""geodesic"":false,""type"":""Point"",""coordinates"":[83.91383156205059,21.481009147272264]}"
565,0.0,155,2021,1,0,21.436991698350408,83.94590141769366,-0.16754189,0.30027196,2022,1527.9942190647125,"{""geodesic"":false,""type"":""Point"",""coordinates"":[83.94590141769366,21.436991698350408]}"
566,20.0,190,2021,1,0,21.555659147382595,84.1468545467512,0.25425792,-0.21854275,2022,1429.1016558408737,"{""geodesic"":false,""type"":""Point"",""coordinates"":[84.1468545467512,21.555659147382595]}"
567,10.0,138,2021,1,0,21.416240615287247,83.97895942014927,0.058068316,0.02995449,2022,1474.2084752321243,"{""geodesic"":false,""type"":""Point"",""coordinates"":[83.97895942014927,21.416240615287247]}"
568,10.0,147,2021,1,0,21.4587309282261,84.00402241657619,-0.01941531,0.12886597,2022,1504.7035248279572,"{""geodesic"":false,""type"":""Point"",""coordinates"":[84.00402241657619,21.4587309282261]}"
569,14.142135623730951,139,2021,1,0,21.41282701720759,84.00510039491714,0.0049597025,0.0689259,2022,1531.3260192871094,"{""geodesic"":false,""type"":""Point"",""coordinates"":[84.00510039491714,21.41282701720759]}"
570,20.0,142,2021,1,3,21.458102107527214,83.96449654407493,0.19561757,-0.041520517,2022,1515.9416505098343,"{""geodesic"":false,""type"":""Point"",""coordinates"":[83.96449654407493,21.458102107527214]}"
571,22.360679774997898,163,2021,1,0,21.509126415665204,83.86424455836719,0.36972705,-0.3765586,2022,1444.0026681423187,"{""geodesic"":false,""type"":""Point"",""coordinates"":[83.86424455836719,21.509126415665204]}"
572,10.0,141,2021,1,0,21.442471421583537,83.97743228416626,0.05241541,0.0017120278,2022,1474.2084752321243,"{""geodesic"":false,""type"":""Point"",""coordinates"":[83.97743228416626,21.442471421583537]}"
573,30.0,141,2021,1,0,21.445795188134777,83.96710165839889,0.13150814,-0.14985877,2022,1474.2084752321243,"{""geodesic"":false,""type"":""Point"",""coordinates"":[83.96710165839889,21.445795188134777]}"
574,10.0,225,2021,1,0,21.594286704599735,84.18934485969005,-0.03480558,0.14354451,2022,1467.101193189621,"{""geodesic"":false,""type"":""Point"",""coordinates"":[84.18934485969005,21.594286704599735]}"
575,22.360679774997898,140,2021,1,0,21.392794586371725,83.97491700137073,0.5510971,-0.45891812,2022,1523.130874812603,"{""geodesic"":false,""type"":""Point"",""coordinates"":[83.97491700137073,21.392794586371725]}"
576,0.0,141,2021,1,0,21.44453754673701,83.96782031062618,-0.06845915,0.19343501,2022,1474.2084752321243,"{""geodesic"":false,""type"":""Point"",""coordinates"":[83.96782031062618,21.44453754673701]}"
577,28.284271247461902,199,2021,1,4,21.550089592621056,84.18090069601932,0.4903934,-0.47956404,2022,1467.101193189621,"{""geodesic"":false,""type"":""Point"",""coordinates"":[84.18090069601932,21.550089592621056]}"
578,10.0,148,2021,1,0,21.467803912595706,84.05935863807795,0.20025268,-0.098265894,2022,1510.849615097046,"{""geodesic"":false,""type"":""Point"",""coordinates"":[84.05935863807795,21.467803912595706]}"
579,10.0,156,2021,1,0,21.459449580453395,83.9364691072104,0.02438351,0.090851165,2022,1491.5035831928253,"{""geodesic"":false,""type"":""Point"",""coordinates"":[83.9364691072104,21.459449580453395]}"
580,30.0,162,2021,1,0,21.491339773039638,83.88948721785096,0.59023064,-0.5186265,2022,1425.125935792923,"{""geodesic"":false,""type"":""Point"",""coordinates"":[83.88948721785096,21.491339773039638]}"
581,30.0,154,2021,1,0,21.515145128068806,83.86406489531038,0.3002086,-0.32434753,2022,1444.0026681423187,"{""geodesic"":false,""type"":""Point"",""coordinates"":[83.86406489531038,21.515145128068806]}"
582,20.0,146,2021,1,0,21.504994165358255,83.91302307829488,0.452873,-0.32651004,2022,1500.3094980716705,"{""geodesic"":false,""type"":""Point"",""coordinates"":[83.91302307829488,21.504994165358255]}"
583,10.0,136,2021,1,0,21.411479544281413,83.97806110486513,-0.034805946,0.1432461,2022,1474.2084752321243,"{""geodesic"":false,""type"":""Point"",""coordinates"":[83.97806110486513,21.411479544281413]}"
584,30.0,143,2021,1,0,21.418935561139605,84.01731748278117,0.45649675,-0.42749813,2022,1531.3260192871094,"{""geodesic"":false,""type"":""Point"",""coordinates"":[84.01731748278117,21.418935561139605]}"
585,28.284271247461902,137,2021,1,0,21.390369135104603,83.97563565359802,0.24763477,-0.28143272,2022,1523.130874812603,"{""geodesic"":false,""type"":""Point"",""coordinates"":[83.97563565359802,21.390369135104603]}"
586,22.360679774997898,149,2021,1,0,21.452352889708852,84.05181278969135,0.5292653,-0.40879542,2022,1510.849615097046,"{""geodesic"":false,""type"":""Point"",""coordinates"":[84.05181278969135,21.452352889708852]}"
587,30.0,156,2021,1,0,21.474990434868662,84.08711658035725,-0.03590118,0.095730916,2022,1510.849615097046,"{""geodesic"":false,""type"":""Point"",""coordinates"":[84.08711658035725,21.474990434868662]}"
588,20.0,158,2021,1,0,21.409233756071114,83.91778414930072,0.38411063,-0.3676045,2022,1527.9942190647125,"{""geodesic"":false,""type"":""Point"",""coordinates"":[83.91778414930072,21.409233756071114]}"
589,28.284271247461902,158,2021,1,0,21.474990434868662,83.9145502142779,-0.038790222,0.14592275,2022,1491.5035831928253,"{""geodesic"":false,""type"":""Point"",""coordinates"":[83.9145502142779,21.474990434868662]}"
590,14.142135623730951,144,2021,1,0,21.50247888256272,83.91005863785729,0.028529493,0.10248354,2022,1500.3094980716705,"{""geodesic"":false,""type"":""Point"",""coordinates"":[83.91005863785729,21.50247888256272]}"
591,30.0,140,2021,1,0,21.445256198964305,83.96907795202395,0.39041165,-0.35701033,2022,1474.2084752321243,"{""geodesic"":false,""type"":""Point"",""coordinates"":[83.96907795202395,21.445256198964305]}"
592,14.142135623730951,157,2021,1,0,21.481548136442736,84.07310286192498,0.12034018,-0.09110989,2022,1510.849615097046,"{""geodesic"":false,""type"":""Point"",""coordinates"":[84.07310286192498,21.481548136442736]}"
593,30.0,166,2021,1,1,21.450107101498553,83.95066248869949,0.6056338,-0.5473432,2022,1515.9416505098343,"{""geodesic"":false,""type"":""Point"",""coordinates"":[83.95066248869949,21.450107101498553]}"
594,22.360679774997898,156,2021,1,0,21.454419014862324,83.93781658013658,0.21002562,-0.035264023,2022,1491.5035831928253,"{""geodesic"":false,""type"":""Point"",""coordinates"":[83.93781658013658,21.454419014862324]}"
595,30.0,171,2021,1,0,21.50975523636409,83.86379540072514,0.38527852,-0.41244084,2022,1444.0026681423187,"{""geodesic"":false,""type"":""Point"",""coordinates"":[83.86379540072514,21.50975523636409]}"
596,22.360679774997898,149,2021,1,0,21.481188810329087,84.01138860190598,0.43555975,-0.3850343,2022,1504.7035248279572,"{""geodesic"":false,""type"":""Point"",""coordinates"":[84.01138860190598,21.481188810329087]}"
597,10.0,140,2021,1,0,21.436632372236758,83.98381032268351,-0.06948043,0.13002442,2022,1474.2084752321243,"{""geodesic"":false,""type"":""Point"",""coordinates"":[83.98381032268351,21.436632372236758]}"
598,28.284271247461902,135,2021,1,0,21.430883154418392,83.9769831265242,0.10168133,-0.04558883,2022,1474.2084752321243,"{""geodesic"":false,""type"":""Point"",""coordinates"":[83.9769831265242,21.430883154418392]}"
599,30.0,138,2021,1,0,21.394591216939965,83.97159323481948,0.19923595,-0.1438749,2022,1523.130874812603,"{""geodesic"":false,""type"":""Point"",""coordinates"":[83.97159323481948,21.394591216939965]}"
600,22.360679774997898,151,2021,1,0,21.452981710407734,84.04229064767969,0.5478514,-0.4375506,2022,1504.7035248279572,"{""geodesic"":false,""type"":""Point"",""coordinates"":[84.04229064767969,21.452981710407734]}"
601,28.284271247461902,199,2021,1,0,21.574433936820693,84.16805478745641,0.32692814,-0.31233323,2022,1467.101193189621,"{""geodesic"":false,""type"":""Point"",""coordinates"":[84.16805478745641,21.574433936820693]}"
602,22.360679774997898,183,2021,1,0,21.425313599656853,84.16760562981436,0.09042316,0.0064935065,2022,1596.7456719875336,"{""geodesic"":false,""type"":""Point"",""coordinates"":[84.16760562981436,21.425313599656853]}"
603,14.142135623730951,139,2021,1,0,21.42046269712261,83.97824076792196,0.102869414,-0.041554652,2022,1474.2084752321243,"{""geodesic"":false,""type"":""Point"",""coordinates"":[83.97824076792196,21.42046269712261]}"
604,14.142135623730951,184,2021,1,0,21.413455837906476,84.19482458292318,0.025,0.03073286,2022,1596.7456719875336,"{""geodesic"":false,""type"":""Point"",""coordinates"":[84.19482458292318,21.413455837906476]}"
605,22.360679774997898,155,2021,1,0,21.516133274881337,83.8762819831744,0.12833259,-0.1852098,2022,1444.0026681423187,"{""geodesic"":false,""type"":""Point"",""coordinates"":[83.8762819831744,21.516133274881337]}"
606,30.0,141,2021,1,0,21.445705356606368,83.96755081604094,0.18470214,-0.25123745,2022,1474.2084752321243,"{""geodesic"":false,""type"":""Point"",""coordinates"":[83.96755081604094,21.445705356606368]}"
607,30.0,159,2021,1,0,21.38102665614976,83.92164690502243,0.60211176,-0.5289085,2022,1542.414464712143,"{""geodesic"":false,""type"":""Point"",""coordinates"":[83.92164690502243,21.38102665614976]}"
608,30.0,143,2021,1,0,21.43986630725959,84.03761940820226,0.18020073,-0.19344918,2022,1531.3260192871094,"{""geodesic"":false,""type"":""Point"",""coordinates"":[84.03761940820226,21.43986630725959]}"
609,10.0,158,2021,1,0,21.480739652687028,83.913921393579,-0.020502454,0.12369536,2022,1491.5035831928253,"{""geodesic"":false,""type"":""Point"",""coordinates"":[83.913921393579,21.480739652687028]}"
610,30.0,159,2021,1,6,21.466725934254764,83.99647656818959,0.3627275,-0.396742,2022,1515.9416505098343,"{""geodesic"":false,""type"":""Point"",""coordinates"":[83.99647656818959,21.466725934254764]}"
611,20.0,143,2021,1,0,21.41282701720759,84.00015966085448,0.4874429,-0.42706552,2022,1531.3260192871094,"{""geodesic"":false,""type"":""Point"",""coordinates"":[84.00015966085448,21.41282701720759]}"
612,10.0,143,2021,1,0,21.501939893392247,83.91032813244253,0.03464006,0.06301125,2022,1500.3094980716705,"{""geodesic"":false,""type"":""Point"",""coordinates"":[83.91032813244253,21.501939893392247]}"
613,10.0,182,2021,1,4,21.532213118467077,83.99944100862719,0.015165031,0.002978798,2022,1506.779983997345,"{""geodesic"":false,""type"":""Point"",""coordinates"":[83.99944100862719,21.532213118467077]}"
614,10.0,156,2021,1,0,21.453790194163442,83.93745725402293,0.018874537,0.10873825,2022,1491.5035831928253,"{""geodesic"":false,""type"":""Point"",""coordinates"":[83.93745725402293,21.453790194163442]}"
615,20.0,226,2021,1,0,21.594825693770208,84.18952452274688,0.037656903,0.02982885,2022,1467.101193189621,"{""geodesic"":false,""type"":""Point"",""coordinates"":[84.18952452274688,21.594825693770208]}"
616,28.284271247461902,163,2021,1,0,21.509934899420912,83.86020213958867,0.29105246,-0.3517588,2022,1444.0026681423187,"{""geodesic"":false,""type"":""Point"",""coordinates"":[83.86020213958867,21.509934899420912]}"
617,28.284271247461902,134,2021,1,0,21.385787727155595,83.97141357176265,0.11481687,-2.7574485E-4,2022,1523.130874812603,"{""geodesic"":false,""type"":""Point"",""coordinates"":[83.97141357176265,21.385787727155595]}"
618,28.284271247461902,146,2021,1,3,21.463581830760344,83.9597354730691,0.3493134,-0.28327176,2022,1515.9416505098343,"{""geodesic"":false,""type"":""Point"",""coordinates"":[83.9597354730691,21.463581830760344]}"
619,30.0,209,2021,1,0,21.353987366097762,84.14155448657489,0.37223566,-0.3694362,2022,1570.934062719345,"{""geodesic"":false,""type"":""Point"",""coordinates"":[84.14155448657489,21.353987366097762]}"
620,10.0,154,2021,1,0,21.515594285710865,83.8612801179296,-0.054533288,0.13046154,2022,1444.0026681423187,"{""geodesic"":false,""type"":""Point"",""coordinates"":[83.8612801179296,21.515594285710865]}"
621,20.0,145,2021,1,3,21.465827618970643,83.95542355970532,0.36635005,-0.25892484,2022,1515.9416505098343,"{""geodesic"":false,""type"":""Point"",""coordinates"":[83.95542355970532,21.465827618970643]}"
622,14.142135623730951,174,2021,1,0,21.48235662019844,84.13832055155207,8.421762E-4,0.14077961,2022,1559.4533474445343,"{""geodesic"":false,""type"":""Point"",""coordinates"":[84.13832055155207,21.48235662019844]}"
623,28.284271247461902,170,2021,1,0,21.372492660950627,83.91823330694278,0.3394318,-0.22853513,2022,1542.414464712143,"{""geodesic"":false,""type"":""Point"",""coordinates"":[83.91823330694278,21.372492660950627]}"
624,10.0,172,2021,1,0,21.497088990858003,84.08253517240824,0.082459636,0.036157366,2022,1510.849615097046,"{""geodesic"":false,""type"":""Point"",""coordinates"":[84.08253517240824,21.497088990858003]}"
625,0.0,140,2021,1,0,21.466186945084292,83.96629317464317,-0.062298916,0.15394089,2022,1515.9416505098343,"{""geodesic"":false,""type"":""Point"",""coordinates"":[83.96629317464317,21.466186945084292]}"
626,20.0,140,2021,1,0,21.44552569354954,83.96773047909777,0.08528818,-0.005840228,2022,1474.2084752321243,"{""geodesic"":false,""type"":""Point"",""coordinates"":[83.96773047909777,21.44552569354954]}"
627,22.360679774997898,157,2021,1,6,21.466905597311587,83.99665623124642,0.27291173,-0.2977073,2022,1515.9416505098343,"{""geodesic"":false,""type"":""Point"",""coordinates"":[83.99665623124642,21.466905597311587]}"
628,30.0,135,2021,1,0,21.367821421473202,83.95425574983598,0.21400596,-0.11273039,2022,1523.130874812603,"{""geodesic"":false,""type"":""Point"",""coordinates"":[83.95425574983598,21.367821421473202]}"
629,22.360679774997898,140,2021,1,0,21.421720338520377,84.01031062356503,0.2836908,-0.31563666,2022,1531.3260192871094,"{""geodesic"":false,""type"":""Point"",""coordinates"":[84.01031062356503,21.421720338520377]}"
630,20.0,140,2021,1,0,21.422079664634023,83.9799475669618,0.20871769,-0.16244228,2022,1474.2084752321243,"{""geodesic"":false,""type"":""Point"",""coordinates"":[83.9799475669618,21.422079664634023]}"
631,10.0,193,2021,1,0,21.58629169857107,84.04956700148105,0.12021292,0.009155114,2022,1477.3682265281677,"{""geodesic"":false,""type"":""Point"",""coordinates"":[84.04956700148105,21.58629169857107]}"
632,22.360679774997898,136,2021,1,0,21.441393443242593,83.97213222398995,0.20121127,-0.14484043,2022,1474.2084752321243,"{""geodesic"":false,""type"":""Point"",""coordinates"":[83.97213222398995,21.441393443242593]}"
633,14.142135623730951,139,2021,1,0,21.412198196508708,83.99764437805895,-0.008888143,0.111144535,2022,1474.2084752321243,"{""geodesic"":false,""type"":""Point"",""coordinates"":[83.99764437805895,21.412198196508708]}"
634,0.0,138,2021,1,0,21.4459748511916,83.9747373383139,-0.07281346,0.19193196,2022,1474.2084752321243,"{""geodesic"":false,""type"":""Point"",""coordinates"":[83.9747373383139,21.4459748511916]}"
635,20.0,159,2021,1,1,21.451903732066793,83.94419461865384,0.5218005,-0.4862092,2022,1491.5035831928253,"{""geodesic"":false,""type"":""Point"",""coordinates"":[83.94419461865384,21.451903732066793]}"
636,28.284271247461902,147,2021,1,0,21.444717209793836,84.04022452252622,0.481842,-0.44189435,2022,1531.3260192871094,"{""geodesic"":false,""type"":""Point"",""coordinates"":[84.04022452252622,21.444717209793836]}"
637,20.0,154,2021,1,0,21.515594285710865,83.86083096028754,0.05689489,0.08284519,2022,1444.0026681423187,"{""geodesic"":false,""type"":""Point"",""coordinates"":[83.86083096028754,21.515594285710865]}"
638,0.0,179,2021,1,0,21.532033455410254,83.92946224799428,-0.031817112,0.16913587,2022,1500.3094980716705,"{""geodesic"":false,""type"":""Point"",""coordinates"":[83.92946224799428,21.532033455410254]}"
639,22.360679774997898,140,2021,1,0,21.452532552765675,83.97186272940472,0.09577961,-0.037037037,2022,1515.9416505098343,"{""geodesic"":false,""type"":""Point"",""coordinates"":[83.97186272940472,21.452532552765675]}"
640,0.0,133,2021,1,0,21.387764020780658,83.97428818067183,-0.037001327,0.19604225,2022,1523.130874812603,"{""geodesic"":false,""type"":""Point"",""coordinates"":[83.97428818067183,21.387764020780658]}"
641,22.360679774997898,158,2021,1,0,21.433667931799164,83.93889455847753,0.08456231,0.0320711,2022,1527.9942190647125,"{""geodesic"":false,""type"":""Point"",""coordinates"":[83.93889455847753,21.433667931799164]}"
642,0.0,138,2021,1,0,21.50023309435242,83.91203493148235,-0.046642452,0.16347943,2022,1500.3094980716705,"{""geodesic"":false,""type"":""Point"",""coordinates"":[83.91203493148235,21.50023309435242]}"
643,0.0,150,2021,1,0,21.46645643966953,84.01561068374134,-0.10094714,0.21573335,2022,1504.7035248279572,"{""geodesic"":false,""type"":""Point"",""coordinates"":[84.01561068374134,21.46645643966953]}"
644,28.284271247461902,193,2021,1,0,21.552694706945,84.16931242885418,0.015748031,-0.026071586,2022,1467.101193189621,"{""geodesic"":false,""type"":""Point"",""coordinates"":[84.16931242885418,21.552694706945]}"
645,30.0,150,2021,1,6,21.453520699578206,83.98345099656986,0.41706055,-0.44421944,2022,1515.9416505098343,"{""geodesic"":false,""type"":""Point"",""coordinates"":[83.98345099656986,21.453520699578206]}"
646,10.0,144,2021,1,0,21.498885621426243,83.91356206746536,0.0018292827,0.09523912,2022,1491.5035831928253,"{""geodesic"":false,""type"":""Point"",""coordinates"":[83.91356206746536,21.498885621426243]}"
647,22.360679774997898,145,2021,1,0,21.446513840362073,83.97428818067183,0.22190577,-0.2502781,2022,1474.2084752321243,"{""geodesic"":false,""type"":""Point"",""coordinates"":[83.97428818067183,21.446513840362073]}"
648,28.284271247461902,140,2021,1,0,21.459000422811336,83.96458637560335,0.28139246,-0.19456035,2022,1515.9416505098343,"{""geodesic"":false,""type"":""Point"",""coordinates"":[83.96458637560335,21.459000422811336]}"
649,10.0,159,2021,1,0,21.475529424039134,84.09106916760737,0.030622281,0.048654757,2022,1510.849615097046,"{""geodesic"":false,""type"":""Point"",""coordinates"":[84.09106916760737,21.475529424039134]}"
650,28.284271247461902,148,2021,1,0,21.516582432523396,83.89963818056151,0.19994746,-0.19086611,2022,1444.0026681423187,"{""geodesic"":false,""type"":""Point"",""coordinates"":[83.89963818056151,21.516582432523396]}"
651,10.0,196,2021,1,0,21.588178160667724,84.0408533432251,-0.02833843,0.12335318,2022,1477.3682265281677,"{""geodesic"":false,""type"":""Point"",""coordinates"":[84.0408533432251,21.588178160667724]}"
652,28.284271247461902,144,2021,1,0,21.422708485332908,84.01102927579232,0.577511,-0.5086342,2022,1531.3260192871094,"{""geodesic"":false,""type"":""Point"",""coordinates"":[84.01102927579232,21.422708485332908]}"
653,28.284271247461902,156,2021,1,0,21.402765886025453,83.92164690502243,0.08137197,0.09518028,2022,1527.9942190647125,"{""geodesic"":false,""type"":""Point"",""coordinates"":[83.92164690502243,21.402765886025453]}"
654,22.360679774997898,143,2021,1,0,21.45459867791915,83.98794257299045,0.27388954,-0.18031454,2022,1515.9416505098343,"{""geodesic"":false,""type"":""Point"",""coordinates"":[83.98794257299045,21.45459867791915]}"
655,22.360679774997898,154,2021,1,0,21.515594285710865,83.86388523225355,0.3724551,-0.311588,2022,1444.0026681423187,"{""geodesic"":false,""type"":""Point"",""coordinates"":[83.86388523225355,21.515594285710865]}"
656,0.0,147,2021,1,0,21.452622384294088,84.0424703107365,-0.18006726,0.29501447,2022,1504.7035248279572,"{""geodesic"":false,""type"":""Point"",""coordinates"":[84.0424703107365,21.452622384294088]}"
657,28.284271247461902,138,2021,1,0,21.397375994320736,83.97940857779132,0.22724001,-0.22840628,2022,1523.130874812603,"{""geodesic"":false,""type"":""Point"",""coordinates"":[83.97940857779132,21.397375994320736]}"
658,14.142135623730951,161,2021,1,0,21.474181951112953,84.0852301182606,0.4118594,-0.3249402,2022,1510.849615097046,"{""geodesic"":false,""type"":""Point"",""coordinates"":[84.0852301182606,21.474181951112953]}"
659,22.360679774997898,132,2021,1,0,21.40905409301429,83.97949840931973,0.17226063,-0.0404648,2022,1474.2084752321243,"{""geodesic"":false,""type"":""Point"",""coordinates"":[83.97949840931973,21.40905409301429]}"
660,22.360679774997898,141,2021,1,0,21.4174084251566,84.00680719395696,0.30773574,-0.2352,2022,1531.3260192871094,"{""geodesic"":false,""type"":""Point"",""coordinates"":[84.00680719395696,21.4174084251566]}"
661,22.360679774997898,142,2021,1,3,21.464929303686525,83.9551540651201,0.24765262,-0.13650648,2022,1515.9416505098343,"{""geodesic"":false,""type"":""Point"",""coordinates"":[83.9551540651201,21.464929303686525]}"
662,28.284271247461902,146,2021,1,0,21.493405898193114,83.9176943177723,0.12853457,-0.08881282,2022,1491.5035831928253,"{""geodesic"":false,""type"":""Point"",""coordinates"":[83.9176943177723,21.493405898193114]}"
663,14.142135623730951,177,2021,1,4,21.450646090669025,83.85957331888977,0.13306123,-0.06900801,2022,1425.125935792923,"{""geodesic"":false,""type"":""Point"",""coordinates"":[83.85957331888977,21.450646090669025]}"
664,22.360679774997898,152,2021,1,0,21.433578100270754,84.03672109291814,0.01584343,0.09090909,2022,1531.3260192871094,"{""geodesic"":false,""type"":""Point"",""coordinates"":[84.03672109291814,21.433578100270754]}"
665,30.0,140,2021,1,0,21.445076535907482,83.96997626730807,0.28151348,-0.22919838,2022,1474.2084752321243,"{""geodesic"":false,""type"":""Point"",""coordinates"":[83.96997626730807,21.445076535907482]}"
666,0.0,136,2021,1,0,21.41228802803712,83.99926134557036,-0.045454547,0.17496574,2022,1474.2084752321243,"{""geodesic"":false,""type"":""Point"",""coordinates"":[83.99926134557036,21.41228802803712]}"
667,22.360679774997898,184,2021,1,0,21.397196331263913,84.03196002191231,0.1930982,-0.23379691,2022,1473.560908794403,"{""geodesic"":false,""type"":""Point"",""coordinates"":[84.03196002191231,21.397196331263913]}"
668,10.0,162,2021,1,0,21.47993116893132,84.03887704960003,-0.016634429,0.11843246,2022,1504.7035248279572,"{""geodesic"":false,""type"":""Point"",""coordinates"":[84.03887704960003,21.47993116893132]}"
669,28.284271247461902,138,2021,1,0,21.418576235025956,83.98084588224592,0.13476908,-0.15348837,2022,1474.2084752321243,"{""geodesic"":false,""type"":""Point"",""coordinates"":[83.98084588224592,21.418576235025956]}"
670,10.0,136,2021,1,0,21.356861975006947,83.94266748267083,0.036429364,0.086631544,2022,1542.414464712143,"{""geodesic"":false,""type"":""Point"",""coordinates"":[83.94266748267083,21.356861975006947]}"
671,22.360679774997898,135,2021,1,0,21.431242480532042,83.97940857779132,0.18892767,-0.20748447,2022,1474.2084752321243,"{""geodesic"":false,""type"":""Point"",""coordinates"":[83.97940857779132,21.431242480532042]}"
672,30.0,139,2021,1,0,21.422259327690846,83.9800373984902,0.1853991,-0.24287248,2022,1474.2084752321243,"{""geodesic"":false,""type"":""Point"",""coordinates"":[83.9800373984902,21.422259327690846]}"
673,10.0,179,2021,1,0,21.532123286938663,83.92883342729539,0.06896811,0.06519492,2022,1500.3094980716705,"{""geodesic"":false,""type"":""Point"",""coordinates"":[83.92883342729539,21.532123286938663]}"
674,30.0,145,2021,1,0,21.491609267624874,83.92416218781797,0.1294618,-0.16696653,2022,1491.5035831928253,"{""geodesic"":false,""type"":""Point"",""coordinates"":[83.92416218781797,21.491609267624874]}"
675,28.284271247461902,154,2021,1,0,21.514156981256274,83.86523270517972,0.4796748,-0.44182208,2022,1444.0026681423187,"{""geodesic"":false,""type"":""Point"",""coordinates"":[83.86523270517972,21.514156981256274]}"
676,22.360679774997898,161,2021,1,0,21.44121378018577,83.95012349952903,0.6491716,-0.5531089,2022,1474.2084752321243,"{""geodesic"":false,""type"":""Point"",""coordinates"":[83.95012349952903,21.44121378018577]}"
677,10.0,201,2021,1,0,21.54434037480269,84.17937356003632,0.0071845534,0.070259064,2022,1486.6419987678528,"{""geodesic"":false,""type"":""Point"",""coordinates"":[84.17937356003632,21.54434037480269]}"
678,22.360679774997898,148,2021,1,0,21.435015404725345,84.0378889027875,0.50318474,-0.4080212,2022,1531.3260192871094,"{""geodesic"":false,""type"":""Point"",""coordinates"":[84.0378889027875,21.435015404725345]}"
679,0.0,143,2021,1,0,21.45693429765786,84.00213595447954,-0.024223147,0.17620327,2022,1504.7035248279572,"{""geodesic"":false,""type"":""Point"",""coordinates"":[84.00213595447954,21.45693429765786]}"
680,10.0,158,2021,1,0,21.485051566050803,83.89218216370331,-0.065529965,0.12588078,2022,1425.125935792923,"{""geodesic"":false,""type"":""Point"",""coordinates"":[83.89218216370331,21.485051566050803]}"
681,10.0,140,2021,1,0,21.46744458648206,83.96467620713176,-0.00438153,0.12860072,2022,1515.9416505098343,"{""geodesic"":false,""type"":""Point"",""coordinates"":[83.96467620713176,21.46744458648206]}"
682,20.0,140,2021,1,0,21.464390314516052,83.96835929979665,0.019347522,0.09834469,2022,1515.9416505098343,"{""geodesic"":false,""type"":""Point"",""coordinates"":[83.96835929979665,21.464390314516052]}"
683,0.0,144,2021,1,0,21.447232492589368,83.96746098451253,-0.02697555,0.15588123,2022,1474.2084752321243,"{""geodesic"":false,""type"":""Point"",""coordinates"":[83.96746098451253,21.447232492589368]}"
684,20.0,168,2021,1,0,21.497178822386413,83.86963445007191,0.037037037,0.11035402,2022,1425.125935792923,"{""geodesic"":false,""type"":""Point"",""coordinates"":[83.86963445007191,21.497178822386413]}"
685,20.0,140,2021,1,0,21.413455837906476,83.98318150198462,0.15431313,-0.20781563,2022,1474.2084752321243,"{""geodesic"":false,""type"":""Point"",""coordinates"":[83.98318150198462,21.413455837906476]}"
686,22.360679774997898,145,2021,1,0,21.509665404835676,83.91248408912442,0.46740937,-0.36061084,2022,1500.3094980716705,"{""geodesic"":false,""type"":""Point"",""coordinates"":[83.91248408912442,21.509665404835676]}"
687,28.284271247461902,145,2021,1,0,21.451544405953143,84.04202115309445,0.25830176,-0.18633384,2022,1504.7035248279572,"{""geodesic"":false,""type"":""Point"",""coordinates"":[84.04202115309445,21.451544405953143]}"
688,28.284271247461902,166,2021,1,4,21.409593082184763,83.89694323470914,0.28955832,-0.35515374,2022,1488.7521340847015,"{""geodesic"":false,""type"":""Point"",""coordinates"":[83.89694323470914,21.409593082184763]}"
689,22.360679774997898,140,2021,1,0,21.464480146044465,83.9679101421546,0.20380455,-0.0780125,2022,1515.9416505098343,"{""geodesic"":false,""type"":""Point"",""coordinates"":[83.9679101421546,21.464480146044465]}"
690,30.0,154,2021,1,0,21.504545007716196,84.0160598413834,0.24731183,-0.17412119,2022,1464.9749150276184,"{""geodesic"":false,""type"":""Point"",""coordinates"":[84.0160598413834,21.504545007716196]}"
691,28.284271247461902,155,2021,1,0,21.431781469702514,83.93988270529006,0.6876799,-0.56082255,2022,1527.9942190647125,"{""geodesic"":false,""type"":""Point"",""coordinates"":[83.93988270529006,21.431781469702514]}"
692,20.0,160,2021,1,0,21.474092119584544,84.08496062367536,0.47639096,-0.3932713,2022,1510.849615097046,"{""geodesic"":false,""type"":""Point"",""coordinates"":[84.08496062367536,21.474092119584544]}"
693,22.360679774997898,147,2021,1,0,21.505622986057137,83.91329257288012,0.123196945,-0.035612576,2022,1500.3094980716705,"{""geodesic"":false,""type"":""Point"",""coordinates"":[83.91329257288012,21.505622986057137]}"
694,14.142135623730951,179,2021,1,0,21.444268052151774,83.89909919139103,-0.041595887,0.13176093,2022,1488.7521340847015,"{""geodesic"":false,""type"":""Point"",""coordinates"":[83.89909919139103,21.444268052151774]}"
695,10.0,201,2021,1,0,21.532123286938663,84.1927584577697,0.068686865,-0.04159488,2022,1486.6419987678528,"{""geodesic"":false,""type"":""Point"",""coordinates"":[84.1927584577697,21.532123286938663]}"
696,20.0,137,2021,1,0,21.4068981363324,83.98192386058686,0.059912007,-0.0060911947,2022,1474.2084752321243,"{""geodesic"":false,""type"":""Point"",""coordinates"":[83.98192386058686,21.4068981363324]}"
697,30.0,138,2021,1,0,21.435195067782168,83.97410851761501,0.11027342,-0.0020295484,2022,1474.2084752321243,"{""geodesic"":false,""type"":""Point"",""coordinates"":[83.97410851761501,21.435195067782168]}"
698,30.0,156,2021,1,1,21.481548136442736,84.06932993773168,0.5553636,-0.51930904,2022,1510.849615097046,"{""geodesic"":false,""type"":""Point"",""coordinates"":[84.06932993773168,21.481548136442736]}"
699,10.0,142,2021,1,0,21.412467691093944,84.00096814461018,-0.023836922,0.123024665,2022,1531.3260192871094,"{""geodesic"":false,""type"":""Point"",""coordinates"":[84.00096814461018,21.412467691093944]}"
700,20.0,158,2021,1,0,21.484782071465567,83.89469744649885,-0.007708479,0.13075507,2022,1425.125935792923,"{""geodesic"":false,""type"":""Point"",""coordinates"":[83.89469744649885,21.484782071465567]}"
701,14.142135623730951,157,2021,1,0,21.39998110864468,83.90574672449353,0.2073424,-0.21043727,2022,1542.414464712143,"{""geodesic"":false,""type"":""Point"",""coordinates"":[83.90574672449353,21.39998110864468]}"
702,20.0,148,2021,1,0,21.461695368663694,84.0574721759813,0.3331406,-0.3020848,2022,1510.849615097046,"{""geodesic"":false,""type"":""Point"",""coordinates"":[84.0574721759813,21.461695368663694]}"
703,30.0,187,2021,1,3,21.43528489931058,84.15799365627429,0.17279513,0.018736988,2022,1596.7456719875336,"{""geodesic"":false,""type"":""Point"",""coordinates"":[84.15799365627429,21.43528489931058]}"
704,22.360679774997898,149,2021,1,0,21.44920878621443,84.04273980532174,0.32933232,-0.34752852,2022,1531.3260192871094,"{""geodesic"":false,""type"":""Point"",""coordinates"":[84.04273980532174,21.44920878621443]}"
705,10.0,156,2021,1,0,21.45226305818044,83.93925388459118,0.11589549,0.051280886,2022,1491.5035831928253,"{""geodesic"":false,""type"":""Point"",""coordinates"":[83.93925388459118,21.45226305818044]}"
706,22.360679774997898,148,2021,1,0,21.415791457645184,84.02477349963935,-0.017373176,0.10562935,2022,1531.3260192871094,"{""geodesic"":false,""type"":""Point"",""coordinates"":[84.02477349963935,21.415791457645184]}"
707,22.360679774997898,158,2021,1,0,21.473642961942485,83.91347223593695,0.07400181,0.032328747,2022,1491.5035831928253,"{""geodesic"":false,""type"":""Point"",""coordinates"":[83.91347223593695,21.473642961942485]}"
708,20.0,172,2021,1,0,21.49798730614212,84.08334365616395,0.17163287,-0.034408756,2022,1510.849615097046,"{""geodesic"":false,""type"":""Point"",""coordinates"":[84.08334365616395,21.49798730614212]}"
709,10.0,135,2021,1,0,21.40869476690064,83.97868992556403,0.01834524,0.07150255,2022,1474.2084752321243,"{""geodesic"":false,""type"":""Point"",""coordinates"":[83.97868992556403,21.40869476690064]}"
710,10.0,163,2021,1,0,21.492058425266933,83.88697193505543,0.04484894,0.14180024,2022,1425.125935792923,"{""geodesic"":false,""type"":""Point"",""coordinates"":[83.88697193505543,21.492058425266933]}"
711,20.0,140,2021,1,0,21.45971907503863,83.9687186259103,0.12416556,-0.0027788805,2022,1515.9416505098343,"{""geodesic"":false,""type"":""Point"",""coordinates"":[83.9687186259103,21.45971907503863]}"
712,30.0,156,2021,1,0,21.45792244447039,83.93889455847753,0.12079583,-0.005524862,2022,1491.5035831928253,"{""geodesic"":false,""type"":""Point"",""coordinates"":[83.93889455847753,21.45792244447039]}"
713,22.360679774997898,153,2021,1,0,21.433578100270754,84.03699058750338,0.3523928,-0.24177288,2022,1531.3260192871094,"{""geodesic"":false,""type"":""Point"",""coordinates"":[84.03699058750338,21.433578100270754]}"
714,14.142135623730951,139,2021,1,3,21.458102107527214,83.9641372179613,0.12125837,0.011409351,2022,1515.9416505098343,"{""geodesic"":false,""type"":""Point"",""coordinates"":[83.9641372179613,21.458102107527214]}"
715,28.284271247461902,162,2021,1,0,21.528170699688538,83.91401122510742,-0.016313747,0.10680216,2022,1500.3094980716705,"{""geodesic"":false,""type"":""Point"",""coordinates"":[83.91401122510742,21.528170699688538]}"
716,10.0,147,2021,1,0,21.49978393671036,83.91230442606759,0.020956075,0.02577136,2022,1491.5035831928253,"{""geodesic"":false,""type"":""Point"",""coordinates"":[83.91230442606759,21.49978393671036]}"
717,28.284271247461902,146,2021,1,0,21.458191939055627,84.00357325893414,0.5229983,-0.46317512,2022,1504.7035248279572,"{""geodesic"":false,""type"":""Point"",""coordinates"":[84.00357325893414,21.458191939055627]}"
718,28.284271247461902,144,2021,1,0,21.441393443242593,83.9702457618933,0.5711499,-0.50243926,2022,1474.2084752321243,"{""geodesic"":false,""type"":""Point"",""coordinates"":[83.9702457618933,21.441393443242593]}"
719,28.284271247461902,147,2021,1,0,21.41776775127025,84.02495316269618,0.5800317,-0.50490564,2022,1531.3260192871094,"{""geodesic"":false,""type"":""Point"",""coordinates"":[84.02495316269618,21.41776775127025]}"
720,10.0,162,2021,1,0,21.46528862980017,83.93503180275582,-0.020498052,0.14616498,2022,1491.5035831928253,"{""geodesic"":false,""type"":""Point"",""coordinates"":[83.93503180275582,21.46528862980017]}"
721,14.142135623730951,145,2021,1,3,21.463491999231934,83.95416591830757,0.002712968,0.122507125,2022,1515.9416505098343,"{""geodesic"":false,""type"":""Point"",""coordinates"":[83.95416591830757,21.463491999231934]}"
722,10.0,145,2021,1,0,21.46196486324893,84.01093944426391,0.063403785,0.0048577376,2022,1504.7035248279572,"{""geodesic"":false,""type"":""Point"",""coordinates"":[84.01093944426391,21.46196486324893]}"
723,10.0,139,2021,1,0,21.423606800617026,83.97455767525707,0.017780673,0.11515549,2022,1474.2084752321243,"{""geodesic"":false,""type"":""Point"",""coordinates"":[83.97455767525707,21.423606800617026]}"
724,28.284271247461902,156,2021,1,0,21.452622384294088,83.94087085210259,0.36162394,-0.22404492,2022,1491.5035831928253,"{""geodesic"":false,""type"":""Point"",""coordinates"":[83.94087085210259,21.452622384294088]}"
725,0.0,140,2021,1,0,21.41282701720759,84.00168679683749,-0.08761329,0.15115553,2022,1531.3260192871094,"{""geodesic"":false,""type"":""Point"",""coordinates"":[84.00168679683749,21.41282701720759]}"
726,22.360679774997898,172,2021,1,0,21.497717811556885,84.082265677823,0.20253044,-0.086133376,2022,1510.849615097046,"{""geodesic"":false,""type"":""Point"",""coordinates"":[84.082265677823,21.497717811556885]}"
727,22.360679774997898,198,2021,1,4,21.550089592621056,84.18099052754773,0.39855576,-0.38866517,2022,1467.101193189621,"{""geodesic"":false,""type"":""Point"",""coordinates"":[84.18099052754773,21.550089592621056]}"
728,22.360679774997898,143,2021,1,0,21.41318634332124,84.00213595447954,0.58640635,-0.5183391,2022,1531.3260192871094,"{""geodesic"":false,""type"":""Point"",""coordinates"":[84.00213595447954,21.41318634332124]}"
729,22.360679774997898,197,2021,1,0,21.529608004143128,84.17703794029761,0.13590504,-0.0670879,2022,1486.6419987678528,"{""geodesic"":false,""type"":""Point"",""coordinates"":[84.17703794029761,21.529608004143128]}"
730,22.360679774997898,148,2021,1,0,21.445256198964305,84.04094317475351,0.12533954,-0.011510289,2022,1531.3260192871094,"{""geodesic"":false,""type"":""Point"",""coordinates"":[84.04094317475351,21.445256198964305]}"
731,22.360679774997898,140,2021,1,0,21.436273046123112,83.98425948032556,0.16237096,-0.016557377,2022,1474.2084752321243,"{""geodesic"":false,""type"":""Point"",""coordinates"":[83.98425948032556,21.436273046123112]}"
732,20.0,147,2021,1,0,21.467714081067296,83.96476603866017,0.52375585,-0.40901753,2022,1515.9416505098343,"{""geodesic"":false,""type"":""Point"",""coordinates"":[83.96476603866017,21.467714081067296]}"
733,14.142135623730951,180,2021,1,0,21.525565585364593,83.96261008197828,-0.021545451,0.11171501,2022,1506.779983997345,"{""geodesic"":false,""type"":""Point"",""coordinates"":[83.96261008197828,21.525565585364593]}"
734,28.284271247461902,138,2021,1,0,21.43762051904929,83.97383902302978,0.17103173,-0.061866682,2022,1474.2084752321243,"{""geodesic"":false,""type"":""Point"",""coordinates"":[83.97383902302978,21.43762051904929]}"
735,30.0,203,2021,1,0,21.591681590275787,84.03806856584433,0.331381,-0.34585288,2022,1477.3682265281677,"{""geodesic"":false,""type"":""Point"",""coordinates"":[84.03806856584433,21.591681590275787]}"
736,0.0,148,2021,1,0,21.452622384294088,84.05190262121977,-0.05536589,0.17479253,2022,1510.849615097046,"{""geodesic"":false,""type"":""Point"",""coordinates"":[84.05190262121977,21.452622384294088]}"
737,28.284271247461902,142,2021,1,0,21.41174903886665,83.99602741054753,0.5392039,-0.43891743,2022,1474.2084752321243,"{""geodesic"":false,""type"":""Point"",""coordinates"":[83.99602741054753,21.41174903886665]}"
738,20.0,211,2021,1,0,21.353538208455703,84.14173414963172,0.039473683,0.009059234,2022,1570.934062719345,"{""geodesic"":false,""type"":""Point"",""coordinates"":[84.14173414963172,21.353538208455703]}"
739,14.142135623730951,137,2021,1,0,21.500412757409244,83.91140611078347,0.11922795,-0.07833695,2022,1500.3094980716705,"{""geodesic"":false,""type"":""Point"",""coordinates"":[83.91140611078347,21.500412757409244]}"
740,14.142135623730951,131,2021,1,0,21.426301746469385,83.98012723001861,0.16870378,-0.054039598,2022,1474.2084752321243,"{""geodesic"":false,""type"":""Point"",""coordinates"":[83.98012723001861,21.426301746469385]}"
741,10.0,147,2021,1,0,21.45280204735091,84.05181278969135,0.02992983,0.06524564,2022,1510.849615097046,"{""geodesic"":false,""type"":""Point"",""coordinates"":[84.05181278969135,21.45280204735091]}"
742,20.0,158,2021,1,0,21.48029049504497,83.91410105663583,-0.00404589,0.14723384,2022,1491.5035831928253,"{""geodesic"":false,""type"":""Point"",""coordinates"":[83.91410105663583,21.48029049504497]}"
743,30.0,133,2021,1,0,21.375816427501867,83.95614221193263,0.11065574,0.092155464,2022,1523.130874812603,"{""geodesic"":false,""type"":""Point"",""coordinates"":[83.95614221193263,21.375816427501867]}"
744,14.142135623730951,157,2021,1,0,21.39566919528091,83.89972801208992,0.3233164,-0.19642244,2022,1506.1152746677399,"{""geodesic"":false,""type"":""Point"",""coordinates"":[83.89972801208992,21.39566919528091]}"
745,20.0,153,2021,1,0,21.50975523636409,84.02800743466219,0.53447306,-0.45196134,2022,1464.9749150276184,"{""geodesic"":false,""type"":""Point"",""coordinates"":[84.02800743466219,21.50975523636409]}"
746,22.360679774997898,181,2021,1,0,21.578206861013996,84.07804359598764,0.1730419,-0.06329114,2022,1441.9273054599762,"{""geodesic"":false,""type"":""Point"",""coordinates"":[84.07804359598764,21.578206861013996]}"
747,30.0,145,2021,1,6,21.454419014862324,83.99225448635423,0.49172795,-0.46985906,2022,1515.9416505098343,"{""geodesic"":false,""type"":""Point"",""coordinates"":[83.99225448635423,21.454419014862324]}"
748,22.360679774997898,176,2021,1,0,21.532123286938663,83.92991140563633,0.15435702,-0.023432853,2022,1500.3094980716705,"{""geodesic"":false,""type"":""Point"",""coordinates"":[83.92991140563633,21.532123286938663]}"
749,28.284271247461902,165,2021,1,0,21.46376149381717,83.9356606234547,0.40264818,-0.4174211,2022,1491.5035831928253,"{""geodesic"":false,""type"":""Point"",""coordinates"":[83.9356606234547,21.46376149381717]}"
750,10.0,141,2021,1,0,21.41237785956553,83.99782404111576,0.047842156,0.08546504,2022,1474.2084752321243,"{""geodesic"":false,""type"":""Point"",""coordinates"":[83.99782404111576,21.41237785956553]}"
751,30.0,208,2021,1,1,21.552784538473414,84.18081086449092,0.61262167,-0.51977223,2022,1467.101193189621,"{""geodesic"":false,""type"":""Point"",""coordinates"":[84.18081086449092,21.552784538473414]}"
752,28.284271247461902,156,2021,1,0,21.453880025691856,83.93727759096612,0.22597812,-0.08614668,2022,1491.5035831928253,"{""geodesic"":false,""type"":""Point"",""coordinates"":[83.93727759096612,21.453880025691856]}"
753,28.284271247461902,142,2021,1,0,21.421720338520377,83.97464750678549,0.107964255,-0.14366566,2022,1474.2084752321243,"{""geodesic"":false,""type"":""Point"",""coordinates"":[83.97464750678549,21.421720338520377]}"
754,22.360679774997898,134,2021,1,0,21.351382251773817,83.92407235628956,0.14553536,0.0053630215,2022,1542.414464712143,"{""geodesic"":false,""type"":""Point"",""coordinates"":[83.92407235628956,21.351382251773817]}"
755,20.0,147,2021,1,0,21.452891878879324,84.04345845754904,0.32762626,-0.2897196,2022,1504.7035248279572,"{""geodesic"":false,""type"":""Point"",""coordinates"":[84.04345845754904,21.452891878879324]}"
756,30.0,138,2021,1,0,21.395938689866146,83.97060508800695,0.014195063,0.09738558,2022,1523.130874812603,"{""geodesic"":false,""type"":""Point"",""coordinates"":[83.97060508800695,21.395938689866146]}"
757,10.0,139,2021,1,0,21.416330446815657,83.97895942014927,0.15036109,-0.05204695,2022,1474.2084752321243,"{""geodesic"":false,""type"":""Point"",""coordinates"":[83.97895942014927,21.416330446815657]}"
758,28.284271247461902,152,2021,1,0,21.514785801955156,83.87313787967997,0.33078393,-0.3518938,2022,1444.0026681423187,"{""geodesic"":false,""type"":""Point"",""coordinates"":[83.87313787967997,21.514785801955156]}"
759,14.142135623730951,171,2021,1,4,21.44911895468602,84.10059130961905,0.29590923,-0.26835683,2022,1596.4968211650848,"{""geodesic"":false,""type"":""Point"",""coordinates"":[84.10059130961905,21.44911895468602]}"
760,28.284271247461902,138,2021,1,0,21.412108364980295,83.97204239246155,0.26560804,-0.19075015,2022,1474.2084752321243,"{""geodesic"":false,""type"":""Point"",""coordinates"":[83.97204239246155,21.412108364980295]}"
761,20.0,140,2021,1,0,21.424055958259085,83.97725262110943,0.11689565,-0.036457617,2022,1474.2084752321243,"{""geodesic"":false,""type"":""Point"",""coordinates"":[83.97725262110943,21.424055958259085]}"
762,14.142135623730951,145,2021,1,0,21.457652949885155,83.96485587018859,0.00649857,0.1342714,2022,1515.9416505098343,"{""geodesic"":false,""type"":""Point"",""coordinates"":[83.96485587018859,21.457652949885155]}"
763,28.284271247461902,202,2021,1,0,21.569493202758036,84.18099052754773,0.49793622,-0.44532946,2022,1467.101193189621,"{""geodesic"":false,""type"":""Point"",""coordinates"":[84.18099052754773,21.569493202758036]}"
764,0.0,144,2021,1,0,21.41282701720759,83.98758324687681,-0.06692723,0.18015286,2022,1474.2084752321243,"{""geodesic"":false,""type"":""Point"",""coordinates"":[83.98758324687681,21.41282701720759]}"
765,30.0,133,2021,1,0,21.367731589944793,83.95488457053486,0.0845987,0.047392238,2022,1523.130874812603,"{""geodesic"":false,""type"":""Point"",""coordinates"":[83.95488457053486,21.367731589944793]}"
766,10.0,145,2021,1,0,21.466276776612702,83.95569305429056,0.113349706,0.001419089,2022,1515.9416505098343,"{""geodesic"":false,""type"":""Point"",""coordinates"":[83.95569305429056,21.466276776612702]}"
767,14.142135623730951,189,2021,1,0,21.41686943598613,84.15898180308682,0.2866521,-0.21865284,2022,1596.7456719875336,"{""geodesic"":false,""type"":""Point"",""coordinates"":[84.15898180308682,21.41686943598613]}"
768,22.360679774997898,179,2021,1,0,21.45181390053838,84.15026814483085,0.31494844,-0.30435893,2022,1543.9708049297333,"{""geodesic"":false,""type"":""Point"",""coordinates"":[84.15026814483085,21.45181390053838]}"
769,28.284271247461902,142,2021,1,3,21.46160553713528,83.95982530459752,0.07022107,0.08657048,2022,1515.9416505098343,"{""geodesic"":false,""type"":""Point"",""coordinates"":[83.95982530459752,21.46160553713528]}"
770,10.0,140,2021,1,0,21.412647354150767,84.00177662836589,-0.0016020506,0.09313155,2022,1531.3260192871094,"{""geodesic"":false,""type"":""Point"",""coordinates"":[84.00177662836589,21.412647354150767]}"
771,10.0,177,2021,1,0,21.497717811556885,84.08343348769236,0.12060404,0.006755477,2022,1510.849615097046,"{""geodesic"":false,""type"":""Point"",""coordinates"":[84.08343348769236,21.497717811556885]}"
772,28.284271247461902,133,2021,1,0,21.365036644092434,83.94275731419924,0.16322774,-0.1020558,2022,1542.414464712143,"{""geodesic"":false,""type"":""Point"",""coordinates"":[83.94275731419924,21.365036644092434]}"
773,10.0,167,2021,1,0,21.472475152073127,84.15305292221163,0.058233704,-0.0067877453,2022,1543.9708049297333,"{""geodesic"":false,""type"":""Point"",""coordinates"":[84.15305292221163,21.472475152073127]}"
774,30.0,137,2021,1,0,21.43250012192981,83.97635430582531,0.2754751,-0.20819572,2022,1474.2084752321243,"{""geodesic"":false,""type"":""Point"",""coordinates"":[83.97635430582531,21.43250012192981]}"
775,14.142135623730951,141,2021,1,0,21.44453754673701,83.9687186259103,-0.005027634,0.14106804,2022,1474.2084752321243,"{""geodesic"":false,""type"":""Point"",""coordinates"":[83.9687186259103,21.44453754673701]}"
776,22.360679774997898,168,2021,1,0,21.49151943609646,83.88813974492477,0.51746815,-0.44256318,2022,1425.125935792923,"{""geodesic"":false,""type"":""Point"",""coordinates"":[83.88813974492477,21.49151943609646]}"
777,10.0,156,2021,1,0,21.452532552765675,83.93925388459118,0.022591814,0.13096961,2022,1491.5035831928253,"{""geodesic"":false,""type"":""Point"",""coordinates"":[83.93925388459118,21.452532552765675]}"
778,14.142135623730951,156,2021,1,0,21.459269917396572,83.93700809638088,0.03265829,0.10426577,2022,1491.5035831928253,"{""geodesic"":false,""type"":""Point"",""coordinates"":[83.93700809638088,21.459269917396572]}"
779,22.360679774997898,138,2021,1,0,21.439686644202766,83.97213222398995,0.0784908,0.0048806225,2022,1474.2084752321243,"{""geodesic"":false,""type"":""Point"",""coordinates"":[83.97213222398995,21.439686644202766]}"
780,22.360679774997898,142,2021,1,0,21.470498858448064,83.95012349952903,0.14978282,-0.03580973,2022,1515.9416505098343,"{""geodesic"":false,""type"":""Point"",""coordinates"":[83.95012349952903,21.470498858448064]}"
781,22.360679774997898,165,2021,1,0,21.397825151962795,83.87232939592427,2.528445E-4,0.1165699,2022,1506.1152746677399,"{""geodesic"":false,""type"":""Point"",""coordinates"":[83.87232939592427,21.397825151962795]}"
782,20.0,158,2021,1,4,21.440495127958474,84.04471609894681,0.3255224,-0.2857645,2022,1531.3260192871094,"{""geodesic"":false,""type"":""Point"",""coordinates"":[84.04471609894681,21.440495127958474]}"
783,22.360679774997898,204,2021,1,5,21.53230294999549,84.19293812082653,0.2710179,-0.3559649,2022,1486.6419987678528,"{""geodesic"":false,""type"":""Point"",""coordinates"":[84.19293812082653,21.53230294999549]}"
784,22.360679774997898,195,2021,1,0,21.525296090779356,84.17470232055891,0.33670247,-0.2663076,2022,1486.6419987678528,"{""geodesic"":false,""type"":""Point"",""coordinates"":[84.17470232055891,21.525296090779356]}"
785,22.360679774997898,170,2021,1,4,21.48541089216445,84.10544221215329,0.32106304,-0.28778708,2022,1559.4533474445343,"{""geodesic"":false,""type"":""Point"",""coordinates"":[84.10544221215329,21.48541089216445]}"
786,30.0,152,2021,1,0,21.51900788379052,83.87816844527104,0.62571126,-0.5180557,2022,1444.0026681423187,"{""geodesic"":false,""type"":""Point"",""coordinates"":[83.87816844527104,21.51900788379052]}"
787,10.0,155,2021,1,0,21.436901866821994,83.94653023839254,0.11010983,0.032215826,2022,1527.9942190647125,"{""geodesic"":false,""type"":""Point"",""coordinates"":[83.94653023839254,21.436901866821994]}"
788,22.360679774997898,145,2021,1,3,21.463581830760344,83.95416591830757,0.053321343,0.07240503,2022,1515.9416505098343,"{""geodesic"":false,""type"":""Point"",""coordinates"":[83.95416591830757,21.463581830760344]}"
789,10.0,135,2021,1,0,21.367372263831143,83.94787771131872,0.020652799,0.13181093,2022,1542.414464712143,"{""geodesic"":false,""type"":""Point"",""coordinates"":[83.94787771131872,21.367372263831143]}"
790,30.0,158,2021,1,0,21.475529424039134,83.91805364388595,0.020276612,0.06468312,2022,1491.5035831928253,"{""geodesic"":false,""type"":""Point"",""coordinates"":[83.91805364388595,21.475529424039134]}"
791,30.0,139,2021,1,0,21.41453381624742,83.97482716984231,0.11613346,-0.04266395,2022,1474.2084752321243,"{""geodesic"":false,""type"":""Point"",""coordinates"":[83.97482716984231,21.41453381624742]}"
792,30.0,154,2021,1,0,21.482805777840504,84.07813342751605,0.43998823,-0.43173504,2022,1510.849615097046,"{""geodesic"":false,""type"":""Point"",""coordinates"":[84.07813342751605,21.482805777840504]}"
793,20.0,192,2021,1,0,21.523948617853176,84.13418830124512,0.22321583,-0.25626594,2022,1516.5754685401917,"{""geodesic"":false,""type"":""Point"",""coordinates"":[84.13418830124512,21.523948617853176]}"
794,10.0,188,2021,1,0,21.416959267514542,84.1596106237857,0.11055183,-0.00670347,2022,1596.7456719875336,"{""geodesic"":false,""type"":""Point"",""coordinates"":[84.1596106237857,21.416959267514542]}"
795,22.360679774997898,136,2021,1,0,21.413725332491712,83.97464750678549,0.0023301668,0.12483127,2022,1474.2084752321243,"{""geodesic"":false,""type"":""Point"",""coordinates"":[83.97464750678549,21.413725332491712]}"
796,22.360679774997898,150,2021,1,0,21.461246211021635,84.05783150209496,0.52018255,-0.4926762,2022,1510.849615097046,"{""geodesic"":false,""type"":""Point"",""coordinates"":[84.05783150209496,21.461246211021635]}"
797,20.0,139,2021,1,0,21.44040529643006,83.97195256093313,0.27462992,-0.19616258,2022,1474.2084752321243,"{""geodesic"":false,""type"":""Point"",""coordinates"":[83.97195256093313,21.44040529643006]}"
798,30.0,151,2021,1,5,21.438698497390234,84.03726008208862,0.28782895,-0.33731854,2022,1531.3260192871094,"{""geodesic"":false,""type"":""Point"",""coordinates"":[84.03726008208862,21.438698497390234]}"
799,22.360679774997898,166,2021,1,0,21.47948201128926,84.03950587029891,-0.04988831,0.11805364,2022,1504.7035248279572,"{""geodesic"":false,""type"":""Point"",""coordinates"":[84.03950587029891,21.47948201128926]}"
800,30.0,154,2021,1,0,21.51712142169387,83.87313787967997,0.12456072,-0.20923723,2022,1444.0026681423187,"{""geodesic"":false,""type"":""Point"",""coordinates"":[83.87313787967997,21.51712142169387]}"
801,30.0,144,2021,1,0,21.4978076430853,83.91464004580631,0.1085474,-0.113106444,2022,1491.5035831928253,"{""geodesic"":false,""type"":""Point"",""coordinates"":[83.91464004580631,21.4978076430853]}"
802,22.360679774997898,143,2021,1,0,21.458102107527214,83.96611351158636,0.031994395,0.06786901,2022,1515.9416505098343,"{""geodesic"":false,""type"":""Point"",""coordinates"":[83.96611351158636,21.458102107527214]}"
803,20.0,142,2021,1,0,21.457563118356745,83.964945701717,-0.04044834,0.11812787,2022,1515.9416505098343,"{""geodesic"":false,""type"":""Point"",""coordinates"":[83.964945701717,21.457563118356745]}"
804,10.0,200,2021,1,0,21.384350422701004,84.15188511234227,-0.017921148,0.06960951,2022,1569.3732466697693,"{""geodesic"":false,""type"":""Point"",""coordinates"":[84.15188511234227,21.384350422701004]}"
805,30.0,141,2021,1,0,21.448759628572372,83.97276104468884,0.20904516,-0.13819644,2022,1474.2084752321243,"{""geodesic"":false,""type"":""Point"",""coordinates"":[83.97276104468884,21.448759628572372]}"
806,22.360679774997898,135,2021,1,0,21.39665734209344,83.97913908320608,0.45988178,-0.3984443,2022,1523.130874812603,"{""geodesic"":false,""type"":""Point"",""coordinates"":[83.97913908320608,21.39665734209344]}"
807,28.284271247461902,144,2021,1,0,21.413276174849653,84.00348342740573,7.4660295E-4,0.09076109,2022,1531.3260192871094,"{""geodesic"":false,""type"":""Point"",""coordinates"":[84.00348342740573,21.413276174849653]}"
808,28.284271247461902,139,2021,1,0,21.424594947429558,83.97617464276848,0.14977507,-0.06909564,2022,1474.2084752321243,"{""geodesic"":false,""type"":""Point"",""coordinates"":[83.97617464276848,21.424594947429558]}"
809,30.0,144,2021,1,3,21.466007282027466,83.9551540651201,0.7075656,-0.56037354,2022,1515.9416505098343,"{""geodesic"":false,""type"":""Point"",""coordinates"":[83.9551540651201,21.466007282027466]}"
810,20.0,188,2021,1,0,21.51227051915962,84.16697680911548,0.29579207,-0.2675545,2022,1486.6419987678528,"{""geodesic"":false,""type"":""Point"",""coordinates"":[84.16697680911548,21.51227051915962]}"
811,10.0,154,2021,1,0,21.479751505874496,84.0618739208735,-0.05842007,0.14352168,2022,1510.849615097046,"{""geodesic"":false,""type"":""Point"",""coordinates"":[84.0618739208735,21.479751505874496]}"
812,10.0,158,2021,1,0,21.480200663516555,83.91481970886312,-0.024990158,0.14192377,2022,1491.5035831928253,"{""geodesic"":false,""type"":""Point"",""coordinates"":[83.91481970886312,21.480200663516555]}"
813,30.0,225,2021,1,0,21.593837546957676,84.18925502816164,0.54503506,-0.5013976,2022,1467.101193189621,"{""geodesic"":false,""type"":""Point"",""coordinates"":[84.18925502816164,21.593837546957676]}"
814,28.284271247461902,208,2021,1,0,21.36350950810943,84.07732494376035,0.44104385,-0.44628894,2022,1469.0348498821259,"{""geodesic"":false,""type"":""Point"",""coordinates"":[84.07732494376035,21.36350950810943]}"
815,28.284271247461902,182,2021,1,0,21.444807041322246,83.89856020222057,0.18752478,-0.14385124,2022,1488.7521340847015,"{""geodesic"":false,""type"":""Point"",""coordinates"":[83.89856020222057,21.444807041322246]}"
816,30.0,144,2021,1,0,21.41129988122459,83.99378162233724,0.58879524,-0.51724136,2022,1474.2084752321243,"{""geodesic"":false,""type"":""Point"",""coordinates"":[83.99378162233724,21.41129988122459]}"
817,0.0,146,2021,1,0,21.459000422811336,84.00465123727508,-0.054338038,0.17872506,2022,1504.7035248279572,"{""geodesic"":false,""type"":""Point"",""coordinates"":[84.00465123727508,21.459000422811336]}"
818,10.0,158,2021,1,0,21.493855055835173,83.89101435383395,-0.057299454,0.1415608,2022,1425.125935792923,"{""geodesic"":false,""type"":""Point"",""coordinates"":[83.89101435383395,21.493855055835173]}"
819,22.360679774997898,145,2021,1,0,21.4174084251566,83.97842043097879,0.09893331,0.022501208,2022,1474.2084752321243,"{""geodesic"":false,""type"":""Point"",""coordinates"":[83.97842043097879,21.4174084251566]}"
820,14.142135623730951,195,2021,1,0,21.404562516593693,84.16634798841659,0.10400648,0.006916636,2022,1596.7456719875336,"{""geodesic"":false,""type"":""Point"",""coordinates"":[84.16634798841659,21.404562516593693]}"
821,10.0,161,2021,1,0,21.44004597031641,84.04534491964569,0.16277018,-0.124333546,2022,1531.3260192871094,"{""geodesic"":false,""type"":""Point"",""coordinates"":[84.04534491964569,21.44004597031641]}"
822,20.0,217,2021,1,4,21.572996632366102,84.1866499138377,0.29876864,-0.35405406,2022,1467.101193189621,"{""geodesic"":false,""type"":""Point"",""coordinates"":[84.1866499138377,21.572996632366102]}"
823,30.0,143,2021,1,0,21.457563118356745,83.96530502783064,0.29268315,-0.29568863,2022,1515.9416505098343,"{""geodesic"":false,""type"":""Point"",""coordinates"":[83.96530502783064,21.457563118356745]}"
824,0.0,176,2021,1,0,21.497897474613712,84.08307416157871,-0.08946067,0.22679771,2022,1510.849615097046,"{""geodesic"":false,""type"":""Point"",""coordinates"":[84.08307416157871,21.497897474613712]}"
825,14.142135623730951,138,2021,1,0,21.44678333494731,83.9679101421546,0.035269566,0.08840056,2022,1474.2084752321243,"{""geodesic"":false,""type"":""Point"",""coordinates"":[83.9679101421546,21.44678333494731]}"
826,30.0,144,2021,1,0,21.462593683947812,83.95353709760867,0.034999304,0.080129,2022,1515.9416505098343,"{""geodesic"":false,""type"":""Point"",""coordinates"":[83.95353709760867,21.462593683947812]}"
827,20.0,146,2021,1,3,21.458191939055627,83.96467620713176,0.009417224,0.14838412,2022,1515.9416505098343,"{""geodesic"":false,""type"":""Point"",""coordinates"":[83.96467620713176,21.458191939055627]}"
828,22.360679774997898,139,2021,1,0,21.446513840362073,83.96674233228524,0.18304528,-0.149891,2022,1474.2084752321243,"{""geodesic"":false,""type"":""Point"",""coordinates"":[83.96674233228524,21.446513840362073]}"
829,30.0,141,2021,1,0,21.433847594855987,83.97437801220025,0.24148138,-0.20977475,2022,1474.2084752321243,"{""geodesic"":false,""type"":""Point"",""coordinates"":[83.97437801220025,21.433847594855987]}"
830,0.0,154,2021,1,0,21.48172779949956,84.08046904725477,-0.092059836,0.15161291,2022,1510.849615097046,"{""geodesic"":false,""type"":""Point"",""coordinates"":[84.08046904725477,21.48172779949956]}"
831,0.0,146,2021,1,0,21.500053431295598,83.91194509995394,-0.14783731,0.24810126,2022,1500.3094980716705,"{""geodesic"":false,""type"":""Point"",""coordinates"":[83.91194509995394,21.500053431295598]}"
832,22.360679774997898,154,2021,1,0,21.515594285710865,83.86532253670813,-0.023537803,0.11075024,2022,1444.0026681423187,"{""geodesic"":false,""type"":""Point"",""coordinates"":[83.86532253670813,21.515594285710865]}"
833,20.0,140,2021,1,3,21.461425874078458,83.96108294599529,0.24032675,-0.054787893,2022,1515.9416505098343,"{""geodesic"":false,""type"":""Point"",""coordinates"":[83.96108294599529,21.461425874078458]}"
834,28.284271247461902,158,2021,1,0,21.475709087095957,84.09097933607896,0.057301294,-0.020005573,2022,1510.849615097046,"{""geodesic"":false,""type"":""Point"",""coordinates"":[84.09097933607896,21.475709087095957]}"
835,10.0,158,2021,1,0,21.484871902993977,83.89451778344203,0.05068401,0.12868729,2022,1425.125935792923,"{""geodesic"":false,""type"":""Point"",""coordinates"":[83.89451778344203,21.484871902993977]}"
836,20.0,152,2021,1,0,21.51891805226211,83.87870743444152,0.15191342,-0.071428575,2022,1444.0026681423187,"{""geodesic"":false,""type"":""Point"",""coordinates"":[83.87870743444152,21.51891805226211]}"
837,0.0,161,2021,1,0,21.52781137357489,83.91347223593695,-0.06220354,0.15068047,2022,1500.3094980716705,"{""geodesic"":false,""type"":""Point"",""coordinates"":[83.91347223593695,21.52781137357489]}"
838,22.360679774997898,153,2021,1,0,21.519367209904168,83.86631068352067,0.14436223,-0.055529848,2022,1444.0026681423187,"{""geodesic"":false,""type"":""Point"",""coordinates"":[83.86631068352067,21.519367209904168]}"
839,28.284271247461902,178,2021,1,0,21.45001726997014,84.17218703776336,0.52920663,-0.43652743,2022,1543.9708049297333,"{""geodesic"":false,""type"":""Point"",""coordinates"":[84.17218703776336,21.45001726997014]}"
840,14.142135623730951,143,2021,1,0,21.413096511792826,83.98731375229157,-0.010490428,0.1283802,2022,1474.2084752321243,"{""geodesic"":false,""type"":""Point"",""coordinates"":[83.98731375229157,21.413096511792826]}"
841,30.0,158,2021,1,0,21.494394045005645,83.89083469077714,0.08830189,-0.022985244,2022,1425.125935792923,"{""geodesic"":false,""type"":""Point"",""coordinates"":[83.89083469077714,21.494394045005645]}"
842,20.0,138,2021,1,0,21.43851883433341,83.98264251281415,0.04597701,0.05229794,2022,1474.2084752321243,"{""geodesic"":false,""type"":""Point"",""coordinates"":[83.98264251281415,21.43851883433341]}"
843,10.0,158,2021,1,0,21.484871902993977,83.89442795191361,0.07153839,0.09805116,2022,1425.125935792923,"{""geodesic"":false,""type"":""Point"",""coordinates"":[83.89442795191361,21.484871902993977]}"
844,0.0,139,2021,1,0,21.436991698350408,83.97752211569467,-0.07375718,0.1718337,2022,1474.2084752321243,"{""geodesic"":false,""type"":""Point"",""coordinates"":[83.97752211569467,21.436991698350408]}"
845,0.0,169,2021,1,0,21.497268653914826,84.08334365616395,-0.053835623,0.21522167,2022,1510.849615097046,"{""geodesic"":false,""type"":""Point"",""coordinates"":[84.08334365616395,21.497268653914826]}"
846,20.0,145,2021,1,0,21.42468477895797,84.02764810854853,0.57575756,-0.46391752,2022,1531.3260192871094,"{""geodesic"":false,""type"":""Point"",""coordinates"":[84.02764810854853,21.42468477895797]}"
847,14.142135623730951,135,2021,1,0,21.355065344438707,83.94087085210259,0.0077948202,0.114710644,2022,1542.414464712143,"{""geodesic"":false,""type"":""Point"",""coordinates"":[83.94087085210259,21.355065344438707]}"
848,30.0,158,2021,1,0,21.478943022118788,83.91419088816424,0.013832191,0.106765606,2022,1491.5035831928253,"{""geodesic"":false,""type"":""Point"",""coordinates"":[83.91419088816424,21.478943022118788]}"
849,22.360679774997898,154,2021,1,0,21.48038032657338,84.06753330716344,0.40215358,-0.4046896,2022,1510.849615097046,"{""geodesic"":false,""type"":""Point"",""coordinates"":[84.06753330716344,21.48038032657338]}"
850,0.0,161,2021,1,0,21.527991036631715,83.91338240440854,-0.07900087,0.1657047,2022,1500.3094980716705,"{""geodesic"":false,""type"":""Point"",""coordinates"":[83.91338240440854,21.527991036631715]}"
851,30.0,144,2021,1,3,21.458551265169277,83.96243041892146,0.09823229,0.051159624,2022,1515.9416505098343,"{""geodesic"":false,""type"":""Point"",""coordinates"":[83.96243041892146,21.458551265169277]}"
852,14.142135623730951,175,2021,1,0,21.54658616301299,84.0829843300503,0.105767675,0.049455926,2022,1462.586761713028,"{""geodesic"":false,""type"":""Point"",""coordinates"":[84.0829843300503,21.54658616301299]}"
853,20.0,148,2021,1,0,21.512540013744857,83.90125514807292,0.23179519,-0.23980969,2022,1500.3094980716705,"{""geodesic"":false,""type"":""Point"",""coordinates"":[83.90125514807292,21.512540013744857]}"
854,20.0,145,2021,1,0,21.473283635828835,83.95129130939839,0.17323354,-0.06294403,2022,1515.9416505098343,"{""geodesic"":false,""type"":""Point"",""coordinates"":[83.95129130939839,21.473283635828835]}"
855,10.0,154,2021,1,0,21.515414622654042,83.8649632105945,0.048947368,0.033696968,2022,1444.0026681423187,"{""geodesic"":false,""type"":""Point"",""coordinates"":[83.8649632105945,21.515414622654042]}"
856,10.0,143,2021,1,0,21.459090254339745,83.9582083370861,0.031266835,0.08414755,2022,1515.9416505098343,"{""geodesic"":false,""type"":""Point"",""coordinates"":[83.9582083370861,21.459090254339745]}"
857,22.360679774997898,154,2021,1,0,21.4812786418575,84.07184522052722,0.099407,-0.012032635,2022,1510.849615097046,"{""geodesic"":false,""type"":""Point"",""coordinates"":[84.07184522052722,21.4812786418575]}"
858,10.0,140,2021,1,0,21.409233756071114,83.98282217587098,-4.0513166E-4,0.13806622,2022,1474.2084752321243,"{""geodesic"":false,""type"":""Point"",""coordinates"":[83.98282217587098,21.409233756071114]}"
859,10.0,147,2021,1,0,21.498885621426243,83.91490954039153,0.060795397,0.045646176,2022,1491.5035831928253,"{""geodesic"":false,""type"":""Point"",""coordinates"":[83.91490954039153,21.498885621426243]}"
860,20.0,136,2021,1,0,21.44777148175984,83.97356952844454,1.3615862E-4,0.08570926,2022,1474.2084752321243,"{""geodesic"":false,""type"":""Point"",""coordinates"":[83.97356952844454,21.44777148175984]}"
861,28.284271247461902,150,2021,1,0,21.452981710407734,84.04669239257187,0.60767365,-0.5008118,2022,1504.7035248279572,"{""geodesic"":false,""type"":""Point"",""coordinates"":[84.04669239257187,21.452981710407734]}"
862,28.284271247461902,141,2021,1,0,21.421720338520377,84.01372422164468,0.14601019,-0.045498546,2022,1531.3260192871094,"{""geodesic"":false,""type"":""Point"",""coordinates"":[84.01372422164468,21.421720338520377]}"
863,28.284271247461902,140,2021,1,0,21.41318634332124,83.98425948032556,0.34122828,-0.30402443,2022,1474.2084752321243,"{""geodesic"":false,""type"":""Point"",""coordinates"":[83.98425948032556,21.41318634332124]}"
864,22.360679774997898,144,2021,1,3,21.462144526305753,83.96009479918276,0.03921372,0.12944226,2022,1515.9416505098343,"{""geodesic"":false,""type"":""Point"",""coordinates"":[83.96009479918276,21.462144526305753]}"
865,22.360679774997898,145,2021,1,0,21.45244272123726,83.96180159822258,0.035884015,0.10314704,2022,1515.9416505098343,"{""geodesic"":false,""type"":""Point"",""coordinates"":[83.96180159822258,21.45244272123726]}"
866,30.0,140,2021,1,0,21.466366608141115,83.96656266922841,0.15389985,-0.03862434,2022,1515.9416505098343,"{""geodesic"":false,""type"":""Point"",""coordinates"":[83.96656266922841,21.466366608141115]}"
867,22.360679774997898,154,2021,1,0,21.515414622654042,83.85840550902041,0.33794147,-0.28275576,2022,1444.0026681423187,"{""geodesic"":false,""type"":""Point"",""coordinates"":[83.85840550902041,21.515414622654042]}"
868,10.0,147,2021,1,0,21.45828177058404,84.00312410129207,0.029511152,0.087642245,2022,1504.7035248279572,"{""geodesic"":false,""type"":""Point"",""coordinates"":[84.00312410129207,21.45828177058404]}"
869,22.360679774997898,158,2021,1,0,21.48496173452239,83.89460761497044,0.07233915,0.049012437,2022,1425.125935792923,"{""geodesic"":false,""type"":""Point"",""coordinates"":[83.89460761497044,21.48496173452239]}"
870,0.0,142,2021,1,3,21.457563118356745,83.9619812612794,-0.024160653,0.15780108,2022,1515.9416505098343,"{""geodesic"":false,""type"":""Point"",""coordinates"":[83.9619812612794,21.457563118356745]}"
871,22.360679774997898,140,2021,1,0,21.41273718567918,83.98884088827458,0.33599865,-0.37422892,2022,1474.2084752321243,"{""geodesic"":false,""type"":""Point"",""coordinates"":[83.98884088827458,21.41273718567918]}"
872,22.360679774997898,139,2021,1,0,21.45226305818044,83.97213222398995,0.02739726,0.08230153,2022,1515.9416505098343,"{""geodesic"":false,""type"":""Point"",""coordinates"":[83.97213222398995,21.45226305818044]}"
873,14.142135623730951,142,2021,1,0,21.45136474289632,83.9928833070531,0.22776471,-0.13632405,2022,1515.9416505098343,"{""geodesic"":false,""type"":""Point"",""coordinates"":[83.9928833070531,21.45136474289632]}"
874,28.284271247461902,156,2021,1,0,21.453071541936147,83.93727759096612,0.01022567,0.07726992,2022,1491.5035831928253,"{""geodesic"":false,""type"":""Point"",""coordinates"":[83.93727759096612,21.453071541936147]}"
875,14.142135623730951,166,2021,1,0,21.479212516704024,84.03860755501479,0.0016997167,0.10661951,2022,1504.7035248279572,"{""geodesic"":false,""type"":""Point"",""coordinates"":[84.03860755501479,21.479212516704024]}"
876,22.360679774997898,192,2021,1,0,21.505443323000314,84.18170917977504,0.31096774,-0.29220986,2022,1486.6419987678528,"{""geodesic"":false,""type"":""Point"",""coordinates"":[84.18170917977504,21.505443323000314]}"
877,30.0,153,2021,1,1,21.46061739032275,84.05648402916877,0.45885858,-0.47662684,2022,1510.849615097046,"{""geodesic"":false,""type"":""Point"",""coordinates"":[84.05648402916877,21.46061739032275]}"
878,10.0,158,2021,1,0,21.48451257688033,83.8928109844022,-0.004568528,0.11601249,2022,1425.125935792923,"{""geodesic"":false,""type"":""Point"",""coordinates"":[83.8928109844022,21.48451257688033]}"
879,22.360679774997898,150,2021,1,1,21.478224369891493,84.05783150209496,0.62078923,-0.54259545,2022,1510.849615097046,"{""geodesic"":false,""type"":""Point"",""coordinates"":[84.05783150209496,21.478224369891493]}"
880,22.360679774997898,145,2021,1,0,21.46277334700464,84.01192759107644,0.08510638,0.009021513,2022,1504.7035248279572,"{""geodesic"":false,""type"":""Point"",""coordinates"":[84.01192759107644,21.46277334700464]}"
881,14.142135623730951,144,2021,1,0,21.412557522622357,83.98767307840522,0.22786012,-0.12898417,2022,1474.2084752321243,"{""geodesic"":false,""type"":""Point"",""coordinates"":[83.98767307840522,21.412557522622357]}"
882,20.0,146,2021,1,0,21.442561253111947,83.97725262110943,0.17861108,-0.11779911,2022,1474.2084752321243,"{""geodesic"":false,""type"":""Point"",""coordinates"":[83.97725262110943,21.442561253111947]}"
883,28.284271247461902,136,2021,1,0,21.405730326463047,83.98030689307544,0.17033483,-0.03924974,2022,1474.2084752321243,"{""geodesic"":false,""type"":""Point"",""coordinates"":[83.98030689307544,21.405730326463047]}"
884,22.360679774997898,139,2021,1,0,21.406538810218755,83.9822831867005,0.06234602,0.096998796,2022,1474.2084752321243,"{""geodesic"":false,""type"":""Point"",""coordinates"":[83.9822831867005,21.406538810218755]}"
885,28.284271247461902,217,2021,1,4,21.573355958479752,84.18691940842292,0.27402985,-0.3741146,2022,1467.101193189621,"{""geodesic"":false,""type"":""Point"",""coordinates"":[84.18691940842292,21.573355958479752]}"
886,20.0,148,2021,1,0,21.45244272123726,84.05190262121977,0.4885599,-0.39470366,2022,1510.849615097046,"{""geodesic"":false,""type"":""Point"",""coordinates"":[84.05190262121977,21.45244272123726]}"
887,30.0,140,2021,1,0,21.41731859362819,83.97617464276848,0.17455287,-0.22274283,2022,1474.2084752321243,"{""geodesic"":false,""type"":""Point"",""coordinates"":[83.97617464276848,21.41731859362819]}"
888,22.360679774997898,166,2021,1,0,21.474271782641367,84.1506274709445,0.24850482,-0.196942,2022,1543.9708049297333,"{""geodesic"":false,""type"":""Point"",""coordinates"":[84.1506274709445,21.474271782641367]}"
889,28.284271247461902,155,2021,1,0,21.43753068752088,83.94590141769366,0.36106515,-0.2494621,2022,1527.9942190647125,"{""geodesic"":false,""type"":""Point"",""coordinates"":[83.94590141769366,21.43753068752088]}"
890,14.142135623730951,157,2021,1,0,21.473283635828835,84.0574721759813,-0.05691057,0.14003295,2022,1510.849615097046,"{""geodesic"":false,""type"":""Point"",""coordinates"":[84.0574721759813,21.473283635828835]}"
891,22.360679774997898,187,2021,1,0,21.43537473083899,84.1580834878027,0.10732381,0.048297703,2022,1596.7456719875336,"{""geodesic"":false,""type"":""Point"",""coordinates"":[84.1580834878027,21.43537473083899]}"
892,10.0,184,2021,1,0,21.437890013634526,84.13957819294983,0.033626486,0.084326304,2022,1596.4968211650848,"{""geodesic"":false,""type"":""Point"",""coordinates"":[84.13957819294983,21.437890013634526]}"
893,28.284271247461902,142,2021,1,0,21.456574971544214,83.96171176669417,0.24897866,-0.20260285,2022,1515.9416505098343,"{""geodesic"":false,""type"":""Point"",""coordinates"":[83.96171176669417,21.456574971544214]}"
894,30.0,142,2021,1,0,21.458551265169277,83.96638300617158,0.18518518,-0.19848156,2022,1515.9416505098343,"{""geodesic"":false,""type"":""Point"",""coordinates"":[83.96638300617158,21.458551265169277]}"
895,14.142135623730951,141,2021,1,0,21.44543586202113,83.96925761508076,0.061267175,0.049458854,2022,1474.2084752321243,"{""geodesic"":false,""type"":""Point"",""coordinates"":[83.96925761508076,21.44543586202113]}"
896,14.142135623730951,194,2021,1,0,21.52421811243841,84.16976158649625,0.21302326,-0.23272602,2022,1486.6419987678528,"{""geodesic"":false,""type"":""Point"",""coordinates"":[84.16976158649625,21.52421811243841]}"
897,28.284271247461902,144,2021,1,0,21.419833876423723,84.00950213980933,0.5142637,-0.49809307,2022,1531.3260192871094,"{""geodesic"":false,""type"":""Point"",""coordinates"":[84.00950213980933,21.419833876423723]}"
898,28.284271247461902,144,2021,1,0,21.495651686403413,83.91733499165866,0.10646919,-0.107212104,2022,1491.5035831928253,"{""geodesic"":false,""type"":""Point"",""coordinates"":[83.91733499165866,21.495651686403413]}"
899,30.0,152,2021,1,0,21.51891805226211,83.87682097234487,0.19074807,-0.24743122,2022,1444.0026681423187,"{""geodesic"":false,""type"":""Point"",""coordinates"":[83.87682097234487,21.51891805226211]}"
900,20.0,147,2021,1,0,21.453071541936147,84.05199245274818,0.38198403,-0.32237417,2022,1510.849615097046,"{""geodesic"":false,""type"":""Point"",""coordinates"":[84.05199245274818,21.453071541936147]}"
901,30.0,188,2021,1,0,21.524307943966825,84.13239167067687,0.118649766,-0.09200304,2022,1516.5754685401917,"{""geodesic"":false,""type"":""Point"",""coordinates"":[84.13239167067687,21.524307943966825]}"
902,22.360679774997898,138,2021,1,0,21.4466935034189,83.9679101421546,0.033870265,0.032644384,2022,1474.2084752321243,"{""geodesic"":false,""type"":""Point"",""coordinates"":[83.9679101421546,21.4466935034189]}"
903,14.142135623730951,147,2021,1,0,21.45280204735091,83.9912663395417,-0.005512679,0.06009031,2022,1515.9416505098343,"{""geodesic"":false,""type"":""Point"",""coordinates"":[83.9912663395417,21.45280204735091]}"
904,20.0,171,2021,1,0,21.49699915932959,84.0958302386132,0.33293596,-0.29860243,2022,1510.849615097046,"{""geodesic"":false,""type"":""Point"",""coordinates"":[84.0958302386132,21.49699915932959]}"
905,0.0,138,2021,1,0,21.500951746579716,83.91113661619823,-0.04533701,0.15359926,2022,1500.3094980716705,"{""geodesic"":false,""type"":""Point"",""coordinates"":[83.91113661619823,21.500951746579716]}"
906,14.142135623730951,145,2021,1,0,21.464569977572875,83.95227945621092,0.116846286,-3.8104915E-4,2022,1515.9416505098343,"{""geodesic"":false,""type"":""Point"",""coordinates"":[83.95227945621092,21.464569977572875]}"
907,20.0,178,2021,1,0,21.451993563595202,84.14963932413197,0.2835821,-0.23109724,2022,1559.4533474445343,"{""geodesic"":false,""type"":""Point"",""coordinates"":[84.14963932413197,21.451993563595202]}"
908,22.360679774997898,140,2021,1,0,21.403754032837984,83.97940857779132,0.15511551,-0.07357572,2022,1474.2084752321243,"{""geodesic"":false,""type"":""Point"",""coordinates"":[83.97940857779132,21.403754032837984]}"
909,20.0,137,2021,1,0,21.388931830650012,83.97491700137073,0.19048217,-0.1418077,2022,1523.130874812603,"{""geodesic"":false,""type"":""Point"",""coordinates"":[83.97491700137073,21.388931830650012]}"
910,22.360679774997898,134,2021,1,0,21.36898923134256,83.95739985333039,0.1881095,-0.07186771,2022,1523.130874812603,"{""geodesic"":false,""type"":""Point"",""coordinates"":[83.95739985333039,21.36898923134256]}"
911,20.0,139,2021,1,0,21.446873166475722,83.967999973683,0.083146065,0.0069460794,2022,1474.2084752321243,"{""geodesic"":false,""type"":""Point"",""coordinates"":[83.967999973683,21.446873166475722]}"
912,20.0,199,2021,1,4,21.54990992956423,84.18090069601932,0.43659168,-0.40279937,2022,1486.6419987678528,"{""geodesic"":false,""type"":""Point"",""coordinates"":[84.18090069601932,21.54990992956423]}"
913,14.142135623730951,141,2021,1,0,21.419744044895314,84.00806483535473,0.29736117,-0.23278444,2022,1531.3260192871094,"{""geodesic"":false,""type"":""Point"",""coordinates"":[84.00806483535473,21.419744044895314]}"
914,30.0,138,2021,1,0,21.402765886025453,83.9800373984902,0.12793896,-0.11646423,2022,1474.2084752321243,"{""geodesic"":false,""type"":""Point"",""coordinates"":[83.9800373984902,21.402765886025453]}"
915,22.360679774997898,186,2021,1,0,21.39791498349121,84.03178035885549,0.09112241,-0.14344262,2022,1473.560908794403,"{""geodesic"":false,""type"":""Point"",""coordinates"":[84.03178035885549,21.39791498349121]}"
916,30.0,148,2021,1,0,21.473463298885658,84.01614967291181,0.5979791,-0.5134139,2022,1504.7035248279572,"{""geodesic"":false,""type"":""Point"",""coordinates"":[84.01614967291181,21.473463298885658]}"
917,14.142135623730951,141,2021,1,0,21.446154514248427,83.96925761508076,-0.026734697,0.14375669,2022,1474.2084752321243,"{""geodesic"":false,""type"":""Point"",""coordinates"":[83.96925761508076,21.446154514248427]}"
918,22.360679774997898,133,2021,1,0,21.38749452619542,83.97410851761501,0.21521185,-0.17345068,2022,1523.130874812603,"{""geodesic"":false,""type"":""Point"",""coordinates"":[83.97410851761501,21.38749452619542]}"
919,22.360679774997898,143,2021,1,0,21.40815577773017,83.98246284975733,0.12017084,-0.046047863,2022,1474.2084752321243,"{""geodesic"":false,""type"":""Point"",""coordinates"":[83.98246284975733,21.40815577773017]}"
920,14.142135623730951,158,2021,1,0,21.480739652687028,83.91401122510742,-0.014791748,0.1421793,2022,1491.5035831928253,"{""geodesic"":false,""type"":""Point"",""coordinates"":[83.91401122510742,21.480739652687028]}"
921,28.284271247461902,140,2021,1,0,21.465558124385407,83.96701182687048,0.048316628,0.06050459,2022,1515.9416505098343,"{""geodesic"":false,""type"":""Point"",""coordinates"":[83.96701182687048,21.465558124385407]}"
922,22.360679774997898,161,2021,1,0,21.372402829422214,83.9176943177723,0.26164472,-0.29941905,2022,1542.414464712143,"{""geodesic"":false,""type"":""Point"",""coordinates"":[83.9176943177723,21.372402829422214]}"
923,28.284271247461902,144,2021,1,0,21.463671662288757,84.01498186304245,0.40860975,-0.41761363,2022,1504.7035248279572,"{""geodesic"":false,""type"":""Point"",""coordinates"":[84.01498186304245,21.463671662288757]}"
924,30.0,145,2021,1,0,21.452981710407734,84.04399744671952,0.40170723,-0.39984846,2022,1504.7035248279572,"{""geodesic"":false,""type"":""Point"",""coordinates"":[84.04399744671952,21.452981710407734]}"
925,28.284271247461902,139,2021,1,0,21.417498256685015,83.97608481124007,0.24840966,-0.2627602,2022,1474.2084752321243,"{""geodesic"":false,""type"":""Point"",""coordinates"":[83.97608481124007,21.417498256685015]}"
926,22.360679774997898,151,2021,1,0,21.514336644313097,83.87340737426521,0.37560505,-0.3556735,2022,1444.0026681423187,"{""geodesic"":false,""type"":""Point"",""coordinates"":[83.87340737426521,21.514336644313097]}"
927,30.0,137,2021,1,0,21.427918713980798,83.97860009403561,0.38368925,-0.39682347,2022,1474.2084752321243,"{""geodesic"":false,""type"":""Point"",""coordinates"":[83.97860009403561,21.427918713980798]}"
928,30.0,142,2021,1,0,21.412467691093944,84.00617837325808,0.43547815,-0.43854648,2022,1531.3260192871094,"{""geodesic"":false,""type"":""Point"",""coordinates"":[84.00617837325808,21.412467691093944]}"
929,22.360679774997898,163,2021,1,4,21.44040529643006,84.0454347511741,0.47113594,-0.4803248,2022,1531.3260192871094,"{""geodesic"":false,""type"":""Point"",""coordinates"":[84.0454347511741,21.44040529643006]}"
930,30.0,138,2021,1,0,21.437800182106116,83.98255268128574,-0.0044545233,0.124064706,2022,1474.2084752321243,"{""geodesic"":false,""type"":""Point"",""coordinates"":[83.98255268128574,21.437800182106116]}"
931,10.0,146,2021,1,0,21.46753441801047,84.01623950444022,-0.024721993,0.12906252,2022,1504.7035248279572,"{""geodesic"":false,""type"":""Point"",""coordinates"":[84.01623950444022,21.46753441801047]}"
932,30.0,146,2021,1,3,21.493226235136287,83.91796381235754,0.18552376,-0.182562,2022,1491.5035831928253,"{""geodesic"":false,""type"":""Point"",""coordinates"":[83.91796381235754,21.493226235136287]}"
933,10.0,145,2021,1,0,21.439237486560707,83.97195256093313,0.08859843,-0.0032583217,2022,1474.2084752321243,"{""geodesic"":false,""type"":""Point"",""coordinates"":[83.97195256093313,21.439237486560707]}"
934,10.0,138,2021,1,0,21.419564381838487,83.98084588224592,0.06577239,0.10131355,2022,1474.2084752321243,"{""geodesic"":false,""type"":""Point"",""coordinates"":[83.98084588224592,21.419564381838487]}"
935,30.0,135,2021,1,0,21.44085445407212,83.97195256093313,0.2786868,-0.24030663,2022,1474.2084752321243,"{""geodesic"":false,""type"":""Point"",""coordinates"":[83.97195256093313,21.44085445407212]}"
936,22.360679774997898,134,2021,1,0,21.36907906287097,83.95775917944404,-2.1673169E-4,0.14566164,2022,1523.130874812603,"{""geodesic"":false,""type"":""Point"",""coordinates"":[83.95775917944404,21.36907906287097]}"
937,0.0,155,2021,1,0,21.436901866821994,83.94590141769366,-0.13769919,0.28855965,2022,1527.9942190647125,"{""geodesic"":false,""type"":""Point"",""coordinates"":[83.94590141769366,21.436901866821994]}"
938,28.284271247461902,149,2021,1,0,21.445076535907482,84.0408533432251,0.4231751,-0.36901546,2022,1531.3260192871094,"{""geodesic"":false,""type"":""Point"",""coordinates"":[84.0408533432251,21.445076535907482]}"
939,30.0,135,2021,1,0,21.408964261485878,83.97159323481948,0.13060524,0.03012126,2022,1474.2084752321243,"{""geodesic"":false,""type"":""Point"",""coordinates"":[83.97159323481948,21.408964261485878]}"
940,0.0,142,2021,1,0,21.413096511792826,84.0024952805932,-0.066392176,0.15035129,2022,1531.3260192871094,"{""geodesic"":false,""type"":""Point"",""coordinates"":[84.0024952805932,21.413096511792826]}"
941,10.0,140,2021,1,0,21.445795188134777,83.9747373383139,0.25623903,-0.14440164,2022,1474.2084752321243,"{""geodesic"":false,""type"":""Point"",""coordinates"":[83.9747373383139,21.445795188134777]}"
942,20.0,137,2021,1,0,21.421271180878314,83.97976790390497,0.21583483,-0.17274138,2022,1474.2084752321243,"{""geodesic"":false,""type"":""Point"",""coordinates"":[83.97976790390497,21.421271180878314]}"
943,20.0,161,2021,1,0,21.385608064098772,83.92164690502243,-0.001521649,0.14417833,2022,1542.414464712143,"{""geodesic"":false,""type"":""Point"",""coordinates"":[83.92164690502243,21.385608064098772]}"
944,22.360679774997898,140,2021,1,0,21.448040976345077,83.96719148992729,0.0048954664,0.06707918,2022,1474.2084752321243,"{""geodesic"":false,""type"":""Point"",""coordinates"":[83.96719148992729,21.448040976345077]}"
945,14.142135623730951,142,2021,1,3,21.459629243510218,83.95569305429056,0.040121485,0.098097645,2022,1515.9416505098343,"{""geodesic"":false,""type"":""Point"",""coordinates"":[83.95569305429056,21.459629243510218]}"
946,14.142135623730951,180,2021,1,0,21.450735922197435,84.13652392098382,0.05977967,0.029552333,2022,1559.4533474445343,"{""geodesic"":false,""type"":""Point"",""coordinates"":[84.13652392098382,21.450735922197435]}"
947,14.142135623730951,134,2021,1,0,21.37599609055869,83.95605238040422,0.058598686,0.1397941,2022,1523.130874812603,"{""geodesic"":false,""type"":""Point"",""coordinates"":[83.95605238040422,21.37599609055869]}"
948,10.0,179,2021,1,0,21.452352889708852,84.14927999801832,0.035245903,0.07843853,2022,1559.4533474445343,"{""geodesic"":false,""type"":""Point"",""coordinates"":[84.14927999801832,21.452352889708852]}"
949,30.0,160,2021,1,0,21.509934899420912,83.86487337906608,0.4189099,-0.44380304,2022,1444.0026681423187,"{""geodesic"":false,""type"":""Point"",""coordinates"":[83.86487337906608,21.509934899420912]}"
950,10.0,175,2021,1,0,21.49744831697165,84.08352331922077,0.0050251256,0.13978495,2022,1510.849615097046,"{""geodesic"":false,""type"":""Point"",""coordinates"":[84.08352331922077,21.49744831697165]}"
951,20.0,188,2021,1,0,21.41686943598613,84.15979028684252,0.35211736,-0.26148137,2022,1596.7456719875336,"{""geodesic"":false,""type"":""Point"",""coordinates"":[84.15979028684252,21.41686943598613]}"
952,28.284271247461902,137,2021,1,0,21.41498297388948,83.9800373984902,0.11784888,-0.07432177,2022,1474.2084752321243,"{""geodesic"":false,""type"":""Point"",""coordinates"":[83.9800373984902,21.41498297388948]}"
953,30.0,147,2021,1,0,21.46340216770352,84.01426321081516,0.4878655,-0.4378711,2022,1504.7035248279572,"{""geodesic"":false,""type"":""Point"",""coordinates"":[84.01426321081516,21.46340216770352]}"
954,10.0,139,2021,1,0,21.436901866821994,83.97743228416626,0.06439334,0.06983298,2022,1474.2084752321243,"{""geodesic"":false,""type"":""Point"",""coordinates"":[83.97743228416626,21.436901866821994]}"
955,22.360679774997898,155,2021,1,0,21.48271594631209,84.07732494376035,-0.030480167,0.09190457,2022,1510.849615097046,"{""geodesic"":false,""type"":""Point"",""coordinates"":[84.07732494376035,21.48271594631209]}"
956,20.0,158,2021,1,0,21.47624807626643,83.91742482318708,0.31093007,-0.20377153,2022,1491.5035831928253,"{""geodesic"":false,""type"":""Point"",""coordinates"":[83.91742482318708,21.47624807626643]}"
957,30.0,134,2021,1,0,21.426930567168267,83.98030689307544,0.14883791,-0.056181755,2022,1474.2084752321243,"{""geodesic"":false,""type"":""Point"",""coordinates"":[83.98030689307544,21.426930567168267]}"
958,10.0,188,2021,1,0,21.41686943598613,84.15970045531411,0.09909256,0.027809335,2022,1596.7456719875336,"{""geodesic"":false,""type"":""Point"",""coordinates"":[84.15970045531411,21.41686943598613]}"
959,10.0,139,2021,1,0,21.424954273543204,83.97985773543338,5.870497E-5,0.12752539,2022,1474.2084752321243,"{""geodesic"":false,""type"":""Point"",""coordinates"":[83.97985773543338,21.424954273543204]}"
960,0.0,150,2021,1,0,21.519457041432577,83.86613102046385,0.006199628,0.15397146,2022,1444.0026681423187,"{""geodesic"":false,""type"":""Point"",""coordinates"":[83.86613102046385,21.519457041432577]}"
961,22.360679774997898,146,2021,1,0,21.457203792243096,84.00267494365002,0.03975014,0.053012673,2022,1504.7035248279572,"{""geodesic"":false,""type"":""Point"",""coordinates"":[84.00267494365002,21.457203792243096]}"
962,10.0,146,2021,1,0,21.498705958369417,83.91517903497677,0.05631874,-0.0029831408,2022,1491.5035831928253,"{""geodesic"":false,""type"":""Point"",""coordinates"":[83.91517903497677,21.498705958369417]}"
963,10.0,178,2021,1,0,21.525385922307766,83.96243041892146,0.22778033,-0.12590304,2022,1506.779983997345,"{""geodesic"":false,""type"":""Point"",""coordinates"":[83.96243041892146,21.525385922307766]}"
964,28.284271247461902,172,2021,1,6,21.449388449271257,84.10068114114746,0.31618258,-0.32793748,2022,1596.4968211650848,"{""geodesic"":false,""type"":""Point"",""coordinates"":[84.10068114114746,21.449388449271257]}"
965,14.142135623730951,148,2021,1,0,21.47804470683467,84.0574721759813,0.01512605,0.08761329,2022,1510.849615097046,"{""geodesic"":false,""type"":""Point"",""coordinates"":[84.0574721759813,21.47804470683467]}"
966,14.142135623730951,163,2021,1,0,21.465108966743347,83.9349419712274,0.046845123,0.07026109,2022,1491.5035831928253,"{""geodesic"":false,""type"":""Point"",""coordinates"":[83.9349419712274,21.465108966743347]}"
967,30.0,142,2021,1,0,21.444178220623364,83.96934744660918,0.34770024,-0.24873534,2022,1474.2084752321243,"{""geodesic"":false,""type"":""Point"",""coordinates"":[83.96934744660918,21.444178220623364]}"
968,30.0,138,2021,1,0,21.385787727155595,83.97338986538772,0.25256684,-0.23094203,2022,1523.130874812603,"{""geodesic"":false,""type"":""Point"",""coordinates"":[83.97338986538772,21.385787727155595]}"
969,10.0,158,2021,1,0,21.485321060636036,83.89200250064648,-0.03379131,0.13063815,2022,1425.125935792923,"{""geodesic"":false,""type"":""Point"",""coordinates"":[83.89200250064648,21.485321060636036]}"
970,28.284271247461902,165,2021,1,0,21.421361012406727,83.9176044862439,-0.04565395,0.11131626,2022,1527.9942190647125,"{""geodesic"":false,""type"":""Point"",""coordinates"":[83.9176044862439,21.421361012406727]}"
971,22.360679774997898,157,2021,1,0,21.452083395123616,83.9439251240686,0.38990977,-0.3719293,2022,1491.5035831928253,"{""geodesic"":false,""type"":""Point"",""coordinates"":[83.9439251240686,21.452083395123616]}"
972,30.0,135,2021,1,0,21.396567510565028,83.97904925167767,0.30289534,-0.2791079,2022,1523.130874812603,"{""geodesic"":false,""type"":""Point"",""coordinates"":[83.97904925167767,21.396567510565028]}"
973,22.360679774997898,141,2021,1,0,21.44543586202113,83.97069491953536,0.3994757,-0.30903703,2022,1474.2084752321243,"{""geodesic"":false,""type"":""Point"",""coordinates"":[83.97069491953536,21.44543586202113]}"
974,22.360679774997898,181,2021,1,0,21.43797984516294,84.14523757923979,0.31942633,-0.18779343,2022,1596.4968211650848,"{""geodesic"":false,""type"":""Point"",""coordinates"":[84.14523757923979,21.43797984516294]}"
975,10.0,186,2021,1,1,21.554311674456418,83.95236928773932,0.020293912,0.047223665,2022,1488.760817527771,"{""geodesic"":false,""type"":""Point"",""coordinates"":[83.95236928773932,21.554311674456418]}"
976,10.0,148,2021,1,0,21.468792059408237,84.01659883055387,0.028092366,0.077958055,2022,1504.7035248279572,"{""geodesic"":false,""type"":""Point"",""coordinates"":[84.01659883055387,21.468792059408237]}"
977,30.0,158,2021,1,5,21.474720940283426,84.08540978131742,0.27197587,-0.35850406,2022,1510.849615097046,"{""geodesic"":false,""type"":""Point"",""coordinates"":[84.08540978131742,21.474720940283426]}"
978,20.0,133,2021,1,0,21.40546083187781,83.9800373984902,-0.0030615085,0.105215825,2022,1474.2084752321243,"{""geodesic"":false,""type"":""Point"",""coordinates"":[83.9800373984902,21.40546083187781]}"
979,28.284271247461902,145,2021,1,0,21.45037659608379,83.97195256093313,0.3372093,-0.29705796,2022,1515.9416505098343,"{""geodesic"":false,""type"":""Point"",""coordinates"":[83.97195256093313,21.45037659608379]}"
980,30.0,160,2021,1,0,21.46978020622077,84.1190966044719,0.32929182,-0.25537822,2022,1559.4533474445343,"{""geodesic"":false,""type"":""Point"",""coordinates"":[84.1190966044719,21.46978020622077]}"
981,10.0,133,2021,1,0,21.387674189252245,83.97437801220025,0.06672052,0.055774044,2022,1523.130874812603,"{""geodesic"":false,""type"":""Point"",""coordinates"":[83.97437801220025,21.387674189252245]}"
982,30.0,149,2021,1,0,21.47867352753355,84.05729251292448,0.42666668,-0.35381836,2022,1510.849615097046,"{""geodesic"":false,""type"":""Point"",""coordinates"":[84.05729251292448,21.47867352753355]}"
983,0.0,156,2021,1,0,21.44534603049272,84.05190262121977,-0.04326644,0.16754138,2022,1473.8019874989986,"{""geodesic"":false,""type"":""Point"",""coordinates"":[84.05190262121977,21.44534603049272]}"
984,20.0,140,2021,1,0,21.445705356606368,83.96934744660918,0.10006946,-0.058417935,2022,1474.2084752321243,"{""geodesic"":false,""type"":""Point"",""coordinates"":[83.96934744660918,21.445705356606368]}"
985,28.284271247461902,140,2021,1,0,21.446962998004132,83.97356952844454,0.3247424,-0.29211217,2022,1474.2084752321243,"{""geodesic"":false,""type"":""Point"",""coordinates"":[83.97356952844454,21.446962998004132]}"
986,20.0,144,2021,1,0,21.46286317853305,83.95344726608026,0.13897876,-0.028132591,2022,1515.9416505098343,"{""geodesic"":false,""type"":""Point"",""coordinates"":[83.95344726608026,21.46286317853305]}"
987,30.0,207,2021,1,0,21.36431799186514,84.07759443834559,0.44718793,-0.45166838,2022,1469.0348498821259,"{""geodesic"":false,""type"":""Point"",""coordinates"":[84.07759443834559,21.36431799186514]}"
988,30.0,139,2021,1,0,21.436901866821994,83.97797127333673,0.05079436,0.0019246438,2022,1474.2084752321243,"{""geodesic"":false,""type"":""Point"",""coordinates"":[83.97797127333673,21.436901866821994]}"
989,14.142135623730951,137,2021,1,0,21.419115224196428,83.98084588224592,0.07970297,0.06788233,2022,1474.2084752321243,"{""geodesic"":false,""type"":""Point"",""coordinates"":[83.98084588224592,21.419115224196428]}"
990,22.360679774997898,177,2021,1,3,21.459269917396572,84.10148962490317,0.39799845,-0.42041454,2022,1559.4533474445343,"{""geodesic"":false,""type"":""Point"",""coordinates"":[84.10148962490317,21.459269917396572]}"
991,0.0,141,2021,1,0,21.412467691093944,83.99962067168401,-0.04191617,0.16845001,2022,1474.2084752321243,"{""geodesic"":false,""type"":""Point"",""coordinates"":[83.99962067168401,21.412467691093944]}"
992,22.360679774997898,155,2021,1,0,21.51631293793816,83.86855647173097,0.07422776,-0.070854075,2022,1444.0026681423187,"{""geodesic"":false,""type"":""Point"",""coordinates"":[83.86855647173097,21.51631293793816]}"
993,20.0,155,2021,1,0,21.46663610272635,84.05989762724843,0.3208024,-0.31292197,2022,1510.849615097046,"{""geodesic"":false,""type"":""Point"",""coordinates"":[84.05989762724843,21.46663610272635]}"
994,14.142135623730951,143,2021,1,0,21.419564381838487,84.00887331911044,0.1910037,-0.10015504,2022,1531.3260192871094,"{""geodesic"":false,""type"":""Point"",""coordinates"":[84.00887331911044,21.419564381838487]}"
995,10.0,219,2021,1,1,21.573176295422925,84.193477109997,0.11615098,-0.11470636,2022,1467.101193189621,"{""geodesic"":false,""type"":""Point"",""coordinates"":[84.193477109997,21.573176295422925]}"
996,28.284271247461902,149,2021,1,0,21.452532552765675,84.05091447440724,0.39876857,-0.40385315,2022,1510.849615097046,"{""geodesic"":false,""type"":""Point"",""coordinates"":[84.05091447440724,21.452532552765675]}"
997,20.0,147,2021,1,0,21.434117089441223,84.03743974514543,0.3806999,-0.3125,2022,1531.3260192871094,"{""geodesic"":false,""type"":""Point"",""coordinates"":[84.03743974514543,21.434117089441223]}"
998,22.360679774997898,147,2021,1,0,21.473642961942485,84.01632933596863,0.022727273,0.1,2022,1504.7035248279572,"{""geodesic"":false,""type"":""Point"",""coordinates"":[84.01632933596863,21.473642961942485]}"
999,10.0,143,2021,1,0,21.45792244447039,83.96557452241588,0.09049155,0.029601803,2022,1515.9416505098343,"{""geodesic"":false,""type"":""Point"",""coordinates"":[83.96557452241588,21.45792244447039]}"
