system:index,Distance_From_River,Elevation,Feature_Year,Label,LandCover,Latitude,Longitude,NDVI,NDWI,Prediction_Year,Rainfall,.geo
0,490.40799340956914,210,2019,0,1,21.351651746359053,84.09313529276085,0.4821161,-0.48719147,2020,1563.0691775924818,"{""geodesic"":false,""type"":""Point"",""coordinates"":[84.09313529276085,21.351651746359053]}"
1,0.0,188,2019,0,0,21.53697418947291,83.85265629120205,-0.17146432,0.3480402,2020,1640.2204654872462,"{""geodesic"":false,""type"":""Point"",""coordinates"":[83.85265629120205,21.53697418947291]}"
2,1233.288287465668,173,2019,0,4,21.536255537245616,83.94796754284714,0.47361952,-0.47337258,2020,1631.9175470884852,"{""geodesic"":false,""type"":""Point"",""coordinates"":[83.94796754284714,21.536255537245616]}"
3,1280.0,164,2019,0,1,21.393603070127433,84.0153411891561,0.43173832,-0.46291608,2020,1611.58958593542,"{""geodesic"":false,""type"":""Point"",""coordinates"":[84.0153411891561,21.393603070127433]}"
4,714.0028011149536,170,2019,0,6,21.536704694887675,84.03752957667385,0.21564992,-0.29519144,2020,1604.2903165050075,"{""geodesic"":false,""type"":""Point"",""coordinates"":[84.03752957667385,21.536704694887675]}"
5,550.8175741568165,163,2019,0,4,21.53652503183085,84.0416618269808,0.5104979,-0.50089407,2020,1604.2903165050075,"{""geodesic"":false,""type"":""Point"",""coordinates"":[84.0416618269808,21.53652503183085]}"
6,1280.0,166,2019,0,4,21.495741517931823,84.1280797573131,0.67128026,-0.59933853,2020,1591.9735097484568,"{""geodesic"":false,""type"":""Point"",""coordinates"":[84.1280797573131,21.495741517931823]}"
7,1280.0,166,2019,0,1,21.429356018435392,84.08558944437425,0.63065004,-0.5675564,2020,1603.7002907779072,"{""geodesic"":false,""type"":""Point"",""coordinates"":[84.08558944437425,21.429356018435392]}"
8,812.7115109311545,213,2019,0,1,21.58386624730395,84.10867614717611,0.4613538,-0.5170635,2020,1510.699908208047,"{""geodesic"":false,""type"":""Point"",""coordinates"":[84.10867614717611,21.58386624730395]}"
9,216.33307652783938,173,2019,0,6,21.502119556449074,83.87834810832787,0.46106222,-0.4544275,2020,1640.2204654872462,"{""geodesic"":false,""type"":""Point"",""coordinates"":[83.87834810832787,21.502119556449074]}"
10,1280.0,171,2019,0,4,21.383092781303237,84.02252771142906,0.39348683,-0.4553632,2020,1611.58958593542,"{""geodesic"":false,""type"":""Point"",""coordinates"":[84.02252771142906,21.383092781303237]}"
11,1280.0,192,2019,0,1,21.48909398482934,84.15601736264922,0.43520987,-0.46631902,2020,1571.9161179682078,"{""geodesic"":false,""type"":""Point"",""coordinates"":[84.15601736264922,21.48909398482934]}"
12,784.0918313565064,176,2019,0,1,21.406448978690342,84.10840665259089,0.43095058,-0.48376846,2020,1613.539233859976,"{""geodesic"":false,""type"":""Point"",""coordinates"":[84.10840665259089,21.406448978690342]}"
13,313.8470965295043,205,2019,0,1,21.553772685285946,84.18377530492852,0.6962677,-0.5991911,2020,1509.0079417944821,"{""geodesic"":false,""type"":""Point"",""coordinates"":[84.18377530492852,21.553772685285946]}"
14,1280.0,297,2019,0,1,21.353987366097762,84.03438547317944,0.6674548,-0.6064841,2020,1611.58958593542,"{""geodesic"":false,""type"":""Point"",""coordinates"":[84.03438547317944,21.353987366097762]}"
15,525.5473337388365,199,2019,0,1,21.485321060636036,84.19024317497417,0.66560775,-0.5820419,2020,1571.9161179682078,"{""geodesic"":false,""type"":""Point"",""coordinates"":[84.19024317497417,21.485321060636036]}"
16,1280.0,365,2019,0,1,21.353717871512526,84.02495316269618,0.6474726,-0.6029915,2020,1611.58958593542,"{""geodesic"":false,""type"":""Point"",""coordinates"":[84.02495316269618,21.353717871512526]}"
17,554.7071299343465,201,2019,0,4,21.586112035514248,84.17425316291684,0.4222808,-0.4733562,2020,1509.0079417944821,"{""geodesic"":false,""type"":""Point"",""coordinates"":[84.17425316291684,21.586112035514248]}"
18,1280.0,183,2019,0,1,21.562576175070316,84.00231561753637,0.6164383,-0.57829034,2020,1594.5462688984794,"{""geodesic"":false,""type"":""Point"",""coordinates"":[84.00231561753637,21.562576175070316]}"
19,111.80339887498948,182,2019,0,5,21.43905782350388,84.13957819294983,0.22903356,-0.33362484,2020,1613.539233859976,"{""geodesic"":false,""type"":""Point"",""coordinates"":[84.13957819294983,21.43905782350388]}"
20,1280.0,373,2019,0,1,21.368270579115265,84.05801116515178,0.63323444,-0.5935587,2020,1563.0691775924818,"{""geodesic"":false,""type"":""Point"",""coordinates"":[84.05801116515178,21.368270579115265]}"
21,1280.0,194,2019,0,1,21.58521372023013,84.0799300580843,0.54683006,-0.5280313,2020,1538.918787408697,"{""geodesic"":false,""type"":""Point"",""coordinates"":[84.0799300580843,21.58521372023013]}"
22,408.166632639171,204,2019,0,4,21.59859861796351,84.17048023872354,0.32704055,-0.42811877,2020,1509.0079417944821,"{""geodesic"":false,""type"":""Point"",""coordinates"":[84.17048023872354,21.59859861796351]}"
23,1280.0,160,2019,0,4,21.385338569513536,84.01129877037756,0.4834802,-0.48819223,2020,1611.58958593542,"{""geodesic"":false,""type"":""Point"",""coordinates"":[84.01129877037756,21.385338569513536]}"
24,600.832755431992,197,2019,0,1,21.52466727008047,84.14478842159772,0.51143086,-0.5167656,2020,1540.3884270749268,"{""geodesic"":false,""type"":""Point"",""coordinates"":[84.14478842159772,21.52466727008047]}"
25,0.0,188,2019,0,0,21.59320872625879,83.85310544884412,-0.15639533,0.3424987,2020,1634.7582703134578,"{""geodesic"":false,""type"":""Point"",""coordinates"":[83.85310544884412,21.59320872625879]}"
26,340.0,216,2019,0,1,21.361533214484368,84.07660629153305,0.54697406,-0.51319766,2020,1563.0691775924818,"{""geodesic"":false,""type"":""Point"",""coordinates"":[84.07660629153305,21.361533214484368]}"
27,40.0,188,2019,0,0,21.597340976565743,83.99423077997929,0.31004366,-0.31004366,2020,1640.7487842334933,"{""geodesic"":false,""type"":""Point"",""coordinates"":[83.99423077997929,21.597340976565743]}"
28,30.0,158,2019,0,0,21.38147581379182,83.92173673655084,0.67286825,-0.5688275,2020,1685.77723072657,"{""geodesic"":false,""type"":""Point"",""coordinates"":[83.92173673655084,21.38147581379182]}"
29,0.0,188,2019,0,0,21.592490074031495,83.98866122521775,-0.19512042,0.2946482,2020,1640.7487842334933,"{""geodesic"":false,""type"":""Point"",""coordinates"":[83.98866122521775,21.592490074031495]}"
30,14.142135623730951,198,2019,0,0,21.550987907905174,83.8740361949641,0.10227823,-0.096960925,2020,1634.7582703134578,"{""geodesic"":false,""type"":""Point"",""coordinates"":[83.8740361949641,21.550987907905174]}"
31,1280.0,168,2019,0,4,21.4933160666647,84.11640165861955,0.50117344,-0.49869156,2020,1591.9735097484568,"{""geodesic"":false,""type"":""Point"",""coordinates"":[84.11640165861955,21.4933160666647]}"
32,125.29964086141668,147,2019,0,4,21.509485741778853,83.91365189899378,0.56816566,-0.5345945,2020,1631.9175470884852,"{""geodesic"":false,""type"":""Point"",""coordinates"":[83.91365189899378,21.509485741778853]}"
33,269.07248094147417,164,2019,0,6,21.48774651190316,83.95865749472816,0.30372185,-0.34369943,2020,1645.5226784301835,"{""geodesic"":false,""type"":""Point"",""coordinates"":[83.95865749472816,21.48774651190316]}"
34,967.9876032264049,177,2019,0,1,21.469959869277595,83.98695442617792,0.6603449,-0.59017795,2020,1645.5226784301835,"{""geodesic"":false,""type"":""Point"",""coordinates"":[83.98695442617792,21.469959869277595]}"
35,550.8175741568165,196,2019,0,4,21.535806379603553,84.16428186326311,0.41126662,-0.43928036,2020,1535.0835264685138,"{""geodesic"":false,""type"":""Point"",""coordinates"":[84.16428186326311,21.535806379603553]}"
36,363.59317925395686,170,2019,0,4,21.42782888245239,83.90421958851051,0.25420916,-0.36553878,2020,1647.069976108939,"{""geodesic"":false,""type"":""Point"",""coordinates"":[83.90421958851051,21.42782888245239]}"
37,1100.0454536063498,155,2019,0,4,21.38048766697929,83.89963818056151,0.39666873,-0.45540857,2020,1593.7226981279111,"{""geodesic"":false,""type"":""Point"",""coordinates"":[83.89963818056151,21.38048766697929]}"
38,370.0,186,2019,0,5,21.547933635939167,83.91041796397094,0.34276825,-0.42278033,2020,1631.9175470884852,"{""geodesic"":false,""type"":""Point"",""coordinates"":[83.91041796397094,21.547933635939167]}"
39,219.5449840010015,143,2019,0,1,21.37491811221775,83.96773047909777,0.5521578,-0.5184834,2020,1688.5246803463074,"{""geodesic"":false,""type"":""Point"",""coordinates"":[83.96773047909777,21.37491811221775]}"
40,22.360679774997898,161,2019,0,0,21.41462364777583,83.92541982921574,0.43549365,-0.28530413,2020,1647.069976108939,"{""geodesic"":false,""type"":""Point"",""coordinates"":[83.92541982921574,21.41462364777583]}"
41,596.824932455071,190,2019,0,1,21.40222689685498,84.17407349986001,0.44408742,-0.49960867,2020,1579.7558364199476,"{""geodesic"":false,""type"":""Point"",""coordinates"":[84.17407349986001,21.40222689685498]}"
42,485.4894437575342,178,2019,0,4,21.531404634711368,83.96521519630222,0.4992867,-0.50243235,2020,1642.6080346339731,"{""geodesic"":false,""type"":""Point"",""coordinates"":[83.96521519630222,21.531404634711368]}"
43,308.05843601498725,175,2019,0,4,21.51990619907464,83.94823703743238,0.64146614,-0.59269404,2020,1631.9175470884852,"{""geodesic"":false,""type"":""Point"",""coordinates"":[83.94823703743238,21.51990619907464]}"
44,635.0590523722972,190,2019,0,6,21.53418941209214,84.10265743477252,0.4266248,-0.4513893,2020,1540.3884270749268,"{""geodesic"":false,""type"":""Point"",""coordinates"":[84.10265743477252,21.53418941209214]}"
45,378.021163428716,153,2019,0,4,21.37132485108127,83.88427698920306,0.52051157,-0.516186,2020,1593.7226981279111,"{""geodesic"":false,""type"":""Point"",""coordinates"":[83.88427698920306,21.37132485108127]}"
46,56.568542494923804,144,2019,0,3,21.494394045005645,83.91850280152802,0.16714199,-0.17282525,2020,1651.9320563661308,"{""geodesic"":false,""type"":""Point"",""coordinates"":[83.91850280152802,21.494394045005645]}"
47,1280.0,169,2019,0,4,21.423606800617026,84.12754076814262,0.49131477,-0.5087576,2020,1613.539233859976,"{""geodesic"":false,""type"":""Point"",""coordinates"":[84.12754076814262,21.423606800617026]}"
48,0.0,188,2019,0,0,21.5714694963831,83.96898812049554,-0.16314803,0.3584083,2020,1640.7487842334933,"{""geodesic"":false,""type"":""Point"",""coordinates"":[83.96898812049554,21.5714694963831]}"
49,1170.6835610018618,181,2019,0,1,21.492238088323756,84.17604979348508,0.38035464,-0.4476418,2020,1571.9161179682078,"{""geodesic"":false,""type"":""Point"",""coordinates"":[84.17604979348508,21.492238088323756]}"
50,265.70660511172844,209,2019,0,1,21.578476355599232,84.17362434221796,0.43729538,-0.43757528,2020,1509.0079417944821,"{""geodesic"":false,""type"":""Point"",""coordinates"":[84.17362434221796,21.578476355599232]}"
51,542.033209314706,162,2019,0,5,21.484782071465567,84.06447903519744,0.3900277,-0.44219083,2020,1592.1215501536285,"{""geodesic"":false,""type"":""Point"",""coordinates"":[84.06447903519744,21.484782071465567]}"
52,690.2897942168927,167,2019,0,4,21.545059027029986,83.90996880632888,0.6752496,-0.6095637,2020,1631.9175470884852,"{""geodesic"":false,""type"":""Point"",""coordinates"":[83.90996880632888,21.545059027029986]}"
53,364.9657518178932,140,2019,0,0,21.421001686293078,83.9830916704562,0.1234655,-0.11065097,2020,1639.734637070956,"{""geodesic"":false,""type"":""Point"",""coordinates"":[83.9830916704562,21.421001686293078]}"
54,0.0,188,2019,0,0,21.562935501183965,83.89092452230555,-0.1736144,0.36233085,2020,1634.7582703134578,"{""geodesic"":false,""type"":""Point"",""coordinates"":[83.89092452230555,21.562935501183965]}"
55,891.0667763978186,177,2019,0,1,21.456395308487387,84.13086453469387,0.4630963,-0.49247107,2020,1591.9735097484568,"{""geodesic"":false,""type"":""Point"",""coordinates"":[84.13086453469387,21.456395308487387]}"
56,1280.0,239,2019,0,1,21.599407101719216,84.18611092466722,0.4596877,-0.45906758,2020,1509.0079417944821,"{""geodesic"":false,""type"":""Point"",""coordinates"":[84.18611092466722,21.599407101719216]}"
57,844.8076704197234,152,2019,0,6,21.442920579225596,83.99414094845088,0.7175435,-0.6012559,2020,1639.734637070956,"{""geodesic"":false,""type"":""Point"",""coordinates"":[83.99414094845088,21.442920579225596]}"
58,1280.0,145,2019,0,4,21.366653611603848,83.98354082809827,0.39767486,-0.46231416,2020,1688.5246803463074,"{""geodesic"":false,""type"":""Point"",""coordinates"":[83.98354082809827,21.366653611603848]}"
59,1075.6393447619885,151,2019,0,4,21.430074670662687,83.9612626090521,0.48025593,-0.50950783,2020,1639.734637070956,"{""geodesic"":false,""type"":""Point"",""coordinates"":[83.9612626090521,21.430074670662687]}"
60,642.0280367709809,178,2019,0,4,21.520714682830345,84.1070591796647,0.43456924,-0.44590232,2020,1540.3884270749268,"{""geodesic"":false,""type"":""Point"",""coordinates"":[84.1070591796647,21.520714682830345]}"
61,963.8464608017192,161,2019,0,4,21.474900603340252,84.0003393239113,0.424899,-0.4504673,2020,1613.118863210927,"{""geodesic"":false,""type"":""Point"",""coordinates"":[84.0003393239113,21.474900603340252]}"
62,111.80339887498948,159,2019,0,1,21.427200061753503,83.94967434188696,0.3848716,-0.44538793,2020,1647.069976108939,"{""geodesic"":false,""type"":""Point"",""coordinates"":[83.94967434188696,21.427200061753503]}"
63,1280.0,208,2019,0,1,21.36395866575149,84.19132115331512,0.6359785,-0.5845505,2020,1552.724454099584,"{""geodesic"":false,""type"":""Point"",""coordinates"":[84.19132115331512,21.36395866575149]}"
64,380.78865529319546,206,2019,0,1,21.590603611934846,84.14209347574537,0.42140386,-0.47350553,2020,1510.699908208047,"{""geodesic"":false,""type"":""Point"",""coordinates"":[84.14209347574537,21.590603611934846]}"
65,1094.8972554536797,243,2019,0,1,21.593478220844027,84.1198152566992,0.5066901,-0.5549059,2020,1510.699908208047,"{""geodesic"":false,""type"":""Point"",""coordinates"":[84.1198152566992,21.593478220844027]}"
66,471.6990566028302,164,2019,0,1,21.41866606655437,83.94679973297778,0.47614026,-0.49329352,2020,1647.069976108939,"{""geodesic"":false,""type"":""Point"",""coordinates"":[83.94679973297778,21.41866606655437]}"
67,1280.0,169,2019,0,6,21.399082793360563,84.03178035885549,0.11438069,-0.182881,2020,1611.58958593542,"{""geodesic"":false,""type"":""Point"",""coordinates"":[84.03178035885549,21.399082793360563]}"
68,1110.180165558726,157,2019,0,4,21.474720940283426,84.02639046715078,0.5608118,-0.51954514,2020,1613.118863210927,"{""geodesic"":false,""type"":""Point"",""coordinates"":[84.02639046715078,21.474720940283426]}"
69,183.84776310850236,171,2019,0,4,21.55215571777453,84.07867241668653,0.33802348,-0.4054657,2020,1538.918787408697,"{""geodesic"":false,""type"":""Point"",""coordinates"":[84.07867241668653,21.55215571777453]}"
70,567.9788728465171,157,2019,0,1,21.457203792243096,84.06214341545872,0.54578227,-0.5441123,2020,1592.1215501536285,"{""geodesic"":false,""type"":""Point"",""coordinates"":[84.06214341545872,21.457203792243096]}"
71,172.04650534085255,194,2019,0,1,21.39854380419009,84.14532741076819,0.5506895,-0.5410461,2020,1567.9896123734002,"{""geodesic"":false,""type"":""Point"",""coordinates"":[84.14532741076819,21.39854380419009]}"
72,423.7924020083418,187,2019,0,1,21.542813238819686,84.12933739871087,0.3461038,-0.39870954,2020,1540.3884270749268,"{""geodesic"":false,""type"":""Point"",""coordinates"":[84.12933739871087,21.542813238819686]}"
73,340.0,183,2019,0,1,21.531224971654545,83.99171549718376,0.4801701,-0.49845377,2020,1642.6080346339731,"{""geodesic"":false,""type"":""Point"",""coordinates"":[83.99171549718376,21.531224971654545]}"
74,384.1874542459709,195,2019,0,1,21.59464603071338,84.00321393282049,0.49540824,-0.49461672,2020,1594.5462688984794,"{""geodesic"":false,""type"":""Point"",""coordinates"":[84.00321393282049,21.59464603071338]}"
75,1280.0,176,2019,0,1,21.571289833326276,84.02683962479283,0.6877409,-0.6134414,2020,1594.5462688984794,"{""geodesic"":false,""type"":""Point"",""coordinates"":[84.02683962479283,21.571289833326276]}"
76,853.8149682454625,190,2019,0,1,21.591681590275787,84.0258514779803,0.55138475,-0.512431,2020,1594.5462688984794,"{""geodesic"":false,""type"":""Point"",""coordinates"":[84.0258514779803,21.591681590275787]}"
77,63.24555320336759,172,2019,0,1,21.54335222799016,83.95686086415992,0.57292783,-0.5304605,2020,1642.6080346339731,"{""geodesic"":false,""type"":""Point"",""coordinates"":[83.95686086415992,21.54335222799016]}"
78,320.1562118716424,192,2019,0,1,21.549640434978993,83.97734245263784,0.586361,-0.5701301,2020,1642.6080346339731,"{""geodesic"":false,""type"":""Point"",""coordinates"":[83.97734245263784,21.549640434978993]}"
79,366.1966684720111,167,2019,0,4,21.40258622296863,84.05720268139606,0.50493014,-0.502307,2020,1603.7002907779072,"{""geodesic"":false,""type"":""Point"",""coordinates"":[84.05720268139606,21.40258622296863]}"
80,1280.0,319,2019,0,1,21.36674344313226,84.03438547317944,0.66867435,-0.6100161,2020,1611.58958593542,"{""geodesic"":false,""type"":""Point"",""coordinates"":[84.03438547317944,21.36674344313226]}"
81,420.11903075200007,191,2019,0,5,21.396208184451382,84.13957819294983,0.35586149,-0.42892036,2020,1567.9896123734002,"{""geodesic"":false,""type"":""Point"",""coordinates"":[84.13957819294983,21.396208184451382]}"
82,756.6372975210778,169,2019,0,1,21.41606095223042,83.94563192310842,0.6669141,-0.5899985,2020,1647.069976108939,"{""geodesic"":false,""type"":""Point"",""coordinates"":[83.94563192310842,21.41606095223042]}"
83,523.9274758971894,150,2019,0,4,21.360365404615013,83.95488457053486,0.5364789,-0.52098763,2020,1688.5246803463074,"{""geodesic"":false,""type"":""Point"",""coordinates"":[83.95488457053486,21.360365404615013]}"
84,1280.0,185,2019,0,6,21.574613599877516,84.05477723012895,0.48176688,-0.5038647,2020,1538.918787408697,"{""geodesic"":false,""type"":""Point"",""coordinates"":[84.05477723012895,21.574613599877516]}"
85,453.43136195018536,159,2019,0,6,21.475529424039134,83.9867747631211,0.29437447,-0.30012152,2020,1645.5226784301835,"{""geodesic"":false,""type"":""Point"",""coordinates"":[83.9867747631211,21.475529424039134]}"
86,282.842712474619,170,2019,0,4,21.473283635828835,84.11873727835825,0.47518975,-0.44634926,2020,1591.9735097484568,"{""geodesic"":false,""type"":""Point"",""coordinates"":[84.11873727835825,21.473283635828835]}"
87,881.1923740024082,146,2019,0,4,21.385877558684005,83.98246284975733,0.4930494,-0.50173897,2020,1688.5246803463074,"{""geodesic"":false,""type"":""Point"",""coordinates"":[83.98246284975733,21.385877558684005]}"
88,164.92422502470643,159,2019,0,1,21.474990434868662,84.08163685712412,0.36024925,-0.41732922,2020,1592.1215501536285,"{""geodesic"":false,""type"":""Point"",""coordinates"":[84.08163685712412,21.474990434868662]}"
89,534.8831648126533,189,2019,0,5,21.503197534790015,84.16464118937677,0.36812755,-0.41954207,2020,1535.0835264685138,"{""geodesic"":false,""type"":""Point"",""coordinates"":[84.16464118937677,21.503197534790015]}"
90,1182.7087553578015,177,2019,0,5,21.45918008586816,84.12610346368804,0.38948268,-0.43904543,2020,1591.9735097484568,"{""geodesic"":false,""type"":""Point"",""coordinates"":[84.12610346368804,21.45918008586816]}"
91,709.365914038728,148,2019,0,7,21.51083321470503,83.904758577681,0.07527135,-0.13722974,2020,1631.9175470884852,"{""geodesic"":false,""type"":""Point"",""coordinates"":[83.904758577681,21.51083321470503]}"
92,1280.0,186,2019,0,1,21.402047233798157,84.18422446257057,0.6138251,-0.54854125,2020,1579.7558364199476,"{""geodesic"":false,""type"":""Point"",""coordinates"":[84.18422446257057,21.402047233798157]}"
93,224.7220505424423,163,2019,0,4,21.481817631027972,84.03986519641256,0.52661645,-0.51167965,2020,1613.118863210927,"{""geodesic"":false,""type"":""Point"",""coordinates"":[84.03986519641256,21.481817631027972]}"
94,512.4451190127583,151,2019,0,1,21.475080266397075,83.96090328293846,0.7184587,-0.6207475,2020,1645.5226784301835,"{""geodesic"":false,""type"":""Point"",""coordinates"":[83.96090328293846,21.475080266397075]}"
95,1096.5856099730654,144,2019,0,4,21.350933094131758,83.90134497960133,0.58183616,-0.5565616,2020,1685.77723072657,"{""geodesic"":false,""type"":""Point"",""coordinates"":[83.90134497960133,21.350933094131758]}"
96,989.9494936611666,170,2019,0,6,21.437081529878817,83.92191639960767,0.35938472,-0.3726731,2020,1647.069976108939,"{""geodesic"":false,""type"":""Point"",""coordinates"":[83.92191639960767,21.437081529878817]}"
97,442.04072210600685,161,2019,0,5,21.524397775495235,83.88391766308942,0.34534147,-0.42283002,2020,1640.2204654872462,"{""geodesic"":false,""type"":""Point"",""coordinates"":[83.88391766308942,21.524397775495235]}"
98,10.0,139,2019,0,0,21.4241457897875,83.97617464276848,0.03042619,0.117226906,2020,1639.734637070956,"{""geodesic"":false,""type"":""Point"",""coordinates"":[83.97617464276848,21.4241457897875]}"
99,1280.0,166,2019,0,4,21.50068225199448,84.05837049126542,0.5335428,-0.5474992,2020,1575.1144623941852,"{""geodesic"":false,""type"":""Point"",""coordinates"":[84.05837049126542,21.50068225199448]}"
100,0.0,188,2019,0,0,21.544879363973163,83.86667000963432,-0.15785237,0.31554103,2020,1640.2204654872462,"{""geodesic"":false,""type"":""Point"",""coordinates"":[83.86667000963432,21.544879363973163]}"
101,921.9544457292888,169,2019,0,1,21.425852588827325,84.1152338487502,0.59372544,-0.5466865,2020,1613.539233859976,"{""geodesic"":false,""type"":""Point"",""coordinates"":[84.1152338487502,21.425852588827325]}"
102,60.0,193,2019,0,0,21.56086937603049,83.97365935997296,0.40232325,-0.40049633,2020,1640.7487842334933,"{""geodesic"":false,""type"":""Point"",""coordinates"":[83.97365935997296,21.56086937603049]}"
103,638.9053137985316,162,2019,0,6,21.48783634343157,83.95479473900645,0.12942117,-0.18374586,2020,1645.5226784301835,"{""geodesic"":false,""type"":""Point"",""coordinates"":[83.95479473900645,21.48783634343157]}"
104,1280.0,315,2019,0,1,21.36494681256402,84.052172115805,0.67550975,-0.63751256,2020,1563.0691775924818,"{""geodesic"":false,""type"":""Point"",""coordinates"":[84.052172115805,21.36494681256402]}"
105,316.2277660168379,161,2019,0,4,21.484692239937154,84.07121639982833,0.46760824,-0.52827257,2020,1592.1215501536285,"{""geodesic"":false,""type"":""Point"",""coordinates"":[84.07121639982833,21.484692239937154]}"
106,1236.9316876852981,162,2019,0,4,21.40177773921292,83.88436682073147,0.46631697,-0.53283495,2020,1656.2454784957147,"{""geodesic"":false,""type"":""Point"",""coordinates"":[83.88436682073147,21.40177773921292]}"
107,41.23105625617661,143,2019,0,0,21.421810170048786,84.02854642383265,0.25526398,-0.15834886,2020,1671.026536732158,"{""geodesic"":false,""type"":""Point"",""coordinates"":[84.02854642383265,21.421810170048786]}"
108,1280.0,212,2019,0,1,21.363868834223076,84.1987771701733,0.5747161,-0.5191551,2020,1552.724454099584,"{""geodesic"":false,""type"":""Point"",""coordinates"":[84.1987771701733,21.363868834223076]}"
109,777.8174593052023,153,2019,0,4,21.42432545284432,84.00258511212161,0.33512664,-0.3850936,2020,1671.026536732158,"{""geodesic"":false,""type"":""Point"",""coordinates"":[84.00258511212161,21.42432545284432]}"
110,1257.179382586272,182,2019,0,6,21.51631293793816,83.99467993762136,0.505878,-0.53694326,2020,1642.6080346339731,"{""geodesic"":false,""type"":""Point"",""coordinates"":[83.99467993762136,21.51631293793816]}"
111,909.7252332435328,182,2019,0,1,21.434656078611695,84.18638041925246,0.50112206,-0.48383948,2020,1579.7558364199476,"{""geodesic"":false,""type"":""Point"",""coordinates"":[84.18638041925246,21.434656078611695]}"
112,0.0,188,2019,0,0,21.59132226416214,83.99306297010993,-0.22669315,0.34791222,2020,1640.7487842334933,"{""geodesic"":false,""type"":""Point"",""coordinates"":[83.99306297010993,21.59132226416214]}"
113,0.0,188,2019,0,0,21.56589994162156,83.86891579784462,-0.21482082,0.4057919,2020,1634.7582703134578,"{""geodesic"":false,""type"":""Point"",""coordinates"":[83.86891579784462,21.56589994162156]}"
114,572.1887800367987,164,2019,0,1,21.483793924653035,84.09538108097115,0.53271395,-0.53302103,2020,1592.1215501536285,"{""geodesic"":false,""type"":""Point"",""coordinates"":[84.09538108097115,21.483793924653035]}"
115,1006.4790112068906,211,2019,0,5,21.570391518042157,84.00222578600795,0.20956782,-0.30018115,2020,1594.5462688984794,"{""geodesic"":false,""type"":""Point"",""coordinates"":[84.00222578600795,21.570391518042157]}"
116,1280.0,196,2019,0,1,21.528440194273774,84.1175694684889,0.63128144,-0.5596985,2020,1540.3884270749268,"{""geodesic"":false,""type"":""Point"",""coordinates"":[84.1175694684889,21.528440194273774]}"
117,0.0,188,2019,0,0,21.57425427376387,83.86451405295243,-0.19198449,0.37027708,2020,1634.7582703134578,"{""geodesic"":false,""type"":""Point"",""coordinates"":[83.86451405295243,21.57425427376387]}"
118,0.0,188,2019,0,0,21.57515258904799,83.87753962457217,-0.19965503,0.37967914,2020,1634.7582703134578,"{""geodesic"":false,""type"":""Point"",""coordinates"":[83.87753962457217,21.57515258904799]}"
119,90.0,158,2019,0,3,21.489363479414575,83.90098565348768,0.6320407,-0.52185696,2020,1651.9320563661308,"{""geodesic"":false,""type"":""Point"",""coordinates"":[83.90098565348768,21.489363479414575]}"
120,1071.1675872616759,161,2019,0,4,21.400609929343567,83.8875109242259,0.4976452,-0.5158898,2020,1656.2454784957147,"{""geodesic"":false,""type"":""Point"",""coordinates"":[83.8875109242259,21.400609929343567]}"
121,260.768096208106,188,2019,0,6,21.449029123157608,84.1520647753991,0.27177486,-0.3716248,2020,1579.7558364199476,"{""geodesic"":false,""type"":""Point"",""coordinates"":[84.1520647753991,21.449029123157608]}"
122,682.4954212300622,199,2019,0,1,21.370246872740328,84.13553577417129,0.5306487,-0.5286208,2020,1567.9896123734002,"{""geodesic"":false,""type"":""Point"",""coordinates"":[84.13553577417129,21.370246872740328]}"
123,370.1351104664349,176,2019,0,4,21.54613700537093,83.91499937191995,0.4796887,-0.5197627,2020,1631.9175470884852,"{""geodesic"":false,""type"":""Point"",""coordinates"":[83.91499937191995,21.54613700537093]}"
124,306.10455730027934,157,2019,0,1,21.51900788379052,83.91284341523806,0.4152249,-0.4461836,2020,1631.9175470884852,"{""geodesic"":false,""type"":""Point"",""coordinates"":[83.91284341523806,21.51900788379052]}"
125,63.24555320336759,191,2019,0,5,21.571289833326276,84.13158318692116,0.35485342,-0.4141552,2020,1510.699908208047,"{""geodesic"":false,""type"":""Point"",""coordinates"":[84.13158318692116,21.571289833326276]}"
126,1051.189802081432,174,2019,0,1,21.45693429765786,84.11999491975602,0.47965392,-0.49594042,2020,1591.9735097484568,"{""geodesic"":false,""type"":""Point"",""coordinates"":[84.11999491975602,21.45693429765786]}"
127,854.7514258543241,154,2019,0,6,21.442830747697183,83.9957579159623,0.5222567,-0.47779047,2020,1639.734637070956,"{""geodesic"":false,""type"":""Point"",""coordinates"":[83.9957579159623,21.442830747697183]}"
128,624.3396511515186,146,2019,0,1,21.39791498349121,83.96584401700112,0.6146444,-0.5678032,2020,1688.5246803463074,"{""geodesic"":false,""type"":""Point"",""coordinates"":[83.96584401700112,21.39791498349121]}"
129,511.9570294468082,159,2019,0,4,21.515234959597215,84.01929377640623,0.5554523,-0.52629447,2020,1604.2903165050075,"{""geodesic"":false,""type"":""Point"",""coordinates"":[84.01929377640623,21.515234959597215]}"
130,184.39088914585773,183,2019,0,4,21.400699760871976,84.11029311468754,0.45625976,-0.51002985,2020,1613.539233859976,"{""geodesic"":false,""type"":""Point"",""coordinates"":[84.11029311468754,21.400699760871976]}"
131,155.24174696260025,141,2019,0,1,21.422438990747672,83.97312037080248,0.68646795,-0.5999856,2020,1639.734637070956,"{""geodesic"":false,""type"":""Point"",""coordinates"":[83.97312037080248,21.422438990747672]}"
132,348.8552708502482,177,2019,0,1,21.544969195501572,83.95910665237022,0.54909945,-0.5196244,2020,1642.6080346339731,"{""geodesic"":false,""type"":""Point"",""coordinates"":[83.95910665237022,21.544969195501572]}"
133,70.71067811865476,209,2019,0,1,21.484871902993977,83.85615972081013,0.50198865,-0.5156406,2020,1601.671297309023,"{""geodesic"":false,""type"":""Point"",""coordinates"":[83.85615972081013,21.484871902993977]}"
134,78.10249675906654,152,2019,0,1,21.434476415554872,83.94679973297778,0.6773161,-0.5856563,2020,1647.069976108939,"{""geodesic"":false,""type"":""Point"",""coordinates"":[83.94679973297778,21.434476415554872]}"
135,440.4543109109048,148,2019,0,6,21.46205469477734,83.99647656818959,0.41963688,-0.443021,2020,1645.5226784301835,"{""geodesic"":false,""type"":""Point"",""coordinates"":[83.99647656818959,21.46205469477734]}"
136,0.0,188,2019,0,0,21.556557462666714,83.88813974492477,-0.2275281,0.42658558,2020,1634.7582703134578,"{""geodesic"":false,""type"":""Point"",""coordinates"":[83.88813974492477,21.556557462666714]}"
137,219.5449840010015,147,2019,0,1,21.43429675249805,84.0289057499463,0.70740867,-0.6065803,2020,1671.026536732158,"{""geodesic"":false,""type"":""Point"",""coordinates"":[84.0289057499463,21.43429675249805]}"
138,1280.0,152,2019,0,4,21.386236884797654,83.99441044303612,0.50236964,-0.47348404,2020,1688.5246803463074,"{""geodesic"":false,""type"":""Point"",""coordinates"":[83.99441044303612,21.386236884797654]}"
139,256.3201123595259,166,2019,0,6,21.4790328536472,83.90403992545369,0.3236325,-0.377481,2020,1651.9320563661308,"{""geodesic"":false,""type"":""Point"",""coordinates"":[83.90403992545369,21.4790328536472]}"
140,1280.0,147,2019,0,4,21.39989127711627,83.96018463071117,0.53527766,-0.5326966,2020,1688.5246803463074,"{""geodesic"":false,""type"":""Point"",""coordinates"":[83.96018463071117,21.39989127711627]}"
141,1054.229576515476,167,2019,0,6,21.47067852150489,83.98407981726874,0.41738787,-0.42021078,2020,1645.5226784301835,"{""geodesic"":false,""type"":""Point"",""coordinates"":[83.98407981726874,21.47067852150489]}"
142,274.5906043549196,141,2019,0,1,21.44076462254371,83.98057638766068,0.6113736,-0.57893515,2020,1639.734637070956,"{""geodesic"":false,""type"":""Point"",""coordinates"":[83.98057638766068,21.44076462254371]}"
143,304.7950130825634,205,2019,0,1,21.585393383286952,84.11864744682984,0.5191922,-0.5052895,2020,1510.699908208047,"{""geodesic"":false,""type"":""Point"",""coordinates"":[84.11864744682984,21.585393383286952]}"
144,570.701322935211,181,2019,0,1,21.570750844155803,84.06151459475984,0.5963642,-0.52534056,2020,1538.918787408697,"{""geodesic"":false,""type"":""Point"",""coordinates"":[84.06151459475984,21.570750844155803]}"
145,480.10415536631217,153,2019,0,5,21.486309207448567,83.94132000974466,0.3533598,-0.3949273,2020,1651.9320563661308,"{""geodesic"":false,""type"":""Point"",""coordinates"":[83.94132000974466,21.486309207448567]}"
146,1042.0172743289816,168,2019,0,4,21.43474591014011,83.87214973286744,0.5538028,-0.5534746,2020,1656.2454784957147,"{""geodesic"":false,""type"":""Point"",""coordinates"":[83.87214973286744,21.43474591014011]}"
147,0.0,188,2019,0,0,21.571738990968335,83.90386026239686,-0.2159969,0.38660538,2020,1648.1545588437423,"{""geodesic"":false,""type"":""Point"",""coordinates"":[83.90386026239686,21.571738990968335]}"
148,1238.1033882515628,197,2019,0,5,21.36907906287097,84.07274353581134,0.3870433,-0.4432495,2020,1563.0691775924818,"{""geodesic"":false,""type"":""Point"",""coordinates"":[84.07274353581134,21.36907906287097]}"
149,134.1640786499874,169,2019,0,6,21.471037847618536,83.89739239235121,0.23745641,-0.29444662,2020,1601.671297309023,"{""geodesic"":false,""type"":""Point"",""coordinates"":[83.89739239235121,21.471037847618536]}"
150,1280.0,193,2019,0,1,21.4219000015772,84.09017085232325,0.65439844,-0.6049956,2020,1603.7002907779072,"{""geodesic"":false,""type"":""Point"",""coordinates"":[84.09017085232325,21.4219000015772]}"
151,761.5773105863909,220,2019,0,1,21.362701024353722,84.1152338487502,0.49149096,-0.52639425,2020,1567.9896123734002,"{""geodesic"":false,""type"":""Point"",""coordinates"":[84.1152338487502,21.362701024353722]}"
152,472.9693436154187,150,2019,0,4,21.395579363752496,83.91194509995394,0.38826653,-0.4129073,2020,1685.77723072657,"{""geodesic"":false,""type"":""Point"",""coordinates"":[83.91194509995394,21.395579363752496]}"
153,1280.0,190,2019,0,1,21.403125212139102,84.07157572594198,0.6340039,-0.5683588,2020,1603.7002907779072,"{""geodesic"":false,""type"":""Point"",""coordinates"":[84.07157572594198,21.403125212139102]}"
154,290.0,197,2019,0,4,21.37958935169517,84.11208974525577,0.31044507,-0.40116742,2020,1567.9896123734002,"{""geodesic"":false,""type"":""Point"",""coordinates"":[84.11208974525577,21.37958935169517]}"
155,885.2683209061533,163,2019,0,6,21.52466727008047,83.9026026209991,0.26968902,-0.26793012,2020,1631.9175470884852,"{""geodesic"":false,""type"":""Point"",""coordinates"":[83.9026026209991,21.52466727008047]}"
156,773.3692520394123,212,2019,0,1,21.567876235246622,84.1912313217867,0.4547169,-0.48154372,2020,1509.0079417944821,"{""geodesic"":false,""type"":""Point"",""coordinates"":[84.1912313217867,21.567876235246622]}"
157,1037.111372997134,145,2019,0,4,21.35246023011476,83.96368806031923,0.40868202,-0.45550966,2020,1688.5246803463074,"{""geodesic"":false,""type"":""Point"",""coordinates"":[83.96368806031923,21.35246023011476]}"
158,1138.859078200635,179,2019,0,1,21.499065284483066,84.17793625558173,0.41545263,-0.4561993,2020,1571.9161179682078,"{""geodesic"":false,""type"":""Point"",""coordinates"":[84.17793625558173,21.499065284483066]}"
159,421.90046219457975,195,2019,0,1,21.58530355175854,84.00815466688314,0.24374913,-0.33353302,2020,1594.5462688984794,"{""geodesic"":false,""type"":""Point"",""coordinates"":[84.00815466688314,21.58530355175854]}"
160,1006.5783625729296,216,2019,0,1,21.360095910029777,84.17281585846226,0.52838016,-0.5076531,2020,1552.724454099584,"{""geodesic"":false,""type"":""Point"",""coordinates"":[84.17281585846226,21.360095910029777]}"
161,912.1951545584968,202,2019,0,1,21.535536885018317,84.13903920377936,0.60976654,-0.52029467,2020,1540.3884270749268,"{""geodesic"":false,""type"":""Point"",""coordinates"":[84.13903920377936,21.535536885018317]}"
162,0.0,188,2019,0,0,21.580003491582236,83.95605238040422,-0.15954679,0.35718688,2020,1640.7487842334933,"{""geodesic"":false,""type"":""Point"",""coordinates"":[83.95605238040422,21.580003491582236]}"
163,0.0,188,2019,0,0,21.58215944826412,83.93323517218758,-0.20424242,0.37659255,2020,1648.1545588437423,"{""geodesic"":false,""type"":""Point"",""coordinates"":[83.93323517218758,21.58215944826412]}"
164,385.8756276314948,147,2019,0,4,21.423966126730672,84.01650899902546,0.43852952,-0.4519429,2020,1671.026536732158,"{""geodesic"":false,""type"":""Point"",""coordinates"":[84.01650899902546,21.423966126730672]}"
165,1135.4734695271397,157,2019,0,6,21.43312894262869,84.01947343946306,0.3152174,-0.38342923,2020,1671.026536732158,"{""geodesic"":false,""type"":""Point"",""coordinates"":[84.01947343946306,21.43312894262869]}"
166,1280.0,181,2019,0,4,21.527541878989656,84.11882710988667,0.3539604,-0.4121986,2020,1540.3884270749268,"{""geodesic"":false,""type"":""Point"",""coordinates"":[84.11882710988667,21.527541878989656]}"
167,516.2363799656123,198,2019,0,4,21.523858786324766,84.18161934824663,0.46605504,-0.47416973,2020,1535.0835264685138,"{""geodesic"":false,""type"":""Point"",""coordinates"":[84.18161934824663,21.523858786324766]}"
168,275.86228448267445,163,2019,0,4,21.48226678867003,83.91005863785729,0.5120148,-0.47632664,2020,1651.9320563661308,"{""geodesic"":false,""type"":""Point"",""coordinates"":[83.91005863785729,21.48226678867003]}"
169,1280.0,208,2019,0,4,21.5917714218042,84.17874473933745,0.31385076,-0.40684262,2020,1509.0079417944821,"{""geodesic"":false,""type"":""Point"",""coordinates"":[84.17874473933745,21.5917714218042]}"
170,827.3451516749221,148,2019,0,4,21.360365404615013,83.96252025044987,0.3237886,-0.42377144,2020,1688.5246803463074,"{""geodesic"":false,""type"":""Point"",""coordinates"":[83.96252025044987,21.360365404615013]}"
171,591.3543776789007,163,2019,0,4,21.464120819930816,83.90799251270381,0.53923315,-0.52955383,2020,1651.9320563661308,"{""geodesic"":false,""type"":""Point"",""coordinates"":[83.90799251270381,21.464120819930816]}"
172,677.2001181334805,176,2019,0,1,21.46843273329459,84.08325382463553,0.5337174,-0.53566885,2020,1592.1215501536285,"{""geodesic"":false,""type"":""Point"",""coordinates"":[84.08325382463553,21.46843273329459]}"
173,587.2818744010409,205,2019,0,1,21.5654507839795,84.18422446257057,0.50808626,-0.49160612,2020,1509.0079417944821,"{""geodesic"":false,""type"":""Point"",""coordinates"":[84.18422446257057,21.5654507839795]}"
174,360.5551275463989,197,2019,0,1,21.371774008723328,84.13131369233594,0.45694247,-0.45954558,2020,1567.9896123734002,"{""geodesic"":false,""type"":""Point"",""coordinates"":[84.13131369233594,21.371774008723328]}"
175,765.7675887630659,152,2019,0,4,21.4339374263844,83.95461507594962,0.48421416,-0.5131709,2020,1639.734637070956,"{""geodesic"":false,""type"":""Point"",""coordinates"":[83.95461507594962,21.4339374263844]}"
176,206.15528128088303,158,2019,0,5,21.517211253222282,83.86289708544102,0.22643171,-0.32361332,2020,1640.2204654872462,"{""geodesic"":false,""type"":""Point"",""coordinates"":[83.86289708544102,21.517211253222282]}"
177,642.8841264178172,184,2019,0,5,21.579464502411764,84.03276850566802,0.36469686,-0.42586866,2020,1594.5462688984794,"{""geodesic"":false,""type"":""Point"",""coordinates"":[84.03276850566802,21.579464502411764]}"
178,942.0191080864549,179,2019,0,5,21.44534603049272,83.92577915532938,0.24482854,-0.3933588,2020,1647.069976108939,"{""geodesic"":false,""type"":""Point"",""coordinates"":[83.92577915532938,21.44534603049272]}"
179,560.8029957123981,187,2019,0,5,21.398364141133268,84.16877343968372,0.37562993,-0.4359966,2020,1552.724454099584,"{""geodesic"":false,""type"":""Point"",""coordinates"":[84.16877343968372,21.398364141133268]}"
180,622.0128616033595,155,2019,0,4,21.471936162902658,84.01075978120708,0.50521463,-0.5125955,2020,1613.118863210927,"{""geodesic"":false,""type"":""Point"",""coordinates"":[84.01075978120708,21.471936162902658]}"
181,1280.0,160,2019,0,4,21.391357281917134,83.8687361347878,0.57138944,-0.5609358,2020,1593.7226981279111,"{""geodesic"":false,""type"":""Point"",""coordinates"":[83.8687361347878,21.391357281917134]}"
182,881.4193099768123,194,2019,0,5,21.584764562588067,84.16311405339376,0.29650086,-0.38961822,2020,1509.0079417944821,"{""geodesic"":false,""type"":""Point"",""coordinates"":[84.16311405339376,21.584764562588067]}"
183,520.0961449578338,171,2019,0,5,21.468073407180942,84.15251393304115,0.38307163,-0.4228467,2020,1571.9161179682078,"{""geodesic"":false,""type"":""Point"",""coordinates"":[84.15251393304115,21.468073407180942]}"
184,1056.882207249228,165,2019,0,4,21.388123346894304,83.8643343898956,0.551191,-0.55192596,2020,1593.7226981279111,"{""geodesic"":false,""type"":""Point"",""coordinates"":[83.8643343898956,21.388123346894304]}"
185,894.5389874119518,182,2019,0,1,21.553682853757532,83.98659510006428,0.28416392,-0.3672507,2020,1640.7487842334933,"{""geodesic"":false,""type"":""Point"",""coordinates"":[83.98659510006428,21.553682853757532]}"
186,1258.7692401707313,179,2019,0,4,21.43474591014011,84.17479215208732,0.37974027,-0.4213993,2020,1579.7558364199476,"{""geodesic"":false,""type"":""Point"",""coordinates"":[84.17479215208732,21.43474591014011]}"
187,650.0,167,2019,0,4,21.469151385521887,83.90574672449353,0.5416921,-0.52035266,2020,1651.9320563661308,"{""geodesic"":false,""type"":""Point"",""coordinates"":[83.90574672449353,21.469151385521887]}"
188,674.68511173732,147,2019,0,4,21.351831409415876,83.89766188693645,0.485926,-0.48891288,2020,1593.7226981279111,"{""geodesic"":false,""type"":""Point"",""coordinates"":[83.89766188693645,21.351831409415876]}"
189,0.0,188,2019,0,0,21.548742119694875,83.88283968474848,-0.25360608,0.44791466,2020,1640.2204654872462,"{""geodesic"":false,""type"":""Point"",""coordinates"":[83.88283968474848,21.548742119694875]}"
190,0.0,188,2019,0,0,21.578206861013996,83.94635057533573,-0.19350146,0.38756862,2020,1648.1545588437423,"{""geodesic"":false,""type"":""Point"",""coordinates"":[83.94635057533573,21.578206861013996]}"
191,0.0,188,2019,0,0,21.536704694887675,83.87026327077079,-0.23502244,0.41629025,2020,1640.2204654872462,"{""geodesic"":false,""type"":""Point"",""coordinates"":[83.87026327077079,21.536704694887675]}"
192,1280.0,169,2019,0,4,21.43905782350388,83.87017343924238,0.42319402,-0.45927536,2020,1656.2454784957147,"{""geodesic"":false,""type"":""Point"",""coordinates"":[83.87017343924238,21.43905782350388]}"
193,1043.8869670610895,197,2019,0,5,21.530775814012486,83.97761194722308,0.21877556,-0.2492236,2020,1642.6080346339731,"{""geodesic"":false,""type"":""Point"",""coordinates"":[83.97761194722308,21.530775814012486]}"
194,1256.3439019631528,161,2019,0,6,21.439506981145943,83.99764437805895,0.3965216,-0.40024173,2020,1639.734637070956,"{""geodesic"":false,""type"":""Point"",""coordinates"":[83.99764437805895,21.439506981145943]}"
195,745.2516353554684,187,2019,0,4,21.533111433751195,83.98443914338239,0.38007393,-0.45772377,2020,1642.6080346339731,"{""geodesic"":false,""type"":""Point"",""coordinates"":[83.98443914338239,21.533111433751195]}"
196,60.82762530298219,160,2019,0,5,21.46277334700464,83.93628944415359,0.3375158,-0.3848829,2020,1651.9320563661308,"{""geodesic"":false,""type"":""Point"",""coordinates"":[83.93628944415359,21.46277334700464]}"
197,1021.7631819555841,170,2019,0,4,21.551077739433588,84.04741104479916,0.46591118,-0.47801748,2020,1594.5462688984794,"{""geodesic"":false,""type"":""Point"",""coordinates"":[84.04741104479916,21.551077739433588]}"
198,1043.5037134576953,209,2019,0,1,21.534009749035317,84.18081086449092,0.5381974,-0.509547,2020,1535.0835264685138,"{""geodesic"":false,""type"":""Point"",""coordinates"":[84.18081086449092,21.534009749035317]}"
199,1230.0406497347965,175,2019,0,4,21.50750944815379,84.08963186315279,0.51797193,-0.48,2020,1575.1144623941852,"{""geodesic"":false,""type"":""Point"",""coordinates"":[84.08963186315279,21.50750944815379]}"
200,800.5623023850173,180,2019,0,1,21.56634909926362,84.07355201956705,0.4580553,-0.4783134,2020,1538.918787408697,"{""geodesic"":false,""type"":""Point"",""coordinates"":[84.07355201956705,21.56634909926362]}"
201,0.0,188,2019,0,0,21.581800122150472,83.9183231384712,-0.16398151,0.35237402,2020,1648.1545588437423,"{""geodesic"":false,""type"":""Point"",""coordinates"":[83.9183231384712,21.581800122150472]}"
202,588.727441181401,160,2019,0,5,21.509036584136794,83.90008733820356,0.29519656,-0.37945822,2020,1631.9175470884852,"{""geodesic"":false,""type"":""Point"",""coordinates"":[83.90008733820356,21.509036584136794]}"
203,439.089968002003,197,2019,0,1,21.59213074791785,84.01507169457086,0.4511934,-0.46799502,2020,1594.5462688984794,"{""geodesic"":false,""type"":""Point"",""coordinates"":[84.01507169457086,21.59213074791785]}"
204,259.42243542145695,205,2019,0,1,21.36261119282531,84.15601736264922,0.46351534,-0.5064117,2020,1552.724454099584,"{""geodesic"":false,""type"":""Point"",""coordinates"":[84.15601736264922,21.36261119282531]}"
205,297.3213749463701,177,2019,0,6,21.46304284158987,83.8957754248398,0.5517252,-0.5260158,2020,1601.671297309023,"{""geodesic"":false,""type"":""Point"",""coordinates"":[83.8957754248398,21.46304284158987]}"
206,243.31050121192877,205,2019,0,4,21.356502648893297,84.12116272962538,0.45494327,-0.473064,2020,1567.9896123734002,"{""geodesic"":false,""type"":""Point"",""coordinates"":[84.12116272962538,21.356502648893297]}"
207,848.999411071645,188,2019,0,4,21.420283034065783,84.16140725435393,0.2196936,-0.31584543,2020,1579.7558364199476,"{""geodesic"":false,""type"":""Point"",""coordinates"":[84.16140725435393,21.420283034065783]}"
208,291.547594742265,186,2019,0,4,21.44085445407212,84.14667488369437,0.3405823,-0.3966857,2020,1613.539233859976,"{""geodesic"":false,""type"":""Point"",""coordinates"":[84.14667488369437,21.44085445407212]}"
209,220.2271554554524,146,2019,0,4,21.41453381624742,83.99935117709877,0.4544074,-0.45359105,2020,1639.734637070956,"{""geodesic"":false,""type"":""Point"",""coordinates"":[83.99935117709877,21.41453381624742]}"
210,184.39088914585773,208,2019,0,1,21.372492660950627,84.12197121338109,0.64755225,-0.5800616,2020,1567.9896123734002,"{""geodesic"":false,""type"":""Point"",""coordinates"":[84.12197121338109,21.372492660950627]}"
211,172.6267650163207,150,2019,0,4,21.446873166475722,83.95353709760867,0.5521659,-0.52925974,2020,1639.734637070956,"{""geodesic"":false,""type"":""Point"",""coordinates"":[83.95353709760867,21.446873166475722]}"
212,707.6722405181653,213,2019,0,1,21.369348557456206,84.09529124944274,0.53917664,-0.52954507,2020,1563.0691775924818,"{""geodesic"":false,""type"":""Point"",""coordinates"":[84.09529124944274,21.369348557456206]}"
213,0.0,188,2019,0,0,21.595095188355444,83.89182283758967,-0.20697089,0.4003085,2020,1634.7582703134578,"{""geodesic"":false,""type"":""Point"",""coordinates"":[83.89182283758967,21.595095188355444]}"
214,1188.4864324004711,187,2019,0,1,21.5279012051033,84.12242037102315,0.30325815,-0.37737978,2020,1540.3884270749268,"{""geodesic"":false,""type"":""Point"",""coordinates"":[84.12242037102315,21.5279012051033]}"
215,1280.0,168,2019,0,6,21.446873166475722,84.0754384816637,0.30985916,-0.30617338,2020,1603.7002907779072,"{""geodesic"":false,""type"":""Point"",""coordinates"":[84.0754384816637,21.446873166475722]}"
216,1280.0,167,2019,0,4,21.526194406063475,84.07822325904446,0.5441312,-0.532553,2020,1575.1144623941852,"{""geodesic"":false,""type"":""Point"",""coordinates"":[84.07822325904446,21.526194406063475]}"
217,304.138126514911,193,2019,0,1,21.59311889473038,84.00357325893414,0.4127283,-0.41376126,2020,1594.5462688984794,"{""geodesic"":false,""type"":""Point"",""coordinates"":[84.00357325893414,21.59311889473038]}"
218,948.1033698917013,175,2019,0,4,21.553772685285946,84.01489203151404,0.4694025,-0.51515687,2020,1594.5462688984794,"{""geodesic"":false,""type"":""Point"",""coordinates"":[84.01489203151404,21.553772685285946]}"
219,877.2684879784524,175,2019,0,4,21.480559989630205,84.12538481146075,0.50824255,-0.5223645,2020,1591.9735097484568,"{""geodesic"":false,""type"":""Point"",""coordinates"":[84.12538481146075,21.480559989630205]}"
220,414.84937025383084,204,2019,0,5,21.381296150734997,84.1460460629955,0.40259385,-0.44615963,2020,1567.9896123734002,"{""geodesic"":false,""type"":""Point"",""coordinates"":[84.1460460629955,21.381296150734997]}"
221,1280.0,160,2019,0,6,21.501400904221775,83.94751838520507,0.14588267,-0.19858278,2020,1631.9175470884852,"{""geodesic"":false,""type"":""Point"",""coordinates"":[83.94751838520507,21.501400904221775]}"
222,390.1281840626232,210,2019,0,4,21.353178882342057,84.14550707382502,0.3441015,-0.43525374,2020,1567.9896123734002,"{""geodesic"":false,""type"":""Point"",""coordinates"":[84.14550707382502,21.353178882342057]}"
223,453.43136195018536,180,2019,0,5,21.411928701923472,84.15449022666621,0.37386945,-0.43856508,2020,1579.7558364199476,"{""geodesic"":false,""type"":""Point"",""coordinates"":[84.15449022666621,21.411928701923472]}"
224,670.6713054842886,153,2019,0,1,21.446603671890486,84.05351958873118,0.40613723,-0.39410633,2020,1603.7002907779072,"{""geodesic"":false,""type"":""Point"",""coordinates"":[84.05351958873118,21.446603671890486]}"
225,1280.0,198,2019,0,5,21.59213074791785,84.06932993773168,0.3075434,-0.4003147,2020,1538.918787408697,"{""geodesic"":false,""type"":""Point"",""coordinates"":[84.06932993773168,21.59213074791785]}"
226,1103.4491379306978,154,2019,0,4,21.456664803072623,84.02171922767334,0.5089975,-0.48819607,2020,1613.118863210927,"{""geodesic"":false,""type"":""Point"",""coordinates"":[84.02171922767334,21.456664803072623]}"
227,0.0,188,2019,0,0,21.579015344769704,83.99297313858152,-0.1302682,0.20905924,2020,1640.7487842334933,"{""geodesic"":false,""type"":""Point"",""coordinates"":[83.99297313858152,21.579015344769704]}"
228,519.7114584074513,152,2019,0,1,21.48047015810179,84.00689702548537,0.44611415,-0.44468546,2020,1613.118863210927,"{""geodesic"":false,""type"":""Point"",""coordinates"":[84.00689702548537,21.48047015810179]}"
229,260.0,197,2019,0,1,21.52421811243841,84.15655635181969,0.26983616,-0.351376,2020,1535.0835264685138,"{""geodesic"":false,""type"":""Point"",""coordinates"":[84.15655635181969,21.52421811243841]}"
230,1280.0,186,2019,0,1,21.44911895468602,83.87376670037887,0.5793905,-0.54369587,2020,1656.2454784957147,"{""geodesic"":false,""type"":""Point"",""coordinates"":[83.87376670037887,21.44911895468602]}"
231,1280.0,177,2019,0,4,21.470139532334418,84.16778529287119,0.2931888,-0.36151028,2020,1571.9161179682078,"{""geodesic"":false,""type"":""Point"",""coordinates"":[84.16778529287119,21.470139532334418]}"
232,742.4284477308233,194,2019,0,1,21.473642961942485,83.86047163417389,0.5781323,-0.5544145,2020,1601.671297309023,"{""geodesic"":false,""type"":""Point"",""coordinates"":[83.86047163417389,21.473642961942485]}"
233,589.406481131655,151,2019,0,6,21.427559387867152,84.01345472705945,0.4561364,-0.4590981,2020,1671.026536732158,"{""geodesic"":false,""type"":""Point"",""coordinates"":[84.01345472705945,21.427559387867152]}"
234,250.0,221,2019,0,1,21.369348557456206,84.08711658035725,0.5330102,-0.5022338,2020,1563.0691775924818,"{""geodesic"":false,""type"":""Point"",""coordinates"":[84.08711658035725,21.369348557456206]}"
235,843.0895563343197,174,2019,0,1,21.407526957031287,83.93251651996027,0.5161724,-0.5232758,2020,1647.069976108939,"{""geodesic"":false,""type"":""Point"",""coordinates"":[83.93251651996027,21.407526957031287]}"
236,657.6473218982953,192,2019,0,4,21.560330386860016,84.16796495592801,0.3723027,-0.44053265,2020,1509.0079417944821,"{""geodesic"":false,""type"":""Point"",""coordinates"":[84.16796495592801,21.560330386860016]}"
237,402.6164427839479,206,2019,0,1,21.597071481980507,84.01165809649122,0.38804588,-0.44543052,2020,1594.5462688984794,"{""geodesic"":false,""type"":""Point"",""coordinates"":[84.01165809649122,21.597071481980507]}"
238,876.812408671319,166,2019,0,6,21.514156981256274,84.01471236845721,0.5188281,-0.5163062,2020,1604.2903165050075,"{""geodesic"":false,""type"":""Point"",""coordinates"":[84.01471236845721,21.514156981256274]}"
239,1280.0,176,2019,0,6,21.51164169846074,83.98381032268351,0.5329841,-0.49123392,2020,1642.6080346339731,"{""geodesic"":false,""type"":""Point"",""coordinates"":[83.98381032268351,21.51164169846074]}"
240,457.93012567421243,175,2019,0,4,21.476966728493725,84.1272712735574,0.5628175,-0.53201956,2020,1591.9735097484568,"{""geodesic"":false,""type"":""Point"",""coordinates"":[84.1272712735574,21.476966728493725]}"
241,1280.0,192,2019,0,1,21.40492184270734,84.18961435427529,0.5315147,-0.53621805,2020,1579.7558364199476,"{""geodesic"":false,""type"":""Point"",""coordinates"":[84.18961435427529,21.40492184270734]}"
242,0.0,188,2019,0,0,21.54074711366621,83.87718029845851,-0.28171092,0.4358529,2020,1640.2204654872462,"{""geodesic"":false,""type"":""Point"",""coordinates"":[83.87718029845851,21.54074711366621]}"
243,170.29386365926402,194,2019,0,1,21.572996632366102,84.11289822901148,0.6046134,-0.5356741,2020,1510.699908208047,"{""geodesic"":false,""type"":""Point"",""coordinates"":[84.11289822901148,21.572996632366102]}"
244,520.0961449578338,183,2019,0,5,21.44813080787349,83.89595508789661,0.33758825,-0.3825241,2020,1656.2454784957147,"{""geodesic"":false,""type"":""Point"",""coordinates"":[83.89595508789661,21.44813080787349]}"
245,1012.1264743103995,180,2019,0,1,21.51550445418245,84.1272712735574,0.48430273,-0.5007129,2020,1540.3884270749268,"{""geodesic"":false,""type"":""Point"",""coordinates"":[84.1272712735574,21.51550445418245]}"
246,995.6907150315303,186,2019,0,4,21.470409026919654,84.19778902336077,0.3570685,-0.39914286,2020,1571.9161179682078,"{""geodesic"":false,""type"":""Point"",""coordinates"":[84.19778902336077,21.470409026919654]}"
247,335.4101966249684,181,2019,0,5,21.414803310832653,83.93063005786362,0.21219087,-0.3214195,2020,1647.069976108939,"{""geodesic"":false,""type"":""Point"",""coordinates"":[83.93063005786362,21.414803310832653]}"
248,434.1658669218482,185,2019,0,1,21.55637779960989,84.09385394498814,0.42872244,-0.455756,2020,1538.918787408697,"{""geodesic"":false,""type"":""Point"",""coordinates"":[84.09385394498814,21.55637779960989]}"
249,1280.0,185,2019,0,5,21.568684719002327,84.00599871020125,0.20759998,-0.2828871,2020,1594.5462688984794,"{""geodesic"":false,""type"":""Point"",""coordinates"":[84.00599871020125,21.568684719002327]}"
250,691.8092222571191,176,2019,0,1,21.556916788780363,84.09627939625527,0.43831855,-0.4797884,2020,1538.918787408697,"{""geodesic"":false,""type"":""Point"",""coordinates"":[84.09627939625527,21.556916788780363]}"
251,1280.0,156,2019,0,4,21.353538208455703,83.85059016604858,0.50456685,-0.513363,2020,1593.7226981279111,"{""geodesic"":false,""type"":""Point"",""coordinates"":[83.85059016604858,21.353538208455703]}"
252,1222.4974437601086,261,2019,0,1,21.59365788390085,84.11631182709114,0.68166375,-0.6325308,2020,1510.699908208047,"{""geodesic"":false,""type"":""Point"",""coordinates"":[84.11631182709114,21.59365788390085]}"
253,728.3543093852057,181,2019,0,1,21.424864442014794,84.19733986571872,0.57760274,-0.5086841,2020,1579.7558364199476,"{""geodesic"":false,""type"":""Point"",""coordinates"":[84.19733986571872,21.424864442014794]}"
254,1280.0,157,2019,0,1,21.43474591014011,84.05881964890749,0.58206105,-0.5340015,2020,1603.7002907779072,"{""geodesic"":false,""type"":""Point"",""coordinates"":[84.05881964890749,21.43474591014011]}"
255,1280.0,181,2019,0,4,21.47256498360154,84.17003108108148,0.21389873,-0.32189736,2020,1571.9161179682078,"{""geodesic"":false,""type"":""Point"",""coordinates"":[84.17003108108148,21.47256498360154]}"
256,1280.0,170,2019,0,4,21.511462035403916,83.9626999135067,0.47993377,-0.49901634,2020,1642.6080346339731,"{""geodesic"":false,""type"":""Point"",""coordinates"":[83.9626999135067,21.511462035403916]}"
257,0.0,188,2019,0,0,21.561318533672548,83.92119774738038,-0.25983816,0.43628937,2020,1648.1545588437423,"{""geodesic"":false,""type"":""Point"",""coordinates"":[83.92119774738038,21.561318533672548]}"
258,729.4518489934753,169,2019,0,1,21.488554995658866,84.11101176691483,0.49505085,-0.49340764,2020,1591.9735097484568,"{""geodesic"":false,""type"":""Point"",""coordinates"":[84.11101176691483,21.488554995658866]}"
259,1280.0,302,2019,0,1,21.383811433530532,84.02755827702012,0.6514965,-0.5998638,2020,1611.58958593542,"{""geodesic"":false,""type"":""Point"",""coordinates"":[84.02755827702012,21.383811433530532]}"
260,618.1423784210236,159,2019,0,4,21.46061739032275,84.03097187509978,0.69898385,-0.59909266,2020,1613.118863210927,"{""geodesic"":false,""type"":""Point"",""coordinates"":[84.03097187509978,21.46061739032275]}"
261,485.07731342539614,185,2019,0,6,21.447501987174604,84.12754076814262,0.5201819,-0.5320333,2020,1613.539233859976,"{""geodesic"":false,""type"":""Point"",""coordinates"":[84.12754076814262,21.447501987174604]}"
262,1120.0446419674531,218,2019,0,1,21.368270579115265,84.19545340362207,0.45639324,-0.46229213,2020,1552.724454099584,"{""geodesic"":false,""type"":""Point"",""coordinates"":[84.19545340362207,21.368270579115265]}"
263,713.8627319029899,146,2019,0,4,21.369797715098265,83.93323517218758,0.5082375,-0.52441955,2020,1685.77723072657,"{""geodesic"":false,""type"":""Point"",""coordinates"":[83.93323517218758,21.369797715098265]}"
264,967.4709297958259,171,2019,0,1,21.43986630725959,84.171019227894,0.53973484,-0.527599,2020,1579.7558364199476,"{""geodesic"":false,""type"":""Point"",""coordinates"":[84.171019227894,21.43986630725959]}"
265,42.426406871192846,161,2019,0,4,21.491339773039638,83.88697193505543,0.28864816,-0.32759824,2020,1601.671297309023,"{""geodesic"":false,""type"":""Point"",""coordinates"":[83.88697193505543,21.491339773039638]}"
266,1153.7764081484765,155,2019,0,4,21.433218774157105,83.95937614695545,0.5241731,-0.5146846,2020,1639.734637070956,"{""geodesic"":false,""type"":""Point"",""coordinates"":[83.95937614695545,21.433218774157105]}"
267,98.99494936611666,155,2019,0,3,21.515594285710865,83.87735996151534,0.25145558,-0.3023111,2020,1640.2204654872462,"{""geodesic"":false,""type"":""Point"",""coordinates"":[83.87735996151534,21.515594285710865]}"
268,10.0,192,2019,0,0,21.59213074791785,83.99962067168401,2.5443675E-4,0.13769805,2020,1640.7487842334933,"{""geodesic"":false,""type"":""Point"",""coordinates"":[83.99962067168401,21.59213074791785]}"
269,460.0,169,2019,0,6,21.51990619907464,84.0160598413834,0.33470017,-0.39475092,2020,1604.2903165050075,"{""geodesic"":false,""type"":""Point"",""coordinates"":[84.0160598413834,21.51990619907464]}"
270,1280.0,170,2019,0,4,21.544070880217454,84.01408354775833,0.47211295,-0.47376087,2020,1604.2903165050075,"{""geodesic"":false,""type"":""Point"",""coordinates"":[84.01408354775833,21.544070880217454]}"
271,509.6076922496363,168,2019,0,4,21.473193804300422,84.14631555758072,0.5827165,-0.54131067,2020,1591.9735097484568,"{""geodesic"":false,""type"":""Point"",""coordinates"":[84.14631555758072,21.473193804300422]}"
272,170.88007490635061,185,2019,0,5,21.44498670437907,83.89739239235121,0.51898664,-0.52168953,2020,1656.2454784957147,"{""geodesic"":false,""type"":""Point"",""coordinates"":[83.89739239235121,21.44498670437907]}"
273,1280.0,169,2019,0,4,21.53383008597849,84.07723511223193,0.50459176,-0.5069073,2020,1575.1144623941852,"{""geodesic"":false,""type"":""Point"",""coordinates"":[84.07723511223193,21.53383008597849]}"
274,1280.0,158,2019,0,4,21.402945549082276,84.01965310251987,0.5704187,-0.5704187,2020,1671.026536732158,"{""geodesic"":false,""type"":""Point"",""coordinates"":[84.01965310251987,21.402945549082276]}"
275,681.1754546370561,197,2019,0,4,21.479392179760847,84.19500424598,0.41308963,-0.46461463,2020,1571.9161179682078,"{""geodesic"":false,""type"":""Point"",""coordinates"":[84.19500424598,21.479392179760847]}"
276,1280.0,207,2019,0,1,21.502299219505897,83.9335046667728,0.51915455,-0.4924349,2020,1631.9175470884852,"{""geodesic"":false,""type"":""Point"",""coordinates"":[83.9335046667728,21.502299219505897]}"
277,1280.0,169,2019,0,4,21.502209387977484,83.98407981726874,0.49892557,-0.4934084,2020,1642.6080346339731,"{""geodesic"":false,""type"":""Point"",""coordinates"":[83.98407981726874,21.502209387977484]}"
278,586.9412236331676,173,2019,0,1,21.46888189093665,84.1340984697167,0.47439665,-0.49378785,2020,1591.9735097484568,"{""geodesic"":false,""type"":""Point"",""coordinates"":[84.1340984697167,21.46888189093665]}"
279,187.88294228055935,189,2019,0,4,21.383991096587355,84.11128126150007,0.39392835,-0.44791666,2020,1567.9896123734002,"{""geodesic"":false,""type"":""Point"",""coordinates"":[84.11128126150007,21.383991096587355]}"
280,1280.0,169,2019,0,1,21.439147655032293,84.10661002202265,0.6183739,-0.55052775,2020,1613.539233859976,"{""geodesic"":false,""type"":""Point"",""coordinates"":[84.10661002202265,21.439147655032293]}"
281,257.0992026436488,159,2019,0,6,21.489453310942988,83.96323890267716,0.5452396,-0.5191376,2020,1645.5226784301835,"{""geodesic"":false,""type"":""Point"",""coordinates"":[83.96323890267716,21.489453310942988]}"
282,1280.0,154,2019,0,4,21.393962396241083,84.00240544906478,0.5426521,-0.548852,2020,1611.58958593542,"{""geodesic"":false,""type"":""Point"",""coordinates"":[84.00240544906478,21.393962396241083]}"
283,528.1098370604357,151,2019,0,6,21.452083395123616,84.00312410129207,0.33858892,-0.3961122,2020,1613.118863210927,"{""geodesic"":false,""type"":""Point"",""coordinates"":[84.00312410129207,21.452083395123616]}"
284,630.6346010171025,184,2019,0,1,21.449747775384903,84.19527374056524,0.33285087,-0.42247677,2020,1579.7558364199476,"{""geodesic"":false,""type"":""Point"",""coordinates"":[84.19527374056524,21.449747775384903]}"
285,1170.0427342623002,199,2019,0,1,21.388662336064776,84.10113029878951,0.46231058,-0.5179382,2020,1567.9896123734002,"{""geodesic"":false,""type"":""Point"",""coordinates"":[84.10113029878951,21.388662336064776]}"
286,563.5601121442148,161,2019,0,4,21.50247888256272,84.02216838531541,0.42378208,-0.4651896,2020,1604.2903165050075,"{""geodesic"":false,""type"":""Point"",""coordinates"":[84.02216838531541,21.50247888256272]}"
287,1070.7007051459339,173,2019,0,4,21.4587309282261,84.13122386080752,0.5325684,-0.52584374,2020,1591.9735097484568,"{""geodesic"":false,""type"":""Point"",""coordinates"":[84.13122386080752,21.4587309282261]}"
288,1034.7946656221225,154,2019,0,4,21.4091439245427,83.96000496765434,0.49612826,-0.4963477,2020,1639.734637070956,"{""geodesic"":false,""type"":""Point"",""coordinates"":[83.96000496765434,21.4091439245427]}"
289,313.8470965295043,167,2019,0,6,21.501939893392247,83.8770006354017,0.449711,-0.4579276,2020,1640.2204654872462,"{""geodesic"":false,""type"":""Point"",""coordinates"":[83.8770006354017,21.501939893392247]}"
290,1191.0499569707392,183,2019,0,5,21.51667226405181,83.99189516024057,0.4271533,-0.48508233,2020,1642.6080346339731,"{""geodesic"":false,""type"":""Point"",""coordinates"":[83.99189516024057,21.51667226405181]}"
291,1014.0019723846694,176,2019,0,1,21.473822624999308,83.88427698920306,0.359302,-0.41446197,2020,1601.671297309023,"{""geodesic"":false,""type"":""Point"",""coordinates"":[83.88427698920306,21.473822624999308]}"
292,853.8149682454625,151,2019,0,1,21.42989500760586,83.95802867402928,0.5937177,-0.54148835,2020,1639.734637070956,"{""geodesic"":false,""type"":""Point"",""coordinates"":[83.95802867402928,21.42989500760586]}"
293,78.10249675906654,201,2019,0,1,21.548113298995993,83.92461134546002,0.47853062,-0.47720295,2020,1631.9175470884852,"{""geodesic"":false,""type"":""Point"",""coordinates"":[83.92461134546002,21.548113298995993]}"
294,340.147027033899,181,2019,0,1,21.530416487898837,83.99225448635423,0.36678812,-0.42335543,2020,1642.6080346339731,"{""geodesic"":false,""type"":""Point"",""coordinates"":[83.99225448635423,21.530416487898837]}"
295,1280.0,249,2019,0,1,21.35767045876265,84.1769481087692,0.6200724,-0.55808043,2020,1552.724454099584,"{""geodesic"":false,""type"":""Point"",""coordinates"":[84.1769481087692,21.35767045876265]}"
296,1280.0,162,2019,0,4,21.44184260088465,84.07058757912945,0.5700468,-0.5555556,2020,1603.7002907779072,"{""geodesic"":false,""type"":""Point"",""coordinates"":[84.07058757912945,21.44184260088465]}"
297,1110.180165558726,153,2019,0,4,21.481188810329087,84.00150713378066,0.44893873,-0.44864866,2020,1613.118863210927,"{""geodesic"":false,""type"":""Point"",""coordinates"":[84.00150713378066,21.481188810329087]}"
298,0.0,188,2019,0,0,21.55529982126895,83.90080599043087,-0.31873557,0.5111165,2020,1648.1545588437423,"{""geodesic"":false,""type"":""Point"",""coordinates"":[83.90080599043087,21.55529982126895]}"
299,1102.088925631684,185,2019,0,1,21.50670096439808,84.16050893906981,0.515698,-0.51662886,2020,1535.0835264685138,"{""geodesic"":false,""type"":""Point"",""coordinates"":[84.16050893906981,21.50670096439808]}"
300,1280.0,201,2019,0,4,21.53921997768321,84.17730743488285,0.34288406,-0.37941718,2020,1535.0835264685138,"{""geodesic"":false,""type"":""Point"",""coordinates"":[84.17730743488285,21.53921997768321]}"
301,0.0,188,2019,0,0,21.591412095690554,83.87026327077079,-0.16005681,0.36460587,2020,1634.7582703134578,"{""geodesic"":false,""type"":""Point"",""coordinates"":[83.87026327077079,21.591412095690554]}"
302,1067.3799698326739,227,2019,0,1,21.374379123047277,84.06897061161804,0.67014927,-0.5818251,2020,1563.0691775924818,"{""geodesic"":false,""type"":""Point"",""coordinates"":[84.06897061161804,21.374379123047277]}"
303,1280.0,154,2019,0,4,21.394591216939965,83.99692572583164,0.4846827,-0.46267852,2020,1688.5246803463074,"{""geodesic"":false,""type"":""Point"",""coordinates"":[83.99692572583164,21.394591216939965]}"
304,458.0392996239515,153,2019,0,4,21.44732232411778,83.96054395682481,0.48153788,-0.5071154,2020,1639.734637070956,"{""geodesic"":false,""type"":""Point"",""coordinates"":[83.96054395682481,21.44732232411778]}"
305,891.5716460273959,178,2019,0,5,21.49798730614212,84.15260376456956,0.435751,-0.4988374,2020,1571.9161179682078,"{""geodesic"":false,""type"":""Point"",""coordinates"":[84.15260376456956,21.49798730614212]}"
306,574.8912940721924,135,2019,0,6,21.38066733003611,83.96072361988163,0.3907026,-0.39250275,2020,1688.5246803463074,"{""geodesic"":false,""type"":""Point"",""coordinates"":[83.96072361988163,21.38066733003611]}"
307,1002.2474744293447,168,2019,0,4,21.488734658715693,84.04103300628192,0.34935644,-0.4127947,2020,1613.118863210927,"{""geodesic"":false,""type"":""Point"",""coordinates"":[84.04103300628192,21.488734658715693]}"
308,80.62257748298549,176,2019,0,5,21.484422745351917,83.87080225994127,0.28182405,-0.35436833,2020,1601.671297309023,"{""geodesic"":false,""type"":""Point"",""coordinates"":[83.87080225994127,21.484422745351917]}"
309,336.1547262794322,191,2019,0,5,21.441034117128943,84.19859750711649,0.38510942,-0.43508202,2020,1579.7558364199476,"{""geodesic"":false,""type"":""Point"",""coordinates"":[84.19859750711649,21.441034117128943]}"
310,1280.0,179,2019,0,1,21.380846993092938,84.02270737448588,0.49442622,-0.49786395,2020,1611.58958593542,"{""geodesic"":false,""type"":""Point"",""coordinates"":[84.02270737448588,21.380846993092938]}"
311,376.4306044943742,179,2019,0,0,21.445256198964305,84.12978655635293,0.23393105,-0.19134173,2020,1613.539233859976,"{""geodesic"":false,""type"":""Point"",""coordinates"":[84.12978655635293,21.445256198964305]}"
312,1280.0,159,2019,0,4,21.39665734209344,83.94922518424491,0.41061866,-0.43780276,2020,1685.77723072657,"{""geodesic"":false,""type"":""Point"",""coordinates"":[83.94922518424491,21.39665734209344]}"
313,250.79872407968907,180,2019,0,5,21.525116427722534,84.10014215197698,0.26600727,-0.36593795,2020,1540.3884270749268,"{""geodesic"":false,""type"":""Point"",""coordinates"":[84.10014215197698,21.525116427722534]}"
314,1280.0,198,2019,0,1,21.364497654921962,84.18404479951374,0.41231474,-0.4640861,2020,1552.724454099584,"{""geodesic"":false,""type"":""Point"",""coordinates"":[84.18404479951374,21.364497654921962]}"
315,1266.254318847521,150,2019,0,1,21.441932432413065,84.05621453458353,0.63395596,-0.55765116,2020,1603.7002907779072,"{""geodesic"":false,""type"":""Point"",""coordinates"":[84.05621453458353,21.441932432413065]}"
316,1027.861858422619,149,2019,0,1,21.43106281747522,84.01552085221293,0.413056,-0.344807,2020,1671.026536732158,"{""geodesic"":false,""type"":""Point"",""coordinates"":[84.01552085221293,21.43106281747522]}"
317,1002.2474744293447,159,2019,0,1,21.50346702937525,84.0070766885422,0.51613545,-0.5160751,2020,1604.2903165050075,"{""geodesic"":false,""type"":""Point"",""coordinates"":[84.0070766885422,21.50346702937525]}"
318,310.64449134018133,194,2019,0,4,21.575511915161638,84.11406603888084,0.3147089,-0.39099827,2020,1510.699908208047,"{""geodesic"":false,""type"":""Point"",""coordinates"":[84.11406603888084,21.575511915161638]}"
319,1178.3462988442743,161,2019,0,4,21.366473948547025,83.86002247653184,0.5225844,-0.543594,2020,1593.7226981279111,"{""geodesic"":false,""type"":""Point"",""coordinates"":[83.86002247653184,21.366473948547025]}"
320,522.398315464359,180,2019,0,4,21.441393443242593,84.18611092466722,0.30741397,-0.39510244,2020,1579.7558364199476,"{""geodesic"":false,""type"":""Point"",""coordinates"":[84.18611092466722,21.441393443242593]}"
321,832.1658488546619,171,2019,0,1,21.535267390433084,83.96216092433623,0.4660346,-0.4987626,2020,1642.6080346339731,"{""geodesic"":false,""type"":""Point"",""coordinates"":[83.96216092433623,21.535267390433084]}"
322,1280.0,157,2019,0,4,21.371594345666505,84.00267494365002,0.6430703,-0.5938194,2020,1611.58958593542,"{""geodesic"":false,""type"":""Point"",""coordinates"":[84.00267494365002,21.371594345666505]}"
323,781.6009211867653,169,2019,0,6,21.491609267624874,83.87529383636186,0.3487565,-0.37297615,2020,1601.671297309023,"{""geodesic"":false,""type"":""Point"",""coordinates"":[83.87529383636186,21.491609267624874]}"
324,1280.0,182,2019,0,6,21.515414622654042,83.98506796408127,0.4441461,-0.4794627,2020,1642.6080346339731,"{""geodesic"":false,""type"":""Point"",""coordinates"":[83.98506796408127,21.515414622654042]}"
325,403.6087214122113,203,2019,0,1,21.56643893079203,84.14451892701248,0.5827516,-0.5803377,2020,1510.699908208047,"{""geodesic"":false,""type"":""Point"",""coordinates"":[84.14451892701248,21.56643893079203]}"
326,116.61903789690601,231,2019,0,1,21.54982009803582,83.88715159811224,0.43839347,-0.4634991,2020,1640.2204654872462,"{""geodesic"":false,""type"":""Point"",""coordinates"":[83.88715159811224,21.54982009803582]}"
327,820.9750300709517,151,2019,0,4,21.383002949774824,83.9807560507175,0.43413532,-0.46480122,2020,1688.5246803463074,"{""geodesic"":false,""type"":""Point"",""coordinates"":[83.9807560507175,21.383002949774824]}"
328,703.2780389006896,145,2019,0,6,21.461336042550045,83.98731375229157,0.41034472,-0.44615737,2020,1645.5226784301835,"{""geodesic"":false,""type"":""Point"",""coordinates"":[83.98731375229157,21.461336042550045]}"
329,1280.0,164,2019,0,4,21.430972985946806,84.10373541311345,0.58060986,-0.5817305,2020,1613.539233859976,"{""geodesic"":false,""type"":""Point"",""coordinates"":[84.10373541311345,21.430972985946806]}"
330,1280.0,160,2019,0,4,21.38929115676366,84.00941230828091,0.5819858,-0.53963816,2020,1611.58958593542,"{""geodesic"":false,""type"":""Point"",""coordinates"":[84.00941230828091,21.38929115676366]}"
331,275.86228448267445,195,2019,0,1,21.3948607115252,84.13014588246658,0.41945317,-0.4840099,2020,1567.9896123734002,"{""geodesic"":false,""type"":""Point"",""coordinates"":[84.13014588246658,21.3948607115252]}"
332,376.56340767525467,147,2019,0,4,21.41228802803712,84.00968180286615,0.39295393,-0.45353818,2020,1671.026536732158,"{""geodesic"":false,""type"":""Point"",""coordinates"":[84.00968180286615,21.41228802803712]}"
333,390.1281840626232,138,2019,0,6,21.398364141133268,83.9717728978763,0.10865427,-0.21699469,2020,1688.5246803463074,"{""geodesic"":false,""type"":""Point"",""coordinates"":[83.9717728978763,21.398364141133268]}"
334,657.4191965557441,198,2019,0,4,21.567067751490914,84.16410220020629,0.23922385,-0.36937508,2020,1509.0079417944821,"{""geodesic"":false,""type"":""Point"",""coordinates"":[84.16410220020629,21.567067751490914]}"
335,395.60080889704966,177,2019,0,1,21.470858184561713,84.08397247686283,0.41910994,-0.46917692,2020,1592.1215501536285,"{""geodesic"":false,""type"":""Point"",""coordinates"":[84.08397247686283,21.470858184561713]}"
336,1132.7841806805036,180,2019,0,1,21.514606138898333,84.14290195950107,0.56203794,-0.54500556,2020,1540.3884270749268,"{""geodesic"":false,""type"":""Point"",""coordinates"":[84.14290195950107,21.514606138898333]}"
337,630.7138812488591,156,2019,0,6,21.350843262603345,83.88652277741336,0.56078523,-0.5220412,2020,1593.7226981279111,"{""geodesic"":false,""type"":""Point"",""coordinates"":[83.88652277741336,21.350843262603345]}"
338,418.80783182743846,169,2019,0,1,21.481637967971146,84.0987946790508,0.52021414,-0.5048838,2020,1592.1215501536285,"{""geodesic"":false,""type"":""Point"",""coordinates"":[84.0987946790508,21.481637967971146]}"
339,1135.2973178863765,184,2019,0,1,21.542184418120804,84.14469859006931,0.41351253,-0.46918067,2020,1540.3884270749268,"{""geodesic"":false,""type"":""Point"",""coordinates"":[84.14469859006931,21.542184418120804]}"
340,0.0,188,2019,0,0,21.598778281020333,83.97527632748437,-0.18386462,0.32909054,2020,1640.7487842334933,"{""geodesic"":false,""type"":""Point"",""coordinates"":[83.97527632748437,21.598778281020333]}"
341,858.6617494683223,142,2019,0,1,21.355514502080766,83.90925015410158,0.6713561,-0.6000589,2020,1685.77723072657,"{""geodesic"":false,""type"":""Point"",""coordinates"":[83.90925015410158,21.355514502080766]}"
342,662.872536767062,161,2019,0,1,21.484422745351917,84.09771670070987,0.5323255,-0.5367742,2020,1592.1215501536285,"{""geodesic"":false,""type"":""Point"",""coordinates"":[84.09771670070987,21.484422745351917]}"
343,898.0534505250787,159,2019,0,1,21.537153852529734,83.89191266911808,0.71315116,-0.6200407,2020,1640.2204654872462,"{""geodesic"":false,""type"":""Point"",""coordinates"":[83.89191266911808,21.537153852529734]}"
344,0.0,193,2019,0,0,21.56814572983186,83.98210352364367,-0.13500154,0.2735922,2020,1640.7487842334933,"{""geodesic"":false,""type"":""Point"",""coordinates"":[83.98210352364367,21.56814572983186]}"
345,10.0,183,2019,0,0,21.42010337100896,84.1926686262413,-0.0613023,0.11773966,2020,1579.7558364199476,"{""geodesic"":false,""type"":""Point"",""coordinates"":[84.1926686262413,21.42010337100896]}"
346,961.7692030835673,186,2019,0,5,21.567966066775032,84.11792879460255,0.37269196,-0.43285412,2020,1510.699908208047,"{""geodesic"":false,""type"":""Point"",""coordinates"":[84.11792879460255,21.567966066775032]}"
347,1131.591799192624,179,2019,0,5,21.565720278564733,84.12197121338109,0.31269914,-0.3843799,2020,1510.699908208047,"{""geodesic"":false,""type"":""Point"",""coordinates"":[84.12197121338109,21.565720278564733]}"
348,531.5072906367325,151,2019,0,4,21.400160771701508,83.98641543700745,0.4120273,-0.43409693,2020,1639.734637070956,"{""geodesic"":false,""type"":""Point"",""coordinates"":[83.98641543700745,21.400160771701508]}"
349,1280.0,146,2019,0,1,21.366473948547025,83.98632560547904,0.5147104,-0.5262975,2020,1688.5246803463074,"{""geodesic"":false,""type"":""Point"",""coordinates"":[83.98632560547904,21.366473948547025]}"
350,745.4528824815154,191,2019,0,1,21.472744646658363,83.85768685679312,0.4210919,-0.45654127,2020,1601.671297309023,"{""geodesic"":false,""type"":""Point"",""coordinates"":[83.85768685679312,21.472744646658363]}"
351,1280.0,174,2019,0,4,21.42055252865102,84.0716655574704,0.49672046,-0.5026302,2020,1603.7002907779072,"{""geodesic"":false,""type"":""Point"",""coordinates"":[84.0716655574704,21.42055252865102]}"
352,698.7131027825369,200,2019,0,1,21.595095188355444,84.02701928784965,0.70087737,-0.6017278,2020,1594.5462688984794,"{""geodesic"":false,""type"":""Point"",""coordinates"":[84.02701928784965,21.595095188355444]}"
353,869.7700845625814,247,2019,0,1,21.36216203518325,84.12439666464822,0.661597,-0.55496764,2020,1567.9896123734002,"{""geodesic"":false,""type"":""Point"",""coordinates"":[84.12439666464822,21.36216203518325]}"
354,90.0,145,2019,0,3,21.493495729721523,83.92488084004526,0.2231664,-0.1814726,2020,1651.9320563661308,"{""geodesic"":false,""type"":""Point"",""coordinates"":[83.92488084004526,21.493495729721523]}"
355,463.24939287601876,156,2019,0,6,21.45935974892498,83.98821206757569,0.42619166,-0.44317654,2020,1645.5226784301835,"{""geodesic"":false,""type"":""Point"",""coordinates"":[83.98821206757569,21.45935974892498]}"
356,1066.770828247567,174,2019,0,4,21.572098317081984,84.07741477528876,0.5279754,-0.52768993,2020,1538.918787408697,"{""geodesic"":false,""type"":""Point"",""coordinates"":[84.07741477528876,21.572098317081984]}"
357,1133.5784048754633,148,2019,0,4,21.36809091605844,83.89945851750468,0.5268799,-0.52677935,2020,1593.7226981279111,"{""geodesic"":false,""type"":""Point"",""coordinates"":[83.89945851750468,21.36809091605844]}"
358,107.70329614269008,163,2019,0,5,21.476068413209607,84.08711658035725,0.3657554,-0.42826188,2020,1592.1215501536285,"{""geodesic"":false,""type"":""Point"",""coordinates"":[84.08711658035725,21.476068413209607]}"
359,1026.9371937952194,174,2019,0,1,21.44714266106096,83.9273961228408,0.57470095,-0.54054415,2020,1647.069976108939,"{""geodesic"":false,""type"":""Point"",""coordinates"":[83.9273961228408,21.44714266106096]}"
360,58.309518948453004,208,2019,0,6,21.552784538473414,84.18161934824663,0.42371973,-0.48466256,2020,1509.0079417944821,"{""geodesic"":false,""type"":""Point"",""coordinates"":[84.18161934824663,21.552784538473414]}"
361,0.0,188,2019,0,0,21.58772900302566,83.85741736220788,-0.16115375,0.36483553,2020,1634.7582703134578,"{""geodesic"":false,""type"":""Point"",""coordinates"":[83.85741736220788,21.58772900302566]}"
362,693.1810730249349,152,2019,0,4,21.44310024228242,84.05037548523676,0.40884957,-0.40917706,2020,1603.7002907779072,"{""geodesic"":false,""type"":""Point"",""coordinates"":[84.05037548523676,21.44310024228242]}"
363,1280.0,178,2019,0,6,21.516133274881337,84.09286579817561,0.2451118,-0.28815296,2020,1575.1144623941852,"{""geodesic"":false,""type"":""Point"",""coordinates"":[84.09286579817561,21.516133274881337]}"
364,1280.0,443,2019,0,1,21.370336704268738,84.05729251292448,0.6568028,-0.60600394,2020,1563.0691775924818,"{""geodesic"":false,""type"":""Point"",""coordinates"":[84.05729251292448,21.370336704268738]}"
365,1280.0,174,2019,0,4,21.511012877761857,84.11505418569337,0.442228,-0.48358676,2020,1540.3884270749268,"{""geodesic"":false,""type"":""Point"",""coordinates"":[84.11505418569337,21.511012877761857]}"
366,0.0,188,2019,0,0,21.588267992196133,83.86523270517972,-0.2150216,0.4172218,2020,1634.7582703134578,"{""geodesic"":false,""type"":""Point"",""coordinates"":[83.86523270517972,21.588267992196133]}"
367,364.0054944640259,169,2019,0,4,21.48082948421544,84.04273980532174,0.47925827,-0.495468,2020,1613.118863210927,"{""geodesic"":false,""type"":""Point"",""coordinates"":[84.04273980532174,21.48082948421544]}"
368,325.5764119219941,153,2019,0,4,21.43025433371951,84.02621080409395,0.4809411,-0.48393318,2020,1671.026536732158,"{""geodesic"":false,""type"":""Point"",""coordinates"":[84.02621080409395,21.43025433371951]}"
369,31.622776601683796,201,2019,0,0,21.37554693291663,84.14757319897849,0.49270722,-0.47163525,2020,1567.9896123734002,"{""geodesic"":false,""type"":""Point"",""coordinates"":[84.14757319897849,21.37554693291663]}"
370,1273.4598540982752,140,2019,0,4,21.35416702915459,83.9048484092094,0.5272151,-0.5261957,2020,1685.77723072657,"{""geodesic"":false,""type"":""Point"",""coordinates"":[83.9048484092094,21.35416702915459]}"
371,445.9820624195552,157,2019,0,1,21.386326716326067,83.89227199523172,0.4286137,-0.46937534,2020,1593.7226981279111,"{""geodesic"":false,""type"":""Point"",""coordinates"":[83.89227199523172,21.386326716326067]}"
372,934.0770846134703,177,2019,0,4,21.459090254339745,84.14424943242726,0.4023478,-0.43012282,2020,1591.9735097484568,"{""geodesic"":false,""type"":""Point"",""coordinates"":[84.14424943242726,21.459090254339745]}"
373,0.0,188,2019,0,0,21.56365415341126,83.96225075586463,-0.32142565,0.54855,2020,1640.7487842334933,"{""geodesic"":false,""type"":""Point"",""coordinates"":[83.96225075586463,21.56365415341126]}"
374,686.5857557508748,176,2019,0,4,21.425044105071617,83.85310544884412,0.49011913,-0.5391488,2020,1656.2454784957147,"{""geodesic"":false,""type"":""Point"",""coordinates"":[83.85310544884412,21.425044105071617]}"
375,1138.4199576606165,173,2019,0,4,21.537782673228616,84.00150713378066,0.5230224,-0.5187319,2020,1604.2903165050075,"{""geodesic"":false,""type"":""Point"",""coordinates"":[84.00150713378066,21.537782673228616]}"
376,0.0,188,2019,0,0,21.54011829296733,83.85984281347501,-0.17676556,0.3477901,2020,1640.2204654872462,"{""geodesic"":false,""type"":""Point"",""coordinates"":[83.85984281347501,21.54011829296733]}"
377,627.6941930590086,175,2019,0,4,21.42657124105462,83.85193763897476,0.49369478,-0.53608835,2020,1656.2454784957147,"{""geodesic"":false,""type"":""Point"",""coordinates"":[83.85193763897476,21.42657124105462]}"
378,1167.2617529928752,166,2019,0,4,21.44857996551555,84.09178781983468,0.5935412,-0.57234234,2020,1603.7002907779072,"{""geodesic"":false,""type"":""Point"",""coordinates"":[84.09178781983468,21.44857996551555]}"
379,50.0,192,2019,0,0,21.593747715429263,83.9912663395417,0.37887293,-0.42229667,2020,1640.7487842334933,"{""geodesic"":false,""type"":""Point"",""coordinates"":[83.9912663395417,21.593747715429263]}"
380,1048.9041900955492,168,2019,0,1,21.424415284372735,84.1190067729435,0.5244925,-0.52551967,2020,1613.539233859976,"{""geodesic"":false,""type"":""Point"",""coordinates"":[84.1190067729435,21.424415284372735]}"
381,1280.0,166,2019,0,4,21.515594285710865,83.92604864991462,0.6862027,-0.56955504,2020,1631.9175470884852,"{""geodesic"":false,""type"":""Point"",""coordinates"":[83.92604864991462,21.515594285710865]}"
382,366.87872655688284,195,2019,0,1,21.58260860590618,84.01354455858787,0.56859744,-0.55185467,2020,1594.5462688984794,"{""geodesic"":false,""type"":""Point"",""coordinates"":[84.01354455858787,21.58260860590618]}"
383,1280.0,173,2019,0,4,21.501760230335424,84.12143222421062,0.4711993,-0.47157595,2020,1540.3884270749268,"{""geodesic"":false,""type"":""Point"",""coordinates"":[84.12143222421062,21.501760230335424]}"
384,208.80613017821102,192,2019,0,4,21.511372203875503,84.1746124890305,0.24622433,-0.32718894,2020,1535.0835264685138,"{""geodesic"":false,""type"":""Point"",""coordinates"":[84.1746124890305,21.511372203875503]}"
385,717.8439941937245,177,2019,0,7,21.452981710407734,83.91266375218125,0.13381638,-0.22757094,2020,1651.9320563661308,"{""geodesic"":false,""type"":""Point"",""coordinates"":[83.91266375218125,21.452981710407734]}"
386,1280.0,150,2019,0,4,21.434656078611695,84.0108496127355,0.29989216,-0.40838358,2020,1671.026536732158,"{""geodesic"":false,""type"":""Point"",""coordinates"":[84.0108496127355,21.434656078611695]}"
387,0.0,188,2019,0,0,21.545687847728868,83.87771928762899,-0.26747242,0.46005616,2020,1640.2204654872462,"{""geodesic"":false,""type"":""Point"",""coordinates"":[83.87771928762899,21.545687847728868]}"
388,555.4277630799526,211,2019,0,1,21.596083335167975,84.01300556941739,0.5496368,-0.53306615,2020,1594.5462688984794,"{""geodesic"":false,""type"":""Point"",""coordinates"":[84.01300556941739,21.596083335167975]}"
389,1280.0,206,2019,0,1,21.504814502301432,84.07175538899881,0.39723286,-0.45661727,2020,1575.1144623941852,"{""geodesic"":false,""type"":""Point"",""coordinates"":[84.07175538899881,21.504814502301432]}"
390,1280.0,179,2019,0,5,21.56230668048508,84.11927626752873,0.3298965,-0.41513616,2020,1510.699908208047,"{""geodesic"":false,""type"":""Point"",""coordinates"":[84.11927626752873,21.56230668048508]}"
391,1280.0,153,2019,0,4,21.393962396241083,84.00177662836589,0.6182095,-0.5783436,2020,1611.58958593542,"{""geodesic"":false,""type"":""Point"",""coordinates"":[84.00177662836589,21.393962396241083]}"
392,212.13203435596427,223,2019,0,1,21.538680988512738,84.18934485969005,0.6383058,-0.5738253,2020,1535.0835264685138,"{""geodesic"":false,""type"":""Point"",""coordinates"":[84.18934485969005,21.538680988512738]}"
393,50.0,146,2019,0,1,21.451634237481557,84.0416618269808,0.592813,-0.5299886,2020,1613.118863210927,"{""geodesic"":false,""type"":""Point"",""coordinates"":[84.0416618269808,21.451634237481557]}"
394,332.41540277189324,214,2019,0,1,21.58404591036077,84.03627193527609,0.5491833,-0.5565717,2020,1594.5462688984794,"{""geodesic"":false,""type"":""Point"",""coordinates"":[84.03627193527609,21.58404591036077]}"
395,438.6342439892262,191,2019,0,1,21.57892551324129,84.04238047920809,0.44734076,-0.45864782,2020,1594.5462688984794,"{""geodesic"":false,""type"":""Point"",""coordinates"":[84.04238047920809,21.57892551324129]}"
396,756.6372975210778,221,2019,0,1,21.376535079729162,84.09115899913579,0.49913767,-0.5274485,2020,1563.0691775924818,"{""geodesic"":false,""type"":""Point"",""coordinates"":[84.09115899913579,21.376535079729162]}"
397,0.0,188,2019,0,0,21.59500535682703,83.85337494342934,-0.20476006,0.38111535,2020,1634.7582703134578,"{""geodesic"":false,""type"":""Point"",""coordinates"":[83.85337494342934,21.59500535682703]}"
398,1275.3430910935301,192,2019,0,4,21.497627980028476,84.19087199567305,0.24753733,-0.3610206,2020,1571.9161179682078,"{""geodesic"":false,""type"":""Point"",""coordinates"":[84.19087199567305,21.497627980028476]}"
399,196.97715603592206,146,2019,0,4,21.412647354150767,83.97042542495012,0.45114344,-0.45731115,2020,1639.734637070956,"{""geodesic"":false,""type"":""Point"",""coordinates"":[83.97042542495012,21.412647354150767]}"
400,370.1351104664349,196,2019,0,5,21.539399640740033,84.1303255455234,0.38577893,-0.43955168,2020,1540.3884270749268,"{""geodesic"":false,""type"":""Point"",""coordinates"":[84.1303255455234,21.539399640740033]}"
401,585.2349955359813,162,2019,0,4,21.503107703261605,84.02908541300313,0.49769762,-0.50543857,2020,1604.2903165050075,"{""geodesic"":false,""type"":""Point"",""coordinates"":[84.02908541300313,21.503107703261605]}"
402,1280.0,164,2019,0,4,21.5549404951553,84.05576537694148,0.5663664,-0.5547607,2020,1538.918787408697,"{""geodesic"":false,""type"":""Point"",""coordinates"":[84.05576537694148,21.5549404951553]}"
403,316.2277660168379,162,2019,0,4,21.503197534790015,83.8747548471914,0.5893145,-0.5389426,2020,1640.2204654872462,"{""geodesic"":false,""type"":""Point"",""coordinates"":[83.8747548471914,21.503197534790015]}"
404,884.5903006477066,167,2019,0,4,21.43717136140723,84.1190966044719,0.69924384,-0.60834306,2020,1613.539233859976,"{""geodesic"":false,""type"":""Point"",""coordinates"":[84.1190966044719,21.43717136140723]}"
405,160.31219541881399,183,2019,0,6,21.39791498349121,84.05351958873118,0.11691276,-0.19905435,2020,1563.0691775924818,"{""geodesic"":false,""type"":""Point"",""coordinates"":[84.05351958873118,21.39791498349121]}"
406,720.0694410957876,158,2019,0,4,21.446154514248427,84.03196002191231,0.5109736,-0.5349801,2020,1671.026536732158,"{""geodesic"":false,""type"":""Point"",""coordinates"":[84.03196002191231,21.446154514248427]}"
407,1164.3023662262308,157,2019,0,4,21.467624249538883,84.02710911937807,0.47894636,-0.48508543,2020,1613.118863210927,"{""geodesic"":false,""type"":""Point"",""coordinates"":[84.02710911937807,21.467624249538883]}"
408,662.4198064671679,164,2019,0,6,21.441393443242593,83.93628944415359,0.4134534,-0.4418192,2020,1647.069976108939,"{""geodesic"":false,""type"":""Point"",""coordinates"":[83.93628944415359,21.441393443242593]}"
409,192.35384061671343,176,2019,0,4,21.42046269712261,84.17676844571238,0.30956385,-0.3882332,2020,1579.7558364199476,"{""geodesic"":false,""type"":""Point"",""coordinates"":[84.17676844571238,21.42046269712261]}"
410,594.6427498927402,182,2019,0,4,21.575511915161638,84.03672109291814,0.46671438,-0.46869808,2020,1594.5462688984794,"{""geodesic"":false,""type"":""Point"",""coordinates"":[84.03672109291814,21.575511915161638]}"
411,1280.0,178,2019,0,4,21.45037659608379,83.85921399277613,0.58122844,-0.5480244,2020,1601.671297309023,"{""geodesic"":false,""type"":""Point"",""coordinates"":[83.85921399277613,21.45037659608379]}"
412,31.622776601683796,147,2019,0,4,21.415162636946302,84.0235158582416,0.47964072,-0.48717305,2020,1671.026536732158,"{""geodesic"":false,""type"":""Point"",""coordinates"":[84.0235158582416,21.415162636946302]}"
413,130.0,142,2019,0,4,21.410401565940468,83.99324263316676,0.42840242,-0.4630484,2020,1639.734637070956,"{""geodesic"":false,""type"":""Point"",""coordinates"":[83.99324263316676,21.410401565940468]}"
414,869.7700845625814,169,2019,0,4,21.534728401262612,84.01354455858787,0.43516222,-0.47843468,2020,1604.2903165050075,"{""geodesic"":false,""type"":""Point"",""coordinates"":[84.01354455858787,21.534728401262612]}"
415,0.0,188,2019,0,0,21.584315404946008,83.90206363182863,-0.17565066,0.37703106,2020,1648.1545588437423,"{""geodesic"":false,""type"":""Point"",""coordinates"":[83.90206363182863,21.584315404946008]}"
416,855.8621384311845,149,2019,0,5,21.512450182216448,83.90071615890245,0.17463534,-0.24605101,2020,1631.9175470884852,"{""geodesic"":false,""type"":""Point"",""coordinates"":[83.90071615890245,21.512450182216448]}"
417,352.2782990761707,159,2019,0,1,21.36674344313226,84.0122869171901,0.5081169,-0.49154174,2020,1611.58958593542,"{""geodesic"":false,""type"":""Point"",""coordinates"":[84.0122869171901,21.36674344313226]}"
418,754.2545989253231,191,2019,0,1,21.587369676912015,84.01776664042322,0.574897,-0.5345275,2020,1594.5462688984794,"{""geodesic"":false,""type"":""Point"",""coordinates"":[84.01776664042322,21.587369676912015]}"
419,0.0,188,2019,0,0,21.57236781166722,83.90152464265816,-0.16072494,0.35286465,2020,1648.1545588437423,"{""geodesic"":false,""type"":""Point"",""coordinates"":[83.90152464265816,21.57236781166722]}"
420,512.2499389946279,179,2019,0,1,21.54209458659239,83.91859263305643,0.667755,-0.6105363,2020,1631.9175470884852,"{""geodesic"":false,""type"":""Point"",""coordinates"":[83.91859263305643,21.54209458659239]}"
421,1203.0378215168466,165,2019,0,6,21.407347293974464,83.88625328282812,0.43724927,-0.4499205,2020,1656.2454784957147,"{""geodesic"":false,""type"":""Point"",""coordinates"":[83.88625328282812,21.407347293974464]}"
422,417.73197148410844,165,2019,0,4,21.422708485332908,83.89496694108408,0.5598966,-0.55482566,2020,1656.2454784957147,"{""geodesic"":false,""type"":""Point"",""coordinates"":[83.89496694108408,21.422708485332908]}"
423,98.48857801796103,139,2019,0,4,21.391716608030784,83.97671363193896,0.16441621,-0.20790991,2020,1688.5246803463074,"{""geodesic"":false,""type"":""Point"",""coordinates"":[83.97671363193896,21.391716608030784]}"
424,1121.7842929904127,172,2019,0,4,21.434027257912813,83.89263132134538,0.6198077,-0.56494325,2020,1656.2454784957147,"{""geodesic"":false,""type"":""Point"",""coordinates"":[83.89263132134538,21.434027257912813]}"
425,1028.5912696499033,148,2019,0,1,21.37276215553586,83.93619961262517,0.6544796,-0.60045725,2020,1685.77723072657,"{""geodesic"":false,""type"":""Point"",""coordinates"":[83.93619961262517,21.37276215553586]}"
426,1280.0,156,2019,0,4,21.443998557566537,84.01399371622992,0.74201936,-0.6396596,2020,1671.026536732158,"{""geodesic"":false,""type"":""Point"",""coordinates"":[84.01399371622992,21.443998557566537]}"
427,342.0526275297414,176,2019,0,4,21.419564381838487,84.17955322309315,0.17368014,-0.2540752,2020,1579.7558364199476,"{""geodesic"":false,""type"":""Point"",""coordinates"":[84.17955322309315,21.419564381838487]}"
428,20.0,156,2019,0,0,21.460886884907985,83.93862506389229,0.22441338,-0.038150165,2020,1651.9320563661308,"{""geodesic"":false,""type"":""Point"",""coordinates"":[83.93862506389229,21.460886884907985]}"
429,688.1860213634102,171,2019,0,4,21.47948201128926,84.14712404133644,0.5284891,-0.5310925,2020,1591.9735097484568,"{""geodesic"":false,""type"":""Point"",""coordinates"":[84.14712404133644,21.47948201128926]}"
430,0.0,188,2019,0,0,21.591142601105318,83.93404365594328,-0.2149294,0.35206547,2020,1648.1545588437423,"{""geodesic"":false,""type"":""Point"",""coordinates"":[83.93404365594328,21.591142601105318]}"
431,481.66378315169186,156,2019,0,6,21.356502648893297,83.8883194079816,0.35183746,-0.38026413,2020,1593.7226981279111,"{""geodesic"":false,""type"":""Point"",""coordinates"":[83.8883194079816,21.356502648893297]}"
432,1280.0,159,2019,0,4,21.36638411701861,83.85220713356,0.5077725,-0.4981474,2020,1593.7226981279111,"{""geodesic"":false,""type"":""Point"",""coordinates"":[83.85220713356,21.36638411701861]}"
433,128.06248474865697,205,2019,0,4,21.551437065547233,84.18036170684886,0.4837962,-0.49317786,2020,1509.0079417944821,"{""geodesic"":false,""type"":""Point"",""coordinates"":[84.18036170684886,21.551437065547233]}"
434,94.33981132056603,165,2019,0,0,21.48684819661904,83.90844167034588,0.5825913,-0.5144449,2020,1651.9320563661308,"{""geodesic"":false,""type"":""Point"",""coordinates"":[83.90844167034588,21.48684819661904]}"
435,527.7309920783505,175,2019,0,4,21.51954687296099,84.10139979337475,0.51816225,-0.5112191,2020,1540.3884270749268,"{""geodesic"":false,""type"":""Point"",""coordinates"":[84.10139979337475,21.51954687296099]}"
436,113.13708498984761,195,2019,0,5,21.59365788390085,83.95542355970532,0.37807184,-0.36140808,2020,1640.7487842334933,"{""geodesic"":false,""type"":""Point"",""coordinates"":[83.95542355970532,21.59365788390085]}"
437,621.2889826803627,168,2019,0,0,21.46969037469236,84.1574546671038,-3.3776936E-4,0.109444775,2020,1571.9161179682078,"{""geodesic"":false,""type"":""Point"",""coordinates"":[84.1574546671038,21.46969037469236]}"
438,798.1227975693967,205,2019,0,1,21.37554693291663,83.92757578589762,0.6882451,-0.55956423,2020,1685.77723072657,"{""geodesic"":false,""type"":""Point"",""coordinates"":[83.92757578589762,21.37554693291663]}"
439,1280.0,178,2019,0,1,21.491699099153287,84.14883084037626,0.6188141,-0.56263846,2020,1591.9735097484568,"{""geodesic"":false,""type"":""Point"",""coordinates"":[84.14883084037626,21.491699099153287]}"
440,0.0,134,2019,0,0,21.356502648893297,83.92389269323273,-3.542559E-4,0.16836353,2020,1685.77723072657,"{""geodesic"":false,""type"":""Point"",""coordinates"":[83.92389269323273,21.356502648893297]}"
441,30.0,144,2019,0,0,21.46286317853305,83.95344726608026,0.12045629,0.051341828,2020,1645.5226784301835,"{""geodesic"":false,""type"":""Point"",""coordinates"":[83.95344726608026,21.46286317853305]}"
442,774.1446893184763,190,2019,0,1,21.502389051034307,84.19401609916747,0.5104916,-0.49655998,2020,1535.0835264685138,"{""geodesic"":false,""type"":""Point"",""coordinates"":[84.19401609916747,21.502389051034307]}"
443,927.8469701410895,167,2019,0,1,21.562486343541902,84.07373168262387,0.31484225,-0.3861607,2020,1538.918787408697,"{""geodesic"":false,""type"":""Point"",""coordinates"":[84.07373168262387,21.562486343541902]}"
444,300.1666203960727,218,2019,0,1,21.361443382955954,84.0769656176467,0.5627125,-0.5096142,2020,1563.0691775924818,"{""geodesic"":false,""type"":""Point"",""coordinates"":[84.0769656176467,21.361443382955954]}"
445,0.0,193,2019,0,0,21.39198610261602,84.1326611652621,-0.1366652,0.16581197,2020,1567.9896123734002,"{""geodesic"":false,""type"":""Point"",""coordinates"":[84.1326611652621,21.39198610261602]}"
446,1280.0,170,2019,0,4,21.503377197846838,84.13086453469387,0.64853305,-0.58350086,2020,1540.3884270749268,"{""geodesic"":false,""type"":""Point"",""coordinates"":[84.13086453469387,21.503377197846838]}"
447,1280.0,167,2019,0,4,21.511462035403916,84.0446262674184,0.58487946,-0.5562966,2020,1604.2903165050075,"{""geodesic"":false,""type"":""Point"",""coordinates"":[84.0446262674184,21.511462035403916]}"
448,0.0,188,2019,0,0,21.535267390433084,83.86523270517972,-0.1816099,0.38061383,2020,1640.2204654872462,"{""geodesic"":false,""type"":""Point"",""coordinates"":[83.86523270517972,21.535267390433084]}"
449,396.232255123179,176,2019,0,4,21.57694921961623,84.07067741065786,0.5196195,-0.54312885,2020,1538.918787408697,"{""geodesic"":false,""type"":""Point"",""coordinates"":[84.07067741065786,21.57694921961623]}"
450,1114.6299834474219,187,2019,0,5,21.41830674044072,84.14892067190468,0.34738708,-0.42975467,2020,1613.539233859976,"{""geodesic"":false,""type"":""Point"",""coordinates"":[84.14892067190468,21.41830674044072]}"
451,215.40659228538016,192,2019,0,1,21.556108305024654,83.95317777149504,0.59421784,-0.56186867,2020,1640.7487842334933,"{""geodesic"":false,""type"":""Point"",""coordinates"":[83.95317777149504,21.556108305024654]}"
452,625.859409132754,196,2019,0,5,21.58162045909365,84.13975785600665,0.26609755,-0.3747188,2020,1510.699908208047,"{""geodesic"":false,""type"":""Point"",""coordinates"":[84.13975785600665,21.58162045909365]}"
453,470.95647357266466,171,2019,0,1,21.453430868049793,83.90089582195927,0.5234205,-0.5372115,2020,1651.9320563661308,"{""geodesic"":false,""type"":""Point"",""coordinates"":[83.90089582195927,21.453430868049793]}"
454,408.0441152620633,165,2019,0,4,21.481188810329087,84.10831682106247,0.514963,-0.46947056,2020,1591.9735097484568,"{""geodesic"":false,""type"":""Point"",""coordinates"":[84.10831682106247,21.481188810329087]}"
455,1046.9001862641921,289,2019,0,1,21.471936162902658,83.8657716943502,0.44435483,-0.49681002,2020,1601.671297309023,"{""geodesic"":false,""type"":""Point"",""coordinates"":[83.8657716943502,21.471936162902658]}"
456,746.2573282722253,150,2019,0,1,21.357221301120592,83.8973025608228,0.44792178,-0.4829667,2020,1593.7226981279111,"{""geodesic"":false,""type"":""Point"",""coordinates"":[83.8973025608228,21.357221301120592]}"
457,0.0,140,2019,0,0,21.472385320544717,83.9507523202279,-0.12347248,0.28351635,2020,1645.5226784301835,"{""geodesic"":false,""type"":""Point"",""coordinates"":[83.9507523202279,21.472385320544717]}"
458,354.682957019364,142,2019,0,1,21.44184260088465,83.98129503988797,0.5795673,-0.51634604,2020,1639.734637070956,"{""geodesic"":false,""type"":""Point"",""coordinates"":[83.98129503988797,21.44184260088465]}"
459,574.2821606144493,180,2019,0,4,21.44184260088465,84.17757692946809,0.35655263,-0.43278956,2020,1579.7558364199476,"{""geodesic"":false,""type"":""Point"",""coordinates"":[84.17757692946809,21.44184260088465]}"
460,501.59744815937813,179,2019,0,6,21.449298617742844,84.14505791618296,0.27639264,-0.35536924,2020,1613.539233859976,"{""geodesic"":false,""type"":""Point"",""coordinates"":[84.14505791618296,21.449298617742844]}"
461,492.5444142409901,192,2019,0,5,21.52835036274536,84.1326611652621,0.3427847,-0.41268584,2020,1540.3884270749268,"{""geodesic"":false,""type"":""Point"",""coordinates"":[84.1326611652621,21.52835036274536]}"
462,1280.0,170,2019,0,4,21.38740469466701,84.02180905920176,0.40345284,-0.48246518,2020,1611.58958593542,"{""geodesic"":false,""type"":""Point"",""coordinates"":[84.02180905920176,21.38740469466701]}"
463,1280.0,172,2019,0,4,21.5060721436992,83.98300183892779,0.57533795,-0.52012753,2020,1642.6080346339731,"{""geodesic"":false,""type"":""Point"",""coordinates"":[83.98300183892779,21.5060721436992]}"
464,263.0589287593181,181,2019,0,1,21.553862516814355,83.95479473900645,0.50561124,-0.49052948,2020,1640.7487842334933,"{""geodesic"":false,""type"":""Point"",""coordinates"":[83.95479473900645,21.553862516814355]}"
465,438.4062043356595,161,2019,0,1,21.488824490244102,83.88445665225989,0.73866284,-0.6435435,2020,1601.671297309023,"{""geodesic"":false,""type"":""Point"",""coordinates"":[83.88445665225989,21.488824490244102]}"
466,1025.5242561733974,166,2019,0,1,21.44076462254371,84.10921513634659,0.71516246,-0.61525047,2020,1613.539233859976,"{""geodesic"":false,""type"":""Point"",""coordinates"":[84.10921513634659,21.44076462254371]}"
467,0.0,188,2019,0,0,21.591861253332613,83.94275731419924,-0.18814667,0.37325153,2020,1648.1545588437423,"{""geodesic"":false,""type"":""Point"",""coordinates"":[83.94275731419924,21.591861253332613]}"
468,881.1923740024082,188,2019,0,4,21.47166666831742,84.19733986571872,0.37323177,-0.45132765,2020,1571.9161179682078,"{""geodesic"":false,""type"":""Point"",""coordinates"":[84.19733986571872,21.47166666831742]}"
469,331.36083051561786,224,2019,0,1,21.36898923134256,84.10652019049424,0.6525799,-0.5873425,2020,1567.9896123734002,"{""geodesic"":false,""type"":""Point"",""coordinates"":[84.10652019049424,21.36898923134256]}"
470,1280.0,193,2019,0,1,21.40725746244605,84.18790755523545,0.53040993,-0.5261992,2020,1579.7558364199476,"{""geodesic"":false,""type"":""Point"",""coordinates"":[84.18790755523545,21.40725746244605]}"
471,559.0169943749474,182,2019,0,4,21.40626931563352,84.12924756718246,0.25934014,-0.36264664,2020,1613.539233859976,"{""geodesic"":false,""type"":""Point"",""coordinates"":[84.12924756718246,21.40626931563352]}"
472,282.842712474619,164,2019,0,1,21.38605722174083,83.89047536466349,0.47882357,-0.49536768,2020,1593.7226981279111,"{""geodesic"":false,""type"":""Point"",""coordinates"":[83.89047536466349,21.38605722174083]}"
473,451.22056690713913,164,2019,0,4,21.459090254339745,84.03276850566802,0.58996296,-0.53439736,2020,1613.118863210927,"{""geodesic"":false,""type"":""Point"",""coordinates"":[84.03276850566802,21.459090254339745]}"
474,657.9513659838392,271,2019,0,1,21.363868834223076,84.12646278980168,0.71295404,-0.62422246,2020,1567.9896123734002,"{""geodesic"":false,""type"":""Point"",""coordinates"":[84.12646278980168,21.363868834223076]}"
475,50.0,158,2019,0,1,21.40626931563352,83.9221858941929,0.6259651,-0.55152595,2020,1647.069976108939,"{""geodesic"":false,""type"":""Point"",""coordinates"":[83.9221858941929,21.40626931563352]}"
476,1070.046727951635,180,2019,0,1,21.578206861013996,84.09178781983468,0.5248221,-0.51848835,2020,1538.918787408697,"{""geodesic"":false,""type"":""Point"",""coordinates"":[84.09178781983468,21.578206861013996]}"
477,1280.0,158,2019,0,4,21.39117761886031,83.87008360771398,0.4739214,-0.5115541,2020,1593.7226981279111,"{""geodesic"":false,""type"":""Point"",""coordinates"":[83.87008360771398,21.39117761886031]}"
478,0.0,188,2019,0,0,21.573176295422925,83.94527259699478,-0.22419415,0.41693988,2020,1648.1545588437423,"{""geodesic"":false,""type"":""Point"",""coordinates"":[83.94527259699478,21.573176295422925]}"
479,492.44289008980525,142,2019,0,4,21.362431529768486,83.97338986538772,0.39338377,-0.44316256,2020,1688.5246803463074,"{""geodesic"":false,""type"":""Point"",""coordinates"":[83.97338986538772,21.362431529768486]}"
480,580.7753438292641,166,2019,0,6,21.49834663225577,83.90538739837987,0.47109172,-0.45352247,2020,1651.9320563661308,"{""geodesic"":false,""type"":""Point"",""coordinates"":[83.90538739837987,21.49834663225577]}"
481,795.1100552753688,207,2019,0,4,21.541375934365096,84.18251766353075,0.44693202,-0.4827403,2020,1535.0835264685138,"{""geodesic"":false,""type"":""Point"",""coordinates"":[84.18251766353075,21.541375934365096]}"
482,411.0960958218893,210,2019,0,1,21.57200848555357,84.19024317497417,0.43079928,-0.45747364,2020,1509.0079417944821,"{""geodesic"":false,""type"":""Point"",""coordinates"":[84.19024317497417,21.57200848555357]}"
483,1029.271587094485,173,2019,0,1,21.425672925770503,84.13598493181335,0.5210138,-0.5379126,2020,1613.539233859976,"{""geodesic"":false,""type"":""Point"",""coordinates"":[84.13598493181335,21.425672925770503]}"
484,777.946013551069,188,2019,0,1,21.5181095685064,84.12736110508581,0.4993752,-0.5304743,2020,1540.3884270749268,"{""geodesic"":false,""type"":""Point"",""coordinates"":[84.12736110508581,21.5181095685064]}"
485,1207.0211265756702,172,2019,0,1,21.498705958369417,84.08361315074919,0.7462121,-0.6574749,2020,1592.1215501536285,"{""geodesic"":false,""type"":""Point"",""coordinates"":[84.08361315074919,21.498705958369417]}"
486,1202.6637102698326,183,2019,0,4,21.509665404835676,84.16410220020629,0.3201619,-0.39590338,2020,1535.0835264685138,"{""geodesic"":false,""type"":""Point"",""coordinates"":[84.16410220020629,21.509665404835676]}"
487,41.23105625617661,144,2019,0,0,21.420642360179432,84.0272887824349,0.16260943,-0.1136063,2020,1671.026536732158,"{""geodesic"":false,""type"":""Point"",""coordinates"":[84.0272887824349,21.420642360179432]}"
488,0.0,188,2019,0,0,21.578206861013996,83.98695442617792,-0.25644076,0.4425515,2020,1640.7487842334933,"{""geodesic"":false,""type"":""Point"",""coordinates"":[83.98695442617792,21.578206861013996]}"
489,967.729300992793,159,2019,0,4,21.49412455042041,84.02522265728142,0.4949408,-0.51958567,2020,1613.118863210927,"{""geodesic"":false,""type"":""Point"",""coordinates"":[84.02522265728142,21.49412455042041]}"
490,1280.0,151,2019,0,4,21.38228429754753,83.99027819272916,0.6078715,-0.4784668,2020,1688.5246803463074,"{""geodesic"":false,""type"":""Point"",""coordinates"":[83.99027819272916,21.38228429754753]}"
491,1070.7007051459339,167,2019,0,1,21.45100541678267,84.10652019049424,0.60178685,-0.5480131,2020,1591.9735097484568,"{""geodesic"":false,""type"":""Point"",""coordinates"":[84.10652019049424,21.45100541678267]}"
492,206.15528128088303,203,2019,0,6,21.583686584247125,84.14748336745008,0.29256406,-0.35597828,2020,1510.699908208047,"{""geodesic"":false,""type"":""Point"",""coordinates"":[84.14748336745008,21.583686584247125]}"
493,817.8630692236935,189,2019,0,1,21.580901806866354,84.12888824106881,0.4815551,-0.4873797,2020,1510.699908208047,"{""geodesic"":false,""type"":""Point"",""coordinates"":[84.12888824106881,21.580901806866354]}"
494,465.72524088780074,210,2019,0,1,21.380218172394052,84.19994498004266,0.6791291,-0.5753082,2020,1552.724454099584,"{""geodesic"":false,""type"":""Point"",""coordinates"":[84.19994498004266,21.380218172394052]}"
495,1280.0,172,2019,0,4,21.568594887473918,84.0943031026302,0.5671045,-0.56050956,2020,1538.918787408697,"{""geodesic"":false,""type"":""Point"",""coordinates"":[84.0943031026302,21.568594887473918]}"
496,524.3090691567331,162,2019,0,1,21.511012877761857,83.89784154999327,0.40417176,-0.45872727,2020,1640.2204654872462,"{""geodesic"":false,""type"":""Point"",""coordinates"":[83.89784154999327,21.511012877761857]}"
497,460.10868281309365,202,2019,0,1,21.58206961673571,84.14586639993867,0.40854293,-0.46853116,2020,1510.699908208047,"{""geodesic"":false,""type"":""Point"",""coordinates"":[84.14586639993867,21.58206961673571]}"
498,533.1041174104736,169,2019,0,1,21.46376149381717,83.92335370406227,0.4135414,-0.44149205,2020,1651.9320563661308,"{""geodesic"":false,""type"":""Point"",""coordinates"":[83.92335370406227,21.46376149381717]}"
499,731.6419889536138,169,2019,0,1,21.454329183333915,84.1678751243996,0.49261692,-0.49290827,2020,1571.9161179682078,"{""geodesic"":false,""type"":""Point"",""coordinates"":[84.1678751243996,21.454329183333915]}"
500,20.0,188,2019,1,0,21.401957402269744,84.12475599076186,0.337042,-0.21142147,2020,1613.539233859976,"{""geodesic"":false,""type"":""Point"",""coordinates"":[84.12475599076186,21.401957402269744]}"
501,0.0,182,2019,1,0,21.425403431185266,84.16706664064388,-0.032321736,0.15395124,2020,1579.7558364199476,"{""geodesic"":false,""type"":""Point"",""coordinates"":[84.16706664064388,21.425403431185266]}"
502,30.0,141,2019,1,5,21.412467691093944,83.99548842137706,0.46738982,-0.47602433,2020,1639.734637070956,"{""geodesic"":false,""type"":""Point"",""coordinates"":[83.99548842137706,21.412467691093944]}"
503,28.284271247461902,146,2019,1,3,21.462324189362576,83.95488457053486,0.50910795,-0.38685605,2020,1645.5226784301835,"{""geodesic"":false,""type"":""Point"",""coordinates"":[83.95488457053486,21.462324189362576]}"
504,22.360679774997898,179,2019,1,0,21.444178220623364,83.89900935986262,-0.009671343,0.12856591,2020,1656.2454784957147,"{""geodesic"":false,""type"":""Point"",""coordinates"":[83.89900935986262,21.444178220623364]}"
505,20.0,136,2019,1,0,21.35066359954652,83.91778414930072,0.123309955,0.036197122,2020,1685.77723072657,"{""geodesic"":false,""type"":""Point"",""coordinates"":[83.91778414930072,21.35066359954652]}"
506,0.0,178,2019,1,0,21.448939291629195,83.9011653165445,-0.018630683,0.15352058,2020,1647.069976108939,"{""geodesic"":false,""type"":""Point"",""coordinates"":[83.9011653165445,21.448939291629195]}"
507,30.0,156,2019,1,0,21.401957402269744,83.92164690502243,0.2381238,-0.08426415,2020,1647.069976108939,"{""geodesic"":false,""type"":""Point"",""coordinates"":[83.92164690502243,21.401957402269744]}"
508,10.0,158,2019,1,0,21.48271594631209,83.91284341523806,-0.061912227,0.13897367,2020,1651.9320563661308,"{""geodesic"":false,""type"":""Point"",""coordinates"":[83.91284341523806,21.48271594631209]}"
509,22.360679774997898,160,2019,1,1,21.518828220733695,83.90772301811859,0.49074054,-0.4879795,2020,1631.9175470884852,"{""geodesic"":false,""type"":""Point"",""coordinates"":[83.90772301811859,21.518828220733695]}"
510,10.0,201,2019,1,0,21.375816427501867,84.14757319897849,0.009027082,0.11183049,2020,1567.9896123734002,"{""geodesic"":false,""type"":""Point"",""coordinates"":[84.14757319897849,21.375816427501867]}"
511,28.284271247461902,187,2019,1,0,21.5279012051033,83.96305923962035,0.46804428,-0.4237003,2020,1642.6080346339731,"{""geodesic"":false,""type"":""Point"",""coordinates"":[83.96305923962035,21.5279012051033]}"
512,30.0,154,2019,1,5,21.482895609368914,84.07795376445924,0.38566554,-0.4264837,2020,1592.1215501536285,"{""geodesic"":false,""type"":""Point"",""coordinates"":[84.07795376445924,21.482895609368914]}"
513,30.0,156,2019,1,6,21.396837005150264,83.90781284964699,0.32295522,-0.37082508,2020,1685.77723072657,"{""geodesic"":false,""type"":""Point"",""coordinates"":[83.90781284964699,21.396837005150264]}"
514,14.142135623730951,191,2019,1,0,21.526553732177124,84.15619702570604,0.339922,-0.2654203,2020,1535.0835264685138,"{""geodesic"":false,""type"":""Point"",""coordinates"":[84.15619702570604,21.526553732177124]}"
515,10.0,201,2019,1,0,21.376175753615517,84.14640538910913,0.1167002,-0.0022573364,2020,1567.9896123734002,"{""geodesic"":false,""type"":""Point"",""coordinates"":[84.14640538910913,21.376175753615517]}"
516,28.284271247461902,134,2019,1,0,21.385608064098772,83.96979660425124,0.3693154,-0.38922524,2020,1688.5246803463074,"{""geodesic"":false,""type"":""Point"",""coordinates"":[83.96979660425124,21.385608064098772]}"
517,14.142135623730951,200,2019,1,0,21.376624911257576,84.1454172422966,0.108713694,0.05768025,2020,1567.9896123734002,"{""geodesic"":false,""type"":""Point"",""coordinates"":[84.1454172422966,21.376624911257576]}"
518,0.0,197,2019,1,0,21.39054879816143,84.1491003349615,-0.2582561,0.28290546,2020,1567.9896123734002,"{""geodesic"":false,""type"":""Point"",""coordinates"":[84.1491003349615,21.39054879816143]}"
519,22.360679774997898,141,2019,1,3,21.46277334700464,83.95964564154069,0.46172547,-0.33030134,2020,1645.5226784301835,"{""geodesic"":false,""type"":""Point"",""coordinates"":[83.95964564154069,21.46277334700464]}"
520,14.142135623730951,176,2019,1,0,21.44777148175984,84.11568300639225,0.13836895,-0.0050432277,2020,1613.539233859976,"{""geodesic"":false,""type"":""Point"",""coordinates"":[84.11568300639225,21.44777148175984]}"
521,30.0,183,2019,1,1,21.557365946422422,84.08963186315279,0.32126752,-0.37379575,2020,1538.918787408697,"{""geodesic"":false,""type"":""Point"",""coordinates"":[84.08963186315279,21.557365946422422]}"
522,14.142135623730951,163,2019,1,0,21.39063862968984,83.88849907103842,0.27618134,-0.31192717,2020,1593.7226981279111,"{""geodesic"":false,""type"":""Point"",""coordinates"":[83.88849907103842,21.39063862968984]}"
523,10.0,200,2019,1,0,21.377074068899635,84.14559690535343,2.3359028E-4,0.13387465,2020,1567.9896123734002,"{""geodesic"":false,""type"":""Point"",""coordinates"":[84.14559690535343,21.377074068899635]}"
524,28.284271247461902,156,2019,1,0,21.397825151962795,83.92281471489179,0.41279352,-0.3179083,2020,1685.77723072657,"{""geodesic"":false,""type"":""Point"",""coordinates"":[83.92281471489179,21.397825151962795]}"
525,22.360679774997898,200,2019,1,0,21.377613058070107,84.14640538910913,0.53457075,-0.4626772,2020,1567.9896123734002,"{""geodesic"":false,""type"":""Point"",""coordinates"":[84.14640538910913,21.377613058070107]}"
526,10.0,156,2019,1,0,21.465917450499056,83.99665623124642,0.17022228,-0.05637,2020,1645.5226784301835,"{""geodesic"":false,""type"":""Point"",""coordinates"":[83.99665623124642,21.465917450499056]}"
527,30.0,156,2019,1,6,21.466186945084292,83.9972850519453,0.40922627,-0.35596564,2020,1645.5226784301835,"{""geodesic"":false,""type"":""Point"",""coordinates"":[83.9972850519453,21.466186945084292]}"
528,22.360679774997898,162,2019,1,0,21.48361426159621,83.92281471489179,0.24686599,-0.13788544,2020,1651.9320563661308,"{""geodesic"":false,""type"":""Point"",""coordinates"":[83.92281471489179,21.48361426159621]}"
529,14.142135623730951,140,2019,1,0,21.44004597031641,83.97285087621725,-0.012150461,0.14251344,2020,1639.734637070956,"{""geodesic"":false,""type"":""Point"",""coordinates"":[83.97285087621725,21.44004597031641]}"
530,22.360679774997898,162,2019,1,0,21.390099640519367,83.88876856562366,0.16795295,-0.17399335,2020,1593.7226981279111,"{""geodesic"":false,""type"":""Point"",""coordinates"":[83.88876856562366,21.390099640519367]}"
531,28.284271247461902,160,2019,1,0,21.41462364777583,83.92532999768733,0.5632981,-0.48041207,2020,1647.069976108939,"{""geodesic"":false,""type"":""Point"",""coordinates"":[83.92532999768733,21.41462364777583]}"
532,22.360679774997898,205,2019,1,1,21.588717149838192,84.15125629164338,0.37813267,-0.42765146,2020,1509.0079417944821,"{""geodesic"":false,""type"":""Point"",""coordinates"":[84.15125629164338,21.588717149838192]}"
533,28.284271247461902,177,2019,1,0,21.56778640371821,84.10795749494882,0.5318932,-0.50167924,2020,1510.699908208047,"{""geodesic"":false,""type"":""Point"",""coordinates"":[84.10795749494882,21.56778640371821]}"
534,20.0,139,2019,1,0,21.43438658402646,83.97455767525707,0.09990181,-0.023238279,2020,1639.734637070956,"{""geodesic"":false,""type"":""Point"",""coordinates"":[83.97455767525707,21.43438658402646]}"
535,30.0,136,2019,1,0,21.417677919741838,83.97545599054119,0.49994624,-0.46757385,2020,1639.734637070956,"{""geodesic"":false,""type"":""Point"",""coordinates"":[83.97545599054119,21.417677919741838]}"
536,0.0,180,2019,1,0,21.4444477152086,83.8989195283342,-0.07533171,0.1919523,2020,1656.2454784957147,"{""geodesic"":false,""type"":""Point"",""coordinates"":[83.8989195283342,21.4444477152086]}"
537,14.142135623730951,177,2019,1,0,21.447591818703017,84.11559317486383,0.15347542,-0.02539202,2020,1613.539233859976,"{""geodesic"":false,""type"":""Point"",""coordinates"":[84.11559317486383,21.447591818703017]}"
538,14.142135623730951,201,2019,1,0,21.367282432302733,84.16580899924612,-0.019387117,0.09573241,2020,1552.724454099584,"{""geodesic"":false,""type"":""Point"",""coordinates"":[84.16580899924612,21.367282432302733]}"
539,20.0,199,2019,1,1,21.390908124275075,84.14901050343309,0.5021533,-0.48857397,2020,1567.9896123734002,"{""geodesic"":false,""type"":""Point"",""coordinates"":[84.14901050343309,21.390908124275075]}"
540,20.0,162,2019,1,0,21.424415284372735,83.88436682073147,0.17324808,0.050613437,2020,1656.2454784957147,"{""geodesic"":false,""type"":""Point"",""coordinates"":[83.88436682073147,21.424415284372735]}"
541,22.360679774997898,157,2019,1,6,21.39674717362185,83.9079026811754,0.3039732,-0.31603068,2020,1685.77723072657,"{""geodesic"":false,""type"":""Point"",""coordinates"":[83.9079026811754,21.39674717362185]}"
542,0.0,185,2019,1,4,21.441573106299415,84.15251393304115,-0.12107623,0.1580938,2020,1579.7558364199476,"{""geodesic"":false,""type"":""Point"",""coordinates"":[84.15251393304115,21.441573106299415]}"
543,30.0,176,2019,1,3,21.459629243510218,84.10130996184634,0.1097561,-0.18042453,2020,1591.9735097484568,"{""geodesic"":false,""type"":""Point"",""coordinates"":[84.10130996184634,21.459629243510218]}"
544,30.0,142,2019,1,0,21.43294927957187,83.97455767525707,0.36143723,-0.3271079,2020,1639.734637070956,"{""geodesic"":false,""type"":""Point"",""coordinates"":[83.97455767525707,21.43294927957187]}"
545,22.360679774997898,145,2019,1,1,21.36494681256402,83.91167560536871,0.37375692,-0.4099449,2020,1685.77723072657,"{""geodesic"":false,""type"":""Point"",""coordinates"":[83.91167560536871,21.36494681256402]}"
546,10.0,191,2019,1,0,21.526733395233947,84.15610719417764,0.09255302,0.043809798,2020,1535.0835264685138,"{""geodesic"":false,""type"":""Point"",""coordinates"":[84.15610719417764,21.526733395233947]}"
547,0.0,158,2019,1,0,21.482985440897327,83.91275358370964,-0.06334166,0.17056042,2020,1651.9320563661308,"{""geodesic"":false,""type"":""Point"",""coordinates"":[83.91275358370964,21.482985440897327]}"
548,22.360679774997898,167,2019,1,4,21.41929488725325,83.93332500371599,0.21267308,-0.28042746,2020,1647.069976108939,"{""geodesic"":false,""type"":""Point"",""coordinates"":[83.93332500371599,21.41929488725325]}"
549,30.0,176,2019,1,5,21.456754634601037,83.92029943209626,0.1618891,-0.269152,2020,1651.9320563661308,"{""geodesic"":false,""type"":""Point"",""coordinates"":[83.92029943209626,21.456754634601037]}"
550,30.0,173,2019,1,1,21.459000422811336,83.88858890256684,0.4307094,-0.4668772,2020,1601.671297309023,"{""geodesic"":false,""type"":""Point"",""coordinates"":[83.88858890256684,21.459000422811336]}"
551,30.0,155,2019,1,0,21.43986630725959,83.95057265717108,0.6601212,-0.57005113,2020,1639.734637070956,"{""geodesic"":false,""type"":""Point"",""coordinates"":[83.95057265717108,21.43986630725959]}"
552,14.142135623730951,168,2019,1,4,21.413455837906476,83.87089209146968,0.080747984,0.0022979486,2020,1656.2454784957147,"{""geodesic"":false,""type"":""Point"",""coordinates"":[83.87089209146968,21.413455837906476]}"
553,0.0,136,2019,1,0,21.350394104961286,83.91724516013025,-0.050771926,0.1623334,2020,1685.77723072657,"{""geodesic"":false,""type"":""Point"",""coordinates"":[83.91724516013025,21.350394104961286]}"
554,28.284271247461902,144,2019,1,3,21.458641096697686,83.96261008197828,0.46296287,-0.36378524,2020,1645.5226784301835,"{""geodesic"":false,""type"":""Point"",""coordinates"":[83.96261008197828,21.458641096697686]}"
555,22.360679774997898,187,2019,1,0,21.581800122150472,84.03824822890115,0.29593992,-0.30143768,2020,1594.5462688984794,"{""geodesic"":false,""type"":""Point"",""coordinates"":[84.03824822890115,21.581800122150472]}"
556,0.0,176,2019,1,0,21.44768165023143,84.11577283792066,-0.07147541,0.20737168,2020,1613.539233859976,"{""geodesic"":false,""type"":""Point"",""coordinates"":[84.11577283792066,21.44768165023143]}"
557,28.284271247461902,190,2019,1,1,21.5819797852073,84.00995129745138,0.46661285,-0.42189735,2020,1594.5462688984794,"{""geodesic"":false,""type"":""Point"",""coordinates"":[84.00995129745138,21.5819797852073]}"
558,20.0,182,2019,1,0,21.42513393660003,84.16724630370071,0.2839203,-0.12322369,2020,1579.7558364199476,"{""geodesic"":false,""type"":""Point"",""coordinates"":[84.16724630370071,21.42513393660003]}"
559,28.284271247461902,151,2019,1,0,21.3580297848763,83.9709644141206,0.35379687,-0.3937895,2020,1688.5246803463074,"{""geodesic"":false,""type"":""Point"",""coordinates"":[83.9709644141206,21.3580297848763]}"
560,20.0,148,2019,1,0,21.372941818592686,83.9145502142779,0.11697902,-0.06410609,2020,1685.77723072657,"{""geodesic"":false,""type"":""Point"",""coordinates"":[83.9145502142779,21.372941818592686]}"
561,28.284271247461902,185,2019,1,1,21.40860493537223,84.15071730247291,0.6150646,-0.55148536,2020,1579.7558364199476,"{""geodesic"":false,""type"":""Point"",""coordinates"":[84.15071730247291,21.40860493537223]}"
562,10.0,171,2019,1,0,21.46789374412412,83.89245165828855,0.07206812,0.031490054,2020,1601.671297309023,"{""geodesic"":false,""type"":""Point"",""coordinates"":[83.89245165828855,21.46789374412412]}"
563,28.284271247461902,193,2019,1,1,21.534908064319435,83.99081718189964,0.4497106,-0.45102707,2020,1642.6080346339731,"{""geodesic"":false,""type"":""Point"",""coordinates"":[83.99081718189964,21.534908064319435]}"
564,28.284271247461902,146,2019,1,0,21.377882552655343,83.91464004580631,0.5815815,-0.5291678,2020,1685.77723072657,"{""geodesic"":false,""type"":""Point"",""coordinates"":[83.91464004580631,21.377882552655343]}"
565,28.284271247461902,148,2019,1,0,21.458641096697686,84.0551365562426,0.030487387,0.09266658,2020,1592.1215501536285,"{""geodesic"":false,""type"":""Point"",""coordinates"":[84.0551365562426,21.458641096697686]}"
566,20.0,186,2019,1,0,21.581440796036826,84.03833806042957,0.022094391,0.09356522,2020,1594.5462688984794,"{""geodesic"":false,""type"":""Point"",""coordinates"":[84.03833806042957,21.581440796036826]}"
567,10.0,194,2019,1,0,21.588267992196133,84.03959570182732,0.0660251,0.020357084,2020,1594.5462688984794,"{""geodesic"":false,""type"":""Point"",""coordinates"":[84.03959570182732,21.588267992196133]}"
568,0.0,136,2019,1,0,21.350843262603345,83.9176943177723,0.0090528885,0.15204348,2020,1685.77723072657,"{""geodesic"":false,""type"":""Point"",""coordinates"":[83.9176943177723,21.350843262603345]}"
569,30.0,142,2019,1,0,21.437351024464053,83.97374919150137,0.1338374,8.9117105E-4,2020,1639.734637070956,"{""geodesic"":false,""type"":""Point"",""coordinates"":[83.97374919150137,21.437351024464053]}"
570,30.0,190,2019,1,4,21.5098450678925,84.1754209727862,0.32112446,-0.38845387,2020,1535.0835264685138,"{""geodesic"":false,""type"":""Point"",""coordinates"":[84.1754209727862,21.5098450678925]}"
571,28.284271247461902,143,2019,1,3,21.477775212249433,83.9364691072104,0.2642118,-0.13311397,2020,1651.9320563661308,"{""geodesic"":false,""type"":""Point"",""coordinates"":[83.9364691072104,21.477775212249433]}"
572,14.142135623730951,169,2019,1,0,21.488554995658866,83.91625701331772,0.22776297,-0.13790333,2020,1651.9320563661308,"{""geodesic"":false,""type"":""Point"",""coordinates"":[83.91625701331772,21.488554995658866]}"
573,30.0,151,2019,1,0,21.47211582595948,84.0574721759813,0.40668207,-0.4236135,2020,1592.1215501536285,"{""geodesic"":false,""type"":""Point"",""coordinates"":[84.0574721759813,21.47211582595948]}"
574,22.360679774997898,156,2019,1,0,21.465917450499056,83.99692572583164,0.3128174,-0.2938477,2020,1645.5226784301835,"{""geodesic"":false,""type"":""Point"",""coordinates"":[83.99692572583164,21.465917450499056]}"
575,22.360679774997898,179,2019,1,0,21.448490133987136,84.11613216403431,0.29555103,-0.33896315,2020,1613.539233859976,"{""geodesic"":false,""type"":""Point"",""coordinates"":[84.11613216403431,21.448490133987136]}"
576,14.142135623730951,157,2019,1,0,21.466007282027466,83.99647656818959,0.068002455,-0.0026365158,2020,1645.5226784301835,"{""geodesic"":false,""type"":""Point"",""coordinates"":[83.99647656818959,21.466007282027466]}"
577,30.0,145,2019,1,0,21.492058425266933,83.92730629131239,0.27184156,-0.2684356,2020,1651.9320563661308,"{""geodesic"":false,""type"":""Point"",""coordinates"":[83.92730629131239,21.492058425266933]}"
578,22.360679774997898,196,2019,1,0,21.583776415775535,84.12080340351173,0.03775944,-0.032462582,2020,1510.699908208047,"{""geodesic"":false,""type"":""Point"",""coordinates"":[84.12080340351173,21.583776415775535]}"
579,30.0,142,2019,1,0,21.421181349349904,83.97437801220025,0.21246345,-0.17332853,2020,1639.734637070956,"{""geodesic"":false,""type"":""Point"",""coordinates"":[83.97437801220025,21.421181349349904]}"
580,30.0,185,2019,1,0,21.40222689685498,84.12304919172203,0.39021653,-0.35797,2020,1613.539233859976,"{""geodesic"":false,""type"":""Point"",""coordinates"":[84.12304919172203,21.40222689685498]}"
581,28.284271247461902,160,2019,1,0,21.390458966633016,83.88813974492477,0.4428381,-0.45747286,2020,1593.7226981279111,"{""geodesic"":false,""type"":""Point"",""coordinates"":[83.88813974492477,21.390458966633016]}"
582,28.284271247461902,180,2019,1,5,21.52278080798382,84.15071730247291,0.38106528,-0.41852024,2020,1535.0835264685138,"{""geodesic"":false,""type"":""Point"",""coordinates"":[84.15071730247291,21.52278080798382]}"
583,10.0,140,2019,1,0,21.439327318089116,83.97222205551836,0.031053314,0.08631603,2020,1639.734637070956,"{""geodesic"":false,""type"":""Point"",""coordinates"":[83.97222205551836,21.439327318089116]}"
584,20.0,123,2019,1,0,21.436901866821994,83.97464750678549,0.22244558,-0.1482486,2020,1639.734637070956,"{""geodesic"":false,""type"":""Point"",""coordinates"":[83.97464750678549,21.436901866821994]}"
585,20.0,174,2019,1,0,21.47660740238008,84.07678595458988,-0.03863764,0.11816087,2020,1592.1215501536285,"{""geodesic"":false,""type"":""Point"",""coordinates"":[84.07678595458988,21.47660740238008]}"
586,22.360679774997898,143,2019,1,0,21.48675836509063,83.93054022633521,0.3068492,-0.28672892,2020,1651.9320563661308,"{""geodesic"":false,""type"":""Point"",""coordinates"":[83.93054022633521,21.48675836509063]}"
587,22.360679774997898,187,2019,1,0,21.58162045909365,84.03887704960003,0.13004729,0.04169115,2020,1594.5462688984794,"{""geodesic"":false,""type"":""Point"",""coordinates"":[84.03887704960003,21.58162045909365]}"
588,30.0,154,2019,1,5,21.482536283255268,84.079211405857,0.4331126,-0.45495293,2020,1592.1215501536285,"{""geodesic"":false,""type"":""Point"",""coordinates"":[84.079211405857,21.482536283255268]}"
589,14.142135623730951,198,2019,1,0,21.37590625903028,84.14640538910913,0.07598537,0.018895887,2020,1567.9896123734002,"{""geodesic"":false,""type"":""Point"",""coordinates"":[84.14640538910913,21.37590625903028]}"
590,20.0,185,2019,1,0,21.40222689685498,84.12313902325045,0.21471483,-0.17045167,2020,1613.539233859976,"{""geodesic"":false,""type"":""Point"",""coordinates"":[84.12313902325045,21.40222689685498]}"
591,30.0,139,2019,1,0,21.443818894509715,83.97078475106377,0.16607536,-0.10149884,2020,1639.734637070956,"{""geodesic"":false,""type"":""Point"",""coordinates"":[83.97078475106377,21.443818894509715]}"
592,28.284271247461902,142,2019,1,0,21.414893142361066,83.97500683289914,0.21667604,-0.11051475,2020,1639.734637070956,"{""geodesic"":false,""type"":""Point"",""coordinates"":[83.97500683289914,21.414893142361066]}"
593,28.284271247461902,199,2019,1,0,21.377523226541694,84.1476630305069,0.4206842,-0.45214632,2020,1567.9896123734002,"{""geodesic"":false,""type"":""Point"",""coordinates"":[84.1476630305069,21.377523226541694]}"
594,20.0,199,2019,1,1,21.39063862968984,84.14883084037626,0.4485292,-0.4770549,2020,1567.9896123734002,"{""geodesic"":false,""type"":""Point"",""coordinates"":[84.14883084037626,21.39063862968984]}"
595,30.0,172,2019,1,0,21.485680386749685,83.9206587582099,0.32858485,-0.26840922,2020,1651.9320563661308,"{""geodesic"":false,""type"":""Point"",""coordinates"":[83.9206587582099,21.485680386749685]}"
596,22.360679774997898,182,2019,1,0,21.568235561360268,84.10786766342041,0.2917085,-0.2118914,2020,1510.699908208047,"{""geodesic"":false,""type"":""Point"",""coordinates"":[84.10786766342041,21.568235561360268]}"
597,0.0,160,2019,1,0,21.470139532334418,84.12682211591533,-0.0745582,0.15885063,2020,1591.9735097484568,"{""geodesic"":false,""type"":""Point"",""coordinates"":[84.12682211591533,21.470139532334418]}"
598,30.0,141,2019,1,1,21.413006680264417,84.00051898696813,0.71626896,-0.60955894,2020,1671.026536732158,"{""geodesic"":false,""type"":""Point"",""coordinates"":[84.00051898696813,21.413006680264417]}"
599,0.0,144,2019,1,0,21.4730141412436,83.9416793358583,0.0031189104,0.15028669,2020,1651.9320563661308,"{""geodesic"":false,""type"":""Point"",""coordinates"":[83.9416793358583,21.4730141412436]}"
600,30.0,144,2019,1,0,21.500322925880834,83.91275358370964,0.18425423,-0.12686445,2020,1631.9175470884852,"{""geodesic"":false,""type"":""Point"",""coordinates"":[83.91275358370964,21.500322925880834]}"
601,22.360679774997898,199,2019,1,0,21.377613058070107,84.1460460629955,0.3007539,-0.24707529,2020,1567.9896123734002,"{""geodesic"":false,""type"":""Point"",""coordinates"":[84.1460460629955,21.377613058070107]}"
602,22.360679774997898,212,2019,1,1,21.35659248042171,84.08208601476618,0.490814,-0.43273345,2020,1563.0691775924818,"{""geodesic"":false,""type"":""Point"",""coordinates"":[84.08208601476618,21.35659248042171]}"
603,30.0,178,2019,1,4,21.460797053379576,84.10122013031793,0.32443413,-0.37456077,2020,1591.9735097484568,"{""geodesic"":false,""type"":""Point"",""coordinates"":[84.10122013031793,21.460797053379576]}"
604,14.142135623730951,197,2019,1,7,21.580093323110646,84.12071357198332,-0.019352438,0.024213076,2020,1510.699908208047,"{""geodesic"":false,""type"":""Point"",""coordinates"":[84.12071357198332,21.580093323110646]}"
605,30.0,161,2019,1,1,21.53706402100132,84.05989762724843,0.5213235,-0.49359307,2020,1575.1144623941852,"{""geodesic"":false,""type"":""Point"",""coordinates"":[84.05989762724843,21.53706402100132]}"
606,20.0,179,2019,1,0,21.568055898303445,84.10795749494882,0.13295917,-0.038778342,2020,1510.699908208047,"{""geodesic"":false,""type"":""Point"",""coordinates"":[84.10795749494882,21.568055898303445]}"
607,22.360679774997898,169,2019,1,0,21.500502588937657,83.88212103252117,0.63586956,-0.54830414,2020,1640.2204654872462,"{""geodesic"":false,""type"":""Point"",""coordinates"":[83.88212103252117,21.500502588937657]}"
608,22.360679774997898,192,2019,1,0,21.526643563705534,84.15673601487651,0.043128457,0.10281319,2020,1535.0835264685138,"{""geodesic"":false,""type"":""Point"",""coordinates"":[84.15673601487651,21.526643563705534]}"
609,30.0,145,2019,1,6,21.41929488725325,84.02531248880983,0.5969335,-0.53210056,2020,1671.026536732158,"{""geodesic"":false,""type"":""Point"",""coordinates"":[84.02531248880983,21.41929488725325]}"
610,28.284271247461902,167,2019,1,0,21.49142960456805,83.8883194079816,0.6102948,-0.53261006,2020,1601.671297309023,"{""geodesic"":false,""type"":""Point"",""coordinates"":[83.8883194079816,21.49142960456805]}"
611,30.0,139,2019,1,0,21.440225633373238,83.97186272940472,0.14777546,-0.07153979,2020,1639.734637070956,"{""geodesic"":false,""type"":""Point"",""coordinates"":[83.97186272940472,21.440225633373238]}"
612,10.0,150,2019,1,0,21.47121751067536,84.05828065973701,-0.066194296,0.13500069,2020,1592.1215501536285,"{""geodesic"":false,""type"":""Point"",""coordinates"":[84.05828065973701,21.47121751067536]}"
613,0.0,142,2019,1,0,21.433039111100282,83.97491700137073,-0.041773017,0.18565156,2020,1639.734637070956,"{""geodesic"":false,""type"":""Point"",""coordinates"":[83.97491700137073,21.433039111100282]}"
614,30.0,158,2019,1,0,21.48307527242574,83.92317404100544,0.34406763,-0.32382417,2020,1651.9320563661308,"{""geodesic"":false,""type"":""Point"",""coordinates"":[83.92317404100544,21.48307527242574]}"
615,0.0,180,2019,1,0,21.523050302569057,84.15008848177403,-0.17390744,0.24611765,2020,1535.0835264685138,"{""geodesic"":false,""type"":""Point"",""coordinates"":[84.15008848177403,21.523050302569057]}"
616,0.0,174,2019,1,0,21.558084598649717,84.04148216392397,-0.07707575,0.15390447,2020,1594.5462688984794,"{""geodesic"":false,""type"":""Point"",""coordinates"":[84.04148216392397,21.558084598649717]}"
617,14.142135623730951,180,2019,1,4,21.52322996562588,84.15044780788767,0.18391675,-0.19512586,2020,1535.0835264685138,"{""geodesic"":false,""type"":""Point"",""coordinates"":[84.15044780788767,21.52322996562588]}"
618,28.284271247461902,135,2019,1,0,21.35883826863201,83.92488084004526,0.23629466,-0.11700429,2020,1685.77723072657,"{""geodesic"":false,""type"":""Point"",""coordinates"":[83.92488084004526,21.35883826863201]}"
619,30.0,155,2019,1,3,21.51397731819945,83.86442422142402,0.2814512,-0.32396588,2020,1640.2204654872462,"{""geodesic"":false,""type"":""Point"",""coordinates"":[83.86442422142402,21.51397731819945]}"
620,30.0,157,2019,1,0,21.380218172394052,83.92038926362467,0.46716946,-0.4540271,2020,1685.77723072657,"{""geodesic"":false,""type"":""Point"",""coordinates"":[83.92038926362467,21.380218172394052]}"
621,28.284271247461902,187,2019,1,0,21.402496391440216,84.12295936019362,0.40459952,-0.3937993,2020,1613.539233859976,"{""geodesic"":false,""type"":""Point"",""coordinates"":[84.12295936019362,21.402496391440216]}"
622,28.284271247461902,172,2019,1,1,21.518468894620046,83.95066248869949,0.5032124,-0.50596315,2020,1642.6080346339731,"{""geodesic"":false,""type"":""Point"",""coordinates"":[83.95066248869949,21.518468894620046]}"
623,10.0,195,2019,1,0,21.58853748678137,84.03968553335574,-0.05301224,0.13942128,2020,1594.5462688984794,"{""geodesic"":false,""type"":""Point"",""coordinates"":[84.03968553335574,21.58853748678137]}"
624,28.284271247461902,159,2019,1,0,21.44732232411778,83.9507523202279,0.46695444,-0.30619547,2020,1639.734637070956,"{""geodesic"":false,""type"":""Point"",""coordinates"":[83.9507523202279,21.44732232411778]}"
625,14.142135623730951,152,2019,1,5,21.53158429776819,83.88086339112341,0.043834597,-0.07246747,2020,1640.2204654872462,"{""geodesic"":false,""type"":""Point"",""coordinates"":[83.88086339112341,21.53158429776819]}"
626,30.0,164,2019,1,0,21.509216247193617,83.8597529819466,0.4519597,-0.449795,2020,1640.2204654872462,"{""geodesic"":false,""type"":""Point"",""coordinates"":[83.8597529819466,21.509216247193617]}"
627,30.0,183,2019,1,0,21.505533154528727,84.1498189871888,0.41805702,-0.4327281,2020,1540.3884270749268,"{""geodesic"":false,""type"":""Point"",""coordinates"":[84.1498189871888,21.505533154528727]}"
628,28.284271247461902,164,2019,1,1,21.472654815129953,84.12152205573902,0.3832768,-0.425177,2020,1591.9735097484568,"{""geodesic"":false,""type"":""Point"",""coordinates"":[84.12152205573902,21.472654815129953]}"
629,30.0,159,2019,1,0,21.39845397266168,83.92119774738038,0.2936409,-0.10447301,2020,1685.77723072657,"{""geodesic"":false,""type"":""Point"",""coordinates"":[83.92119774738038,21.39845397266168]}"
630,22.360679774997898,199,2019,1,0,21.376445248200753,84.14550707382502,0.37117904,-0.29694647,2020,1567.9896123734002,"{""geodesic"":false,""type"":""Point"",""coordinates"":[84.14550707382502,21.376445248200753]}"
631,28.284271247461902,161,2019,1,1,21.47175649984583,84.12044407739809,0.46898934,-0.46801975,2020,1591.9735097484568,"{""geodesic"":false,""type"":""Point"",""coordinates"":[84.12044407739809,21.47175649984583]}"
632,28.284271247461902,143,2019,1,0,21.497088990858003,83.91598751873248,0.17107272,-0.09170887,2020,1651.9320563661308,"{""geodesic"":false,""type"":""Point"",""coordinates"":[83.91598751873248,21.497088990858003]}"
633,30.0,156,2019,1,0,21.397645488905972,83.92119774738038,0.52148527,-0.35597336,2020,1685.77723072657,"{""geodesic"":false,""type"":""Point"",""coordinates"":[83.92119774738038,21.397645488905972]}"
634,28.284271247461902,133,2019,1,0,21.365216307149257,83.94437428171067,0.026824482,0.10354139,2020,1685.77723072657,"{""geodesic"":false,""type"":""Point"",""coordinates"":[83.94437428171067,21.365216307149257]}"
635,28.284271247461902,169,2019,1,0,21.464120819930816,83.91338240440854,0.23407699,-0.31724176,2020,1651.9320563661308,"{""geodesic"":false,""type"":""Point"",""coordinates"":[83.91338240440854,21.464120819930816]}"
636,30.0,176,2019,1,0,21.525296090779356,83.96278974503511,0.5480509,-0.53599966,2020,1642.6080346339731,"{""geodesic"":false,""type"":""Point"",""coordinates"":[83.96278974503511,21.525296090779356]}"
637,28.284271247461902,147,2019,1,0,21.519457041432577,83.86595135740703,0.19623233,-0.096402876,2020,1640.2204654872462,"{""geodesic"":false,""type"":""Point"",""coordinates"":[83.86595135740703,21.519457041432577]}"
638,20.0,158,2019,1,0,21.482985440897327,83.91248408912442,0.088461064,-0.0052729584,2020,1651.9320563661308,"{""geodesic"":false,""type"":""Point"",""coordinates"":[83.91248408912442,21.482985440897327]}"
639,30.0,162,2019,1,0,21.4241457897875,83.88418715767465,0.17117767,0.078146696,2020,1656.2454784957147,"{""geodesic"":false,""type"":""Point"",""coordinates"":[83.88418715767465,21.4241457897875]}"
640,22.360679774997898,138,2019,1,0,21.434117089441223,83.97437801220025,0.3394646,-0.33259818,2020,1639.734637070956,"{""geodesic"":false,""type"":""Point"",""coordinates"":[83.97437801220025,21.434117089441223]}"
641,14.142135623730951,183,2019,1,0,21.40168790768451,84.12304919172203,0.018753069,0.10571678,2020,1613.539233859976,"{""geodesic"":false,""type"":""Point"",""coordinates"":[84.12304919172203,21.40168790768451]}"
642,28.284271247461902,143,2019,1,0,21.424055958259085,83.97446784372866,0.38390225,-0.2948402,2020,1639.734637070956,"{""geodesic"":false,""type"":""Point"",""coordinates"":[83.97446784372866,21.424055958259085]}"
643,30.0,185,2019,1,0,21.402316728383393,84.12304919172203,0.31184313,-0.30008253,2020,1613.539233859976,"{""geodesic"":false,""type"":""Point"",""coordinates"":[84.12304919172203,21.402316728383393]}"
644,30.0,159,2019,1,6,21.466546271197938,83.99638673666118,0.3749524,-0.40331793,2020,1645.5226784301835,"{""geodesic"":false,""type"":""Point"",""coordinates"":[83.99638673666118,21.466546271197938]}"
645,28.284271247461902,204,2019,1,0,21.573625453064984,84.1678751243996,0.45401868,-0.40562758,2020,1509.0079417944821,"{""geodesic"":false,""type"":""Point"",""coordinates"":[84.1678751243996,21.573625453064984]}"
646,10.0,195,2019,1,0,21.583686584247125,84.12071357198332,-0.022758558,0.12404797,2020,1510.699908208047,"{""geodesic"":false,""type"":""Point"",""coordinates"":[84.12071357198332,21.583686584247125]}"
647,22.360679774997898,151,2019,1,1,21.36117388837072,83.89191266911808,0.4315156,-0.42781267,2020,1593.7226981279111,"{""geodesic"":false,""type"":""Point"",""coordinates"":[83.89191266911808,21.36117388837072]}"
648,0.0,202,2019,1,0,21.377074068899635,84.14586639993867,-7.0846616E-4,0.1574913,2020,1567.9896123734002,"{""geodesic"":false,""type"":""Point"",""coordinates"":[84.14586639993867,21.377074068899635]}"
649,30.0,158,2019,1,0,21.475259929453898,83.91886212764166,0.051741492,0.0965689,2020,1651.9320563661308,"{""geodesic"":false,""type"":""Point"",""coordinates"":[83.91886212764166,21.475259929453898]}"
650,14.142135623730951,152,2019,1,1,21.361443382955954,83.89173300606126,0.20285217,-0.17517819,2020,1593.7226981279111,"{""geodesic"":false,""type"":""Point"",""coordinates"":[83.89173300606126,21.361443382955954]}"
651,22.360679774997898,157,2019,1,6,21.46699542884,83.99674606277483,0.3001376,-0.26902223,2020,1645.5226784301835,"{""geodesic"":false,""type"":""Point"",""coordinates"":[83.99674606277483,21.46699542884]}"
652,10.0,199,2019,1,0,21.377253731956458,84.14532741076819,0.12131148,-0.033800494,2020,1567.9896123734002,"{""geodesic"":false,""type"":""Point"",""coordinates"":[84.14532741076819,21.377253731956458]}"
653,28.284271247461902,172,2019,1,1,21.400879423928803,84.05468739860054,0.5643268,-0.55239034,2020,1603.7002907779072,"{""geodesic"":false,""type"":""Point"",""coordinates"":[84.05468739860054,21.400879423928803]}"
654,14.142135623730951,159,2019,1,0,21.385608064098772,83.92182656807925,0.09438512,0.080402605,2020,1685.77723072657,"{""geodesic"":false,""type"":""Point"",""coordinates"":[83.92182656807925,21.385608064098772]}"
655,20.0,158,2019,1,6,21.46645643966953,83.99647656818959,0.3728286,-0.32712126,2020,1645.5226784301835,"{""geodesic"":false,""type"":""Point"",""coordinates"":[83.99647656818959,21.46645643966953]}"
656,30.0,155,2019,1,0,21.37635541667234,83.92029943209626,0.23196897,-0.06023581,2020,1685.77723072657,"{""geodesic"":false,""type"":""Point"",""coordinates"":[83.92029943209626,21.37635541667234]}"
657,28.284271247461902,198,2019,1,0,21.37590625903028,84.14676471522279,0.52530134,-0.46261227,2020,1567.9896123734002,"{""geodesic"":false,""type"":""Point"",""coordinates"":[84.14676471522279,21.37590625903028]}"
658,30.0,164,2019,1,0,21.368270579115265,83.91697566554501,0.58829457,-0.51893234,2020,1685.77723072657,"{""geodesic"":false,""type"":""Point"",""coordinates"":[83.91697566554501,21.368270579115265]}"
659,28.284271247461902,182,2019,1,0,21.43860866586182,84.14586639993867,0.3093425,-0.15565555,2020,1613.539233859976,"{""geodesic"":false,""type"":""Point"",""coordinates"":[84.14586639993867,21.43860866586182]}"
660,30.0,189,2019,1,4,21.539399640740033,83.97419834914342,0.31175452,-0.36454743,2020,1642.6080346339731,"{""geodesic"":false,""type"":""Point"",""coordinates"":[83.97419834914342,21.539399640740033]}"
661,0.0,156,2019,1,0,21.45325120499297,83.94302680878448,-0.055606995,0.19274363,2020,1651.9320563661308,"{""geodesic"":false,""type"":""Point"",""coordinates"":[83.94302680878448,21.45325120499297]}"
662,0.0,179,2019,1,0,21.523050302569057,84.15026814483085,-0.16869444,0.23809393,2020,1535.0835264685138,"{""geodesic"":false,""type"":""Point"",""coordinates"":[84.15026814483085,21.523050302569057]}"
663,28.284271247461902,158,2019,1,0,21.48963297399981,83.9086213334027,0.57506996,-0.48772582,2020,1651.9320563661308,"{""geodesic"":false,""type"":""Point"",""coordinates"":[83.9086213334027,21.48963297399981]}"
664,22.360679774997898,159,2019,1,4,21.386865705496536,83.88804991339636,0.4607302,-0.42585742,2020,1593.7226981279111,"{""geodesic"":false,""type"":""Point"",""coordinates"":[83.88804991339636,21.386865705496536]}"
665,0.0,186,2019,1,4,21.441483274771006,84.15251393304115,-0.19169961,0.23796709,2020,1579.7558364199476,"{""geodesic"":false,""type"":""Point"",""coordinates"":[84.15251393304115,21.441483274771006]}"
666,30.0,139,2019,1,0,21.394591216939965,83.97599497971167,0.35379,-0.23473231,2020,1688.5246803463074,"{""geodesic"":false,""type"":""Point"",""coordinates"":[83.97599497971167,21.394591216939965]}"
667,30.0,158,2019,1,0,21.4542393518055,83.94356579795495,0.60388196,-0.48484334,2020,1651.9320563661308,"{""geodesic"":false,""type"":""Point"",""coordinates"":[83.94356579795495,21.4542393518055]}"
668,28.284271247461902,185,2019,1,1,21.525745248421416,83.96296940809194,0.36008468,-0.40955895,2020,1642.6080346339731,"{""geodesic"":false,""type"":""Point"",""coordinates"":[83.96296940809194,21.525745248421416]}"
669,28.284271247461902,178,2019,1,0,21.449388449271257,83.90098565348768,-0.006531947,0.14887801,2020,1647.069976108939,"{""geodesic"":false,""type"":""Point"",""coordinates"":[83.90098565348768,21.449388449271257]}"
670,30.0,141,2019,1,0,21.430433996776333,83.97491700137073,0.24203503,-0.2838642,2020,1639.734637070956,"{""geodesic"":false,""type"":""Point"",""coordinates"":[83.97491700137073,21.430433996776333]}"
671,20.0,186,2019,1,4,21.441573106299415,84.15233426998432,0.1194459,-0.14030166,2020,1579.7558364199476,"{""geodesic"":false,""type"":""Point"",""coordinates"":[84.15233426998432,21.441573106299415]}"
672,30.0,189,2019,1,0,21.580901806866354,84.00959197133774,0.49423715,-0.46207324,2020,1594.5462688984794,"{""geodesic"":false,""type"":""Point"",""coordinates"":[84.00959197133774,21.580901806866354]}"
673,10.0,179,2019,1,0,21.448939291629195,83.90125514807292,0.0029680617,0.072842754,2020,1647.069976108939,"{""geodesic"":false,""type"":""Point"",""coordinates"":[83.90125514807292,21.448939291629195]}"
674,28.284271247461902,162,2019,1,0,21.505802649113964,83.87709046693011,0.33695063,-0.35907337,2020,1640.2204654872462,"{""geodesic"":false,""type"":""Point"",""coordinates"":[83.87709046693011,21.505802649113964]}"
675,28.284271247461902,193,2019,1,3,21.553323527643887,84.14613589452391,0.43765286,-0.43565315,2020,1510.699908208047,"{""geodesic"":false,""type"":""Point"",""coordinates"":[84.14613589452391,21.553323527643887]}"
676,20.0,158,2019,1,0,21.485680386749685,83.92038926362467,0.12612471,0.066645734,2020,1651.9320563661308,"{""geodesic"":false,""type"":""Point"",""coordinates"":[83.92038926362467,21.485680386749685]}"
677,30.0,144,2019,1,0,21.373390976234745,83.91446038274948,0.40324572,-0.35306284,2020,1685.77723072657,"{""geodesic"":false,""type"":""Point"",""coordinates"":[83.91446038274948,21.373390976234745]}"
678,30.0,145,2019,1,0,21.43797984516294,83.97258138163201,0.5204342,-0.4907649,2020,1639.734637070956,"{""geodesic"":false,""type"":""Point"",""coordinates"":[83.97258138163201,21.43797984516294]}"
679,22.360679774997898,158,2019,1,0,21.488016006488397,83.9168858340166,0.12223915,0.02660969,2020,1651.9320563661308,"{""geodesic"":false,""type"":""Point"",""coordinates"":[83.9168858340166,21.488016006488397]}"
680,30.0,176,2019,1,3,21.459629243510218,84.10122013031793,0.137593,-0.18416524,2020,1591.9735097484568,"{""geodesic"":false,""type"":""Point"",""coordinates"":[84.10122013031793,21.459629243510218]}"
681,22.360679774997898,159,2019,1,6,21.373840133876804,83.88625328282812,0.29448268,-0.32385316,2020,1593.7226981279111,"{""geodesic"":false,""type"":""Point"",""coordinates"":[83.88625328282812,21.373840133876804]}"
682,22.360679774997898,181,2019,1,0,21.56733724607615,84.10669985355105,0.31996256,-0.25966734,2020,1510.699908208047,"{""geodesic"":false,""type"":""Point"",""coordinates"":[84.10669985355105,21.56733724607615]}"
683,28.284271247461902,158,2019,1,0,21.477775212249433,83.9702457618933,0.034891836,0.059538037,2020,1645.5226784301835,"{""geodesic"":false,""type"":""Point"",""coordinates"":[83.9702457618933,21.477775212249433]}"
684,28.284271247461902,134,2019,1,0,21.365934959376553,83.94437428171067,0.17432123,-0.1472247,2020,1685.77723072657,"{""geodesic"":false,""type"":""Point"",""coordinates"":[83.94437428171067,21.365934959376553]}"
685,10.0,192,2019,1,0,21.526553732177124,84.1566461833481,0.06136928,0.12255614,2020,1535.0835264685138,"{""geodesic"":false,""type"":""Point"",""coordinates"":[84.1566461833481,21.526553732177124]}"
686,30.0,141,2019,1,0,21.430164502191097,83.97518649595595,0.095463574,0.012418779,2020,1639.734637070956,"{""geodesic"":false,""type"":""Point"",""coordinates"":[83.97518649595595,21.430164502191097]}"
687,10.0,175,2019,1,0,21.577757703371937,84.06690448646457,0.022037264,0.118183486,2020,1538.918787408697,"{""geodesic"":false,""type"":""Point"",""coordinates"":[84.06690448646457,21.577757703371937]}"
688,22.360679774997898,155,2019,1,0,21.461695368663694,84.06007729030526,0.21329305,-0.118247636,2020,1592.1215501536285,"{""geodesic"":false,""type"":""Point"",""coordinates"":[84.06007729030526,21.461695368663694]}"
689,30.0,143,2019,1,1,21.41273718567918,83.99782404111576,0.633553,-0.5678197,2020,1639.734637070956,"{""geodesic"":false,""type"":""Point"",""coordinates"":[83.99782404111576,21.41273718567918]}"
690,22.360679774997898,144,2019,1,3,21.4587309282261,83.96225075586463,0.22326875,-0.101797715,2020,1645.5226784301835,"{""geodesic"":false,""type"":""Point"",""coordinates"":[83.96225075586463,21.4587309282261]}"
691,0.0,191,2019,1,0,21.526733395233947,84.15619702570604,0.008707301,0.17351139,2020,1535.0835264685138,"{""geodesic"":false,""type"":""Point"",""coordinates"":[84.15619702570604,21.526733395233947]}"
692,20.0,134,2019,1,0,21.353538208455703,83.92532999768733,0.33994797,-0.23749495,2020,1685.77723072657,"{""geodesic"":false,""type"":""Point"",""coordinates"":[83.92532999768733,21.353538208455703]}"
693,0.0,160,2019,1,0,21.390279303576193,83.88849907103842,-0.059482154,0.2356688,2020,1593.7226981279111,"{""geodesic"":false,""type"":""Point"",""coordinates"":[83.88849907103842,21.390279303576193]}"
694,30.0,175,2019,1,1,21.42046269712261,83.89784154999327,0.46725848,-0.4694292,2020,1656.2454784957147,"{""geodesic"":false,""type"":""Point"",""coordinates"":[83.89784154999327,21.42046269712261]}"
695,28.284271247461902,195,2019,1,0,21.52682322676236,84.17443282597367,0.55926913,-0.4981258,2020,1535.0835264685138,"{""geodesic"":false,""type"":""Point"",""coordinates"":[84.17443282597367,21.52682322676236]}"
696,30.0,146,2019,1,0,21.474720940283426,83.94760821673349,0.3730733,-0.38096976,2020,1651.9320563661308,"{""geodesic"":false,""type"":""Point"",""coordinates"":[83.94760821673349,21.474720940283426]}"
697,0.0,161,2019,1,0,21.45504783556121,84.0318701903839,-0.07042254,0.17629048,2020,1613.118863210927,"{""geodesic"":false,""type"":""Point"",""coordinates"":[84.0318701903839,21.45504783556121]}"
698,30.0,192,2019,1,4,21.56149819672937,84.16203607505282,0.43473923,-0.45778403,2020,1509.0079417944821,"{""geodesic"":false,""type"":""Point"",""coordinates"":[84.16203607505282,21.56149819672937]}"
699,28.284271247461902,145,2019,1,5,21.490261794698693,83.9303605632784,0.375464,-0.37136224,2020,1651.9320563661308,"{""geodesic"":false,""type"":""Point"",""coordinates"":[83.9303605632784,21.490261794698693]}"
700,30.0,168,2019,1,0,21.422798316861318,83.91814347541437,0.36763808,-0.3490647,2020,1647.069976108939,"{""geodesic"":false,""type"":""Point"",""coordinates"":[83.91814347541437,21.422798316861318]}"
701,14.142135623730951,187,2019,1,0,21.58162045909365,84.03842789195797,0.10168615,-0.046888825,2020,1594.5462688984794,"{""geodesic"":false,""type"":""Point"",""coordinates"":[84.03842789195797,21.58162045909365]}"
702,0.0,188,2019,1,0,21.401867570741334,84.1243068331198,-0.03062302,0.18167232,2020,1613.539233859976,"{""geodesic"":false,""type"":""Point"",""coordinates"":[84.1243068331198,21.401867570741334]}"
703,20.0,172,2019,1,4,21.420013539480546,83.89784154999327,0.307796,-0.3108784,2020,1656.2454784957147,"{""geodesic"":false,""type"":""Point"",""coordinates"":[83.89784154999327,21.420013539480546]}"
704,22.360679774997898,160,2019,1,0,21.390009808990957,83.88849907103842,0.1613913,-0.23096775,2020,1593.7226981279111,"{""geodesic"":false,""type"":""Point"",""coordinates"":[83.88849907103842,21.390009808990957]}"
705,30.0,151,2019,1,0,21.372851987064273,83.91446038274948,0.3311642,-0.35748798,2020,1685.77723072657,"{""geodesic"":false,""type"":""Point"",""coordinates"":[83.91446038274948,21.372851987064273]}"
706,30.0,138,2019,1,0,21.445166367435895,83.96988643577966,0.3500013,-0.3161112,2020,1639.734637070956,"{""geodesic"":false,""type"":""Point"",""coordinates"":[83.96988643577966,21.445166367435895]}"
707,28.284271247461902,149,2019,1,0,21.377882552655343,83.91401122510742,0.026055565,0.106919765,2020,1685.77723072657,"{""geodesic"":false,""type"":""Point"",""coordinates"":[83.91401122510742,21.377882552655343]}"
708,20.0,179,2019,1,0,21.523050302569057,84.15053763941609,0.25386333,-0.33300978,2020,1535.0835264685138,"{""geodesic"":false,""type"":""Point"",""coordinates"":[84.15053763941609,21.523050302569057]}"
709,10.0,156,2019,1,0,21.45325120499297,83.94293697725607,0.02547008,0.12691839,2020,1651.9320563661308,"{""geodesic"":false,""type"":""Point"",""coordinates"":[83.94293697725607,21.45325120499297]}"
710,22.360679774997898,163,2019,1,0,21.41228802803712,83.9243418508748,0.15599786,-0.10133106,2020,1647.069976108939,"{""geodesic"":false,""type"":""Point"",""coordinates"":[83.9243418508748,21.41228802803712]}"
711,14.142135623730951,160,2019,1,0,21.470139532334418,84.12709161050057,0.14516549,-0.0578393,2020,1591.9735097484568,"{""geodesic"":false,""type"":""Point"",""coordinates"":[84.12709161050057,21.470139532334418]}"
712,10.0,169,2019,1,0,21.464390314516052,83.91338240440854,3.1956602E-4,0.13596806,2020,1651.9320563661308,"{""geodesic"":false,""type"":""Point"",""coordinates"":[83.91338240440854,21.464390314516052]}"
713,28.284271247461902,151,2019,1,0,21.471307342203772,84.0581009966802,0.3816151,-0.38103637,2020,1592.1215501536285,"{""geodesic"":false,""type"":""Point"",""coordinates"":[84.0581009966802,21.471307342203772]}"
714,28.284271247461902,158,2019,1,0,21.453790194163442,83.94338613489813,0.46921858,-0.36483213,2020,1651.9320563661308,"{""geodesic"":false,""type"":""Point"",""coordinates"":[83.94338613489813,21.453790194163442]}"
715,22.360679774997898,160,2019,1,4,21.427289893281916,83.95093198328473,0.37134963,-0.42219108,2020,1639.734637070956,"{""geodesic"":false,""type"":""Point"",""coordinates"":[83.95093198328473,21.427289893281916]}"
716,22.360679774997898,199,2019,1,1,21.390728461218252,84.14963932413197,0.5333619,-0.52152854,2020,1567.9896123734002,"{""geodesic"":false,""type"":""Point"",""coordinates"":[84.14963932413197,21.390728461218252]}"
717,22.360679774997898,180,2019,1,0,21.44911895468602,83.90134497960133,-0.0089238845,0.07322911,2020,1647.069976108939,"{""geodesic"":false,""type"":""Point"",""coordinates"":[83.90134497960133,21.44911895468602]}"
718,28.284271247461902,177,2019,1,4,21.448040976345077,84.11649149014796,0.3236574,-0.36263955,2020,1613.539233859976,"{""geodesic"":false,""type"":""Point"",""coordinates"":[84.11649149014796,21.448040976345077]}"
719,20.0,135,2019,1,0,21.35668231195012,83.92604864991462,0.18506579,-0.100957684,2020,1685.77723072657,"{""geodesic"":false,""type"":""Point"",""coordinates"":[83.92604864991462,21.35668231195012]}"
720,30.0,178,2019,1,1,21.4609767164364,84.10059130961905,0.4232651,-0.4724581,2020,1591.9735097484568,"{""geodesic"":false,""type"":""Point"",""coordinates"":[84.10059130961905,21.4609767164364]}"
721,22.360679774997898,147,2019,1,0,21.436273046123112,83.97347969691613,0.20029403,-0.15133767,2020,1639.734637070956,"{""geodesic"":false,""type"":""Point"",""coordinates"":[83.97347969691613,21.436273046123112]}"
722,0.0,133,2019,1,0,21.350483936489695,83.91733499165866,-0.03780069,0.15768445,2020,1685.77723072657,"{""geodesic"":false,""type"":""Point"",""coordinates"":[83.91733499165866,21.350483936489695]}"
723,10.0,136,2019,1,0,21.43429675249805,83.97464750678549,0.042662915,0.078283295,2020,1639.734637070956,"{""geodesic"":false,""type"":""Point"",""coordinates"":[83.97464750678549,21.43429675249805]}"
724,22.360679774997898,185,2019,1,4,21.441393443242593,84.15269359609798,0.32829133,-0.40851486,2020,1579.7558364199476,"{""geodesic"":false,""type"":""Point"",""coordinates"":[84.15269359609798,21.441393443242593]}"
725,0.0,149,2019,1,0,21.377074068899635,83.91490954039153,-0.031687614,0.15996751,2020,1685.77723072657,"{""geodesic"":false,""type"":""Point"",""coordinates"":[83.91490954039153,21.377074068899635]}"
726,22.360679774997898,160,2019,1,0,21.478224369891493,84.09627939625527,0.25473744,-0.3155067,2020,1592.1215501536285,"{""geodesic"":false,""type"":""Point"",""coordinates"":[84.09627939625527,21.478224369891493]}"
727,22.360679774997898,160,2019,1,4,21.519816367546227,83.94176916738671,0.263944,-0.34423524,2020,1631.9175470884852,"{""geodesic"":false,""type"":""Point"",""coordinates"":[83.94176916738671,21.519816367546227]}"
728,30.0,163,2019,1,0,21.389919977462544,83.88742109269748,0.43198946,-0.46628284,2020,1593.7226981279111,"{""geodesic"":false,""type"":""Point"",""coordinates"":[83.88742109269748,21.389919977462544]}"
729,28.284271247461902,146,2019,1,4,21.415791457645184,84.02306670059953,0.54650915,-0.5164034,2020,1671.026536732158,"{""geodesic"":false,""type"":""Point"",""coordinates"":[84.02306670059953,21.415791457645184]}"
730,22.360679774997898,144,2019,1,0,21.43537473083899,83.97617464276848,0.20247467,-0.10218648,2020,1639.734637070956,"{""geodesic"":false,""type"":""Point"",""coordinates"":[83.97617464276848,21.43537473083899]}"
731,0.0,136,2019,1,0,21.35066359954652,83.91751465471549,0.0051876567,0.15073413,2020,1685.77723072657,"{""geodesic"":false,""type"":""Point"",""coordinates"":[83.91751465471549,21.35066359954652]}"
732,0.0,173,2019,1,0,21.43797984516294,84.12700177897216,-0.0034958369,0.17822805,2020,1613.539233859976,"{""geodesic"":false,""type"":""Point"",""coordinates"":[84.12700177897216,21.43797984516294]}"
733,28.284271247461902,212,2019,1,0,21.365216307149257,84.08927253703914,0.37030688,-0.36121225,2020,1563.0691775924818,"{""geodesic"":false,""type"":""Point"",""coordinates"":[84.08927253703914,21.365216307149257]}"
734,20.0,160,2019,1,0,21.537153852529734,84.05980779572002,0.5754717,-0.46288812,2020,1575.1144623941852,"{""geodesic"":false,""type"":""Point"",""coordinates"":[84.05980779572002,21.537153852529734]}"
735,30.0,165,2019,1,1,21.47031919539124,84.12511531687551,0.3427041,-0.39994654,2020,1591.9735097484568,"{""geodesic"":false,""type"":""Point"",""coordinates"":[84.12511531687551,21.47031919539124]}"
736,22.360679774997898,159,2019,1,0,21.493226235136287,83.91410105663583,0.13581432,-0.059031628,2020,1651.9320563661308,"{""geodesic"":false,""type"":""Point"",""coordinates"":[83.91410105663583,21.493226235136287]}"
737,22.360679774997898,142,2019,1,0,21.500861915051306,83.91248408912442,0.31233272,-0.23396909,2020,1631.9175470884852,"{""geodesic"":false,""type"":""Point"",""coordinates"":[83.91248408912442,21.500861915051306]}"
738,28.284271247461902,160,2019,1,1,21.51891805226211,83.90772301811859,0.48971608,-0.49018133,2020,1631.9175470884852,"{""geodesic"":false,""type"":""Point"",""coordinates"":[83.90772301811859,21.51891805226211]}"
739,30.0,135,2019,1,0,21.41354566943489,83.97419834914342,0.3166849,-0.26202095,2020,1639.734637070956,"{""geodesic"":false,""type"":""Point"",""coordinates"":[83.97419834914342,21.41354566943489]}"
740,28.284271247461902,206,2019,1,1,21.594286704599735,84.0183056295937,0.40433222,-0.4326782,2020,1594.5462688984794,"{""geodesic"":false,""type"":""Point"",""coordinates"":[84.0183056295937,21.594286704599735]}"
741,30.0,161,2019,1,5,21.51999603060305,83.94158950432988,0.12982446,-0.2471654,2020,1631.9175470884852,"{""geodesic"":false,""type"":""Point"",""coordinates"":[83.94158950432988,21.51999603060305]}"
742,30.0,158,2019,1,0,21.46196486324893,84.05908914349273,0.37432638,-0.35034564,2020,1592.1215501536285,"{""geodesic"":false,""type"":""Point"",""coordinates"":[84.05908914349273,21.46196486324893]}"
743,20.0,195,2019,1,0,21.58889681289502,84.04031435405463,0.22077599,-0.20051445,2020,1594.5462688984794,"{""geodesic"":false,""type"":""Point"",""coordinates"":[84.04031435405463,21.58889681289502]}"
744,28.284271247461902,196,2019,1,5,21.58898664442343,84.03959570182732,0.33198872,-0.3871578,2020,1594.5462688984794,"{""geodesic"":false,""type"":""Point"",""coordinates"":[84.03959570182732,21.58898664442343]}"
745,28.284271247461902,182,2019,1,0,21.439237486560707,84.13661375251223,0.22646274,-0.1725157,2020,1613.539233859976,"{""geodesic"":false,""type"":""Point"",""coordinates"":[84.13661375251223,21.439237486560707]}"
746,22.360679774997898,161,2019,1,0,21.390458966633016,83.88822957645318,0.38550237,-0.40805808,2020,1593.7226981279111,"{""geodesic"":false,""type"":""Point"",""coordinates"":[83.88822957645318,21.390458966633016]}"
747,30.0,135,2019,1,0,21.366114622433376,83.94428445018225,0.14684212,-0.09662566,2020,1685.77723072657,"{""geodesic"":false,""type"":""Point"",""coordinates"":[83.94428445018225,21.366114622433376]}"
748,28.284271247461902,158,2019,1,0,21.440584959486884,83.95102181481315,0.44138655,-0.42352057,2020,1639.734637070956,"{""geodesic"":false,""type"":""Point"",""coordinates"":[83.95102181481315,21.440584959486884]}"
749,10.0,202,2019,1,0,21.3768045743144,84.14586639993867,0.1726681,-0.047239613,2020,1567.9896123734002,"{""geodesic"":false,""type"":""Point"",""coordinates"":[84.14586639993867,21.3768045743144]}"
750,28.284271247461902,147,2019,1,0,21.376894405842812,83.91517903497677,0.004539788,0.12814601,2020,1685.77723072657,"{""geodesic"":false,""type"":""Point"",""coordinates"":[83.91517903497677,21.376894405842812]}"
751,14.142135623730951,150,2019,1,0,21.471037847618536,84.05837049126542,0.024727993,0.02049637,2020,1592.1215501536285,"{""geodesic"":false,""type"":""Point"",""coordinates"":[84.05837049126542,21.471037847618536]}"
752,30.0,189,2019,1,6,21.40321504366751,84.12170171879585,0.5382689,-0.47386503,2020,1613.539233859976,"{""geodesic"":false,""type"":""Point"",""coordinates"":[84.12170171879585,21.40321504366751]}"
753,28.284271247461902,147,2019,1,4,21.415342300003125,84.02306670059953,0.52607733,-0.49744716,2020,1671.026536732158,"{""geodesic"":false,""type"":""Point"",""coordinates"":[84.02306670059953,21.415342300003125]}"
754,0.0,135,2019,1,0,21.435464562367404,83.97482716984231,-0.037948906,0.16592014,2020,1639.734637070956,"{""geodesic"":false,""type"":""Point"",""coordinates"":[83.97482716984231,21.435464562367404]}"
755,20.0,186,2019,1,0,21.40168790768451,84.12475599076186,0.4687831,-0.3758761,2020,1613.539233859976,"{""geodesic"":false,""type"":""Point"",""coordinates"":[84.12475599076186,21.40168790768451]}"
756,22.360679774997898,160,2019,1,0,21.39063862968984,83.88742109269748,0.09606453,0.04846787,2020,1593.7226981279111,"{""geodesic"":false,""type"":""Point"",""coordinates"":[83.88742109269748,21.39063862968984]}"
757,22.360679774997898,156,2019,1,0,21.394052227769492,83.92227572572132,0.28321236,-0.21482237,2020,1685.77723072657,"{""geodesic"":false,""type"":""Point"",""coordinates"":[83.92227572572132,21.394052227769492]}"
758,14.142135623730951,134,2019,1,0,21.353628039984116,83.92524016615891,0.04899166,0.094184525,2020,1685.77723072657,"{""geodesic"":false,""type"":""Point"",""coordinates"":[83.92524016615891,21.353628039984116]}"
759,14.142135623730951,163,2019,1,0,21.411120218167763,83.87493451024822,0.27636907,-0.1350071,2020,1656.2454784957147,"{""geodesic"":false,""type"":""Point"",""coordinates"":[83.87493451024822,21.411120218167763]}"
760,20.0,159,2019,1,0,21.453430868049793,83.94338613489813,0.40288943,-0.27171898,2020,1651.9320563661308,"{""geodesic"":false,""type"":""Point"",""coordinates"":[83.94338613489813,21.453430868049793]}"
761,22.360679774997898,195,2019,1,7,21.58018315463906,84.12098306656856,-0.0036855142,-0.0054593715,2020,1510.699908208047,"{""geodesic"":false,""type"":""Point"",""coordinates"":[84.12098306656856,21.58018315463906]}"
762,28.284271247461902,156,2019,1,0,21.43717136140723,83.94859636354602,0.6007149,-0.46617633,2020,1647.069976108939,"{""geodesic"":false,""type"":""Point"",""coordinates"":[83.94859636354602,21.43717136140723]}"
763,28.284271247461902,145,2019,1,0,21.49798730614212,83.9153586980336,0.25332454,-0.28170264,2020,1651.9320563661308,"{""geodesic"":false,""type"":""Point"",""coordinates"":[83.9153586980336,21.49798730614212]}"
764,10.0,170,2019,1,0,21.413455837906476,83.87053276535603,0.10459708,-0.017739685,2020,1656.2454784957147,"{""geodesic"":false,""type"":""Point"",""coordinates"":[83.87053276535603,21.413455837906476]}"
765,30.0,137,2019,1,0,21.41094055511094,83.97338986538772,0.17214523,-0.07010014,2020,1639.734637070956,"{""geodesic"":false,""type"":""Point"",""coordinates"":[83.97338986538772,21.41094055511094]}"
766,30.0,159,2019,1,0,21.506341638284432,83.87610232011758,0.3529563,-0.3789416,2020,1640.2204654872462,"{""geodesic"":false,""type"":""Point"",""coordinates"":[83.87610232011758,21.506341638284432]}"
767,20.0,200,2019,1,0,21.364677317978785,84.15161561775703,0.07829889,-0.028040925,2020,1552.724454099584,"{""geodesic"":false,""type"":""Point"",""coordinates"":[84.15161561775703,21.364677317978785]}"
768,14.142135623730951,173,2019,1,1,21.477146391550548,84.0768757861183,0.06167109,-0.014254038,2020,1592.1215501536285,"{""geodesic"":false,""type"":""Point"",""coordinates"":[84.0768757861183,21.477146391550548]}"
769,20.0,137,2019,1,0,21.43492557319693,83.97536615901278,0.16871692,-0.09092717,2020,1639.734637070956,"{""geodesic"":false,""type"":""Point"",""coordinates"":[83.97536615901278,21.43492557319693]}"
770,20.0,178,2019,1,1,21.48963297399981,83.8680174825605,0.42109978,-0.40791947,2020,1601.671297309023,"{""geodesic"":false,""type"":""Point"",""coordinates"":[83.8680174825605,21.48963297399981]}"
771,10.0,133,2019,1,0,21.35057376801811,83.91724516013025,0.0022732227,0.123689726,2020,1685.77723072657,"{""geodesic"":false,""type"":""Point"",""coordinates"":[83.91724516013025,21.35057376801811]}"
772,22.360679774997898,160,2019,1,5,21.475170097925485,84.08693691730042,0.426676,-0.42626312,2020,1592.1215501536285,"{""geodesic"":false,""type"":""Point"",""coordinates"":[84.08693691730042,21.475170097925485]}"
773,28.284271247461902,199,2019,1,1,21.390369135104603,84.14883084037626,0.557682,-0.54530424,2020,1567.9896123734002,"{""geodesic"":false,""type"":""Point"",""coordinates"":[84.14883084037626,21.390369135104603]}"
774,10.0,190,2019,1,0,21.57021185498533,84.1310441977507,0.29501036,-0.2360245,2020,1510.699908208047,"{""geodesic"":false,""type"":""Point"",""coordinates"":[84.1310441977507,21.57021185498533]}"
775,20.0,183,2019,1,5,21.557276114894012,84.0897216946812,0.3064559,-0.3346639,2020,1538.918787408697,"{""geodesic"":false,""type"":""Point"",""coordinates"":[84.0897216946812,21.557276114894012]}"
776,28.284271247461902,136,2019,1,0,21.41381516402012,83.97437801220025,0.2217199,-0.14727762,2020,1639.734637070956,"{""geodesic"":false,""type"":""Point"",""coordinates"":[83.97437801220025,21.41381516402012]}"
777,10.0,170,2019,1,0,21.46430048298764,83.91347223593695,-0.011730674,0.12347097,2020,1651.9320563661308,"{""geodesic"":false,""type"":""Point"",""coordinates"":[83.91347223593695,21.46430048298764]}"
778,22.360679774997898,143,2019,1,3,21.463312336175107,83.95991513612593,0.5245163,-0.3995508,2020,1645.5226784301835,"{""geodesic"":false,""type"":""Point"",""coordinates"":[83.95991513612593,21.463312336175107]}"
779,10.0,143,2019,1,0,21.496819496272767,83.91643667637454,0.06407686,0.03859053,2020,1651.9320563661308,"{""geodesic"":false,""type"":""Point"",""coordinates"":[83.91643667637454,21.496819496272767]}"
780,28.284271247461902,152,2019,1,7,21.53149446623978,83.880773559595,0.046888724,-0.12455707,2020,1640.2204654872462,"{""geodesic"":false,""type"":""Point"",""coordinates"":[83.880773559595,21.53149446623978]}"
781,10.0,156,2019,1,0,21.462234357834166,84.05989762724843,0.19677852,-0.06262131,2020,1592.1215501536285,"{""geodesic"":false,""type"":""Point"",""coordinates"":[84.05989762724843,21.462234357834166]}"
782,22.360679774997898,144,2019,1,0,21.477146391550548,83.93763691707976,0.35101187,-0.2561171,2020,1651.9320563661308,"{""geodesic"":false,""type"":""Point"",""coordinates"":[83.93763691707976,21.477146391550548]}"
783,10.0,174,2019,1,0,21.447412155646195,84.1160423325059,0.18590556,-0.15491815,2020,1613.539233859976,"{""geodesic"":false,""type"":""Point"",""coordinates"":[84.1160423325059,21.447412155646195]}"
784,28.284271247461902,162,2019,1,0,21.474541277226603,83.92712662825556,0.351185,-0.41105294,2020,1651.9320563661308,"{""geodesic"":false,""type"":""Point"",""coordinates"":[83.92712662825556,21.474541277226603]}"
785,20.0,157,2019,1,0,21.440225633373238,83.94940484730172,0.07789081,0.09794819,2020,1647.069976108939,"{""geodesic"":false,""type"":""Point"",""coordinates"":[83.94940484730172,21.440225633373238]}"
786,28.284271247461902,143,2019,1,0,21.43474591014011,83.97536615901278,0.35723096,-0.32283232,2020,1639.734637070956,"{""geodesic"":false,""type"":""Point"",""coordinates"":[83.97536615901278,21.43474591014011]}"
787,10.0,138,2019,1,0,21.439596812674353,83.97222205551836,-0.004157684,0.14724003,2020,1639.734637070956,"{""geodesic"":false,""type"":""Point"",""coordinates"":[83.97222205551836,21.439596812674353]}"
788,28.284271247461902,158,2019,1,4,21.37446895457569,83.88616345129971,0.33811477,-0.40008578,2020,1593.7226981279111,"{""geodesic"":false,""type"":""Point"",""coordinates"":[83.88616345129971,21.37446895457569]}"
789,28.284271247461902,194,2019,1,0,21.56104903908731,84.16230556963805,0.36437127,-0.40350208,2020,1509.0079417944821,"{""geodesic"":false,""type"":""Point"",""coordinates"":[84.16230556963805,21.56104903908731]}"
790,22.360679774997898,175,2019,1,4,21.47669723390849,84.0769656176467,0.19228487,-0.27826086,2020,1592.1215501536285,"{""geodesic"":false,""type"":""Point"",""coordinates"":[84.0769656176467,21.47669723390849]}"
791,28.284271247461902,165,2019,1,6,21.504185681602547,83.87987524431088,0.39350715,-0.4172672,2020,1640.2204654872462,"{""geodesic"":false,""type"":""Point"",""coordinates"":[83.87987524431088,21.504185681602547]}"
792,28.284271247461902,141,2019,1,0,21.43977647573118,83.97294070774566,0.03439325,0.079875894,2020,1639.734637070956,"{""geodesic"":false,""type"":""Point"",""coordinates"":[83.97294070774566,21.43977647573118]}"
793,28.284271247461902,165,2019,1,0,21.51218068763121,83.85813601443519,0.39967373,-0.43018335,2020,1640.2204654872462,"{""geodesic"":false,""type"":""Point"",""coordinates"":[83.85813601443519,21.51218068763121]}"
794,28.284271247461902,150,2019,1,0,21.453341036521383,83.9626999135067,0.33733657,-0.29184216,2020,1645.5226784301835,"{""geodesic"":false,""type"":""Point"",""coordinates"":[83.9626999135067,21.453341036521383]}"
795,22.360679774997898,164,2019,1,0,21.411120218167763,83.87439552107774,0.16231954,-0.076165624,2020,1656.2454784957147,"{""geodesic"":false,""type"":""Point"",""coordinates"":[83.87439552107774,21.411120218167763]}"
796,22.360679774997898,157,2019,1,0,21.401957402269744,83.92101808432355,0.493773,-0.33257553,2020,1647.069976108939,"{""geodesic"":false,""type"":""Point"",""coordinates"":[83.92101808432355,21.401957402269744]}"
797,28.284271247461902,176,2019,1,0,21.447232492589368,84.11595250097749,0.33156478,-0.37955588,2020,1613.539233859976,"{""geodesic"":false,""type"":""Point"",""coordinates"":[84.11595250097749,21.447232492589368]}"
798,10.0,174,2019,1,0,21.577667871843524,84.06717398104979,-0.008720931,0.1452563,2020,1538.918787408697,"{""geodesic"":false,""type"":""Point"",""coordinates"":[84.06717398104979,21.577667871843524]}"
799,14.142135623730951,177,2019,1,0,21.447951144816663,84.11640165861955,0.17520015,-0.19015744,2020,1613.539233859976,"{""geodesic"":false,""type"":""Point"",""coordinates"":[84.11640165861955,21.447951144816663]}"
800,14.142135623730951,192,2019,1,0,21.526643563705534,84.1566461833481,0.06643156,0.10143245,2020,1535.0835264685138,"{""geodesic"":false,""type"":""Point"",""coordinates"":[84.1566461833481,21.526643563705534]}"
801,28.284271247461902,139,2019,1,0,21.43348826874234,83.9755458220696,0.2886168,-0.21112162,2020,1639.734637070956,"{""geodesic"":false,""type"":""Point"",""coordinates"":[83.9755458220696,21.43348826874234]}"
802,0.0,204,2019,1,0,21.377433395013284,84.14730370439325,-0.055752214,0.22737147,2020,1567.9896123734002,"{""geodesic"":false,""type"":""Point"",""coordinates"":[84.14730370439325,21.377433395013284]}"
803,22.360679774997898,195,2019,1,1,21.541286102836683,84.15781399321746,0.4551384,-0.46338937,2020,1535.0835264685138,"{""geodesic"":false,""type"":""Point"",""coordinates"":[84.15781399321746,21.541286102836683]}"
804,22.360679774997898,182,2019,1,0,21.568055898303445,84.10750833730677,-0.0013927576,0.073186405,2020,1510.699908208047,"{""geodesic"":false,""type"":""Point"",""coordinates"":[84.10750833730677,21.568055898303445]}"
805,22.360679774997898,143,2019,1,0,21.48675836509063,83.9303605632784,0.11589703,-0.0056084055,2020,1651.9320563661308,"{""geodesic"":false,""type"":""Point"",""coordinates"":[83.9303605632784,21.48675836509063]}"
806,22.360679774997898,143,2019,1,0,21.486668533562217,83.93027073174999,0.32175487,-0.27984345,2020,1651.9320563661308,"{""geodesic"":false,""type"":""Point"",""coordinates"":[83.93027073174999,21.486668533562217]}"
807,28.284271247461902,152,2019,1,7,21.51775024239275,83.88113288570864,0.12820514,-0.2039801,2020,1640.2204654872462,"{""geodesic"":false,""type"":""Point"",""coordinates"":[83.88113288570864,21.51775024239275]}"
808,28.284271247461902,134,2019,1,0,21.35982641544454,83.92613848144303,0.22546542,-0.11611102,2020,1685.77723072657,"{""geodesic"":false,""type"":""Point"",""coordinates"":[83.92613848144303,21.35982641544454]}"
809,28.284271247461902,147,2019,1,0,21.453520699578206,83.96207109280782,0.46105212,-0.40277627,2020,1645.5226784301835,"{""geodesic"":false,""type"":""Point"",""coordinates"":[83.96207109280782,21.453520699578206]}"
810,14.142135623730951,200,2019,1,0,21.376535079729162,84.14550707382502,0.25,-0.16804682,2020,1567.9896123734002,"{""geodesic"":false,""type"":""Point"",""coordinates"":[84.14550707382502,21.376535079729162]}"
811,20.0,144,2019,1,0,21.411389712753,83.99459010609294,0.53600353,-0.44710976,2020,1639.734637070956,"{""geodesic"":false,""type"":""Point"",""coordinates"":[83.99459010609294,21.411389712753]}"
812,20.0,150,2019,1,0,21.47112767914695,84.05846032279383,0.36685917,-0.34776804,2020,1592.1215501536285,"{""geodesic"":false,""type"":""Point"",""coordinates"":[84.05846032279383,21.47112767914695]}"
813,10.0,159,2019,1,0,21.531314803182955,84.04121266933875,0.37198067,-0.29364502,2020,1604.2903165050075,"{""geodesic"":false,""type"":""Point"",""coordinates"":[84.04121266933875,21.531314803182955]}"
814,20.0,133,2019,1,0,21.36683327466067,83.94599124922208,0.32307222,-0.23138094,2020,1685.77723072657,"{""geodesic"":false,""type"":""Point"",""coordinates"":[83.94599124922208,21.36683327466067]}"
815,30.0,158,2019,1,0,21.491699099153287,83.90951964868682,0.43123978,-0.3889597,2020,1651.9320563661308,"{""geodesic"":false,""type"":""Point"",""coordinates"":[83.90951964868682,21.491699099153287]}"
816,28.284271247461902,176,2019,1,3,21.459539411981808,84.10148962490317,0.29666346,-0.35328248,2020,1591.9735097484568,"{""geodesic"":false,""type"":""Point"",""coordinates"":[84.10148962490317,21.459539411981808]}"
817,30.0,201,2019,1,0,21.377613058070107,84.14676471522279,0.074876845,-0.0125290025,2020,1567.9896123734002,"{""geodesic"":false,""type"":""Point"",""coordinates"":[84.14676471522279,21.377613058070107]}"
818,30.0,160,2019,1,4,21.427110230225093,83.9507523202279,0.12117376,-0.18750863,2020,1639.734637070956,"{""geodesic"":false,""type"":""Point"",""coordinates"":[83.9507523202279,21.427110230225093]}"
819,28.284271247461902,192,2019,1,0,21.58036281769588,84.01022079203662,0.50705147,-0.44451904,2020,1594.5462688984794,"{""geodesic"":false,""type"":""Point"",""coordinates"":[84.01022079203662,21.58036281769588]}"
820,20.0,155,2019,1,0,21.436452709179935,83.94257765114241,0.20138144,-0.032578815,2020,1647.069976108939,"{""geodesic"":false,""type"":""Point"",""coordinates"":[83.94257765114241,21.436452709179935]}"
821,0.0,167,2019,1,0,21.41318634332124,83.87071242841286,-0.04834996,0.17222963,2020,1656.2454784957147,"{""geodesic"":false,""type"":""Point"",""coordinates"":[83.87071242841286,21.41318634332124]}"
822,28.284271247461902,174,2019,1,0,21.489363479414575,83.8687361347878,0.4102648,-0.36303318,2020,1601.671297309023,"{""geodesic"":false,""type"":""Point"",""coordinates"":[83.8687361347878,21.489363479414575]}"
823,22.360679774997898,209,2019,1,0,21.353897534569352,84.14191381268854,0.16243486,-0.052187875,2020,1567.9896123734002,"{""geodesic"":false,""type"":""Point"",""coordinates"":[84.14191381268854,21.353897534569352]}"
824,30.0,152,2019,1,1,21.361353551427545,83.89155334300443,0.3487046,-0.3968417,2020,1593.7226981279111,"{""geodesic"":false,""type"":""Point"",""coordinates"":[83.89155334300443,21.361353551427545]}"
825,30.0,184,2019,1,0,21.44166293782783,84.19168047942877,0.30835903,-0.20804577,2020,1579.7558364199476,"{""geodesic"":false,""type"":""Point"",""coordinates"":[84.19168047942877,21.44166293782783]}"
826,10.0,132,2019,1,0,21.436632372236758,83.97455767525707,0.006070153,0.11455759,2020,1639.734637070956,"{""geodesic"":false,""type"":""Point"",""coordinates"":[83.97455767525707,21.436632372236758]}"
827,28.284271247461902,154,2019,1,0,21.375277438331395,83.91850280152802,0.39800844,-0.41859126,2020,1685.77723072657,"{""geodesic"":false,""type"":""Point"",""coordinates"":[83.91850280152802,21.375277438331395]}"
828,30.0,214,2019,1,0,21.36530613867767,84.08945220009596,0.43727055,-0.45100382,2020,1563.0691775924818,"{""geodesic"":false,""type"":""Point"",""coordinates"":[84.08945220009596,21.36530613867767]}"
829,22.360679774997898,154,2019,1,4,21.440495127958474,84.04327879449222,0.33908272,-0.3584998,2020,1671.026536732158,"{""geodesic"":false,""type"":""Point"",""coordinates"":[84.04327879449222,21.440495127958474]}"
830,28.284271247461902,156,2019,1,0,21.45612581390215,83.94563192310842,0.5041021,-0.41106707,2020,1651.9320563661308,"{""geodesic"":false,""type"":""Point"",""coordinates"":[83.94563192310842,21.45612581390215]}"
831,10.0,143,2019,1,0,21.486668533562217,83.93045039480681,0.070120856,0.09908547,2020,1651.9320563661308,"{""geodesic"":false,""type"":""Point"",""coordinates"":[83.93045039480681,21.486668533562217]}"
832,20.0,162,2019,1,0,21.390009808990957,83.88715159811224,0.35883355,-0.39801285,2020,1593.7226981279111,"{""geodesic"":false,""type"":""Point"",""coordinates"":[83.88715159811224,21.390009808990957]}"
833,0.0,134,2019,1,0,21.356502648893297,83.92604864991462,-6.0381007E-4,0.15770912,2020,1685.77723072657,"{""geodesic"":false,""type"":""Point"",""coordinates"":[83.92604864991462,21.356502648893297]}"
834,22.360679774997898,155,2019,1,0,21.436632372236758,83.94302680878448,0.22294423,-0.07359781,2020,1647.069976108939,"{""geodesic"":false,""type"":""Point"",""coordinates"":[83.94302680878448,21.436632372236758]}"
835,28.284271247461902,173,2019,1,6,21.400879423928803,84.05423824095847,0.47988507,-0.4447247,2020,1603.7002907779072,"{""geodesic"":false,""type"":""Point"",""coordinates"":[84.05423824095847,21.400879423928803]}"
836,20.0,202,2019,1,0,21.35659248042171,84.1190067729435,0.08183952,0.01651181,2020,1567.9896123734002,"{""geodesic"":false,""type"":""Point"",""coordinates"":[84.1190067729435,21.35659248042171]}"
837,20.0,136,2019,1,0,21.411569375809826,83.9724915501036,0.2688743,-0.2837262,2020,1639.734637070956,"{""geodesic"":false,""type"":""Point"",""coordinates"":[83.9724915501036,21.411569375809826]}"
838,22.360679774997898,150,2019,1,0,21.373031650121096,83.91428071969266,0.24136816,-0.24081993,2020,1685.77723072657,"{""geodesic"":false,""type"":""Point"",""coordinates"":[83.91428071969266,21.373031650121096]}"
839,30.0,143,2019,1,0,21.438339171276585,83.97258138163201,0.2059324,-0.1290206,2020,1639.734637070956,"{""geodesic"":false,""type"":""Point"",""coordinates"":[83.97258138163201,21.438339171276585]}"
840,0.0,197,2019,1,0,21.39063862968984,84.14919016648992,-0.28957328,0.30786344,2020,1567.9896123734002,"{""geodesic"":false,""type"":""Point"",""coordinates"":[84.14919016648992,21.39063862968984]}"
841,28.284271247461902,146,2019,1,3,21.457563118356745,83.96323890267716,0.5341003,-0.43242952,2020,1645.5226784301835,"{""geodesic"":false,""type"":""Point"",""coordinates"":[83.96323890267716,21.457563118356745]}"
842,28.284271247461902,162,2019,1,0,21.51020439400615,83.8597529819466,0.3661103,-0.4008481,2020,1640.2204654872462,"{""geodesic"":false,""type"":""Point"",""coordinates"":[83.8597529819466,21.51020439400615]}"
843,22.360679774997898,172,2019,1,0,21.467624249538883,83.89263132134538,0.22809967,-0.26384082,2020,1601.671297309023,"{""geodesic"":false,""type"":""Point"",""coordinates"":[83.89263132134538,21.467624249538883]}"
844,28.284271247461902,147,2019,1,6,21.419474550310078,84.02540232033824,0.49372873,-0.47786292,2020,1671.026536732158,"{""geodesic"":false,""type"":""Point"",""coordinates"":[84.02540232033824,21.419474550310078]}"
845,30.0,172,2019,1,4,21.419923707952137,83.89775171846486,0.44350713,-0.48233762,2020,1656.2454784957147,"{""geodesic"":false,""type"":""Point"",""coordinates"":[83.89775171846486,21.419923707952137]}"
846,22.360679774997898,161,2019,1,4,21.455317330146446,84.03178035885549,0.38078642,-0.38026378,2020,1613.118863210927,"{""geodesic"":false,""type"":""Point"",""coordinates"":[84.03178035885549,21.455317330146446]}"
847,22.360679774997898,198,2019,1,0,21.37590625903028,84.14667488369437,0.4674275,-0.42244756,2020,1567.9896123734002,"{""geodesic"":false,""type"":""Point"",""coordinates"":[84.14667488369437,21.37590625903028]}"
848,28.284271247461902,136,2019,1,0,21.413455837906476,83.97482716984231,0.26040748,-0.27688333,2020,1639.734637070956,"{""geodesic"":false,""type"":""Point"",""coordinates"":[83.97482716984231,21.413455837906476]}"
849,28.284271247461902,138,2019,1,0,21.44310024228242,83.97015593036488,0.2331606,-0.19199626,2020,1639.734637070956,"{""geodesic"":false,""type"":""Point"",""coordinates"":[83.97015593036488,21.44310024228242]}"
850,10.0,183,2019,1,0,21.425493262713676,84.16688697758707,-3.3681374E-4,0.14965142,2020,1579.7558364199476,"{""geodesic"":false,""type"":""Point"",""coordinates"":[84.16688697758707,21.425493262713676]}"
851,28.284271247461902,163,2019,1,0,21.390099640519367,83.88769058728272,0.22225715,-0.23057446,2020,1593.7226981279111,"{""geodesic"":false,""type"":""Point"",""coordinates"":[83.88769058728272,21.390099640519367]}"
852,30.0,163,2019,1,0,21.421181349349904,83.9297317425795,0.5177683,-0.41564253,2020,1647.069976108939,"{""geodesic"":false,""type"":""Point"",""coordinates"":[83.9297317425795,21.421181349349904]}"
853,20.0,138,2019,1,0,21.431961132759337,83.97509666442754,0.2826476,-0.22619934,2020,1639.734637070956,"{""geodesic"":false,""type"":""Point"",""coordinates"":[83.97509666442754,21.431961132759337]}"
854,30.0,156,2019,1,0,21.458820759754513,83.93907422153436,0.20996226,-0.088568404,2020,1651.9320563661308,"{""geodesic"":false,""type"":""Point"",""coordinates"":[83.93907422153436,21.458820759754513]}"
855,28.284271247461902,142,2019,1,0,21.475978581681193,83.9454522600516,0.5005935,-0.45664257,2020,1651.9320563661308,"{""geodesic"":false,""type"":""Point"",""coordinates"":[83.9454522600516,21.475978581681193]}"
856,10.0,178,2019,1,0,21.4482206394019,84.11586266944907,0.032773342,0.096871,2020,1613.539233859976,"{""geodesic"":false,""type"":""Point"",""coordinates"":[84.11586266944907,21.4482206394019]}"
857,22.360679774997898,146,2019,1,0,21.37824187876899,83.91481970886312,0.4631281,-0.44647416,2020,1685.77723072657,"{""geodesic"":false,""type"":""Point"",""coordinates"":[83.91481970886312,21.37824187876899]}"
858,20.0,163,2019,1,0,21.41129988122459,83.87484467871981,0.10238983,0.027842227,2020,1656.2454784957147,"{""geodesic"":false,""type"":""Point"",""coordinates"":[83.87484467871981,21.41129988122459]}"
859,30.0,157,2019,1,0,21.47768538072102,84.09484209180067,0.42974812,-0.427697,2020,1592.1215501536285,"{""geodesic"":false,""type"":""Point"",""coordinates"":[84.09484209180067,21.47768538072102]}"
860,10.0,185,2019,1,0,21.401867570741334,84.12412717006298,0.11898634,0.018710176,2020,1613.539233859976,"{""geodesic"":false,""type"":""Point"",""coordinates"":[84.12412717006298,21.401867570741334]}"
861,28.284271247461902,144,2019,1,0,21.472834478186776,83.94149967280147,0.4083952,-0.36624232,2020,1651.9320563661308,"{""geodesic"":false,""type"":""Point"",""coordinates"":[83.94149967280147,21.472834478186776]}"
862,30.0,134,2019,1,0,21.35380770304094,83.9251503346305,0.30575055,-0.270073,2020,1685.77723072657,"{""geodesic"":false,""type"":""Point"",""coordinates"":[83.9251503346305,21.35380770304094]}"
863,20.0,158,2019,1,0,21.483883756181445,83.91185526842553,-0.0053037265,0.10403974,2020,1651.9320563661308,"{""geodesic"":false,""type"":""Point"",""coordinates"":[83.91185526842553,21.483883756181445]}"
864,14.142135623730951,161,2019,1,0,21.390458966633016,83.8883194079816,0.2370581,-0.23533136,2020,1593.7226981279111,"{""geodesic"":false,""type"":""Point"",""coordinates"":[83.8883194079816,21.390458966633016]}"
865,28.284271247461902,142,2019,1,0,21.500861915051306,83.912394257596,0.37686548,-0.32772,2020,1631.9175470884852,"{""geodesic"":false,""type"":""Point"",""coordinates"":[83.912394257596,21.500861915051306]}"
866,30.0,162,2019,1,0,21.39117761886031,83.88733126116907,0.48065993,-0.49875614,2020,1593.7226981279111,"{""geodesic"":false,""type"":""Point"",""coordinates"":[83.88733126116907,21.39117761886031]}"
867,20.0,151,2019,1,0,21.47112767914695,84.0581009966802,0.33898863,-0.3381946,2020,1592.1215501536285,"{""geodesic"":false,""type"":""Point"",""coordinates"":[84.0581009966802,21.47112767914695]}"
868,22.360679774997898,174,2019,1,1,21.458551265169277,83.88867873409525,0.049553208,-0.054140683,2020,1601.671297309023,"{""geodesic"":false,""type"":""Point"",""coordinates"":[83.88867873409525,21.458551265169277]}"
869,14.142135623730951,158,2019,1,0,21.482446451726855,83.91275358370964,0.087382436,0.014279999,2020,1651.9320563661308,"{""geodesic"":false,""type"":""Point"",""coordinates"":[83.91275358370964,21.482446451726855]}"
870,28.284271247461902,158,2019,1,0,21.483704093124622,83.91185526842553,0.56641,-0.48862937,2020,1651.9320563661308,"{""geodesic"":false,""type"":""Point"",""coordinates"":[83.91185526842553,21.483704093124622]}"
871,22.360679774997898,174,2019,1,0,21.577398377258287,84.06708414952138,0.020649666,0.096905924,2020,1538.918787408697,"{""geodesic"":false,""type"":""Point"",""coordinates"":[84.06708414952138,21.577398377258287]}"
872,20.0,145,2019,1,0,21.377972384183753,83.91472987733471,0.4858099,-0.48643684,2020,1685.77723072657,"{""geodesic"":false,""type"":""Point"",""coordinates"":[83.91472987733471,21.377972384183753]}"
873,28.284271247461902,199,2019,1,0,21.375816427501867,84.14865117731944,0.2122675,-0.09130416,2020,1567.9896123734002,"{""geodesic"":false,""type"":""Point"",""coordinates"":[84.14865117731944,21.375816427501867]}"
874,22.360679774997898,166,2019,1,0,21.502299219505897,83.8815820433507,0.5805561,-0.5022751,2020,1640.2204654872462,"{""geodesic"":false,""type"":""Point"",""coordinates"":[83.8815820433507,21.502299219505897]}"
875,20.0,178,2019,1,0,21.449388449271257,83.9011653165445,-0.005643515,0.0865935,2020,1647.069976108939,"{""geodesic"":false,""type"":""Point"",""coordinates"":[83.9011653165445,21.449388449271257]}"
876,14.142135623730951,155,2019,1,0,21.46196486324893,84.05998745877685,0.12451057,2.9835902E-4,2020,1592.1215501536285,"{""geodesic"":false,""type"":""Point"",""coordinates"":[84.05998745877685,21.46196486324893]}"
877,30.0,155,2019,1,0,21.375636764445044,83.91859263305643,0.43257105,-0.43517098,2020,1685.77723072657,"{""geodesic"":false,""type"":""Point"",""coordinates"":[83.91859263305643,21.375636764445044]}"
878,30.0,156,2019,1,4,21.4812786418575,84.06771297022027,0.5075415,-0.4886543,2020,1592.1215501536285,"{""geodesic"":false,""type"":""Point"",""coordinates"":[84.06771297022027,21.4812786418575]}"
879,22.360679774997898,144,2019,1,0,21.4647496406297,83.94967434188696,0.39494306,-0.30009618,2020,1651.9320563661308,"{""geodesic"":false,""type"":""Point"",""coordinates"":[83.94967434188696,21.4647496406297]}"
880,0.0,185,2019,1,0,21.40177773921292,84.12439666464822,-0.023670025,0.17919417,2020,1613.539233859976,"{""geodesic"":false,""type"":""Point"",""coordinates"":[84.12439666464822,21.40177773921292]}"
881,22.360679774997898,186,2019,1,4,21.441393443242593,84.15233426998432,0.30307198,-0.33189616,2020,1579.7558364199476,"{""geodesic"":false,""type"":""Point"",""coordinates"":[84.15233426998432,21.441393443242593]}"
882,28.284271247461902,191,2019,1,0,21.552964201530237,84.14649522063755,0.3696145,-0.21022835,2020,1510.699908208047,"{""geodesic"":false,""type"":""Point"",""coordinates"":[84.14649522063755,21.552964201530237]}"
883,22.360679774997898,138,2019,1,0,21.436812035293585,83.97455767525707,0.2374989,-0.15729165,2020,1639.734637070956,"{""geodesic"":false,""type"":""Point"",""coordinates"":[83.97455767525707,21.436812035293585]}"
884,10.0,155,2019,1,4,21.440584959486884,84.04354828907745,-0.11485032,0.107980214,2020,1671.026536732158,"{""geodesic"":false,""type"":""Point"",""coordinates"":[84.04354828907745,21.440584959486884]}"
885,20.0,193,2019,1,0,21.586471361627897,84.04148216392397,0.31609347,-0.35556096,2020,1594.5462688984794,"{""geodesic"":false,""type"":""Point"",""coordinates"":[84.04148216392397,21.586471361627897]}"
886,20.0,188,2019,1,0,21.527631710518065,83.96243041892146,0.35721546,-0.37750986,2020,1642.6080346339731,"{""geodesic"":false,""type"":""Point"",""coordinates"":[83.96243041892146,21.527631710518065]}"
887,0.0,144,2019,1,0,21.477954875306256,83.93664877026723,0.0014403653,0.18126383,2020,1651.9320563661308,"{""geodesic"":false,""type"":""Point"",""coordinates"":[83.93664877026723,21.477954875306256]}"
888,28.284271247461902,149,2019,1,0,21.527452047461242,83.88903806020889,0.18209912,-0.21591713,2020,1640.2204654872462,"{""geodesic"":false,""type"":""Point"",""coordinates"":[83.88903806020889,21.527452047461242]}"
889,28.284271247461902,156,2019,1,0,21.457742781413568,83.9461709122789,0.39093152,-0.44072998,2020,1651.9320563661308,"{""geodesic"":false,""type"":""Point"",""coordinates"":[83.9461709122789,21.457742781413568]}"
890,28.284271247461902,137,2019,1,0,21.414084658605358,83.97455767525707,0.15336065,-0.061819896,2020,1639.734637070956,"{""geodesic"":false,""type"":""Point"",""coordinates"":[83.97455767525707,21.414084658605358]}"
891,28.284271247461902,155,2019,1,0,21.532662276109136,83.87673114081646,-0.028595656,0.013397129,2020,1640.2204654872462,"{""geodesic"":false,""type"":""Point"",""coordinates"":[83.87673114081646,21.532662276109136]}"
892,22.360679774997898,143,2019,1,0,21.436812035293585,83.97374919150137,0.28934383,-0.19176485,2020,1639.734637070956,"{""geodesic"":false,""type"":""Point"",""coordinates"":[83.97374919150137,21.436812035293585]}"
893,10.0,174,2019,1,0,21.5774882087867,84.06717398104979,0.0031457532,0.12205567,2020,1538.918787408697,"{""geodesic"":false,""type"":""Point"",""coordinates"":[84.06717398104979,21.5774882087867]}"
894,0.0,136,2019,1,0,21.350214441904463,83.91733499165866,-0.050183307,0.17028585,2020,1685.77723072657,"{""geodesic"":false,""type"":""Point"",""coordinates"":[83.91733499165866,21.350214441904463]}"
895,22.360679774997898,147,2019,1,0,21.37923002558152,83.91526886650519,0.34504402,-0.31561726,2020,1685.77723072657,"{""geodesic"":false,""type"":""Point"",""coordinates"":[83.91526886650519,21.37923002558152]}"
896,20.0,196,2019,1,0,21.580003491582236,84.12107289809697,0.06756732,-0.09453372,2020,1510.699908208047,"{""geodesic"":false,""type"":""Point"",""coordinates"":[84.12107289809697,21.580003491582236]}"
897,22.360679774997898,171,2019,1,0,21.416779604457716,83.8619987701569,0.38538986,-0.33139816,2020,1656.2454784957147,"{""geodesic"":false,""type"":""Point"",""coordinates"":[83.8619987701569,21.416779604457716]}"
898,28.284271247461902,144,2019,1,0,21.49466353959088,83.92011976903943,0.30163094,-0.2618849,2020,1651.9320563661308,"{""geodesic"":false,""type"":""Point"",""coordinates"":[83.92011976903943,21.49466353959088]}"
899,10.0,170,2019,1,0,21.46430048298764,83.91365189899378,0.09196101,0.007880296,2020,1651.9320563661308,"{""geodesic"":false,""type"":""Point"",""coordinates"":[83.91365189899378,21.46430048298764]}"
900,20.0,170,2019,1,4,21.413455837906476,83.87044293382762,0.48882243,-0.43563297,2020,1656.2454784957147,"{""geodesic"":false,""type"":""Point"",""coordinates"":[83.87044293382762,21.413455837906476]}"
901,30.0,164,2019,1,7,21.49367539277835,83.9131129098233,0.079742014,-0.20657177,2020,1651.9320563661308,"{""geodesic"":false,""type"":""Point"",""coordinates"":[83.9131129098233,21.49367539277835]}"
902,14.142135623730951,187,2019,1,0,21.52772154204648,83.96305923962035,0.07068023,0.090756126,2020,1642.6080346339731,"{""geodesic"":false,""type"":""Point"",""coordinates"":[83.96305923962035,21.52772154204648]}"
903,30.0,163,2019,1,1,21.469959869277595,84.12574413757439,0.51271164,-0.43901846,2020,1591.9735097484568,"{""geodesic"":false,""type"":""Point"",""coordinates"":[84.12574413757439,21.469959869277595]}"
904,20.0,160,2019,1,0,21.470229363862828,84.12718144202898,0.4601156,-0.4010816,2020,1591.9735097484568,"{""geodesic"":false,""type"":""Point"",""coordinates"":[84.12718144202898,21.470229363862828]}"
905,22.360679774997898,186,2019,1,0,21.483344767010973,84.18449395715581,0.16933711,-0.15415326,2020,1571.9161179682078,"{""geodesic"":false,""type"":""Point"",""coordinates"":[84.18449395715581,21.483344767010973]}"
906,22.360679774997898,195,2019,1,0,21.587998497610897,84.04211098462287,0.22994764,-0.16253506,2020,1594.5462688984794,"{""geodesic"":false,""type"":""Point"",""coordinates"":[84.04211098462287,21.587998497610897]}"
907,14.142135623730951,144,2019,1,0,21.473103972772012,83.94185899891512,0.10768113,-0.010849602,2020,1651.9320563661308,"{""geodesic"":false,""type"":""Point"",""coordinates"":[83.94185899891512,21.473103972772012]}"
908,14.142135623730951,144,2019,1,0,21.373211313177922,83.91437055122107,0.18232529,-0.11292035,2020,1685.77723072657,"{""geodesic"":false,""type"":""Point"",""coordinates"":[83.91437055122107,21.373211313177922]}"
909,14.142135623730951,156,2019,1,0,21.465917450499056,83.996566399718,0.24639568,-0.20571364,2020,1645.5226784301835,"{""geodesic"":false,""type"":""Point"",""coordinates"":[83.996566399718,21.465917450499056]}"
910,28.284271247461902,136,2019,1,0,21.439506981145943,83.9739288545582,0.34756073,-0.2598469,2020,1639.734637070956,"{""geodesic"":false,""type"":""Point"",""coordinates"":[83.9739288545582,21.439506981145943]}"
911,10.0,172,2019,1,0,21.46789374412412,83.89272115287379,0.19606656,-0.15570286,2020,1601.671297309023,"{""geodesic"":false,""type"":""Point"",""coordinates"":[83.89272115287379,21.46789374412412]}"
912,0.0,175,2019,1,0,21.447412155646195,84.11577283792066,-0.14161393,0.2787179,2020,1613.539233859976,"{""geodesic"":false,""type"":""Point"",""coordinates"":[84.11577283792066,21.447412155646195]}"
913,10.0,155,2019,1,0,21.461695368663694,84.05962813266319,0.02212167,0.12596732,2020,1592.1215501536285,"{""geodesic"":false,""type"":""Point"",""coordinates"":[84.05962813266319,21.461695368663694]}"
914,28.284271247461902,162,2019,1,0,21.390099640519367,83.88885839715208,0.12942034,-0.1587084,2020,1593.7226981279111,"{""geodesic"":false,""type"":""Point"",""coordinates"":[83.88885839715208,21.390099640519367]}"
915,22.360679774997898,197,2019,1,0,21.57982382852541,84.12107289809697,0.11081335,-0.14435706,2020,1510.699908208047,"{""geodesic"":false,""type"":""Point"",""coordinates"":[84.12107289809697,21.57982382852541]}"
916,10.0,161,2019,1,0,21.470139532334418,84.12673228438692,0.022840347,0.06471707,2020,1591.9735097484568,"{""geodesic"":false,""type"":""Point"",""coordinates"":[84.12673228438692,21.470139532334418]}"
917,10.0,146,2019,1,0,21.37312148164951,83.91464004580631,-0.021374812,0.11429998,2020,1685.77723072657,"{""geodesic"":false,""type"":""Point"",""coordinates"":[83.91464004580631,21.37312148164951]}"
918,14.142135623730951,136,2019,1,0,21.43941714961753,83.97383902302978,0.06350079,0.050391804,2020,1639.734637070956,"{""geodesic"":false,""type"":""Point"",""coordinates"":[83.97383902302978,21.43941714961753]}"
919,30.0,199,2019,1,0,21.377613058070107,84.14595623146708,0.45938504,-0.39698344,2020,1567.9896123734002,"{""geodesic"":false,""type"":""Point"",""coordinates"":[84.14595623146708,21.377613058070107]}"
920,28.284271247461902,158,2019,1,1,21.517840073921164,83.90799251270381,0.4427992,-0.44790334,2020,1631.9175470884852,"{""geodesic"":false,""type"":""Point"",""coordinates"":[83.90799251270381,21.517840073921164]}"
921,30.0,155,2019,1,7,21.53275210763755,83.87691080387329,0.029693605,-0.09747605,2020,1640.2204654872462,"{""geodesic"":false,""type"":""Point"",""coordinates"":[83.87691080387329,21.53275210763755]}"
922,30.0,200,2019,1,0,21.364677317978785,84.15170544928544,0.279354,-0.27130774,2020,1552.724454099584,"{""geodesic"":false,""type"":""Point"",""coordinates"":[84.15170544928544,21.364677317978785]}"
923,10.0,144,2019,1,3,21.477954875306256,83.93673860179564,0.03275374,0.09497188,2020,1651.9320563661308,"{""geodesic"":false,""type"":""Point"",""coordinates"":[83.93673860179564,21.477954875306256]}"
924,30.0,146,2019,1,0,21.351831409415876,83.9168858340166,0.18390203,-0.18329027,2020,1685.77723072657,"{""geodesic"":false,""type"":""Point"",""coordinates"":[83.9168858340166,21.351831409415876]}"
925,28.284271247461902,158,2019,1,0,21.432410290401396,83.94356579795495,0.47676104,-0.458594,2020,1647.069976108939,"{""geodesic"":false,""type"":""Point"",""coordinates"":[83.94356579795495,21.432410290401396]}"
926,22.360679774997898,209,2019,1,0,21.353717871512526,84.14119516046125,0.5076375,-0.42014387,2020,1567.9896123734002,"{""geodesic"":false,""type"":""Point"",""coordinates"":[84.14119516046125,21.353717871512526]}"
927,10.0,200,2019,1,0,21.377433395013284,84.1454172422966,0.063719116,0.091279395,2020,1567.9896123734002,"{""geodesic"":false,""type"":""Point"",""coordinates"":[84.1454172422966,21.377433395013284]}"
928,28.284271247461902,165,2019,1,0,21.513887486671038,83.85669870998059,0.3442699,-0.39237466,2020,1640.2204654872462,"{""geodesic"":false,""type"":""Point"",""coordinates"":[83.85669870998059,21.513887486671038]}"
929,0.0,140,2019,1,0,21.439506981145943,83.97222205551836,-0.03172599,0.15470423,2020,1639.734637070956,"{""geodesic"":false,""type"":""Point"",""coordinates"":[83.97222205551836,21.439506981145943]}"
930,22.360679774997898,173,2019,1,1,21.458910591282923,83.88867873409525,0.509311,-0.513104,2020,1601.671297309023,"{""geodesic"":false,""type"":""Point"",""coordinates"":[83.88867873409525,21.458910591282923]}"
931,30.0,144,2019,1,0,21.4730141412436,83.94203866197195,0.32638764,-0.28398782,2020,1651.9320563661308,"{""geodesic"":false,""type"":""Point"",""coordinates"":[83.94203866197195,21.4730141412436]}"
932,10.0,179,2019,1,0,21.4482206394019,84.1160423325059,0.021240849,0.08512191,2020,1613.539233859976,"{""geodesic"":false,""type"":""Point"",""coordinates"":[84.1160423325059,21.4482206394019]}"
933,22.360679774997898,186,2019,1,0,21.42558309424209,84.16679714605866,0.02815622,0.10030202,2020,1579.7558364199476,"{""geodesic"":false,""type"":""Point"",""coordinates"":[84.16679714605866,21.42558309424209]}"
934,30.0,154,2019,1,0,21.516851927108632,83.8551715739976,0.05348251,-0.06967186,2020,1640.2204654872462,"{""geodesic"":false,""type"":""Point"",""coordinates"":[83.8551715739976,21.516851927108632]}"
935,22.360679774997898,162,2019,1,0,21.412018533451885,83.92407235628956,0.09417825,0.088740796,2020,1647.069976108939,"{""geodesic"":false,""type"":""Point"",""coordinates"":[83.92407235628956,21.412018533451885]}"
936,30.0,178,2019,1,0,21.557904935592894,84.02369552129841,0.40822437,-0.42434987,2020,1594.5462688984794,"{""geodesic"":false,""type"":""Point"",""coordinates"":[84.02369552129841,21.557904935592894]}"
937,22.360679774997898,163,2019,1,0,21.539579303796856,84.06115526864619,0.5032842,-0.4684317,2020,1575.1144623941852,"{""geodesic"":false,""type"":""Point"",""coordinates"":[84.06115526864619,21.539579303796856]}"
938,30.0,178,2019,1,4,21.557545609479245,84.02225821684382,0.5108247,-0.5112975,2020,1594.5462688984794,"{""geodesic"":false,""type"":""Point"",""coordinates"":[84.02225821684382,21.557545609479245]}"
939,20.0,152,2019,1,1,21.361533214484368,83.89182283758967,0.333657,-0.3166377,2020,1593.7226981279111,"{""geodesic"":false,""type"":""Point"",""coordinates"":[83.89182283758967,21.361533214484368]}"
940,10.0,173,2019,1,4,21.420283034065783,83.89802121305009,0.09648862,-0.003066778,2020,1656.2454784957147,"{""geodesic"":false,""type"":""Point"",""coordinates"":[83.89802121305009,21.420283034065783]}"
941,30.0,199,2019,1,0,21.587279845383602,84.14065617129077,0.25190875,-0.2848061,2020,1510.699908208047,"{""geodesic"":false,""type"":""Point"",""coordinates"":[84.14065617129077,21.587279845383602]}"
942,28.284271247461902,135,2019,1,0,21.438159508219762,83.97356952844454,0.26759642,-0.17078051,2020,1639.734637070956,"{""geodesic"":false,""type"":""Point"",""coordinates"":[83.97356952844454,21.438159508219762]}"
943,28.284271247461902,141,2019,1,0,21.43537473083899,83.97590514818326,0.25145444,-0.15075658,2020,1639.734637070956,"{""geodesic"":false,""type"":""Point"",""coordinates"":[83.97590514818326,21.43537473083899]}"
944,20.0,136,2019,1,0,21.36638411701861,83.94455394476748,0.11554793,1.1559609E-4,2020,1685.77723072657,"{""geodesic"":false,""type"":""Point"",""coordinates"":[83.94455394476748,21.36638411701861]}"
945,28.284271247461902,146,2019,1,3,21.46115637949322,83.95623204346104,0.367835,-0.24053036,2020,1645.5226784301835,"{""geodesic"":false,""type"":""Point"",""coordinates"":[83.95623204346104,21.46115637949322]}"
946,30.0,185,2019,1,4,21.408425272315405,84.15026814483085,0.3255706,-0.3875494,2020,1579.7558364199476,"{""geodesic"":false,""type"":""Point"",""coordinates"":[84.15026814483085,21.408425272315405]}"
947,20.0,183,2019,1,5,21.557365946422422,84.0897216946812,0.25101855,-0.28807464,2020,1538.918787408697,"{""geodesic"":false,""type"":""Point"",""coordinates"":[84.0897216946812,21.557365946422422]}"
948,22.360679774997898,158,2019,1,0,21.488105838016807,83.91679600248818,0.12997204,0.012929303,2020,1651.9320563661308,"{""geodesic"":false,""type"":""Point"",""coordinates"":[83.91679600248818,21.488105838016807]}"
949,20.0,174,2019,1,0,21.577398377258287,84.06717398104979,0.017924529,0.11756287,2020,1538.918787408697,"{""geodesic"":false,""type"":""Point"",""coordinates"":[84.06717398104979,21.577398377258287]}"
950,20.0,199,2019,1,4,21.36764175841638,84.16589883077454,0.1859242,-0.15410385,2020,1552.724454099584,"{""geodesic"":false,""type"":""Point"",""coordinates"":[84.16589883077454,21.36764175841638]}"
951,28.284271247461902,158,2019,1,0,21.47534976098231,83.91976044292578,0.0487311,0.055512667,2020,1651.9320563661308,"{""geodesic"":false,""type"":""Point"",""coordinates"":[83.91976044292578,21.47534976098231]}"
952,20.0,137,2019,1,0,21.362251866711663,83.93170803620457,-0.019671641,0.1385682,2020,1685.77723072657,"{""geodesic"":false,""type"":""Point"",""coordinates"":[83.93170803620457,21.362251866711663]}"
953,22.360679774997898,172,2019,1,4,21.46465980910129,83.91356206746536,0.588122,-0.5114864,2020,1651.9320563661308,"{""geodesic"":false,""type"":""Point"",""coordinates"":[83.91356206746536,21.46465980910129]}"
954,30.0,147,2019,1,0,21.461695368663694,83.9537167606655,0.13166113,0.030186182,2020,1645.5226784301835,"{""geodesic"":false,""type"":""Point"",""coordinates"":[83.9537167606655,21.461695368663694]}"
955,30.0,135,2019,1,0,21.36683327466067,83.9453624285232,0.47379705,-0.4397394,2020,1685.77723072657,"{""geodesic"":false,""type"":""Point"",""coordinates"":[83.9453624285232,21.36683327466067]}"
956,0.0,156,2019,1,0,21.456395308487387,83.94518276546637,-0.07885086,0.20244506,2020,1651.9320563661308,"{""geodesic"":false,""type"":""Point"",""coordinates"":[83.94518276546637,21.456395308487387]}"
957,28.284271247461902,147,2019,1,0,21.492148256795346,83.91724516013025,0.30962682,-0.34257925,2020,1651.9320563661308,"{""geodesic"":false,""type"":""Point"",""coordinates"":[83.91724516013025,21.492148256795346]}"
958,20.0,142,2019,1,0,21.50068225199448,83.912394257596,0.17294192,-0.09068152,2020,1631.9175470884852,"{""geodesic"":false,""type"":""Point"",""coordinates"":[83.912394257596,21.50068225199448]}"
959,30.0,145,2019,1,0,21.477954875306256,83.93691826485247,0.027707808,0.11609144,2020,1651.9320563661308,"{""geodesic"":false,""type"":""Point"",""coordinates"":[83.93691826485247,21.477954875306256]}"
960,20.0,209,2019,1,1,21.35623315430806,84.08217584629459,0.4143174,-0.2920931,2020,1563.0691775924818,"{""geodesic"":false,""type"":""Point"",""coordinates"":[84.08217584629459,21.35623315430806]}"
961,22.360679774997898,143,2019,1,0,21.497088990858003,83.91589768720407,0.22826137,-0.15469444,2020,1651.9320563661308,"{""geodesic"":false,""type"":""Point"",""coordinates"":[83.91589768720407,21.497088990858003]}"
962,30.0,137,2019,1,0,21.35075343107493,83.91724516013025,0.1292486,-0.023962934,2020,1685.77723072657,"{""geodesic"":false,""type"":""Point"",""coordinates"":[83.91724516013025,21.35075343107493]}"
963,22.360679774997898,178,2019,1,0,21.448849460100785,83.90098565348768,-0.022381434,0.09143839,2020,1647.069976108939,"{""geodesic"":false,""type"":""Point"",""coordinates"":[83.90098565348768,21.448849460100785]}"
964,22.360679774997898,171,2019,1,0,21.55080824484835,84.07795376445924,0.1979041,-0.09763945,2020,1538.918787408697,"{""geodesic"":false,""type"":""Point"",""coordinates"":[84.07795376445924,21.55080824484835]}"
965,14.142135623730951,136,2019,1,0,21.351022925660168,83.91778414930072,0.034347948,0.1192137,2020,1685.77723072657,"{""geodesic"":false,""type"":""Point"",""coordinates"":[83.91778414930072,21.351022925660168]}"
966,20.0,194,2019,1,0,21.588178160667724,84.03950587029891,0.30095053,-0.34672847,2020,1594.5462688984794,"{""geodesic"":false,""type"":""Point"",""coordinates"":[84.03950587029891,21.588178160667724]}"
967,30.0,174,2019,1,0,21.55817443017813,84.04175165850921,0.0057873894,0.07088225,2020,1594.5462688984794,"{""geodesic"":false,""type"":""Point"",""coordinates"":[84.04175165850921,21.55817443017813]}"
968,20.0,171,2019,1,0,21.416779604457716,83.86190893862849,0.33708045,-0.2608056,2020,1656.2454784957147,"{""geodesic"":false,""type"":""Point"",""coordinates"":[83.86190893862849,21.416779604457716]}"
969,30.0,186,2019,1,6,21.580272986167472,84.03878721807162,0.34187698,-0.3420915,2020,1594.5462688984794,"{""geodesic"":false,""type"":""Point"",""coordinates"":[84.03878721807162,21.580272986167472]}"
970,30.0,193,2019,1,0,21.523499460211116,84.16976158649625,0.41281438,-0.43302107,2020,1535.0835264685138,"{""geodesic"":false,""type"":""Point"",""coordinates"":[84.16976158649625,21.523499460211116]}"
971,28.284271247461902,134,2019,1,0,21.362431529768486,83.93134871009093,0.39237908,-0.35095102,2020,1685.77723072657,"{""geodesic"":false,""type"":""Point"",""coordinates"":[83.93134871009093,21.362431529768486]}"
972,10.0,178,2019,1,0,21.4482206394019,84.11595250097749,0.017486233,0.08254643,2020,1613.539233859976,"{""geodesic"":false,""type"":""Point"",""coordinates"":[84.11595250097749,21.4482206394019]}"
973,14.142135623730951,157,2019,1,0,21.440315464901648,83.94949467883013,0.07576634,0.08756439,2020,1647.069976108939,"{""geodesic"":false,""type"":""Point"",""coordinates"":[83.94949467883013,21.440315464901648]}"
974,22.360679774997898,176,2019,1,0,21.558443924763367,84.04121266933875,0.009903157,0.061146192,2020,1594.5462688984794,"{""geodesic"":false,""type"":""Point"",""coordinates"":[84.04121266933875,21.558443924763367]}"
975,10.0,190,2019,1,0,21.5819797852073,84.03833806042957,0.205165,-0.13965268,2020,1594.5462688984794,"{""geodesic"":false,""type"":""Point"",""coordinates"":[84.03833806042957,21.5819797852073]}"
976,20.0,169,2019,1,4,21.4136355009633,83.87062259688444,0.29921484,-0.26367864,2020,1656.2454784957147,"{""geodesic"":false,""type"":""Point"",""coordinates"":[83.87062259688444,21.4136355009633]}"
977,28.284271247461902,141,2019,1,0,21.438788328918648,83.97285087621725,0.11451197,-0.045260515,2020,1639.734637070956,"{""geodesic"":false,""type"":""Point"",""coordinates"":[83.97285087621725,21.438788328918648]}"
978,14.142135623730951,136,2019,1,0,21.35075343107493,83.91778414930072,0.032572713,0.11688001,2020,1685.77723072657,"{""geodesic"":false,""type"":""Point"",""coordinates"":[83.91778414930072,21.35075343107493]}"
979,30.0,172,2019,1,4,21.419923707952137,83.89793138152167,0.46255574,-0.46379313,2020,1656.2454784957147,"{""geodesic"":false,""type"":""Point"",""coordinates"":[83.89793138152167,21.419923707952137]}"
980,28.284271247461902,152,2019,1,0,21.517480747807515,83.88176170640753,0.15262267,-0.21166845,2020,1640.2204654872462,"{""geodesic"":false,""type"":""Point"",""coordinates"":[83.88176170640753,21.517480747807515]}"
981,30.0,150,2019,1,4,21.357939953347888,83.97114407717741,0.37754983,-0.3950113,2020,1688.5246803463074,"{""geodesic"":false,""type"":""Point"",""coordinates"":[83.97114407717741,21.357939953347888]}"
982,14.142135623730951,163,2019,1,0,21.424864442014794,83.93296567760234,0.11123995,0.07811854,2020,1647.069976108939,"{""geodesic"":false,""type"":""Point"",""coordinates"":[83.93296567760234,21.424864442014794]}"
983,22.360679774997898,187,2019,1,0,21.58162045909365,84.03833806042957,0.29569718,-0.25735813,2020,1594.5462688984794,"{""geodesic"":false,""type"":""Point"",""coordinates"":[84.03833806042957,21.58162045909365]}"
984,20.0,201,2019,1,0,21.367372263831143,84.16616832535976,0.12658228,-0.07110305,2020,1552.724454099584,"{""geodesic"":false,""type"":""Point"",""coordinates"":[84.16616832535976,21.367372263831143]}"
985,22.360679774997898,156,2019,1,0,21.460707221851163,83.93808607472182,0.05026933,0.09430956,2020,1651.9320563661308,"{""geodesic"":false,""type"":""Point"",""coordinates"":[83.93808607472182,21.460707221851163]}"
986,28.284271247461902,199,2019,1,4,21.36764175841638,84.16571916771771,0.35659325,-0.38244608,2020,1552.724454099584,"{""geodesic"":false,""type"":""Point"",""coordinates"":[84.16571916771771,21.36764175841638]}"
987,28.284271247461902,174,2019,1,0,21.577847534900346,84.06708414952138,-0.013068479,0.12376238,2020,1538.918787408697,"{""geodesic"":false,""type"":""Point"",""coordinates"":[84.06708414952138,21.577847534900346]}"
988,22.360679774997898,184,2019,1,0,21.40168790768451,84.12412717006298,0.18906936,-0.06512556,2020,1613.539233859976,"{""geodesic"":false,""type"":""Point"",""coordinates"":[84.12412717006298,21.40168790768451]}"
989,30.0,217,2019,1,0,21.369168894399383,84.10238794018728,0.48261216,-0.4805844,2020,1567.9896123734002,"{""geodesic"":false,""type"":""Point"",""coordinates"":[84.10238794018728,21.369168894399383]}"
990,14.142135623730951,144,2019,1,0,21.43528489931058,83.97599497971167,0.0075918613,0.111144185,2020,1639.734637070956,"{""geodesic"":false,""type"":""Point"",""coordinates"":[83.97599497971167,21.43528489931058]}"
991,10.0,186,2019,1,4,21.441483274771006,84.15260376456956,-0.04425293,0.0904623,2020,1579.7558364199476,"{""geodesic"":false,""type"":""Point"",""coordinates"":[84.15260376456956,21.441483274771006]}"
992,30.0,143,2019,1,0,21.477056560022138,83.93808607472182,0.037123684,0.11536583,2020,1651.9320563661308,"{""geodesic"":false,""type"":""Point"",""coordinates"":[83.93808607472182,21.477056560022138]}"
993,30.0,159,2019,1,0,21.485590555221272,83.92110791585196,0.44559142,-0.39248332,2020,1651.9320563661308,"{""geodesic"":false,""type"":""Point"",""coordinates"":[83.92110791585196,21.485590555221272]}"
994,30.0,192,2019,1,0,21.5819797852073,84.03815839737274,0.38111132,-0.37804478,2020,1594.5462688984794,"{""geodesic"":false,""type"":""Point"",""coordinates"":[84.03815839737274,21.5819797852073]}"
995,22.360679774997898,142,2019,1,0,21.434476415554872,83.97599497971167,0.13709027,-0.04608403,2020,1639.734637070956,"{""geodesic"":false,""type"":""Point"",""coordinates"":[83.97599497971167,21.434476415554872]}"
996,30.0,157,2019,1,0,21.42980517607745,83.93835556930706,0.6887671,-0.57976645,2020,1647.069976108939,"{""geodesic"":false,""type"":""Point"",""coordinates"":[83.93835556930706,21.42980517607745]}"
997,22.360679774997898,179,2019,1,4,21.46106654796481,84.10113029878951,0.28153113,-0.32932982,2020,1591.9735097484568,"{""geodesic"":false,""type"":""Point"",""coordinates"":[84.10113029878951,21.46106654796481]}"
998,22.360679774997898,141,2019,1,0,21.43312894262869,83.97518649595595,0.19149008,-0.15084977,2020,1639.734637070956,"{""geodesic"":false,""type"":""Point"",""coordinates"":[83.97518649595595,21.43312894262869]}"
999,0.0,178,2019,1,0,21.448400302458726,84.11595250097749,-0.13909133,0.2134187,2020,1613.539233859976,"{""geodesic"":false,""type"":""Point"",""coordinates"":[84.11595250097749,21.448400302458726]}"
