system:index,Distance_From_River,Elevation,Feature_Year,Label,LandCover,Latitude,Longitude,NDVI,NDWI,Prediction_Year,Rainfall,.geo
0,685.9300255857006,209,2023,0,5,21.359736583916128,84.08496062367536,0.4024768,-0.43467933,2024,1668.123893737793,"{""geodesic"":false,""type"":""Point"",""coordinates"":[84.08496062367536,21.359736583916128]}"
1,102.95630140987001,156,2023,0,6,21.486219375920157,83.97204239246155,0.31094077,-0.3158617,2024,1771.3602139949799,"{""geodesic"":false,""type"":""Point"",""coordinates"":[83.97204239246155,21.486219375920157]}"
2,358.4689665786984,157,2023,0,6,21.48271594631209,83.95497440206327,0.307721,-0.32153517,2024,1771.3602139949799,"{""geodesic"":false,""type"":""Point"",""coordinates"":[83.95497440206327,21.48271594631209]}"
3,308.7069808086626,165,2023,0,6,21.5301469933136,83.89460761497044,0.40458342,-0.37724885,2024,1688.6987352371216,"{""geodesic"":false,""type"":""Point"",""coordinates"":[83.89460761497044,21.5301469933136]}"
4,1164.0017182117904,177,2023,0,1,21.482895609368914,83.88131254876546,0.6228086,-0.55059224,2024,1728.853170067072,"{""geodesic"":false,""type"":""Point"",""coordinates"":[83.88131254876546,21.482895609368914]}"
5,622.8964600958975,192,2023,0,4,21.542184418120804,84.11496435416495,0.28055078,-0.38921162,2024,1690.0501866340637,"{""geodesic"":false,""type"":""Point"",""coordinates"":[84.11496435416495,21.542184418120804]}"
6,1280.0,213,2023,0,1,21.38650637938289,84.07498932402164,0.6093302,-0.5296956,2024,1668.123893737793,"{""geodesic"":false,""type"":""Point"",""coordinates"":[84.07498932402164,21.38650637938289]}"
7,0.0,188,2023,0,0,21.548203130524403,83.87367686885045,-0.1688898,0.35240296,2024,1688.6987352371216,"{""geodesic"":false,""type"":""Point"",""coordinates"":[83.87367686885045,21.548203130524403]}"
8,1280.0,329,2023,0,1,21.377702889598517,84.03968553335574,0.67033786,-0.59132135,2024,1689.2596210241318,"{""geodesic"":false,""type"":""Point"",""coordinates"":[84.03968553335574,21.377702889598517]}"
9,1280.0,178,2023,0,6,21.504994165358255,84.05657386069718,0.44253054,-0.47675538,2024,1686.0821499824524,"{""geodesic"":false,""type"":""Point"",""coordinates"":[84.05657386069718,21.504994165358255]}"
10,870.9190547921202,171,2023,0,1,21.559162576990662,84.03231934802596,0.7662226,-0.66555226,2024,1657.5867500305176,"{""geodesic"":false,""type"":""Point"",""coordinates"":[84.03231934802596,21.559162576990662]}"
11,300.66592756745814,194,2023,0,1,21.578835681712878,84.1175694684889,0.3834506,-0.4359992,2024,1648.0802314281464,"{""geodesic"":false,""type"":""Point"",""coordinates"":[84.1175694684889,21.578835681712878]}"
12,520.0961449578338,143,2023,0,6,21.360095910029777,83.95209979315409,0.5928844,-0.56937504,2024,1779.3043375015259,"{""geodesic"":false,""type"":""Point"",""coordinates"":[83.95209979315409,21.360095910029777]}"
13,632.5345840347388,196,2023,0,5,21.509126415665204,84.18260749505916,0.3446687,-0.4135531,2024,1660.8073947429657,"{""geodesic"":false,""type"":""Point"",""coordinates"":[84.18260749505916,21.509126415665204]}"
14,1280.0,171,2023,0,4,21.549191277336934,84.0484890231401,0.5670987,-0.49149507,2024,1682.8754785060883,"{""geodesic"":false,""type"":""Point"",""coordinates"":[84.0484890231401,21.549191277336934]}"
15,526.3078946776307,189,2023,0,5,21.499514442125125,84.15996994989935,0.3434616,-0.45851958,2024,1669.5950181484222,"{""geodesic"":false,""type"":""Point"",""coordinates"":[84.15996994989935,21.499514442125125]}"
16,1280.0,163,2023,0,6,21.49142960456805,83.98812223604727,0.20240687,-0.25204408,2024,1771.3602139949799,"{""geodesic"":false,""type"":""Point"",""coordinates"":[83.98812223604727,21.49142960456805]}"
17,1280.0,150,2023,0,4,21.394142059297906,83.87834810832787,0.54184794,-0.5239701,2024,1782.6826467514038,"{""geodesic"":false,""type"":""Point"",""coordinates"":[83.87834810832787,21.394142059297906]}"
18,1166.19037896906,157,2023,0,4,21.464569977572875,84.02639046715078,0.27926266,-0.34583065,2024,1751.5303001403809,"{""geodesic"":false,""type"":""Point"",""coordinates"":[84.02639046715078,21.464569977572875]}"
19,232.59406699226017,158,2023,0,1,21.422169496162436,83.94841670048919,0.33344302,-0.4177326,2024,1825.13307595253,"{""geodesic"":false,""type"":""Point"",""coordinates"":[83.94841670048919,21.422169496162436]}"
20,349.2849839314596,160,2023,0,4,21.46843273329459,84.01300556941739,0.53078604,-0.5132829,2024,1751.5303001403809,"{""geodesic"":false,""type"":""Point"",""coordinates"":[84.01300556941739,21.46843273329459]}"
21,1032.4727599312246,174,2023,0,4,21.36458748645037,84.01938360793464,0.3530371,-0.44776446,2024,1689.2596210241318,"{""geodesic"":false,""type"":""Point"",""coordinates"":[84.01938360793464,21.36458748645037]}"
22,562.2277118748239,175,2023,0,4,21.425762757298912,84.17991254920679,0.28026056,-0.3977179,2024,1665.2535457611084,"{""geodesic"":false,""type"":""Point"",""coordinates"":[84.17991254920679,21.425762757298912]}"
23,215.40659228538016,218,2023,0,6,21.364856981035608,84.0874759064709,0.4,-0.45438936,2024,1668.123893737793,"{""geodesic"":false,""type"":""Point"",""coordinates"":[84.0874759064709,21.364856981035608]}"
24,302.3243291566195,149,2023,0,4,21.48819566954522,83.92604864991462,0.21001138,-0.22063932,2024,1732.3358600139618,"{""geodesic"":false,""type"":""Point"",""coordinates"":[83.92604864991462,21.48819566954522]}"
25,331.05890714493694,167,2023,0,4,21.546496331484576,84.02261754295746,0.49670568,-0.49777877,2024,1682.8754785060883,"{""geodesic"":false,""type"":""Point"",""coordinates"":[84.02261754295746,21.546496331484576]}"
26,1036.1949623502326,148,2023,0,4,21.385787727155595,83.98937987744505,0.5947385,-0.5662873,2024,1779.3043375015259,"{""geodesic"":false,""type"":""Point"",""coordinates"":[83.98937987744505,21.385787727155595]}"
27,170.0,232,2023,0,1,21.592849400145145,84.18826688134911,0.48458308,-0.48436937,2024,1620.3801980018616,"{""geodesic"":false,""type"":""Point"",""coordinates"":[84.18826688134911,21.592849400145145]}"
28,1280.0,174,2023,0,4,21.528080868160128,84.08379281380601,0.46818253,-0.45702422,2024,1686.0821499824524,"{""geodesic"":false,""type"":""Point"",""coordinates"":[84.08379281380601,21.528080868160128]}"
29,120.41594578792296,175,2023,0,4,21.451274911367907,84.17308535304748,0.4628653,-0.47654676,2024,1669.5950181484222,"{""geodesic"":false,""type"":""Point"",""coordinates"":[84.17308535304748,21.451274911367907]}"
30,683.5202996254025,167,2023,0,1,21.546406499956163,84.05765183903813,0.48953333,-0.48259667,2024,1686.0821499824524,"{""geodesic"":false,""type"":""Point"",""coordinates"":[84.05765183903813,21.546406499956163]}"
31,215.870331449229,150,2023,0,4,21.472744646658363,84.01839546112211,0.64376307,-0.58585453,2024,1751.5303001403809,"{""geodesic"":false,""type"":""Point"",""coordinates"":[84.01839546112211,21.472744646658363]}"
32,422.0189569201838,172,2023,0,1,21.42845770315127,84.14074600281918,0.46885446,-0.48248103,2024,1692.262746810913,"{""geodesic"":false,""type"":""Point"",""coordinates"":[84.14074600281918,21.42845770315127]}"
33,869.7700845625814,185,2023,0,4,21.450646090669025,84.13957819294983,0.32397133,-0.41721854,2024,1721.871881723404,"{""geodesic"":false,""type"":""Point"",""coordinates"":[84.13957819294983,21.450646090669025]}"
34,544.2425929675111,158,2023,0,6,21.474541277226603,83.9687186259103,0.46094525,-0.47910783,2024,1771.3602139949799,"{""geodesic"":false,""type"":""Point"",""coordinates"":[83.9687186259103,21.474541277226603]}"
35,0.0,188,2023,0,0,21.56051004991684,83.89865003374898,-0.12654424,0.33219877,2024,1640.1107563972473,"{""geodesic"":false,""type"":""Point"",""coordinates"":[83.89865003374898,21.56051004991684]}"
36,1280.0,273,2023,0,1,21.397196331263913,84.09627939625527,0.5098433,-0.5312473,2024,1668.123893737793,"{""geodesic"":false,""type"":""Point"",""coordinates"":[84.09627939625527,21.397196331263913]}"
37,1201.0412149464314,185,2023,0,1,21.500412757409244,84.18188884283185,0.4475741,-0.48952958,2024,1660.8073947429657,"{""geodesic"":false,""type"":""Point"",""coordinates"":[84.18188884283185,21.500412757409244]}"
38,1274.872542648872,174,2023,0,4,21.414893142361066,84.12745093661421,0.34592354,-0.42259008,2024,1692.262746810913,"{""geodesic"":false,""type"":""Point"",""coordinates"":[84.12745093661421,21.414893142361066]}"
39,242.0743687382041,168,2023,0,1,21.473732793470894,84.09250647206197,0.36689654,-0.45735294,2024,1689.8170459270477,"{""geodesic"":false,""type"":""Point"",""coordinates"":[84.09250647206197,21.473732793470894]}"
40,612.9437168288782,321,2023,0,1,21.4136355009633,84.09466242874386,0.696622,-0.59906125,2024,1696.406155653298,"{""geodesic"":false,""type"":""Point"",""coordinates"":[84.09466242874386,21.4136355009633]}"
41,1280.0,188,2023,0,1,21.516133274881337,83.9891103828598,0.33052143,-0.40463254,2024,1753.9669737815857,"{""geodesic"":false,""type"":""Point"",""coordinates"":[83.9891103828598,21.516133274881337]}"
42,672.6812023536855,173,2023,0,1,21.46969037469236,84.106250695909,0.5018324,-0.50468475,2024,1721.871881723404,"{""geodesic"":false,""type"":""Point"",""coordinates"":[84.106250695909,21.46969037469236]}"
43,295.296461204668,152,2023,0,4,21.447232492589368,84.04857885466852,0.16038841,-0.26151082,2024,1707.17979991436,"{""geodesic"":false,""type"":""Point"",""coordinates"":[84.04857885466852,21.447232492589368]}"
44,225.61028345356956,203,2023,0,1,21.599946090889688,84.15449022666621,0.32964697,-0.3549674,2024,1620.3801980018616,"{""geodesic"":false,""type"":""Point"",""coordinates"":[84.15449022666621,21.599946090889688]}"
45,1280.0,172,2023,0,4,21.511821361517562,84.10005232044857,0.5034722,-0.50958747,2024,1690.0501866340637,"{""geodesic"":false,""type"":""Point"",""coordinates"":[84.10005232044857,21.511821361517562]}"
46,0.0,188,2023,0,0,21.591052769576905,83.92443168240321,-0.21428093,0.37731418,2024,1694.663972377777,"{""geodesic"":false,""type"":""Point"",""coordinates"":[83.92443168240321,21.591052769576905]}"
47,1280.0,160,2023,0,4,21.497178822386413,84.05980779572002,0.56273764,-0.54137677,2024,1689.8170459270477,"{""geodesic"":false,""type"":""Point"",""coordinates"":[84.05980779572002,21.497178822386413]}"
48,998.2484660644363,151,2023,0,4,21.36800108453003,83.89784154999327,0.5452992,-0.5271302,2024,1782.6826467514038,"{""geodesic"":false,""type"":""Point"",""coordinates"":[83.89784154999327,21.36800108453003]}"
49,465.18813398452033,167,2023,0,4,21.511372203875503,84.04561441423093,0.5368359,-0.534359,2024,1682.8754785060883,"{""geodesic"":false,""type"":""Point"",""coordinates"":[84.04561441423093,21.511372203875503]}"
50,1280.0,168,2023,0,4,21.495831349460236,84.11954576211396,0.5549188,-0.5503777,2024,1721.871881723404,"{""geodesic"":false,""type"":""Point"",""coordinates"":[84.11954576211396,21.495831349460236]}"
51,545.6189146281496,178,2023,0,4,21.471397173732186,84.17209720623495,0.32891452,-0.42089278,2024,1669.5950181484222,"{""geodesic"":false,""type"":""Point"",""coordinates"":[84.17209720623495,21.471397173732186]}"
52,85.44003745317531,198,2023,0,1,21.58341708966189,84.1520647753991,0.27735507,-0.29245558,2024,1620.3801980018616,"{""geodesic"":false,""type"":""Point"",""coordinates"":[84.1520647753991,21.58341708966189]}"
53,870.9190547921202,186,2023,0,6,21.555569315854182,84.08873354786867,0.19017687,-0.27457732,2024,1637.8678257465363,"{""geodesic"":false,""type"":""Point"",""coordinates"":[84.08873354786867,21.555569315854182]}"
54,222.03603311174518,193,2023,0,4,21.586830687741543,84.0499263275947,0.24833348,-0.35867566,2024,1657.5867500305176,"{""geodesic"":false,""type"":""Point"",""coordinates"":[84.0499263275947,21.586830687741543]}"
55,300.8321791298265,152,2023,0,6,21.447861313288254,83.99566808443389,0.478859,-0.4381271,2024,1790.7314677461982,"{""geodesic"":false,""type"":""Point"",""coordinates"":[83.99566808443389,21.447861313288254]}"
56,653.9113089708726,161,2023,0,6,21.499514442125125,83.90502807226622,0.36578172,-0.39379117,2024,1732.3358600139618,"{""geodesic"":false,""type"":""Point"",""coordinates"":[83.90502807226622,21.499514442125125]}"
57,732.4616030891996,156,2023,0,6,21.410850723582527,84.022078553787,0.49395972,-0.48896322,2024,1707.17979991436,"{""geodesic"":false,""type"":""Point"",""coordinates"":[84.022078553787,21.410850723582527]}"
58,42.426406871192846,158,2023,0,4,21.526643563705534,84.03726008208862,0.34706184,-0.40374172,2024,1682.8754785060883,"{""geodesic"":false,""type"":""Point"",""coordinates"":[84.03726008208862,21.526643563705534]}"
59,1280.0,167,2023,0,4,21.539579303796856,84.01111910732074,0.51960576,-0.51887345,2024,1682.8754785060883,"{""geodesic"":false,""type"":""Point"",""coordinates"":[84.01111910732074,21.539579303796856]}"
60,1136.001760562016,151,2023,0,1,21.448669797043962,84.00842416146838,0.57161087,-0.5306788,2024,1707.17979991436,"{""geodesic"":false,""type"":""Point"",""coordinates"":[84.00842416146838,21.448669797043962]}"
61,418.6884283091664,208,2023,0,5,21.57281696930928,84.17910406545109,0.32636073,-0.4042409,2024,1620.3801980018616,"{""geodesic"":false,""type"":""Point"",""coordinates"":[84.17910406545109,21.57281696930928]}"
62,887.693640846886,187,2023,0,1,21.566618593848855,83.99180532871218,0.50314903,-0.48727712,2024,1681.4159321784973,"{""geodesic"":false,""type"":""Point"",""coordinates"":[83.99180532871218,21.566618593848855]}"
63,0.0,188,2023,0,0,21.584674731059657,83.85274612273047,-0.21665886,0.42310676,2024,1640.1107563972473,"{""geodesic"":false,""type"":""Point"",""coordinates"":[83.85274612273047,21.584674731059657]}"
64,618.4658438426491,155,2023,0,4,21.39063862968984,83.88526513601559,0.39953732,-0.4599571,2024,1782.6826467514038,"{""geodesic"":false,""type"":""Point"",""coordinates"":[83.88526513601559,21.39063862968984]}"
65,1086.7382389517727,174,2023,0,4,21.53005716178519,84.09088950455055,0.6331573,-0.5883721,2024,1686.0821499824524,"{""geodesic"":false,""type"":""Point"",""coordinates"":[84.09088950455055,21.53005716178519]}"
66,148.66068747318505,193,2023,0,0,21.561947354371434,83.95003366800061,0.41026744,-0.3238618,2024,1681.4159321784973,"{""geodesic"":false,""type"":""Point"",""coordinates"":[83.95003366800061,21.561947354371434]}"
67,755.8438992278762,156,2023,0,1,21.497178822386413,84.00860382452521,0.5306344,-0.48905495,2024,1751.5303001403809,"{""geodesic"":false,""type"":""Point"",""coordinates"":[84.00860382452521,21.497178822386413]}"
68,1010.0495037373169,237,2023,0,5,21.407167630917638,84.09942349974969,0.28902072,-0.43688747,2024,1696.406155653298,"{""geodesic"":false,""type"":""Point"",""coordinates"":[84.09942349974969,21.407167630917638]}"
69,1280.0,152,2023,0,4,21.383182612831646,84.00644786784332,0.60741615,-0.5619102,2024,1689.2596210241318,"{""geodesic"":false,""type"":""Point"",""coordinates"":[84.00644786784332,21.383182612831646]}"
70,545.7105459856901,165,2023,0,1,21.497897474613712,83.87493451024822,0.6808756,-0.5867319,2024,1728.853170067072,"{""geodesic"":false,""type"":""Point"",""coordinates"":[83.87493451024822,21.497897474613712]}"
71,191.049731745428,170,2023,0,4,21.5444302063311,83.90287211558433,0.37509063,-0.4262409,2024,1722.2489975690842,"{""geodesic"":false,""type"":""Point"",""coordinates"":[83.90287211558433,21.5444302063311]}"
72,442.8317965096906,142,2023,0,4,21.44714266106096,83.9799475669618,0.37726524,-0.42128527,2024,1790.7314677461982,"{""geodesic"":false,""type"":""Point"",""coordinates"":[83.9799475669618,21.44714266106096]}"
73,988.1295461628499,182,2023,0,1,21.5015805672786,84.18027187532044,0.6095176,-0.59599227,2024,1660.8073947429657,"{""geodesic"":false,""type"":""Point"",""coordinates"":[84.18027187532044,21.5015805672786]}"
74,497.6946855251722,187,2023,0,4,21.415881289173598,84.19446525680954,0.32724595,-0.38745767,2024,1665.2535457611084,"{""geodesic"":false,""type"":""Point"",""coordinates"":[84.19446525680954,21.415881289173598]}"
75,0.0,188,2023,0,0,21.558354093234954,83.90646537672082,-0.024977498,0.19880427,2024,1694.663972377777,"{""geodesic"":false,""type"":""Point"",""coordinates"":[83.90646537672082,21.558354093234954]}"
76,236.00847442411893,155,2023,0,1,21.477056560022138,83.9289232588238,0.39384532,-0.42264906,2024,1732.3358600139618,"{""geodesic"":false,""type"":""Point"",""coordinates"":[83.9289232588238,21.477056560022138]}"
77,520.0,171,2023,0,6,21.550628581791525,84.00599871020125,0.3807576,-0.4429081,2024,1657.5867500305176,"{""geodesic"":false,""type"":""Point"",""coordinates"":[84.00599871020125,21.550628581791525]}"
78,134.53624047073708,161,2023,0,3,21.48361426159621,83.91104678466982,0.68597025,-0.5798064,2024,1732.3358600139618,"{""geodesic"":false,""type"":""Point"",""coordinates"":[83.91104678466982,21.48361426159621]}"
79,925.418824100742,173,2023,0,4,21.42468477895797,83.85526140552601,0.44833782,-0.4904076,2024,1773.171569108963,"{""geodesic"":false,""type"":""Point"",""coordinates"":[83.85526140552601,21.42468477895797]}"
80,1023.0347012687303,177,2023,0,4,21.55961173463272,84.06106543711779,0.53669965,-0.51152074,2024,1637.8678257465363,"{""geodesic"":false,""type"":""Point"",""coordinates"":[84.06106543711779,21.55961173463272]}"
81,1250.0,156,2023,0,1,21.435464562367404,84.0920573144199,0.61102766,-0.5592587,2024,1696.406155653298,"{""geodesic"":false,""type"":""Point"",""coordinates"":[84.0920573144199,21.435464562367404]}"
82,1210.3718436910206,238,2023,0,1,21.37545710138822,84.09493192332909,0.6255386,-0.5560555,2024,1668.123893737793,"{""geodesic"":false,""type"":""Point"",""coordinates"":[84.09493192332909,21.37545710138822]}"
83,870.9190547921202,163,2023,0,4,21.47031919539124,84.0499263275947,0.46627736,-0.49642432,2024,1751.5303001403809,"{""geodesic"":false,""type"":""Point"",""coordinates"":[84.0499263275947,21.47031919539124]}"
84,498.196748283246,164,2023,0,4,21.412467691093944,83.87520400483345,0.42963716,-0.4334651,2024,1773.171569108963,"{""geodesic"":false,""type"":""Point"",""coordinates"":[83.87520400483345,21.412467691093944]}"
85,349.2849839314596,169,2023,0,1,21.52646390064871,84.026659961736,0.20071551,-0.25712055,2024,1682.8754785060883,"{""geodesic"":false,""type"":""Point"",""coordinates"":[84.026659961736,21.52646390064871]}"
86,410.48751503547584,163,2023,0,4,21.519726536017814,84.0280972661906,0.43410927,-0.4617584,2024,1682.8754785060883,"{""geodesic"":false,""type"":""Point"",""coordinates"":[84.0280972661906,21.519726536017814]}"
87,663.0987860040161,171,2023,0,5,21.46241402089099,83.91338240440854,0.33893576,-0.38629118,2024,1732.3358600139618,"{""geodesic"":false,""type"":""Point"",""coordinates"":[83.91338240440854,21.46241402089099]}"
88,439.089968002003,170,2023,0,6,21.504904333829842,84.04004485946939,0.47407335,-0.43159485,2024,1682.8754785060883,"{""geodesic"":false,""type"":""Point"",""coordinates"":[84.04004485946939,21.504904333829842]}"
89,500.09999000199946,186,2023,0,1,21.57982382852541,84.09304546123244,0.47920206,-0.48030555,2024,1637.8678257465363,"{""geodesic"":false,""type"":""Point"",""coordinates"":[84.09304546123244,21.57982382852541]}"
90,840.5950273467004,184,2023,0,1,21.47166666831742,83.98569678478016,0.6711798,-0.6059426,2024,1771.3602139949799,"{""geodesic"":false,""type"":""Point"",""coordinates"":[83.98569678478016,21.47166666831742]}"
91,358.4689665786984,260,2023,0,1,21.54478953244475,83.89182283758967,0.45728552,-0.4830921,2024,1688.6987352371216,"{""geodesic"":false,""type"":""Point"",""coordinates"":[83.89182283758967,21.54478953244475]}"
92,608.276253029822,194,2023,0,1,21.377523226541694,84.17748709793968,0.54379606,-0.53921765,2024,1666.5909271240234,"{""geodesic"":false,""type"":""Point"",""coordinates"":[84.17748709793968,21.377523226541694]}"
93,465.72524088780074,160,2023,0,6,21.45693429765786,83.97500683289914,0.6187572,-0.5804741,2024,1771.3602139949799,"{""geodesic"":false,""type"":""Point"",""coordinates"":[83.97500683289914,21.45693429765786]}"
94,269.2582403567252,169,2023,0,4,21.439237486560707,84.17272602693384,0.33447686,-0.4102719,2024,1665.2535457611084,"{""geodesic"":false,""type"":""Point"",""coordinates"":[84.17272602693384,21.439237486560707]}"
95,1280.0,181,2023,0,5,21.386416547854477,84.06690448646457,0.30743244,-0.37307817,2024,1668.123893737793,"{""geodesic"":false,""type"":""Point"",""coordinates"":[84.06690448646457,21.386416547854477]}"
96,1280.0,157,2023,0,4,21.51227051915962,83.937906411665,0.50561595,-0.48611945,2024,1722.2489975690842,"{""geodesic"":false,""type"":""Point"",""coordinates"":[83.937906411665,21.51227051915962]}"
97,60.0,205,2023,0,4,21.551796391660883,84.18108035907615,0.5598528,-0.51673335,2024,1620.3801980018616,"{""geodesic"":false,""type"":""Point"",""coordinates"":[84.18108035907615,21.551796391660883]}"
98,662.872536767062,161,2023,0,1,21.49969410518195,83.90359076781164,0.6489357,-0.5584256,2024,1732.3358600139618,"{""geodesic"":false,""type"":""Point"",""coordinates"":[83.90359076781164,21.49969410518195]}"
99,509.6076922496363,192,2023,0,1,21.380128340865642,84.11801862613096,0.6327798,-0.57756615,2024,1691.8503458499908,"{""geodesic"":false,""type"":""Point"",""coordinates"":[84.11801862613096,21.380128340865642]}"
100,1159.5257651298655,144,2023,0,5,21.355873828194415,83.9018839687718,0.3027273,-0.41026008,2024,1811.9562884569168,"{""geodesic"":false,""type"":""Point"",""coordinates"":[83.9018839687718,21.355873828194415]}"
101,651.1528238439882,180,2023,0,1,21.43573405695264,84.19221946859923,0.49133742,-0.50719446,2024,1665.2535457611084,"{""geodesic"":false,""type"":""Point"",""coordinates"":[84.19221946859923,21.43573405695264]}"
102,0.0,188,2023,0,0,21.587998497610897,83.90655520824923,-0.18836483,0.39632037,2024,1694.663972377777,"{""geodesic"":false,""type"":""Point"",""coordinates"":[83.90655520824923,21.587998497610897]}"
103,631.9810123729984,169,2023,0,6,21.52915884650107,83.9206587582099,0.18257684,-0.25570714,2024,1722.2489975690842,"{""geodesic"":false,""type"":""Point"",""coordinates"":[83.9206587582099,21.52915884650107]}"
104,567.1860364994893,162,2023,0,4,21.474541277226603,84.06259257310079,0.51160574,-0.50205374,2024,1689.8170459270477,"{""geodesic"":false,""type"":""Point"",""coordinates"":[84.06259257310079,21.474541277226603]}"
105,817.4350127074322,199,2023,0,5,21.581261132980003,84.14568673688184,0.2595352,-0.37362957,2024,1648.0802314281464,"{""geodesic"":false,""type"":""Point"",""coordinates"":[84.14568673688184,21.581261132980003]}"
106,392.17343102255154,183,2023,0,1,21.530775814012486,83.993512127752,0.33411056,-0.38098955,2024,1753.9669737815857,"{""geodesic"":false,""type"":""Point"",""coordinates"":[83.993512127752,21.530775814012486]}"
107,0.0,188,2023,0,0,21.575961072803697,83.93098938397728,-0.19149856,0.38508996,2024,1694.663972377777,"{""geodesic"":false,""type"":""Point"",""coordinates"":[83.93098938397728,21.575961072803697]}"
108,711.7583859709698,317,2023,0,5,21.482536283255268,83.86442422142402,0.16203867,-0.2818212,2024,1728.853170067072,"{""geodesic"":false,""type"":""Point"",""coordinates"":[83.86442422142402,21.482536283255268]}"
109,462.709412050371,196,2023,0,1,21.570840675684217,84.1356256056997,0.3891579,-0.4544553,2024,1648.0802314281464,"{""geodesic"":false,""type"":""Point"",""coordinates"":[84.1356256056997,21.570840675684217]}"
110,0.0,197,2023,0,0,21.56042021838843,83.95587271734739,-0.06017969,0.24620655,2024,1681.4159321784973,"{""geodesic"":false,""type"":""Point"",""coordinates"":[83.95587271734739,21.56042021838843]}"
111,1068.8779163215975,216,2023,0,1,21.40357436978116,84.07004858995897,0.58219177,-0.57078743,2024,1696.406155653298,"{""geodesic"":false,""type"":""Point"",""coordinates"":[84.07004858995897,21.40357436978116]}"
112,460.9772228646444,157,2023,0,5,21.399531951002622,83.89083469077714,0.25606677,-0.32967973,2024,1782.6826467514038,"{""geodesic"":false,""type"":""Point"",""coordinates"":[83.89083469077714,21.399531951002622]}"
113,586.0034129593445,177,2023,0,1,21.475888750152784,83.87987524431088,0.5285714,-0.4950778,2024,1728.853170067072,"{""geodesic"":false,""type"":""Point"",""coordinates"":[83.87987524431088,21.475888750152784]}"
114,70.71067811865476,131,2023,0,0,21.40995240829841,83.9785102625072,0.041002277,0.095228665,2024,1790.7314677461982,"{""geodesic"":false,""type"":""Point"",""coordinates"":[83.9785102625072,21.40995240829841]}"
115,555.4277630799526,159,2023,0,5,21.390099640519367,83.88544479907242,0.34630704,-0.42258492,2024,1782.6826467514038,"{""geodesic"":false,""type"":""Point"",""coordinates"":[83.88544479907242,21.390099640519367]}"
116,296.81644159311656,181,2023,0,5,21.454419014862324,84.11658132167636,0.3349298,-0.40192044,2024,1721.871881723404,"{""geodesic"":false,""type"":""Point"",""coordinates"":[84.11658132167636,21.454419014862324]}"
117,1280.0,163,2023,0,4,21.5181095685064,83.93817590625024,0.45831552,-0.47587037,2024,1722.2489975690842,"{""geodesic"":false,""type"":""Point"",""coordinates"":[83.93817590625024,21.5181095685064]}"
118,1280.0,373,2023,0,1,21.36818074758685,84.05783150209496,0.6557252,-0.5995575,2024,1668.123893737793,"{""geodesic"":false,""type"":""Point"",""coordinates"":[84.05783150209496,21.36818074758685]}"
119,0.0,188,2023,0,0,21.540926776723037,83.86478354753767,-0.14366266,0.37127256,2024,1688.6987352371216,"{""geodesic"":false,""type"":""Point"",""coordinates"":[83.86478354753767,21.540926776723037]}"
120,170.0,159,2023,0,1,21.407167630917638,83.9237130301759,0.5563094,-0.5353353,2024,1825.13307595253,"{""geodesic"":false,""type"":""Point"",""coordinates"":[83.9237130301759,21.407167630917638]}"
121,1280.0,167,2023,0,4,21.3873148631386,83.85696820456583,0.59159946,-0.56767863,2024,1782.6826467514038,"{""geodesic"":false,""type"":""Point"",""coordinates"":[83.85696820456583,21.3873148631386]}"
122,774.6612162745726,172,2023,0,4,21.42468477895797,84.1040049076987,0.55167,-0.5203163,2024,1692.262746810913,"{""geodesic"":false,""type"":""Point"",""coordinates"":[84.1040049076987,21.42468477895797]}"
123,672.6812023536855,175,2023,0,1,21.510473888591385,84.14451892701248,0.3632837,-0.3959508,2024,1690.0501866340637,"{""geodesic"":false,""type"":""Point"",""coordinates"":[84.14451892701248,21.510473888591385]}"
124,230.8679276123039,165,2023,0,1,21.4730141412436,83.91553836109043,0.6094146,-0.50672895,2024,1732.3358600139618,"{""geodesic"":false,""type"":""Point"",""coordinates"":[83.91553836109043,21.4730141412436]}"
125,230.0,140,2023,0,1,21.363868834223076,83.92838426965334,0.564085,-0.54790574,2024,1811.9562884569168,"{""geodesic"":false,""type"":""Point"",""coordinates"":[83.92838426965334,21.363868834223076]}"
126,0.0,188,2023,0,0,21.580452649224295,83.92694696519874,-0.19407101,0.3799505,2024,1694.663972377777,"{""geodesic"":false,""type"":""Point"",""coordinates"":[83.92694696519874,21.580452649224295]}"
127,774.1446893184763,171,2023,0,1,21.448490133987136,83.93152837314774,0.46289518,-0.45984104,2024,1825.13307595253,"{""geodesic"":false,""type"":""Point"",""coordinates"":[83.93152837314774,21.448490133987136]}"
128,420.5948168962618,170,2023,0,4,21.472475152073127,84.16005978142776,0.5686845,-0.54907316,2024,1669.5950181484222,"{""geodesic"":false,""type"":""Point"",""coordinates"":[84.16005978142776,21.472475152073127]}"
129,250.0,138,2023,0,4,21.383811433530532,83.97321020233089,0.23789355,-0.31056738,2024,1779.3043375015259,"{""geodesic"":false,""type"":""Point"",""coordinates"":[83.97321020233089,21.383811433530532]}"
130,632.5345840347388,152,2023,0,4,21.399172624888976,84.00339359587731,0.614536,-0.5226438,2024,1689.2596210241318,"{""geodesic"":false,""type"":""Point"",""coordinates"":[84.00339359587731,21.399172624888976]}"
131,0.0,188,2023,0,0,21.585752709400598,83.96359822879081,-0.25741398,0.42410302,2024,1681.4159321784973,"{""geodesic"":false,""type"":""Point"",""coordinates"":[83.96359822879081,21.585752709400598]}"
132,353.5533905932738,164,2023,0,1,21.42010337100896,83.92541982921574,0.4543942,-0.45552933,2024,1825.13307595253,"{""geodesic"":false,""type"":""Point"",""coordinates"":[83.92541982921574,21.42010337100896]}"
133,524.7856705360771,174,2023,0,4,21.486129544391744,84.13571543722811,0.49399275,-0.5014602,2024,1721.871881723404,"{""geodesic"":false,""type"":""Point"",""coordinates"":[84.13571543722811,21.486129544391744]}"
134,230.8679276123039,143,2023,0,1,21.384530085757827,83.97491700137073,0.50179857,-0.48444444,2024,1779.3043375015259,"{""geodesic"":false,""type"":""Point"",""coordinates"":[83.97491700137073,21.384530085757827]}"
135,674.2403132415029,168,2023,0,1,21.469959869277595,84.09600990167003,0.5567167,-0.54758716,2024,1689.8170459270477,"{""geodesic"":false,""type"":""Point"",""coordinates"":[84.09600990167003,21.469959869277595]}"
136,1280.0,153,2023,0,4,21.43654254070835,84.06555701353838,0.48525956,-0.49045554,2024,1696.406155653298,"{""geodesic"":false,""type"":""Point"",""coordinates"":[84.06555701353838,21.43654254070835]}"
137,1164.0017182117904,193,2023,0,1,21.59455619918497,84.06142476323143,0.34382653,-0.378976,2024,1637.8678257465363,"{""geodesic"":false,""type"":""Point"",""coordinates"":[84.06142476323143,21.59455619918497]}"
138,410.0,192,2023,0,6,21.57892551324129,84.05387891484483,0.59152824,-0.5366095,2024,1637.8678257465363,"{""geodesic"":false,""type"":""Point"",""coordinates"":[84.05387891484483,21.57892551324129]}"
139,842.1995013059553,164,2023,0,4,21.411659207338236,83.89047536466349,0.5419046,-0.5222728,2024,1773.171569108963,"{""geodesic"":false,""type"":""Point"",""coordinates"":[83.89047536466349,21.411659207338236]}"
140,89.44271909999159,154,2023,0,1,21.49960427365354,84.01435304234357,0.6211144,-0.54724586,2024,1751.5303001403809,"{""geodesic"":false,""type"":""Point"",""coordinates"":[84.01435304234357,21.49960427365354]}"
141,142.12670403551894,196,2023,0,4,21.501131409636542,84.19446525680954,0.42145354,-0.46436486,2024,1660.8073947429657,"{""geodesic"":false,""type"":""Point"",""coordinates"":[84.19446525680954,21.501131409636542]}"
142,338.3784863137726,190,2023,0,5,21.54335222799016,84.10732867424994,0.27269253,-0.37706444,2024,1690.0501866340637,"{""geodesic"":false,""type"":""Point"",""coordinates"":[84.10732867424994,21.54335222799016]}"
143,172.6267650163207,188,2023,0,1,21.396387847508205,84.14182398116013,0.36356327,-0.405719,2024,1691.8503458499908,"{""geodesic"":false,""type"":""Point"",""coordinates"":[84.14182398116013,21.396387847508205]}"
144,0.0,188,2023,0,0,21.5917714218042,83.8995483490331,-0.2029197,0.3898968,2024,1640.1107563972473,"{""geodesic"":false,""type"":""Point"",""coordinates"":[83.8995483490331,21.5917714218042]}"
145,862.670273047588,161,2023,0,1,21.483793924653035,84.05172295816294,0.65263265,-0.5780832,2024,1689.8170459270477,"{""geodesic"":false,""type"":""Point"",""coordinates"":[84.05172295816294,21.483793924653035]}"
146,684.1052550594828,154,2023,0,4,21.471037847618536,84.02261754295746,0.42334926,-0.46235833,2024,1751.5303001403809,"{""geodesic"":false,""type"":""Point"",""coordinates"":[84.02261754295746,21.471037847618536]}"
147,130.0,201,2023,0,5,21.550718413319938,83.9049382407378,0.33692998,-0.41155133,2024,1694.663972377777,"{""geodesic"":false,""type"":""Point"",""coordinates"":[83.9049382407378,21.550718413319938]}"
148,178.88543819998318,161,2023,0,5,21.421361012406727,83.92802494353968,0.43596527,-0.43609023,2024,1825.13307595253,"{""geodesic"":false,""type"":""Point"",""coordinates"":[83.92802494353968,21.421361012406727]}"
149,484.1487374764082,208,2023,0,4,21.570481349570567,84.18323631575804,0.26100466,-0.40346128,2024,1620.3801980018616,"{""geodesic"":false,""type"":""Point"",""coordinates"":[84.18323631575804,21.570481349570567]}"
150,228.47319317591726,178,2023,0,6,21.454149520277088,84.09250647206197,0.4325336,-0.4516851,2024,1689.8170459270477,"{""geodesic"":false,""type"":""Point"",""coordinates"":[84.09250647206197,21.454149520277088]}"
151,733.48483283569,197,2023,0,1,21.47211582595948,83.98686459464952,0.5422235,-0.50520325,2024,1771.3602139949799,"{""geodesic"":false,""type"":""Point"",""coordinates"":[83.98686459464952,21.47211582595948]}"
152,728.0109889280518,211,2023,0,1,21.357760290291065,84.1243068331198,0.35720232,-0.43380737,2024,1691.8503458499908,"{""geodesic"":false,""type"":""Point"",""coordinates"":[84.1243068331198,21.357760290291065]}"
153,1280.0,181,2023,0,1,21.39342340707061,84.07427067179434,0.35098097,-0.4364949,2024,1668.123893737793,"{""geodesic"":false,""type"":""Point"",""coordinates"":[84.07427067179434,21.39342340707061]}"
154,873.2124598286491,172,2023,0,4,21.487117691204276,84.13212217609164,0.5098456,-0.50163776,2024,1721.871881723404,"{""geodesic"":false,""type"":""Point"",""coordinates"":[84.13212217609164,21.487117691204276]}"
155,440.4543109109048,154,2023,0,4,21.467624249538883,84.05549588235624,0.34905943,-0.39703155,2024,1689.8170459270477,"{""geodesic"":false,""type"":""Point"",""coordinates"":[84.05549588235624,21.467624249538883]}"
156,1280.0,247,2023,0,1,21.399442119474212,84.10292692935775,0.53726125,-0.5017466,2024,1691.8503458499908,"{""geodesic"":false,""type"":""Point"",""coordinates"":[84.10292692935775,21.399442119474212]}"
157,0.0,158,2023,0,0,21.481009147272264,83.91625701331772,-0.05381575,0.16073355,2024,1732.3358600139618,"{""geodesic"":false,""type"":""Point"",""coordinates"":[83.91625701331772,21.481009147272264]}"
158,42.426406871192846,180,2023,0,4,21.449747775384903,83.89146351147602,0.48196656,-0.45531273,2024,1773.171569108963,"{""geodesic"":false,""type"":""Point"",""coordinates"":[83.89146351147602,21.449747775384903]}"
159,1278.0062597655772,152,2023,0,4,21.386596210911303,83.87574299400393,0.67142653,-0.58683616,2024,1782.6826467514038,"{""geodesic"":false,""type"":""Point"",""coordinates"":[83.87574299400393,21.386596210911303]}"
160,1280.0,177,2023,0,6,21.509575573307263,83.99162566565535,0.21583556,-0.2839341,2024,1753.9669737815857,"{""geodesic"":false,""type"":""Point"",""coordinates"":[83.99162566565535,21.509575573307263]}"
161,1280.0,166,2023,0,4,21.51990619907464,84.07418084026592,0.52905685,-0.5186879,2024,1686.0821499824524,"{""geodesic"":false,""type"":""Point"",""coordinates"":[84.07418084026592,21.51990619907464]}"
162,610.0,172,2023,0,1,21.468792059408237,84.08496062367536,0.58761203,-0.5434797,2024,1689.8170459270477,"{""geodesic"":false,""type"":""Point"",""coordinates"":[84.08496062367536,21.468792059408237]}"
163,1280.0,146,2023,0,1,21.373211313177922,83.90134497960133,0.39097267,-0.4248657,2024,1811.9562884569168,"{""geodesic"":false,""type"":""Point"",""coordinates"":[83.90134497960133,21.373211313177922]}"
164,1280.0,172,2023,0,6,21.517840073921164,83.92694696519874,0.3215182,-0.33866164,2024,1722.2489975690842,"{""geodesic"":false,""type"":""Point"",""coordinates"":[83.92694696519874,21.517840073921164]}"
165,895.5445270895244,165,2023,0,4,21.481907462556382,84.11352704971037,0.49360266,-0.4841197,2024,1721.871881723404,"{""geodesic"":false,""type"":""Point"",""coordinates"":[84.11352704971037,21.481907462556382]}"
166,161.55494421403512,160,2023,0,6,21.485231229107626,83.97258138163201,0.15164761,-0.19221146,2024,1771.3602139949799,"{""geodesic"":false,""type"":""Point"",""coordinates"":[83.97258138163201,21.485231229107626]}"
167,1280.0,189,2023,0,1,21.356951806535356,84.02118023850288,0.5085414,-0.5415862,2024,1689.2596210241318,"{""geodesic"":false,""type"":""Point"",""coordinates"":[84.02118023850288,21.356951806535356]}"
168,906.8627239003707,170,2023,0,4,21.503377197846838,84.10077097267586,0.5696335,-0.5477543,2024,1690.0501866340637,"{""geodesic"":false,""type"":""Point"",""coordinates"":[84.10077097267586,21.503377197846838]}"
169,223.60679774997897,163,2023,0,1,21.519367209904168,84.03654142986132,0.61067605,-0.5687231,2024,1682.8754785060883,"{""geodesic"":false,""type"":""Point"",""coordinates"":[84.03654142986132,21.519367209904168]}"
170,395.60080889704966,168,2023,0,1,21.37967918322358,84.01938360793464,0.27703464,-0.38968784,2024,1689.2596210241318,"{""geodesic"":false,""type"":""Point"",""coordinates"":[84.01938360793464,21.37967918322358]}"
171,260.0,156,2023,0,4,21.482536283255268,84.06394004602697,0.3962617,-0.42660376,2024,1689.8170459270477,"{""geodesic"":false,""type"":""Point"",""coordinates"":[84.06394004602697,21.482536283255268]}"
172,1280.0,176,2023,0,4,21.50508399688667,84.08478096061855,0.471867,-0.43650547,2024,1686.0821499824524,"{""geodesic"":false,""type"":""Point"",""coordinates"":[84.08478096061855,21.50508399688667]}"
173,1280.0,460,2023,0,1,21.358209447933124,84.03546345152037,0.61749536,-0.58837086,2024,1689.2596210241318,"{""geodesic"":false,""type"":""Point"",""coordinates"":[84.03546345152037,21.358209447933124]}"
174,0.0,188,2023,0,0,21.594915525298617,83.85903432971931,-0.22620831,0.4216649,2024,1640.1107563972473,"{""geodesic"":false,""type"":""Point"",""coordinates"":[83.85903432971931,21.594915525298617]}"
175,0.0,188,2023,0,0,21.556018473496245,83.86532253670813,-0.23877361,0.4327256,2024,1640.1107563972473,"{""geodesic"":false,""type"":""Point"",""coordinates"":[83.86532253670813,21.556018473496245]}"
176,549.1812087098392,156,2023,0,4,21.374648617632513,83.8859837882429,0.26041755,-0.3581507,2024,1782.6826467514038,"{""geodesic"":false,""type"":""Point"",""coordinates"":[83.8859837882429,21.374648617632513]}"
177,152.31546211727817,153,2023,0,4,21.36719260077432,83.86604118893544,0.5030397,-0.52642494,2024,1782.6826467514038,"{""geodesic"":false,""type"":""Point"",""coordinates"":[83.86604118893544,21.36719260077432]}"
178,754.7184905645282,155,2023,0,4,21.429176355378566,84.00285460670683,0.47506413,-0.4705381,2024,1707.17979991436,"{""geodesic"":false,""type"":""Point"",""coordinates"":[84.00285460670683,21.429176355378566]}"
179,210.95023109728987,165,2023,0,4,21.40402352742322,84.05711284986766,0.5201859,-0.5140295,2024,1696.406155653298,"{""geodesic"":false,""type"":""Point"",""coordinates"":[84.05711284986766,21.40402352742322]}"
180,1059.9056561788884,184,2023,0,6,21.48271594631209,84.15592753112081,0.2954663,-0.40963116,2024,1669.5950181484222,"{""geodesic"":false,""type"":""Point"",""coordinates"":[84.15592753112081,21.48271594631209]}"
181,380.0,182,2023,0,1,21.44732232411778,83.88822957645318,0.3475595,-0.423381,2024,1773.171569108963,"{""geodesic"":false,""type"":""Point"",""coordinates"":[83.88822957645318,21.44732232411778]}"
182,1090.0,206,2023,0,5,21.358658605575183,84.0987048475224,0.29595777,-0.40970922,2024,1668.123893737793,"{""geodesic"":false,""type"":""Point"",""coordinates"":[84.0987048475224,21.358658605575183]}"
183,1211.9818480488889,178,2023,0,1,21.554760832098477,84.09547091249956,0.4069973,-0.4321343,2024,1637.8678257465363,"{""geodesic"":false,""type"":""Point"",""coordinates"":[84.09547091249956,21.554760832098477]}"
184,0.0,188,2023,0,0,21.596532492810034,83.85795635137836,-0.21059904,0.40693033,2024,1640.1107563972473,"{""geodesic"":false,""type"":""Point"",""coordinates"":[83.85795635137836,21.596532492810034]}"
185,0.0,188,2023,0,0,21.59868844949192,83.88625328282812,-0.22498259,0.41755366,2024,1640.1107563972473,"{""geodesic"":false,""type"":""Point"",""coordinates"":[83.88625328282812,21.59868844949192]}"
186,0.0,188,2023,0,0,21.581081469923177,83.9559625488758,-0.21150278,0.39031678,2024,1681.4159321784973,"{""geodesic"":false,""type"":""Point"",""coordinates"":[83.9559625488758,21.581081469923177]}"
187,1069.0182411914213,162,2023,0,6,21.477326054607374,84.00078848155336,0.34967342,-0.34354028,2024,1751.5303001403809,"{""geodesic"":false,""type"":""Point"",""coordinates"":[84.00078848155336,21.477326054607374]}"
188,725.6031973468694,150,2023,0,4,21.39432172235473,83.99036802425758,0.5696822,-0.518628,2024,1779.3043375015259,"{""geodesic"":false,""type"":""Point"",""coordinates"":[83.99036802425758,21.39432172235473]}"
189,685.9300255857006,135,2023,0,6,21.353268713870467,83.9335046667728,0.27196652,-0.2982917,2024,1811.9562884569168,"{""geodesic"":false,""type"":""Point"",""coordinates"":[83.9335046667728,21.353268713870467]}"
190,0.0,188,2023,0,0,21.583686584247125,83.9281147750681,-0.16662504,0.36691427,2024,1694.663972377777,"{""geodesic"":false,""type"":""Point"",""coordinates"":[83.9281147750681,21.583686584247125]}"
191,1280.0,182,2023,0,5,21.461785200192107,83.86298691696943,0.28436637,-0.37805006,2024,1728.853170067072,"{""geodesic"":false,""type"":""Point"",""coordinates"":[83.86298691696943,21.461785200192107]}"
192,278.0287754891569,165,2023,0,1,21.53194362388184,84.05091447440724,0.6096418,-0.567315,2024,1686.0821499824524,"{""geodesic"":false,""type"":""Point"",""coordinates"":[84.05091447440724,21.53194362388184]}"
193,0.0,188,2023,0,0,21.574074610707047,83.86397506378196,-0.18970732,0.3893137,2024,1640.1107563972473,"{""geodesic"":false,""type"":""Point"",""coordinates"":[83.86397506378196,21.574074610707047]}"
194,180.27756377319946,181,2023,0,1,21.429445849963802,84.14505791618296,0.35843933,-0.4317965,2024,1692.262746810913,"{""geodesic"":false,""type"":""Point"",""coordinates"":[84.14505791618296,21.429445849963802]}"
195,186.01075237738274,170,2023,0,6,21.496460170159118,83.88176170640753,0.35707182,-0.36823106,2024,1728.853170067072,"{""geodesic"":false,""type"":""Point"",""coordinates"":[83.88176170640753,21.496460170159118]}"
196,70.0,175,2023,0,5,21.457652949885155,83.89532626719773,0.3391673,-0.4189661,2024,1728.853170067072,"{""geodesic"":false,""type"":""Point"",""coordinates"":[83.89532626719773,21.457652949885155]}"
197,1171.3667231059621,154,2023,0,4,21.447861313288254,84.00779534076949,0.30384946,-0.39367485,2024,1707.17979991436,"{""geodesic"":false,""type"":""Point"",""coordinates"":[84.00779534076949,21.447861313288254]}"
198,659.6969000988257,173,2023,0,4,21.527182552876006,83.92074858973831,0.4868131,-0.5027191,2024,1722.2489975690842,"{""geodesic"":false,""type"":""Point"",""coordinates"":[83.92074858973831,21.527182552876006]}"
199,514.78150704935,146,2023,0,4,21.416689772929306,83.99539858984865,0.41841394,-0.43269518,2024,1790.7314677461982,"{""geodesic"":false,""type"":""Point"",""coordinates"":[83.99539858984865,21.416689772929306]}"
200,1280.0,275,2023,0,1,21.355065344438707,84.03079221204295,0.70354277,-0.6340734,2024,1689.2596210241318,"{""geodesic"":false,""type"":""Point"",""coordinates"":[84.03079221204295,21.355065344438707]}"
201,240.41630560342614,175,2023,0,4,21.546047173842517,83.91715532860184,0.5175219,-0.47650552,2024,1722.2489975690842,"{""geodesic"":false,""type"":""Point"",""coordinates"":[83.91715532860184,21.546047173842517]}"
202,100.0,200,2023,0,6,21.592849400145145,84.03851772348638,0.4315697,-0.40103263,2024,1657.5867500305176,"{""geodesic"":false,""type"":""Point"",""coordinates"":[84.03851772348638,21.592849400145145]}"
203,1280.0,175,2023,0,6,21.544070880217454,84.0468720556287,0.331637,-0.25758097,2024,1682.8754785060883,"{""geodesic"":false,""type"":""Point"",""coordinates"":[84.0468720556287,21.544070880217454]}"
204,1224.0914998479484,159,2023,0,6,21.439506981145943,83.9958477474907,0.58188426,-0.50023293,2024,1790.7314677461982,"{""geodesic"":false,""type"":""Point"",""coordinates"":[83.9958477474907,21.439506981145943]}"
205,679.5586803212802,247,2023,0,1,21.36539597020608,84.12179155032426,0.65722114,-0.5698646,2024,1691.8503458499908,"{""geodesic"":false,""type"":""Point"",""coordinates"":[84.12179155032426,21.36539597020608]}"
206,905.5385138137417,179,2023,0,4,21.409233756071114,84.14245280185901,0.30119628,-0.39578325,2024,1692.262746810913,"{""geodesic"":false,""type"":""Point"",""coordinates"":[84.14245280185901,21.409233756071114]}"
207,240.0,209,2023,0,6,21.59635282975321,84.04471609894681,0.22781746,-0.34531412,2024,1657.5867500305176,"{""geodesic"":false,""type"":""Point"",""coordinates"":[84.04471609894681,21.59635282975321]}"
208,0.0,188,2023,0,0,21.580901806866354,83.92604864991462,-0.19798389,0.38868067,2024,1694.663972377777,"{""geodesic"":false,""type"":""Point"",""coordinates"":[83.92604864991462,21.580901806866354]}"
209,1280.0,169,2023,0,1,21.510024730949326,83.92757578589762,0.38467646,-0.41312653,2024,1722.2489975690842,"{""geodesic"":false,""type"":""Point"",""coordinates"":[83.92757578589762,21.510024730949326]}"
210,505.3711507397311,171,2023,0,4,21.469510711635532,83.88319901086211,0.45138133,-0.4215909,2024,1728.853170067072,"{""geodesic"":false,""type"":""Point"",""coordinates"":[83.88319901086211,21.469510711635532]}"
211,446.87805943008664,161,2023,0,1,21.465378461328584,84.06537735048155,0.4512133,-0.46463436,2024,1689.8170459270477,"{""geodesic"":false,""type"":""Point"",""coordinates"":[84.06537735048155,21.465378461328584]}"
212,319.53090617340916,164,2023,0,6,21.51038405706297,84.01120893884915,0.40638104,-0.43998507,2024,1682.8754785060883,"{""geodesic"":false,""type"":""Point"",""coordinates"":[84.01120893884915,21.51038405706297]}"
213,341.32096331752024,195,2023,0,1,21.550538750263115,83.97949840931973,0.32731062,-0.40021992,2024,1681.4159321784973,"{""geodesic"":false,""type"":""Point"",""coordinates"":[83.97949840931973,21.550538750263115]}"
214,130.0,200,2023,0,6,21.597790134207802,84.04121266933875,0.49618194,-0.48105448,2024,1657.5867500305176,"{""geodesic"":false,""type"":""Point"",""coordinates"":[84.04121266933875,21.597790134207802]}"
215,438.29214001622256,155,2023,0,4,21.35335854539888,83.85050033452016,0.5639276,-0.5330038,2024,1782.6826467514038,"{""geodesic"":false,""type"":""Point"",""coordinates"":[83.85050033452016,21.35335854539888]}"
216,564.3580423808985,175,2023,0,1,21.574883094462752,84.06627566576567,0.6211342,-0.55492616,2024,1637.8678257465363,"{""geodesic"":false,""type"":""Point"",""coordinates"":[84.06627566576567,21.574883094462752]}"
217,794.0403012442127,181,2023,0,1,21.57290680083769,84.09331495581768,0.4651253,-0.4848921,2024,1637.8678257465363,"{""geodesic"":false,""type"":""Point"",""coordinates"":[84.09331495581768,21.57290680083769]}"
218,482.59714048054616,149,2023,0,1,21.363419676581017,83.9161671817893,0.5422447,-0.49629018,2024,1811.9562884569168,"{""geodesic"":false,""type"":""Point"",""coordinates"":[83.9161671817893,21.363419676581017]}"
219,600.0,149,2023,0,1,21.427200061753503,83.95991513612593,0.6147447,-0.5616127,2024,1790.7314677461982,"{""geodesic"":false,""type"":""Point"",""coordinates"":[83.95991513612593,21.427200061753503]}"
220,241.66091947189145,221,2023,0,1,21.55413201139959,83.87457518413457,0.5845353,-0.5301505,2024,1640.1107563972473,"{""geodesic"":false,""type"":""Point"",""coordinates"":[83.87457518413457,21.55413201139959]}"
221,372.0215047547655,166,2023,0,0,21.4068981363324,84.05325009414594,0.5421483,-0.5030053,2024,1696.406155653298,"{""geodesic"":false,""type"":""Point"",""coordinates"":[84.05325009414594,21.4068981363324]}"
222,643.5060217278467,171,2023,0,6,21.462593683947812,83.9220960626645,0.51304543,-0.4282121,2024,1732.3358600139618,"{""geodesic"":false,""type"":""Point"",""coordinates"":[83.9220960626645,21.462593683947812]}"
223,0.0,188,2023,0,0,21.586561193156307,83.8965839085955,-0.23604457,0.4137375,2024,1640.1107563972473,"{""geodesic"":false,""type"":""Point"",""coordinates"":[83.8965839085955,21.586561193156307]}"
224,134.53624047073708,178,2023,0,4,21.4504664276122,84.17533114125779,0.38296762,-0.45529518,2024,1669.5950181484222,"{""geodesic"":false,""type"":""Point"",""coordinates"":[84.17533114125779,21.4504664276122]}"
225,36.05551275463989,208,2023,0,5,21.569762697343272,84.17416333138843,0.28936863,-0.39363912,2024,1620.3801980018616,"{""geodesic"":false,""type"":""Point"",""coordinates"":[84.17416333138843,21.569762697343272]}"
226,354.682957019364,201,2023,0,1,21.556647294195127,84.15026814483085,0.6004939,-0.5596705,2024,1620.3801980018616,"{""geodesic"":false,""type"":""Point"",""coordinates"":[84.15026814483085,21.556647294195127]}"
227,0.0,188,2023,0,0,21.599586764776042,83.91005863785729,-0.20454909,0.36200827,2024,1694.663972377777,"{""geodesic"":false,""type"":""Point"",""coordinates"":[83.91005863785729,21.599586764776042]}"
228,1119.7321108193692,162,2023,0,4,21.47669723390849,84.02917524453154,0.50681776,-0.48809862,2024,1751.5303001403809,"{""geodesic"":false,""type"":""Point"",""coordinates"":[84.02917524453154,21.47669723390849]}"
229,615.223536610881,190,2023,0,1,21.459808906567044,84.18341597881486,0.41684482,-0.4793909,2024,1669.5950181484222,"{""geodesic"":false,""type"":""Point"",""coordinates"":[84.18341597881486,21.459808906567044]}"
230,1280.0,163,2023,0,4,21.49655000168753,84.05360942025959,0.5478432,-0.53511703,2024,1689.8170459270477,"{""geodesic"":false,""type"":""Point"",""coordinates"":[84.05360942025959,21.49655000168753]}"
231,1280.0,204,2023,0,1,21.394591216939965,84.08621826507313,0.669547,-0.5889683,2024,1668.123893737793,"{""geodesic"":false,""type"":""Point"",""coordinates"":[84.08621826507313,21.394591216939965]}"
232,340.0,162,2023,0,1,21.396926836678677,83.8951466041409,0.54165924,-0.51506686,2024,1782.6826467514038,"{""geodesic"":false,""type"":""Point"",""coordinates"":[83.8951466041409,21.396926836678677]}"
233,1041.7293314484334,207,2023,0,1,21.395399700695673,84.15484955277987,0.38303262,-0.4511036,2024,1666.5909271240234,"{""geodesic"":false,""type"":""Point"",""coordinates"":[84.15484955277987,21.395399700695673]}"
234,84.85281374238569,194,2023,0,5,21.59455619918497,83.95937614695545,0.39732784,-0.39678594,2024,1681.4159321784973,"{""geodesic"":false,""type"":""Point"",""coordinates"":[83.95937614695545,21.59455619918497]}"
235,1280.0,177,2023,0,1,21.51164169846074,84.06897061161804,0.60350364,-0.5604046,2024,1686.0821499824524,"{""geodesic"":false,""type"":""Point"",""coordinates"":[84.06897061161804,21.51164169846074]}"
236,1280.0,176,2023,0,4,21.519457041432577,84.0943031026302,0.48131746,-0.47845304,2024,1686.0821499824524,"{""geodesic"":false,""type"":""Point"",""coordinates"":[84.0943031026302,21.519457041432577]}"
237,360.5551275463989,154,2023,0,1,21.47157683678901,83.93422331900011,0.52398527,-0.49039826,2024,1732.3358600139618,"{""geodesic"":false,""type"":""Point"",""coordinates"":[83.93422331900011,21.47157683678901]}"
238,802.807573457052,156,2023,0,1,21.517480747807515,83.92011976903943,0.59433573,-0.54424894,2024,1722.2489975690842,"{""geodesic"":false,""type"":""Point"",""coordinates"":[83.92011976903943,21.517480747807515]}"
239,954.4108130150245,181,2023,0,4,21.56221684895667,84.00923264522409,0.5074946,-0.4926931,2024,1657.5867500305176,"{""geodesic"":false,""type"":""Point"",""coordinates"":[84.00923264522409,21.56221684895667]}"
240,497.29267036625424,169,2023,0,6,21.529877498728364,83.91931128528373,0.5423272,-0.516768,2024,1722.2489975690842,"{""geodesic"":false,""type"":""Point"",""coordinates"":[83.91931128528373,21.529877498728364]}"
241,1035.8571330062848,158,2023,0,4,21.431781469702514,84.02010226016193,0.31893942,-0.4029382,2024,1707.17979991436,"{""geodesic"":false,""type"":""Point"",""coordinates"":[84.02010226016193,21.431781469702514]}"
242,530.8483775994798,149,2023,0,4,21.360095910029777,83.95326760302345,0.47930932,-0.4890174,2024,1779.3043375015259,"{""geodesic"":false,""type"":""Point"",""coordinates"":[83.95326760302345,21.360095910029777]}"
243,512.6402247190518,175,2023,0,4,21.48639903897698,84.13652392098382,0.44702938,-0.4673812,2024,1721.871881723404,"{""geodesic"":false,""type"":""Point"",""coordinates"":[84.13652392098382,21.48639903897698]}"
244,880.5112151472007,178,2023,0,4,21.560240555331607,84.11020328315912,0.49503335,-0.46454626,2024,1648.0802314281464,"{""geodesic"":false,""type"":""Point"",""coordinates"":[84.11020328315912,21.560240555331607]}"
245,257.0992026436488,147,2023,0,5,21.510923046233444,83.90996880632888,0.1872695,-0.25782645,2024,1722.2489975690842,"{""geodesic"":false,""type"":""Point"",""coordinates"":[83.90996880632888,21.510923046233444]}"
246,1176.5202930676546,160,2023,0,4,21.435195067782168,84.05540605082783,0.5968503,-0.5592051,2024,1696.406155653298,"{""geodesic"":false,""type"":""Point"",""coordinates"":[84.05540605082783,21.435195067782168]}"
247,0.0,188,2023,0,0,21.528979183444246,83.86235809627054,-0.26257506,0.46205485,2024,1688.6987352371216,"{""geodesic"":false,""type"":""Point"",""coordinates"":[83.86235809627054,21.528979183444246]}"
248,427.20018726587654,197,2023,0,6,21.55574897891101,83.9739288545582,0.43328694,-0.45252296,2024,1681.4159321784973,"{""geodesic"":false,""type"":""Point"",""coordinates"":[83.9739288545582,21.55574897891101]}"
249,202.23748416156684,187,2023,0,5,21.556198136553068,83.94931501577332,0.41209227,-0.44289392,2024,1694.663972377777,"{""geodesic"":false,""type"":""Point"",""coordinates"":[83.94931501577332,21.556198136553068]}"
250,276.5863337187866,181,2023,0,4,21.410760892054117,84.14999865024562,0.31497443,-0.42071235,2024,1692.262746810913,"{""geodesic"":false,""type"":""Point"",""coordinates"":[84.14999865024562,21.410760892054117]}"
251,811.2336284942828,171,2023,0,4,21.42154067546355,84.1048133914544,0.61323446,-0.56893206,2024,1692.262746810913,"{""geodesic"":false,""type"":""Point"",""coordinates"":[84.1048133914544,21.42154067546355]}"
252,652.7633568147036,170,2023,0,4,21.53643520030244,84.01866495570734,0.38236988,-0.3878784,2024,1682.8754785060883,"{""geodesic"":false,""type"":""Point"",""coordinates"":[84.01866495570734,21.53643520030244]}"
253,406.07881008493905,166,2023,0,4,21.412647354150767,83.86720899880478,0.53851986,-0.52687263,2024,1773.171569108963,"{""geodesic"":false,""type"":""Point"",""coordinates"":[83.86720899880478,21.412647354150767]}"
254,0.0,188,2023,0,0,21.591501927218964,83.93772674860817,-0.2430124,0.41025466,2024,1694.663972377777,"{""geodesic"":false,""type"":""Point"",""coordinates"":[83.93772674860817,21.591501927218964]}"
255,1280.0,346,2023,0,1,21.420283034065783,84.08064871031159,0.58823013,-0.5349745,2024,1696.406155653298,"{""geodesic"":false,""type"":""Point"",""coordinates"":[84.08064871031159,21.420283034065783]}"
256,340.0,198,2023,0,4,21.373929965405218,84.1266424528585,0.46698874,-0.46149734,2024,1691.8503458499908,"{""geodesic"":false,""type"":""Point"",""coordinates"":[84.1266424528585,21.373929965405218]}"
257,660.07575322837,171,2023,0,4,21.464030988402403,83.91275358370964,0.23065864,-0.35122335,2024,1732.3358600139618,"{""geodesic"":false,""type"":""Point"",""coordinates"":[83.91275358370964,21.464030988402403]}"
258,722.4956747275377,153,2023,0,6,21.42558309424209,84.02118023850288,0.63377017,-0.54766417,2024,1707.17979991436,"{""geodesic"":false,""type"":""Point"",""coordinates"":[84.02118023850288,21.42558309424209]}"
259,822.0097323024831,150,2023,0,4,21.37500794374616,83.87583282553234,0.6585602,-0.591976,2024,1782.6826467514038,"{""geodesic"":false,""type"":""Point"",""coordinates"":[83.87583282553234,21.37500794374616]}"
260,396.232255123179,161,2023,0,4,21.521074008943994,84.03097187509978,0.5147929,-0.5032623,2024,1682.8754785060883,"{""geodesic"":false,""type"":""Point"",""coordinates"":[84.03097187509978,21.521074008943994]}"
261,1215.9358535712317,172,2023,0,4,21.48774651190316,84.14748336745008,0.6115925,-0.57571864,2024,1721.871881723404,"{""geodesic"":false,""type"":""Point"",""coordinates"":[84.14748336745008,21.48774651190316]}"
262,1280.0,160,2023,0,4,21.392614923314902,83.87367686885045,0.5309795,-0.5565695,2024,1782.6826467514038,"{""geodesic"":false,""type"":""Point"",""coordinates"":[83.87367686885045,21.392614923314902]}"
263,0.0,154,2023,0,0,21.51622310640975,83.8559800577533,-0.21824291,0.3356181,2024,1688.6987352371216,"{""geodesic"":false,""type"":""Point"",""coordinates"":[83.8559800577533,21.51622310640975]}"
264,199.24858845171275,161,2023,0,5,21.47256498360154,83.90960948021524,0.43707767,-0.4468126,2024,1732.3358600139618,"{""geodesic"":false,""type"":""Point"",""coordinates"":[83.90960948021524,21.47256498360154]}"
265,440.4543109109048,191,2023,0,1,21.403933695894807,84.15089696552974,0.53209174,-0.53209174,2024,1665.2535457611084,"{""geodesic"":false,""type"":""Point"",""coordinates"":[84.15089696552974,21.403933695894807]}"
266,689.4925670375279,203,2023,0,5,21.594915525298617,84.01363439011628,0.30017602,-0.37927407,2024,1657.5867500305176,"{""geodesic"":false,""type"":""Point"",""coordinates"":[84.01363439011628,21.594915525298617]}"
267,518.6520991955977,165,2023,0,6,21.48226678867003,83.9055670614367,0.10287567,-0.1553537,2024,1732.3358600139618,"{""geodesic"":false,""type"":""Point"",""coordinates"":[83.9055670614367,21.48226678867003]}"
268,1100.1818031580053,185,2023,0,4,21.406089652576696,84.13993751906348,0.34615386,-0.41568735,2024,1692.262746810913,"{""geodesic"":false,""type"":""Point"",""coordinates"":[84.13993751906348,21.406089652576696]}"
269,1280.0,174,2023,0,5,21.52322996562588,84.0649281928395,0.42180413,-0.45130315,2024,1686.0821499824524,"{""geodesic"":false,""type"":""Point"",""coordinates"":[84.0649281928395,21.52322996562588]}"
270,144.22205101855957,141,2023,0,4,21.439956138788002,83.98318150198462,0.4240297,-0.45724246,2024,1790.7314677461982,"{""geodesic"":false,""type"":""Point"",""coordinates"":[83.98318150198462,21.439956138788002]}"
271,533.1041174104736,152,2023,0,6,21.461785200192107,83.99467993762136,0.31688234,-0.37935382,2024,1771.3602139949799,"{""geodesic"":false,""type"":""Point"",""coordinates"":[83.99467993762136,21.461785200192107]}"
272,1097.679370308106,171,2023,0,4,21.49735848544324,84.04678222410028,0.5134508,-0.51246375,2024,1751.5303001403809,"{""geodesic"":false,""type"":""Point"",""coordinates"":[84.04678222410028,21.49735848544324]}"
273,891.4033879226621,202,2023,0,1,21.522960471040644,84.18682957689451,0.37924945,-0.45686305,2024,1660.8073947429657,"{""geodesic"":false,""type"":""Point"",""coordinates"":[84.18682957689451,21.522960471040644]}"
274,1280.0,196,2023,0,5,21.393603070127433,84.09753703765304,0.33990148,-0.45577464,2024,1668.123893737793,"{""geodesic"":false,""type"":""Point"",""coordinates"":[84.09753703765304,21.393603070127433]}"
275,599.0826320300064,160,2023,0,4,21.357580627234242,83.85562073163965,0.28276435,-0.39244816,2024,1782.6826467514038,"{""geodesic"":false,""type"":""Point"",""coordinates"":[83.85562073163965,21.357580627234242]}"
276,1280.0,203,2023,0,1,21.362341698240076,84.19114149025829,0.59271747,-0.57374865,2024,1666.5909271240234,"{""geodesic"":false,""type"":""Point"",""coordinates"":[84.19114149025829,21.362341698240076]}"
277,680.9552114493288,169,2023,0,5,21.55898291393384,84.07750460681717,0.2974697,-0.27045596,2024,1637.8678257465363,"{""geodesic"":false,""type"":""Point"",""coordinates"":[84.07750460681717,21.55898291393384]}"
278,0.0,188,2023,0,0,21.597161313508916,83.88337867391894,-0.17633675,0.3919373,2024,1640.1107563972473,"{""geodesic"":false,""type"":""Point"",""coordinates"":[83.88337867391894,21.597161313508916]}"
279,622.4146527838174,158,2023,0,6,21.409323587599527,84.0468720556287,0.0927835,-0.18690784,2024,1707.17979991436,"{""geodesic"":false,""type"":""Point"",""coordinates"":[84.0468720556287,21.409323587599527]}"
280,1004.987562112089,177,2023,0,6,21.54191492353557,83.94185899891512,0.54287475,-0.50065863,2024,1722.2489975690842,"{""geodesic"":false,""type"":""Point"",""coordinates"":[83.94185899891512,21.54191492353557]}"
281,1072.0541031123382,212,2023,0,1,21.365665464791316,84.11262873442624,0.61424804,-0.53456116,2024,1691.8503458499908,"{""geodesic"":false,""type"":""Point"",""coordinates"":[84.11262873442624,21.365665464791316]}"
282,0.0,188,2023,0,0,21.557994767121308,83.8891278917373,-0.19170985,0.437487,2024,1640.1107563972473,"{""geodesic"":false,""type"":""Point"",""coordinates"":[83.8891278917373,21.557994767121308]}"
283,492.5444142409901,190,2023,0,1,21.51532479112563,83.91751465471549,0.46237096,-0.47700328,2024,1722.2489975690842,"{""geodesic"":false,""type"":""Point"",""coordinates"":[83.91751465471549,21.51532479112563]}"
284,808.0222769206305,186,2023,0,1,21.52826053121695,84.13912903530777,0.3424337,-0.43356934,2024,1690.0501866340637,"{""geodesic"":false,""type"":""Point"",""coordinates"":[84.13912903530777,21.52826053121695]}"
285,557.3149917237109,153,2023,0,6,21.451724069009966,84.00258511212161,0.217898,-0.30662963,2024,1751.5303001403809,"{""geodesic"":false,""type"":""Point"",""coordinates"":[84.00258511212161,21.451724069009966]}"
286,1280.0,169,2023,0,4,21.49376522430676,84.03366682095213,0.4613907,-0.45970836,2024,1751.5303001403809,"{""geodesic"":false,""type"":""Point"",""coordinates"":[84.03366682095213,21.49376522430676]}"
287,499.799959983992,156,2023,0,6,21.467714081067296,83.99234431788264,0.19740596,-0.23952739,2024,1771.3602139949799,"{""geodesic"":false,""type"":""Point"",""coordinates"":[83.99234431788264,21.467714081067296]}"
288,1280.0,181,2023,0,5,21.551077739433588,84.09412343957338,0.25824288,-0.35854062,2024,1637.8678257465363,"{""geodesic"":false,""type"":""Point"",""coordinates"":[84.09412343957338,21.551077739433588]}"
289,350.14282800023193,182,2023,0,6,21.423876295202263,83.85014100840652,0.25232053,-0.32450688,2024,1773.171569108963,"{""geodesic"":false,""type"":""Point"",""coordinates"":[83.85014100840652,21.423876295202263]}"
290,536.0037313302959,229,2023,0,1,21.374019796933627,84.11478469110813,0.70451826,-0.62156016,2024,1691.8503458499908,"{""geodesic"":false,""type"":""Point"",""coordinates"":[84.11478469110813,21.374019796933627]}"
291,155.24174696260025,153,2023,0,4,21.359377257802482,83.88409732614623,0.6279851,-0.61742735,2024,1782.6826467514038,"{""geodesic"":false,""type"":""Point"",""coordinates"":[83.88409732614623,21.359377257802482]}"
292,557.8530272392541,202,2023,0,1,21.488824490244102,84.18718890300816,0.6472435,-0.5693665,2024,1669.5950181484222,"{""geodesic"":false,""type"":""Point"",""coordinates"":[84.18718890300816,21.488824490244102]}"
293,0.0,143,2023,0,0,21.456395308487387,83.96009479918276,-0.09619189,0.23766816,2024,1771.3602139949799,"{""geodesic"":false,""type"":""Point"",""coordinates"":[83.96009479918276,21.456395308487387]}"
294,702.6378868236469,195,2023,0,1,21.499873768238775,83.9237130301759,0.2968588,-0.39093485,2024,1732.3358600139618,"{""geodesic"":false,""type"":""Point"",""coordinates"":[83.9237130301759,21.499873768238775]}"
295,1023.132444994293,177,2023,0,4,21.573086463894516,84.08316399310712,0.54318094,-0.51341206,2024,1637.8678257465363,"{""geodesic"":false,""type"":""Point"",""coordinates"":[84.08316399310712,21.573086463894516]}"
296,290.17236257093816,175,2023,0,4,21.455317330146446,84.08684708577202,0.3190447,-0.40211555,2024,1689.8170459270477,"{""geodesic"":false,""type"":""Point"",""coordinates"":[84.08684708577202,21.455317330146446]}"
297,272.02941017470886,188,2023,0,5,21.52314013409747,84.15449022666621,0.34235308,-0.42965832,2024,1660.8073947429657,"{""geodesic"":false,""type"":""Point"",""coordinates"":[84.15449022666621,21.52314013409747]}"
298,825.6512580987205,172,2023,0,4,21.447232492589368,83.92101808432355,0.44922617,-0.41754973,2024,1825.13307595253,"{""geodesic"":false,""type"":""Point"",""coordinates"":[83.92101808432355,21.447232492589368]}"
299,1280.0,181,2023,0,1,21.40950325065635,84.13517644805765,0.35531986,-0.3984268,2024,1692.262746810913,"{""geodesic"":false,""type"":""Point"",""coordinates"":[84.13517644805765,21.40950325065635]}"
300,1280.0,176,2023,0,1,21.43106281747522,84.12304919172203,0.631386,-0.56206125,2024,1692.262746810913,"{""geodesic"":false,""type"":""Point"",""coordinates"":[84.12304919172203,21.43106281747522]}"
301,777.946013551069,175,2023,0,1,21.419474550310078,84.07202488358405,0.32683232,-0.42451873,2024,1696.406155653298,"{""geodesic"":false,""type"":""Point"",""coordinates"":[84.07202488358405,21.419474550310078]}"
302,494.06477308142496,193,2023,0,5,21.390099640519367,84.17973288614998,0.33520338,-0.4177606,2024,1666.5909271240234,"{""geodesic"":false,""type"":""Point"",""coordinates"":[84.17973288614998,21.390099640519367]}"
303,1280.0,172,2023,0,4,21.510024730949326,84.09942349974969,0.500678,-0.4914645,2024,1686.0821499824524,"{""geodesic"":false,""type"":""Point"",""coordinates"":[84.09942349974969,21.510024730949326]}"
304,1252.3977004130916,167,2023,0,6,21.46789374412412,83.98488830102445,0.14123465,-0.19609876,2024,1771.3602139949799,"{""geodesic"":false,""type"":""Point"",""coordinates"":[83.98488830102445,21.46789374412412]}"
305,760.0657866263946,188,2023,0,5,21.3971064997355,84.17039040719513,0.30453646,-0.42168674,2024,1666.5909271240234,"{""geodesic"":false,""type"":""Point"",""coordinates"":[84.17039040719513,21.3971064997355]}"
306,991.2618221237011,147,2023,0,4,21.3888419991216,83.98964937203029,0.6407538,-0.55447066,2024,1779.3043375015259,"{""geodesic"":false,""type"":""Point"",""coordinates"":[83.98964937203029,21.3888419991216]}"
307,460.4345773288535,203,2023,0,1,21.352280567057935,84.11550334333543,0.45884883,-0.45858732,2024,1691.8503458499908,"{""geodesic"":false,""type"":""Point"",""coordinates"":[84.11550334333543,21.352280567057935]}"
308,933.0058949438637,165,2023,0,4,21.498885621426243,84.04094317475351,0.5546677,-0.55073786,2024,1751.5303001403809,"{""geodesic"":false,""type"":""Point"",""coordinates"":[84.04094317475351,21.498885621426243]}"
309,280.713376952364,187,2023,0,1,21.596532492810034,84.04956700148105,0.25407097,-0.33001217,2024,1657.5867500305176,"{""geodesic"":false,""type"":""Point"",""coordinates"":[84.04956700148105,21.596532492810034]}"
310,806.5977932030313,211,2023,0,1,21.586830687741543,84.03025322287249,0.5862426,-0.5263158,2024,1657.5867500305176,"{""geodesic"":false,""type"":""Point"",""coordinates"":[84.03025322287249,21.586830687741543]}"
311,1280.0,173,2023,0,4,21.45361053110662,83.86532253670813,0.4718101,-0.48859543,2024,1728.853170067072,"{""geodesic"":false,""type"":""Point"",""coordinates"":[83.86532253670813,21.45361053110662]}"
312,1280.0,159,2023,0,4,21.49268724596582,84.05468739860054,0.5876009,-0.571508,2024,1689.8170459270477,"{""geodesic"":false,""type"":""Point"",""coordinates"":[84.05468739860054,21.49268724596582]}"
313,720.6247289678588,202,2023,0,1,21.59500535682703,84.17362434221796,0.413668,-0.46583354,2024,1620.3801980018616,"{""geodesic"":false,""type"":""Point"",""coordinates"":[84.17362434221796,21.59500535682703]}"
314,1280.0,174,2023,0,1,21.504006018545724,83.93485213969899,0.40378517,-0.4218676,2024,1722.2489975690842,"{""geodesic"":false,""type"":""Point"",""coordinates"":[83.93485213969899,21.504006018545724]}"
315,711.7583859709698,175,2023,0,1,21.478853190590378,84.12134239268221,0.44743082,-0.4292591,2024,1721.871881723404,"{""geodesic"":false,""type"":""Point"",""coordinates"":[84.12134239268221,21.478853190590378]}"
316,971.4422267947796,159,2023,0,4,21.386596210911303,84.00285460670683,0.5184408,-0.49270448,2024,1689.2596210241318,"{""geodesic"":false,""type"":""Point"",""coordinates"":[84.00285460670683,21.386596210911303]}"
317,825.6512580987205,171,2023,0,4,21.57290680083769,84.0904403469085,0.55914843,-0.5446463,2024,1637.8678257465363,"{""geodesic"":false,""type"":""Point"",""coordinates"":[84.0904403469085,21.57290680083769]}"
318,1280.0,205,2023,0,1,21.356502648893297,84.18314648422962,0.6102493,-0.56020945,2024,1666.5909271240234,"{""geodesic"":false,""type"":""Point"",""coordinates"":[84.18314648422962,21.356502648893297]}"
319,36.05551275463989,196,2023,0,1,21.53661486335926,84.16553950466088,0.38988036,-0.4288205,2024,1660.8073947429657,"{""geodesic"":false,""type"":""Point"",""coordinates"":[84.16553950466088,21.53661486335926]}"
320,657.9513659838392,207,2023,0,5,21.521972324228113,83.99476976914977,0.30970353,-0.38152868,2024,1753.9669737815857,"{""geodesic"":false,""type"":""Point"",""coordinates"":[83.99476976914977,21.521972324228113]}"
321,1115.0784725749124,174,2023,0,1,21.411389712753,83.8530156173157,0.52646184,-0.5123385,2024,1773.171569108963,"{""geodesic"":false,""type"":""Point"",""coordinates"":[83.8530156173157,21.411389712753]}"
322,1280.0,170,2023,0,4,21.52727238440442,84.0828944985219,0.5149579,-0.5054839,2024,1686.0821499824524,"{""geodesic"":false,""type"":""Point"",""coordinates"":[84.0828944985219,21.52727238440442]}"
323,92.19544457292886,156,2023,0,5,21.51307900291533,84.02863625536106,0.36422977,-0.4183916,2024,1682.8754785060883,"{""geodesic"":false,""type"":""Point"",""coordinates"":[84.02863625536106,21.51307900291533]}"
324,152.97058540778355,161,2023,0,4,21.47993116893132,84.07220454664086,0.4921334,-0.4809494,2024,1689.8170459270477,"{""geodesic"":false,""type"":""Point"",""coordinates"":[84.07220454664086,21.47993116893132]}"
325,1280.0,270,2023,0,1,21.39306408095696,84.08307416157871,0.61854994,-0.54920185,2024,1668.123893737793,"{""geodesic"":false,""type"":""Point"",""coordinates"":[84.08307416157871,21.39306408095696]}"
326,1158.360910942699,162,2023,0,4,21.40590998951987,84.04022452252622,0.7082583,-0.64968944,2024,1707.17979991436,"{""geodesic"":false,""type"":""Point"",""coordinates"":[84.04022452252622,21.40590998951987]}"
327,1104.536101718726,154,2023,0,4,21.388931830650012,83.94751838520507,0.29724795,-0.38716877,2024,1811.9562884569168,"{""geodesic"":false,""type"":""Point"",""coordinates"":[83.94751838520507,21.388931830650012]}"
328,1131.370849898476,160,2023,0,4,21.42046269712261,83.87798878221423,0.57278913,-0.57257515,2024,1773.171569108963,"{""geodesic"":false,""type"":""Point"",""coordinates"":[83.87798878221423,21.42046269712261]}"
329,1280.0,166,2023,0,6,21.50715012204014,83.96566435394429,0.59677607,-0.5534091,2024,1753.9669737815857,"{""geodesic"":false,""type"":""Point"",""coordinates"":[83.96566435394429,21.50715012204014]}"
330,0.0,188,2023,0,0,21.530865645540896,83.86208860168531,-0.26218098,0.46470654,2024,1688.6987352371216,"{""geodesic"":false,""type"":""Point"",""coordinates"":[83.86208860168531,21.530865645540896]}"
331,1280.0,169,2023,0,6,21.513707823614215,83.95021333105744,0.5127738,-0.5288968,2024,1753.9669737815857,"{""geodesic"":false,""type"":""Point"",""coordinates"":[83.95021333105744,21.513707823614215]}"
332,183.84776310850236,190,2023,0,6,21.440944285600533,84.19284828929811,0.30033404,-0.42046773,2024,1665.2535457611084,"{""geodesic"":false,""type"":""Point"",""coordinates"":[84.19284828929811,21.440944285600533]}"
333,270.7397274136177,189,2023,0,1,21.506341638284432,84.17524130972937,0.45017722,-0.48440808,2024,1660.8073947429657,"{""geodesic"":false,""type"":""Point"",""coordinates"":[84.17524130972937,21.506341638284432]}"
334,0.0,188,2023,0,0,21.583147595076653,83.87358703732204,-0.18432105,0.39115292,2024,1640.1107563972473,"{""geodesic"":false,""type"":""Point"",""coordinates"":[83.87358703732204,21.583147595076653]}"
335,0.0,188,2023,0,0,21.487027859675866,83.85364443801458,-0.28540298,0.47061393,2024,1728.853170067072,"{""geodesic"":false,""type"":""Point"",""coordinates"":[83.85364443801458,21.487027859675866]}"
336,746.3243262818116,170,2023,0,4,21.548562456638052,84.0062682047865,0.51422036,-0.49741378,2024,1682.8754785060883,"{""geodesic"":false,""type"":""Point"",""coordinates"":[84.0062682047865,21.548562456638052]}"
337,570.350769263968,193,2023,0,5,21.53095547706931,83.9770729580526,0.29336306,-0.35606337,2024,1753.9669737815857,"{""geodesic"":false,""type"":""Point"",""coordinates"":[83.9770729580526,21.53095547706931]}"
338,31.622776601683796,158,2023,0,0,21.489363479414575,83.8920923321749,0.5720084,-0.44947734,2024,1728.853170067072,"{""geodesic"":false,""type"":""Point"",""coordinates"":[83.8920923321749,21.489363479414575]}"
339,180.27756377319946,195,2023,0,4,21.53517755890467,84.16589883077454,0.39943564,-0.43758902,2024,1660.8073947429657,"{""geodesic"":false,""type"":""Point"",""coordinates"":[84.16589883077454,21.53517755890467]}"
340,1280.0,339,2023,0,1,21.440225633373238,83.88122271723705,0.4187131,-0.4524239,2024,1773.171569108963,"{""geodesic"":false,""type"":""Point"",""coordinates"":[83.88122271723705,21.440225633373238]}"
341,342.34485537247383,179,2023,0,6,21.39162677650237,84.05738234445289,0.094596684,-0.19472764,2024,1668.123893737793,"{""geodesic"":false,""type"":""Point"",""coordinates"":[84.05738234445289,21.39162677650237]}"
342,769.2203845452875,174,2023,0,4,21.42989500760586,84.17991254920679,0.30928892,-0.41345197,2024,1665.2535457611084,"{""geodesic"":false,""type"":""Point"",""coordinates"":[84.17991254920679,21.42989500760586]}"
343,1280.0,158,2023,0,4,21.39845397266168,84.01399371622992,0.63817024,-0.6197557,2024,1689.2596210241318,"{""geodesic"":false,""type"":""Point"",""coordinates"":[84.01399371622992,21.39845397266168]}"
344,548.1788029466298,141,2023,0,1,21.430523828304747,83.98632560547904,0.6047788,-0.54347825,2024,1790.7314677461982,"{""geodesic"":false,""type"":""Point"",""coordinates"":[83.98632560547904,21.430523828304747]}"
345,614.00325732035,148,2023,0,1,21.37375030234839,83.94033186293213,0.696603,-0.6129544,2024,1811.9562884569168,"{""geodesic"":false,""type"":""Point"",""coordinates"":[83.94033186293213,21.37375030234839]}"
346,926.5527507918802,156,2023,0,4,21.409772745241586,83.96180159822258,0.5266006,-0.5186351,2024,1790.7314677461982,"{""geodesic"":false,""type"":""Point"",""coordinates"":[83.96180159822258,21.409772745241586]}"
347,310.16124838541646,161,2023,0,4,21.51343832902898,84.03061254898613,0.5114504,-0.49905363,2024,1682.8754785060883,"{""geodesic"":false,""type"":""Point"",""coordinates"":[84.03061254898613,21.51343832902898]}"
348,975.2948272189287,172,2023,0,4,21.571559327911512,84.07795376445924,0.56391877,-0.5538936,2024,1637.8678257465363,"{""geodesic"":false,""type"":""Point"",""coordinates"":[84.07795376445924,21.571559327911512]}"
349,1280.0,172,2023,0,4,21.420013539480546,84.12772043119945,0.28900114,-0.38833484,2024,1692.262746810913,"{""geodesic"":false,""type"":""Point"",""coordinates"":[84.12772043119945,21.420013539480546]}"
350,645.3681120105022,251,2023,0,1,21.477505717664197,83.87134124911174,0.68381697,-0.5799807,2024,1728.853170067072,"{""geodesic"":false,""type"":""Point"",""coordinates"":[83.87134124911174,21.477505717664197]}"
351,63.24555320336759,189,2023,0,1,21.535896211131966,83.97671363193896,0.39133683,-0.444396,2024,1753.9669737815857,"{""geodesic"":false,""type"":""Point"",""coordinates"":[83.97671363193896,21.535896211131966]}"
352,349.2849839314596,191,2023,0,1,21.39845397266168,84.12403733853456,0.4921928,-0.49685034,2024,1691.8503458499908,"{""geodesic"":false,""type"":""Point"",""coordinates"":[84.12403733853456,21.39845397266168]}"
353,1280.0,170,2023,0,4,21.450735922197435,83.86361573766831,0.5573556,-0.53974795,2024,1728.853170067072,"{""geodesic"":false,""type"":""Point"",""coordinates"":[83.86361573766831,21.450735922197435]}"
354,698.5699678629192,163,2023,0,4,21.412198196508708,83.86442422142402,0.5533645,-0.5329546,2024,1773.171569108963,"{""geodesic"":false,""type"":""Point"",""coordinates"":[83.86442422142402,21.412198196508708]}"
355,56.568542494923804,135,2023,0,1,21.366653611603848,83.95883715778498,0.7228903,-0.61681014,2024,1779.3043375015259,"{""geodesic"":false,""type"":""Point"",""coordinates"":[83.95883715778498,21.366653611603848]}"
356,1280.0,172,2023,0,4,21.452622384294088,83.86424455836719,0.40792683,-0.4582774,2024,1728.853170067072,"{""geodesic"":false,""type"":""Point"",""coordinates"":[83.86424455836719,21.452622384294088]}"
357,898.0534505250787,182,2023,0,4,21.564462637166965,83.98991886661551,0.46271706,-0.4852204,2024,1681.4159321784973,"{""geodesic"":false,""type"":""Point"",""coordinates"":[83.98991886661551,21.564462637166965]}"
358,255.53864678361276,174,2023,0,6,21.498526295312594,83.88544479907242,0.54532677,-0.50281906,2024,1728.853170067072,"{""geodesic"":false,""type"":""Point"",""coordinates"":[83.88544479907242,21.498526295312594]}"
359,726.1542535852834,141,2023,0,1,21.371145188024446,83.97797127333673,0.6171746,-0.5652174,2024,1779.3043375015259,"{""geodesic"":false,""type"":""Point"",""coordinates"":[83.97797127333673,21.371145188024446]}"
360,1167.7756633874505,163,2023,0,4,21.5038263554889,83.99234431788264,0.5857249,-0.5682353,2024,1753.9669737815857,"{""geodesic"":false,""type"":""Point"",""coordinates"":[83.99234431788264,21.5038263554889]}"
361,1114.2710621747296,179,2023,0,1,21.3723129978938,83.92937241646587,0.5787196,-0.5500628,2024,1811.9562884569168,"{""geodesic"":false,""type"":""Point"",""coordinates"":[83.92937241646587,21.3723129978938]}"
362,1280.0,169,2023,0,1,21.451903732066793,84.07202488358405,0.5182303,-0.49496612,2024,1689.8170459270477,"{""geodesic"":false,""type"":""Point"",""coordinates"":[84.07202488358405,21.451903732066793]}"
363,298.328677803526,188,2023,0,5,21.522331650341762,84.15386140596733,0.27386823,-0.40011823,2024,1660.8073947429657,"{""geodesic"":false,""type"":""Point"",""coordinates"":[84.15386140596733,21.522331650341762]}"
364,798.3107164506812,167,2023,0,1,21.40626931563352,83.87232939592427,0.56445587,-0.5271857,2024,1773.171569108963,"{""geodesic"":false,""type"":""Point"",""coordinates"":[83.87232939592427,21.40626931563352]}"
365,901.3878188659974,195,2023,0,1,21.50436534465937,84.18188884283185,0.606525,-0.5764841,2024,1660.8073947429657,"{""geodesic"":false,""type"":""Point"",""coordinates"":[84.18188884283185,21.50436534465937]}"
366,1063.8138934982942,170,2023,0,4,21.437890013634526,84.11667115320478,0.52860516,-0.5115434,2024,1692.262746810913,"{""geodesic"":false,""type"":""Point"",""coordinates"":[84.11667115320478,21.437890013634526]}"
367,941.4881836751856,171,2023,0,1,21.508138268852672,84.1362544263986,0.6155643,-0.5442453,2024,1690.0501866340637,"{""geodesic"":false,""type"":""Point"",""coordinates"":[84.1362544263986,21.508138268852672]}"
368,0.0,188,2023,0,0,21.58665102468472,83.91751465471549,-0.18933117,0.36997488,2024,1694.663972377777,"{""geodesic"":false,""type"":""Point"",""coordinates"":[83.91751465471549,21.58665102468472]}"
369,70.0,202,2023,0,5,21.59320872625879,84.03573294610561,0.19583842,-0.28608003,2024,1657.5867500305176,"{""geodesic"":false,""type"":""Point"",""coordinates"":[84.03573294610561,21.59320872625879]}"
370,979.4386147176351,154,2023,0,1,21.436003551537876,83.96359822879081,0.6150796,-0.551329,2024,1790.7314677461982,"{""geodesic"":false,""type"":""Point"",""coordinates"":[83.96359822879081,21.436003551537876]}"
371,832.4061508662703,155,2023,0,4,21.351741577887463,83.96737115298411,0.36462307,-0.45299324,2024,1779.3043375015259,"{""geodesic"":false,""type"":""Point"",""coordinates"":[83.96737115298411,21.351741577887463]}"
372,451.88494110780016,186,2023,0,4,21.51218068763121,84.16149708588235,0.34210706,-0.42723164,2024,1660.8073947429657,"{""geodesic"":false,""type"":""Point"",""coordinates"":[84.16149708588235,21.51218068763121]}"
373,0.0,188,2023,0,0,21.56832539288868,83.91481970886312,-0.19390307,0.39014202,2024,1694.663972377777,"{""geodesic"":false,""type"":""Point"",""coordinates"":[83.91481970886312,21.56832539288868]}"
374,699.714227381436,196,2023,0,5,21.57137966485469,83.99971050321243,0.22561537,-0.32758048,2024,1681.4159321784973,"{""geodesic"":false,""type"":""Point"",""coordinates"":[83.99971050321243,21.57137966485469]}"
375,1280.0,164,2023,0,4,21.42962551302063,84.05010599065153,0.5462235,-0.5058158,2024,1696.406155653298,"{""geodesic"":false,""type"":""Point"",""coordinates"":[84.05010599065153,21.42962551302063]}"
376,352.2782990761707,164,2023,0,1,21.445795188134777,83.94670990144937,0.43558642,-0.44313306,2024,1825.13307595253,"{""geodesic"":false,""type"":""Point"",""coordinates"":[83.94670990144937,21.445795188134777]}"
377,98.48857801796103,192,2023,0,0,21.58395607883236,83.99485960067817,0.27251598,-0.25934446,2024,1681.4159321784973,"{""geodesic"":false,""type"":""Point"",""coordinates"":[83.99485960067817,21.58395607883236]}"
378,241.86773244895647,169,2023,0,1,21.544609869387926,83.90197380030021,0.4087142,-0.43098468,2024,1722.2489975690842,"{""geodesic"":false,""type"":""Point"",""coordinates"":[83.90197380030021,21.544609869387926]}"
379,286.35642126552705,193,2023,0,1,21.56266600659873,84.01614967291181,0.52620214,-0.51638067,2024,1657.5867500305176,"{""geodesic"":false,""type"":""Point"",""coordinates"":[84.01614967291181,21.56266600659873]}"
380,100.4987562112089,139,2023,0,4,21.447412155646195,83.97267121316042,0.40319192,-0.3316062,2024,1790.7314677461982,"{""geodesic"":false,""type"":""Point"",""coordinates"":[83.97267121316042,21.447412155646195]}"
381,1119.7321108193692,188,2023,0,4,21.41722876209978,84.17039040719513,0.39072675,-0.44351152,2024,1665.2535457611084,"{""geodesic"":false,""type"":""Point"",""coordinates"":[84.17039040719513,21.41722876209978]}"
382,915.8602513484249,246,2023,0,1,21.59365788390085,84.11927626752873,0.5657021,-0.53042173,2024,1648.0802314281464,"{""geodesic"":false,""type"":""Point"",""coordinates"":[84.11927626752873,21.59365788390085]}"
383,1280.0,233,2023,0,1,21.598418954906684,84.08073854184,0.6760268,-0.6023984,2024,1637.8678257465363,"{""geodesic"":false,""type"":""Point"",""coordinates"":[84.08073854184,21.598418954906684]}"
384,200.9975124224178,160,2023,0,1,21.52089434588717,83.86810731408892,0.46891466,-0.46685374,2024,1688.6987352371216,"{""geodesic"":false,""type"":""Point"",""coordinates"":[83.86810731408892,21.52089434588717]}"
385,0.0,188,2023,0,0,21.58629169857107,83.91670617095977,-0.18143813,0.38037974,2024,1694.663972377777,"{""geodesic"":false,""type"":""Point"",""coordinates"":[83.91670617095977,21.58629169857107]}"
386,401.62171256046406,206,2023,0,1,21.384530085757827,84.14748336745008,0.3909476,-0.45378226,2024,1691.8503458499908,"{""geodesic"":false,""type"":""Point"",""coordinates"":[84.14748336745008,21.384530085757827]}"
387,692.9646455628166,178,2023,0,4,21.55961173463272,84.00869365605362,0.5686275,-0.53754467,2024,1657.5867500305176,"{""geodesic"":false,""type"":""Point"",""coordinates"":[84.00869365605362,21.55961173463272]}"
388,1280.0,170,2023,0,4,21.52457743855206,83.93332500371599,0.5122268,-0.49674815,2024,1722.2489975690842,"{""geodesic"":false,""type"":""Point"",""coordinates"":[83.93332500371599,21.52457743855206]}"
389,1280.0,172,2023,0,4,21.506341638284432,84.06160442628826,0.5247934,-0.5400209,2024,1686.0821499824524,"{""geodesic"":false,""type"":""Point"",""coordinates"":[84.06160442628826,21.506341638284432]}"
390,0.0,188,2023,0,0,21.579464502411764,83.8687361347878,-0.24514185,0.4375097,2024,1640.1107563972473,"{""geodesic"":false,""type"":""Point"",""coordinates"":[83.8687361347878,21.579464502411764]}"
391,750.066663703967,156,2023,0,1,21.39423189082632,83.8867922719986,0.47488004,-0.49697003,2024,1782.6826467514038,"{""geodesic"":false,""type"":""Point"",""coordinates"":[83.8867922719986,21.39423189082632]}"
392,845.9905436823748,164,2023,0,1,21.40034043475833,84.06376038297014,0.40243155,-0.45998117,2024,1696.406155653298,"{""geodesic"":false,""type"":""Point"",""coordinates"":[84.06376038297014,21.40034043475833]}"
393,1074.4766167767448,174,2023,0,4,21.548203130524403,83.99539858984865,0.5855311,-0.5266486,2024,1753.9669737815857,"{""geodesic"":false,""type"":""Point"",""coordinates"":[83.99539858984865,21.548203130524403]}"
394,0.0,188,2023,0,0,21.596083335167975,83.95012349952903,-0.2707789,0.42845437,2024,1681.4159321784973,"{""geodesic"":false,""type"":""Point"",""coordinates"":[83.95012349952903,21.596083335167975]}"
395,156.20499351813308,158,2023,0,4,21.45468850944756,84.05477723012895,0.5310443,-0.5318619,2024,1689.8170459270477,"{""geodesic"":false,""type"":""Point"",""coordinates"":[84.05477723012895,21.45468850944756]}"
396,382.7531841800928,193,2023,0,1,21.519726536017814,84.12754076814262,0.40154016,-0.46981156,2024,1690.0501866340637,"{""geodesic"":false,""type"":""Point"",""coordinates"":[84.12754076814262,21.519726536017814]}"
397,496.78969393496885,166,2023,0,4,21.52906901497266,83.94841670048919,0.43959454,-0.4595573,2024,1722.2489975690842,"{""geodesic"":false,""type"":""Point"",""coordinates"":[83.94841670048919,21.52906901497266]}"
398,1115.0336317797774,163,2023,0,4,21.434835741668522,84.0520822842766,0.54865235,-0.5545705,2024,1696.406155653298,"{""geodesic"":false,""type"":""Point"",""coordinates"":[84.0520822842766,21.434835741668522]}"
399,1014.0019723846694,205,2023,0,1,21.391806439559193,84.1574546671038,0.6176674,-0.5754012,2024,1666.5909271240234,"{""geodesic"":false,""type"":""Point"",""coordinates"":[84.1574546671038,21.391806439559193]}"
400,559.4640292279746,173,2023,0,1,21.419115224196428,84.13778156238159,0.42381048,-0.4283988,2024,1692.262746810913,"{""geodesic"":false,""type"":""Point"",""coordinates"":[84.13778156238159,21.419115224196428]}"
401,1056.834897228512,199,2023,0,1,21.48684819661904,83.98066621918909,0.65417653,-0.6322319,2024,1771.3602139949799,"{""geodesic"":false,""type"":""Point"",""coordinates"":[83.98066621918909,21.48684819661904]}"
402,586.0034129593445,166,2023,0,4,21.49466353959088,84.1002319835054,0.53585243,-0.53562397,2024,1721.871881723404,"{""geodesic"":false,""type"":""Point"",""coordinates"":[84.1002319835054,21.49466353959088]}"
403,1280.0,256,2023,0,1,21.357850121819478,84.17587013042827,0.39743105,-0.4716895,2024,1666.5909271240234,"{""geodesic"":false,""type"":""Point"",""coordinates"":[84.17587013042827,21.357850121819478]}"
404,1055.7461816175326,176,2023,0,6,21.563115164240788,84.02863625536106,0.50496453,-0.46092942,2024,1657.5867500305176,"{""geodesic"":false,""type"":""Point"",""coordinates"":[84.02863625536106,21.563115164240788]}"
405,0.0,188,2023,0,0,21.570750844155803,83.89972801208992,-0.16760404,0.37867337,2024,1640.1107563972473,"{""geodesic"":false,""type"":""Point"",""coordinates"":[83.89972801208992,21.570750844155803]}"
406,276.5863337187866,190,2023,0,1,21.58072214380953,84.09960316280652,0.41629955,-0.45639864,2024,1637.8678257465363,"{""geodesic"":false,""type"":""Point"",""coordinates"":[84.09960316280652,21.58072214380953]}"
407,234.30749027719963,163,2023,0,6,21.395579363752496,83.89532626719773,0.25660288,-0.32324156,2024,1782.6826467514038,"{""geodesic"":false,""type"":""Point"",""coordinates"":[83.89532626719773,21.395579363752496]}"
408,254.95097567963924,205,2023,0,4,21.3745587861041,84.1446087585409,0.3553367,-0.43557936,2024,1691.8503458499908,"{""geodesic"":false,""type"":""Point"",""coordinates"":[84.1446087585409,21.3745587861041]}"
409,0.0,188,2023,0,0,21.559252408519075,83.92407235628956,-0.22699386,0.4293277,2024,1694.663972377777,"{""geodesic"":false,""type"":""Point"",""coordinates"":[83.92407235628956,21.559252408519075]}"
410,1280.0,169,2023,0,4,21.493136403607878,84.11361688123877,0.5665934,-0.51772594,2024,1721.871881723404,"{""geodesic"":false,""type"":""Point"",""coordinates"":[84.11361688123877,21.493136403607878]}"
411,800.5623023850173,189,2023,0,5,21.57515258904799,84.00519022644555,0.2546786,-0.3414528,2024,1657.5867500305176,"{""geodesic"":false,""type"":""Point"",""coordinates"":[84.00519022644555,21.57515258904799]}"
412,802.122185206219,165,2023,0,1,21.478314201419906,83.8883194079816,0.43639514,-0.48176402,2024,1728.853170067072,"{""geodesic"":false,""type"":""Point"",""coordinates"":[83.8883194079816,21.478314201419906]}"
413,1280.0,187,2023,0,4,21.416150783758834,84.1678751243996,0.21673474,-0.36600956,2024,1665.2535457611084,"{""geodesic"":false,""type"":""Point"",""coordinates"":[84.1678751243996,21.416150783758834]}"
414,1067.941945987702,184,2023,0,1,21.410401565940468,84.17811591863855,0.5432199,-0.527856,2024,1665.2535457611084,"{""geodesic"":false,""type"":""Point"",""coordinates"":[84.17811591863855,21.410401565940468]}"
415,50.0,188,2023,0,0,21.401957402269744,84.12511531687551,0.43863285,-0.40587044,2024,1692.262746810913,"{""geodesic"":false,""type"":""Point"",""coordinates"":[84.12511531687551,21.401957402269744]}"
416,739.2563831310488,215,2023,0,1,21.372582492479037,84.19203980554241,0.5041634,-0.49340898,2024,1666.5909271240234,"{""geodesic"":false,""type"":""Point"",""coordinates"":[84.19203980554241,21.372582492479037]}"
417,992.9753269845128,276,2023,0,1,21.5015805672786,83.92613848144303,0.5163301,-0.51257694,2024,1722.2489975690842,"{""geodesic"":false,""type"":""Point"",""coordinates"":[83.92613848144303,21.5015805672786]}"
418,512.4451190127583,204,2023,0,1,21.551976054717706,84.1762294565419,0.4205039,-0.44682264,2024,1620.3801980018616,"{""geodesic"":false,""type"":""Point"",""coordinates"":[84.1762294565419,21.551976054717706]}"
419,0.0,188,2023,0,0,21.571828822496748,83.91742482318708,-0.16163142,0.38349643,2024,1694.663972377777,"{""geodesic"":false,""type"":""Point"",""coordinates"":[83.91742482318708,21.571828822496748]}"
420,1280.0,181,2023,0,1,21.466725934254764,83.8551715739976,0.3433084,-0.42220137,2024,1728.853170067072,"{""geodesic"":false,""type"":""Point"",""coordinates"":[83.8551715739976,21.466725934254764]}"
421,861.4522621712708,154,2023,0,4,21.409593082184763,84.02495316269618,0.64094317,-0.5710621,2024,1707.17979991436,"{""geodesic"":false,""type"":""Point"",""coordinates"":[84.02495316269618,21.409593082184763]}"
422,506.0632371551998,198,2023,0,1,21.396477679036618,84.13005605093817,0.63408744,-0.57836115,2024,1691.8503458499908,"{""geodesic"":false,""type"":""Point"",""coordinates"":[84.13005605093817,21.396477679036618]}"
423,1195.7006314291216,182,2023,0,1,21.583596752718712,84.02360568977,0.38726473,-0.4243421,2024,1657.5867500305176,"{""geodesic"":false,""type"":""Point"",""coordinates"":[84.02360568977,21.583596752718712]}"
424,691.8092222571191,165,2023,0,1,21.420732191707845,83.94410478712543,0.5746614,-0.53469825,2024,1825.13307595253,"{""geodesic"":false,""type"":""Point"",""coordinates"":[83.94410478712543,21.420732191707845]}"
425,1141.2712210513328,219,2023,0,1,21.375367269859808,84.08819455869819,0.5961193,-0.51635146,2024,1668.123893737793,"{""geodesic"":false,""type"":""Point"",""coordinates"":[84.08819455869819,21.375367269859808]}"
426,0.0,188,2023,0,0,21.591591758747377,83.99944100862719,-0.092071526,0.2714985,2024,1681.4159321784973,"{""geodesic"":false,""type"":""Point"",""coordinates"":[83.99944100862719,21.591591758747377]}"
427,639.7655820689325,199,2023,0,1,21.39297424942855,84.1506274709445,0.5879576,-0.55396324,2024,1666.5909271240234,"{""geodesic"":false,""type"":""Point"",""coordinates"":[84.1506274709445,21.39297424942855]}"
428,245.96747752497689,149,2023,0,5,21.498256800727358,84.0130954009458,0.30119333,-0.36614212,2024,1751.5303001403809,"{""geodesic"":false,""type"":""Point"",""coordinates"":[84.0130954009458,21.498256800727358]}"
429,518.6520991955977,219,2023,0,1,21.591681590275787,84.18503294632627,0.36512953,-0.4193451,2024,1620.3801980018616,"{""geodesic"":false,""type"":""Point"",""coordinates"":[84.18503294632627,21.591681590275787]}"
430,801.1242100947892,161,2023,0,6,21.4790328536472,83.97410851761501,0.152584,-0.20477128,2024,1771.3602139949799,"{""geodesic"":false,""type"":""Point"",""coordinates"":[83.97410851761501,21.4790328536472]}"
431,329.84845004941286,170,2023,0,1,21.452352889708852,84.16724630370071,0.37414074,-0.4118834,2024,1669.5950181484222,"{""geodesic"":false,""type"":""Point"",""coordinates"":[84.16724630370071,21.452352889708852]}"
432,144.22205101855957,173,2023,0,1,21.44920878621443,84.16751579828595,0.43775305,-0.45236132,2024,1665.2535457611084,"{""geodesic"":false,""type"":""Point"",""coordinates"":[84.16751579828595,21.44920878621443]}"
433,640.3124237432849,144,2023,0,4,21.37375030234839,83.97195256093313,0.6455417,-0.5552143,2024,1779.3043375015259,"{""geodesic"":false,""type"":""Point"",""coordinates"":[83.97195256093313,21.37375030234839]}"
434,200.9975124224178,215,2023,0,6,21.36530613867767,84.08765556952773,0.49892008,-0.5148901,2024,1668.123893737793,"{""geodesic"":false,""type"":""Point"",""coordinates"":[84.08765556952773,21.36530613867767]}"
435,170.0,150,2023,0,4,21.463671662288757,84.01022079203662,0.3986872,-0.4306025,2024,1751.5303001403809,"{""geodesic"":false,""type"":""Point"",""coordinates"":[84.01022079203662,21.463671662288757]}"
436,226.27416997969522,186,2023,0,6,21.517570579335928,84.12161188726743,0.528097,-0.516875,2024,1690.0501866340637,"{""geodesic"":false,""type"":""Point"",""coordinates"":[84.12161188726743,21.517570579335928]}"
437,1280.0,170,2023,0,4,21.49798730614212,84.11801862613096,0.51190037,-0.5146087,2024,1721.871881723404,"{""geodesic"":false,""type"":""Point"",""coordinates"":[84.11801862613096,21.49798730614212]}"
438,388.9730067755345,209,2023,0,1,21.55350319070071,84.17748709793968,0.5573896,-0.5551626,2024,1620.3801980018616,"{""geodesic"":false,""type"":""Point"",""coordinates"":[84.17748709793968,21.55350319070071]}"
439,466.9047011971501,187,2023,0,4,21.417138930571365,84.1897041858037,0.292019,-0.39938495,2024,1665.2535457611084,"{""geodesic"":false,""type"":""Point"",""coordinates"":[84.1897041858037,21.417138930571365]}"
440,1060.0,169,2023,0,4,21.44498670437907,83.91940111681214,0.5039415,-0.5030829,2024,1825.13307595253,"{""geodesic"":false,""type"":""Point"",""coordinates"":[83.91940111681214,21.44498670437907]}"
441,1060.7544484940895,181,2023,0,1,21.571738990968335,84.01848529265052,0.4493185,-0.46922743,2024,1657.5867500305176,"{""geodesic"":false,""type"":""Point"",""coordinates"":[84.01848529265052,21.571738990968335]}"
442,170.29386365926402,194,2023,0,4,21.399172624888976,84.18988384886052,0.30333,-0.39372605,2024,1666.5909271240234,"{""geodesic"":false,""type"":""Point"",""coordinates"":[84.18988384886052,21.399172624888976]}"
443,496.78969393496885,193,2023,0,5,21.542813238819686,83.9762644742969,0.25591636,-0.36281928,2024,1753.9669737815857,"{""geodesic"":false,""type"":""Point"",""coordinates"":[83.9762644742969,21.542813238819686]}"
444,541.2947441089743,187,2023,0,4,21.403304875195925,84.19617205584936,0.27067387,-0.3816346,2024,1665.2535457611084,"{""geodesic"":false,""type"":""Point"",""coordinates"":[84.19617205584936,21.403304875195925]}"
445,1280.0,275,2023,0,1,21.351651746359053,84.02881591841789,0.7081851,-0.6272062,2024,1689.2596210241318,"{""geodesic"":false,""type"":""Point"",""coordinates"":[84.02881591841789,21.351651746359053]}"
446,903.7698822156003,170,2023,0,1,21.476787065436902,83.8891278917373,0.6110865,-0.580596,2024,1728.853170067072,"{""geodesic"":false,""type"":""Point"",""coordinates"":[83.8891278917373,21.476787065436902]}"
447,420.4759208325728,176,2023,0,4,21.54434037480269,83.92083842126672,0.51561415,-0.5005153,2024,1722.2489975690842,"{""geodesic"":false,""type"":""Point"",""coordinates"":[83.92083842126672,21.54434037480269]}"
448,10.0,190,2023,0,0,21.548203130524403,83.92308420947703,0.028592376,0.089493155,2024,1722.2489975690842,"{""geodesic"":false,""type"":""Point"",""coordinates"":[83.92308420947703,21.548203130524403]}"
449,862.7861844049197,209,2023,0,5,21.37132485108127,84.13993751906348,0.28173375,-0.39821923,2024,1691.8503458499908,"{""geodesic"":false,""type"":""Point"",""coordinates"":[84.13993751906348,21.37132485108127]}"
450,360.1388621073821,140,2023,0,1,21.370696030382387,83.91077729008458,0.5221834,-0.5040508,2024,1811.9562884569168,"{""geodesic"":false,""type"":""Point"",""coordinates"":[83.91077729008458,21.370696030382387]}"
451,848.999411071645,158,2023,0,6,21.526104574535065,83.89981784361834,0.14715384,-0.20177384,2024,1688.6987352371216,"{""geodesic"":false,""type"":""Point"",""coordinates"":[83.89981784361834,21.526104574535065]}"
452,1280.0,158,2023,0,4,21.396387847508205,84.01138860190598,0.67699116,-0.6076352,2024,1689.2596210241318,"{""geodesic"":false,""type"":""Point"",""coordinates"":[84.01138860190598,21.396387847508205]}"
453,1280.0,163,2023,0,6,21.441393443242593,84.07777410140241,0.5222015,-0.52869564,2024,1696.406155653298,"{""geodesic"":false,""type"":""Point"",""coordinates"":[84.07777410140241,21.441393443242593]}"
454,1032.4727599312246,150,2023,0,4,21.459449580453395,84.02324636365636,0.60992587,-0.5628672,2024,1751.5303001403809,"{""geodesic"":false,""type"":""Point"",""coordinates"":[84.02324636365636,21.459449580453395]}"
455,533.3854141237834,145,2023,0,0,21.433847594855987,84.03160069579866,0.2143774,-0.15050167,2024,1707.17979991436,"{""geodesic"":false,""type"":""Point"",""coordinates"":[84.03160069579866,21.433847594855987]}"
456,631.2685640834652,203,2023,0,1,21.364677317978785,84.09618956472686,0.37272727,-0.45682585,2024,1668.123893737793,"{""geodesic"":false,""type"":""Point"",""coordinates"":[84.09618956472686,21.364677317978785]}"
457,133.41664064126334,163,2023,0,1,21.489902468585047,83.89775171846486,0.68527186,-0.5886666,2024,1728.853170067072,"{""geodesic"":false,""type"":""Point"",""coordinates"":[83.89775171846486,21.489902468585047]}"
458,1280.0,167,2023,0,4,21.42926618690698,84.12116272962538,0.55958277,-0.5274355,2024,1692.262746810913,"{""geodesic"":false,""type"":""Point"",""coordinates"":[84.12116272962538,21.42926618690698]}"
459,518.8448708429139,160,2023,0,4,21.408964261485878,84.05333992567435,0.57727754,-0.57894737,2024,1696.406155653298,"{""geodesic"":false,""type"":""Point"",""coordinates"":[84.05333992567435,21.408964261485878]}"
460,422.965719651132,200,2023,0,4,21.52826053121695,84.1686836081553,0.31768292,-0.40713006,2024,1660.8073947429657,"{""geodesic"":false,""type"":""Point"",""coordinates"":[84.1686836081553,21.52826053121695]}"
461,395.60080889704966,176,2023,0,1,21.40662864174717,83.94778787979031,0.5814653,-0.5513558,2024,1825.13307595253,"{""geodesic"":false,""type"":""Point"",""coordinates"":[83.94778787979031,21.40662864174717]}"
462,0.0,188,2023,0,0,21.59949693324763,83.94069118904576,-0.24457875,0.4092371,2024,1694.663972377777,"{""geodesic"":false,""type"":""Point"",""coordinates"":[83.94069118904576,21.59949693324763]}"
463,325.2691193458119,189,2023,0,5,21.398633635718504,84.02980406523042,0.21510048,-0.32301626,2024,1689.2596210241318,"{""geodesic"":false,""type"":""Point"",""coordinates"":[84.02980406523042,21.398633635718504]}"
464,258.0697580112788,161,2023,0,1,21.496639833215944,83.8988296968058,0.40404516,-0.38603517,2024,1728.853170067072,"{""geodesic"":false,""type"":""Point"",""coordinates"":[83.8988296968058,21.496639833215944]}"
465,533.6665625650534,180,2023,0,1,21.49619067557388,83.86415472683879,0.4887024,-0.48882252,2024,1728.853170067072,"{""geodesic"":false,""type"":""Point"",""coordinates"":[83.86415472683879,21.49619067557388]}"
466,1280.0,157,2023,0,1,21.434566247083286,84.07975039502747,0.5670103,-0.5125612,2024,1696.406155653298,"{""geodesic"":false,""type"":""Point"",""coordinates"":[84.07975039502747,21.434566247083286]}"
467,943.6630754670864,198,2023,0,1,21.366024790904966,84.15053763941609,0.38036984,-0.48720306,2024,1666.5909271240234,"{""geodesic"":false,""type"":""Point"",""coordinates"":[84.15053763941609,21.366024790904966]}"
468,265.70660511172844,169,2023,0,4,21.50795860579585,84.04633306645822,0.55047727,-0.52380955,2024,1682.8754785060883,"{""geodesic"":false,""type"":""Point"",""coordinates"":[84.04633306645822,21.50795860579585]}"
469,537.1219600798314,201,2023,0,1,21.561588028257784,84.1776667609965,0.44891348,-0.4912311,2024,1620.3801980018616,"{""geodesic"":false,""type"":""Point"",""coordinates"":[84.1776667609965,21.561588028257784]}"
470,28.284271247461902,188,2023,0,0,21.548742119694875,83.94814720590396,0.162,-0.18096098,2024,1722.2489975690842,"{""geodesic"":false,""type"":""Point"",""coordinates"":[83.94814720590396,21.548742119694875]}"
471,696.3476143421474,147,2023,0,4,21.44498670437907,83.95955581001228,0.5998831,-0.55474555,2024,1790.7314677461982,"{""geodesic"":false,""type"":""Point"",""coordinates"":[83.95955581001228,21.44498670437907]}"
472,0.0,188,2023,0,0,21.593298557787204,83.88113288570864,-0.18323377,0.38194752,2024,1640.1107563972473,"{""geodesic"":false,""type"":""Point"",""coordinates"":[83.88113288570864,21.593298557787204]}"
473,344.38350715445125,143,2023,0,0,21.474181951112953,83.94042169446054,0.15414341,-0.0809768,2024,1732.3358600139618,"{""geodesic"":false,""type"":""Point"",""coordinates"":[83.94042169446054,21.474181951112953]}"
474,667.0832032063167,179,2023,0,1,21.53562671654673,83.99755454653054,0.383205,-0.37865496,2024,1753.9669737815857,"{""geodesic"":false,""type"":""Point"",""coordinates"":[83.99755454653054,21.53562671654673]}"
475,0.0,188,2023,0,0,21.566618593848855,83.92353336711909,-0.15128882,0.36691767,2024,1694.663972377777,"{""geodesic"":false,""type"":""Point"",""coordinates"":[83.92353336711909,21.566618593848855]}"
476,497.6946855251722,169,2023,0,1,21.403484538252748,83.94949467883013,0.62959725,-0.57342625,2024,1825.13307595253,"{""geodesic"":false,""type"":""Point"",""coordinates"":[83.94949467883013,21.403484538252748]}"
477,445.9820624195552,205,2023,0,1,21.35012461037605,84.08855388481184,0.44031936,-0.40279937,2024,1668.123893737793,"{""geodesic"":false,""type"":""Point"",""coordinates"":[84.08855388481184,21.35012461037605]}"
478,0.0,188,2023,0,0,21.570481349570567,83.89254148981696,-0.19872722,0.40811965,2024,1640.1107563972473,"{""geodesic"":false,""type"":""Point"",""coordinates"":[83.89254148981696,21.570481349570567]}"
479,1280.0,161,2023,0,4,21.510114562477735,83.95057265717108,0.50992125,-0.5169963,2024,1753.9669737815857,"{""geodesic"":false,""type"":""Point"",""coordinates"":[83.95057265717108,21.510114562477735]}"
480,28.284271247461902,191,2023,0,0,21.58898664442343,84.04983649606629,0.31129438,-0.19741815,2024,1657.5867500305176,"{""geodesic"":false,""type"":""Point"",""coordinates"":[84.04983649606629,21.58898664442343]}"
481,1010.0,173,2023,0,1,21.4174084251566,84.12116272962538,0.6444757,-0.5639826,2024,1692.262746810913,"{""geodesic"":false,""type"":""Point"",""coordinates"":[84.12116272962538,21.4174084251566]}"
482,1122.1853679316978,187,2023,0,6,21.555479484325772,84.09322512428926,0.2971506,-0.3666905,2024,1637.8678257465363,"{""geodesic"":false,""type"":""Point"",""coordinates"":[84.09322512428926,21.555479484325772]}"
483,585.2349955359813,214,2023,0,1,21.36108405684231,84.11945593058556,0.49582478,-0.4984904,2024,1691.8503458499908,"{""geodesic"":false,""type"":""Point"",""coordinates"":[84.11945593058556,21.36108405684231]}"
484,120.0,177,2023,0,6,21.46430048298764,84.08837422175502,0.21407448,-0.32338962,2024,1689.8170459270477,"{""geodesic"":false,""type"":""Point"",""coordinates"":[84.08837422175502,21.46430048298764]}"
485,0.0,188,2023,0,0,21.575781409746874,83.9018839687718,-0.19327351,0.39333105,2024,1694.663972377777,"{""geodesic"":false,""type"":""Point"",""coordinates"":[83.9018839687718,21.575781409746874]}"
486,1280.0,270,2023,0,1,21.36072473072866,84.02719895090648,0.57644826,-0.54624087,2024,1689.2596210241318,"{""geodesic"":false,""type"":""Point"",""coordinates"":[84.02719895090648,21.36072473072866]}"
487,1280.0,155,2023,0,1,21.350304273432872,83.98120520835955,0.6133554,-0.54141176,2024,1779.3043375015259,"{""geodesic"":false,""type"":""Point"",""coordinates"":[83.98120520835955,21.350304273432872]}"
488,130.384048104053,178,2023,0,4,21.45504783556121,83.89326014204426,0.29002464,-0.39110225,2024,1728.853170067072,"{""geodesic"":false,""type"":""Point"",""coordinates"":[83.89326014204426,21.45504783556121]}"
489,1280.0,474,2023,0,1,21.41453381624742,84.08154702559571,0.6100179,-0.5776821,2024,1696.406155653298,"{""geodesic"":false,""type"":""Point"",""coordinates"":[84.08154702559571,21.41453381624742]}"
490,742.1590126111789,184,2023,0,4,21.52547575383618,84.1258339691028,0.26516983,-0.3898305,2024,1690.0501866340637,"{""geodesic"":false,""type"":""Point"",""coordinates"":[84.1258339691028,21.52547575383618]}"
491,787.7182237323191,182,2023,0,1,21.585034057173303,84.01659883055387,0.49984112,-0.49520868,2024,1657.5867500305176,"{""geodesic"":false,""type"":""Point"",""coordinates"":[84.01659883055387,21.585034057173303]}"
492,954.1488353501251,163,2023,0,1,21.489722805528224,84.08981152620962,0.6126898,-0.5644691,2024,1689.8170459270477,"{""geodesic"":false,""type"":""Point"",""coordinates"":[84.08981152620962,21.489722805528224]}"
493,160.31219541881399,173,2023,0,4,21.45513766708962,84.16014961295616,0.54591423,-0.51745117,2024,1669.5950181484222,"{""geodesic"":false,""type"":""Point"",""coordinates"":[84.16014961295616,21.45513766708962]}"
494,212.602916254693,188,2023,0,4,21.442112095469888,84.15125629164338,0.22936001,-0.36378223,2024,1665.2535457611084,"{""geodesic"":false,""type"":""Point"",""coordinates"":[84.15125629164338,21.442112095469888]}"
495,1280.0,344,2023,0,1,21.364677317978785,84.03366682095213,0.71277535,-0.64780676,2024,1689.2596210241318,"{""geodesic"":false,""type"":""Point"",""coordinates"":[84.03366682095213,21.364677317978785]}"
496,1280.0,159,2023,0,4,21.46933104857871,84.02854642383265,0.46645606,-0.4584941,2024,1751.5303001403809,"{""geodesic"":false,""type"":""Point"",""coordinates"":[84.02854642383265,21.46933104857871]}"
497,1143.372205364465,178,2023,0,1,21.42333730603179,84.15305292221163,0.4415896,-0.4618725,2024,1665.2535457611084,"{""geodesic"":false,""type"":""Point"",""coordinates"":[84.15305292221163,21.42333730603179]}"
498,0.0,188,2023,0,0,21.5714694963831,83.97446784372866,-0.22751358,0.40301967,2024,1681.4159321784973,"{""geodesic"":false,""type"":""Point"",""coordinates"":[83.97446784372866,21.5714694963831]}"
499,358.4689665786984,164,2023,0,1,21.526643563705534,84.04238047920809,0.5322359,-0.50589824,2024,1682.8754785060883,"{""geodesic"":false,""type"":""Point"",""coordinates"":[84.04238047920809,21.526643563705534]}"
500,20.0,172,2023,1,0,21.525655416893002,83.95192013009726,0.3702605,-0.3557879,2024,1753.9669737815857,"{""geodesic"":false,""type"":""Point"",""coordinates"":[83.95192013009726,21.525655416893002]}"
501,30.0,192,2023,1,0,21.517929905449577,84.16302422186536,0.38425514,-0.3864969,2024,1660.8073947429657,"{""geodesic"":false,""type"":""Point"",""coordinates"":[84.16302422186536,21.517929905449577]}"
502,10.0,143,2023,1,0,21.420732191707845,83.97446784372866,0.012357884,0.07414105,2024,1790.7314677461982,"{""geodesic"":false,""type"":""Point"",""coordinates"":[83.97446784372866,21.420732191707845]}"
503,0.0,164,2023,1,0,21.492238088323756,83.88670244047019,-0.03621854,0.20747097,2024,1728.853170067072,"{""geodesic"":false,""type"":""Point"",""coordinates"":[83.88670244047019,21.492238088323756]}"
504,10.0,135,2023,1,0,21.374289291518863,83.9559625488758,0.13502713,-0.009521391,2024,1779.3043375015259,"{""geodesic"":false,""type"":""Point"",""coordinates"":[83.9559625488758,21.374289291518863]}"
505,22.360679774997898,157,2023,1,0,21.475529424039134,84.08334365616395,0.1877535,-0.29084548,2024,1689.8170459270477,"{""geodesic"":false,""type"":""Point"",""coordinates"":[84.08334365616395,21.475529424039134]}"
506,10.0,188,2023,1,0,21.558264261706544,83.94751838520507,0.08998302,0.060579456,2024,1694.663972377777,"{""geodesic"":false,""type"":""Point"",""coordinates"":[83.94751838520507,21.558264261706544]}"
507,22.360679774997898,188,2023,1,0,21.56042021838843,83.90538739837987,0.16097218,-0.04990444,2024,1694.663972377777,"{""geodesic"":false,""type"":""Point"",""coordinates"":[83.90538739837987,21.56042021838843]}"
508,30.0,147,2023,1,0,21.461785200192107,83.95362692913709,0.110412,0.03562879,2024,1771.3602139949799,"{""geodesic"":false,""type"":""Point"",""coordinates"":[83.95362692913709,21.461785200192107]}"
509,22.360679774997898,154,2023,1,0,21.53059615095566,83.87664130928805,0.050144337,-0.12008211,2024,1688.6987352371216,"{""geodesic"":false,""type"":""Point"",""coordinates"":[83.87664130928805,21.53059615095566]}"
510,22.360679774997898,133,2023,1,0,21.357760290291065,83.92389269323273,0.23285297,-0.11243645,2024,1811.9562884569168,"{""geodesic"":false,""type"":""Point"",""coordinates"":[83.92389269323273,21.357760290291065]}"
511,10.0,154,2023,1,0,21.37869103641105,83.92020960056784,7.69177E-4,0.13623561,2024,1811.9562884569168,"{""geodesic"":false,""type"":""Point"",""coordinates"":[83.92020960056784,21.37869103641105]}"
512,22.360679774997898,139,2023,1,0,21.437710350577703,83.9822831867005,0.44653273,-0.3121693,2024,1790.7314677461982,"{""geodesic"":false,""type"":""Point"",""coordinates"":[83.9822831867005,21.437710350577703]}"
513,22.360679774997898,134,2023,1,0,21.411659207338236,83.97868992556403,0.32278752,-0.24153982,2024,1790.7314677461982,"{""geodesic"":false,""type"":""Point"",""coordinates"":[83.97868992556403,21.411659207338236]}"
514,0.0,158,2023,1,0,21.48235662019844,83.91329257288012,-0.07029478,0.17621057,2024,1732.3358600139618,"{""geodesic"":false,""type"":""Point"",""coordinates"":[83.91329257288012,21.48235662019844]}"
515,10.0,157,2023,1,0,21.42980517607745,83.93889455847753,0.048562646,0.13340506,2024,1825.13307595253,"{""geodesic"":false,""type"":""Point"",""coordinates"":[83.93889455847753,21.42980517607745]}"
516,10.0,158,2023,1,0,21.481009147272264,83.91347223593695,-0.026635706,0.11861472,2024,1732.3358600139618,"{""geodesic"":false,""type"":""Point"",""coordinates"":[83.91347223593695,21.481009147272264]}"
517,28.284271247461902,160,2023,1,0,21.47175649984583,84.1235881808925,0.52351767,-0.51520693,2024,1721.871881723404,"{""geodesic"":false,""type"":""Point"",""coordinates"":[84.1235881808925,21.47175649984583]}"
518,30.0,158,2023,1,4,21.42782888245239,83.95138114092678,0.3385125,-0.37665236,2024,1790.7314677461982,"{""geodesic"":false,""type"":""Point"",""coordinates"":[83.95138114092678,21.42782888245239]}"
519,0.0,158,2023,1,0,21.44345956839607,83.95165063551202,0.012345679,0.15676416,2024,1790.7314677461982,"{""geodesic"":false,""type"":""Point"",""coordinates"":[83.95165063551202,21.44345956839607]}"
520,0.0,154,2023,1,0,21.40680830480399,83.92200623113608,-0.049643487,0.24480915,2024,1825.13307595253,"{""geodesic"":false,""type"":""Point"",""coordinates"":[83.92200623113608,21.40680830480399]}"
521,28.284271247461902,140,2023,1,0,21.47292430971519,83.95254895079614,0.3845191,-0.2771909,2024,1771.3602139949799,"{""geodesic"":false,""type"":""Point"",""coordinates"":[83.95254895079614,21.47292430971519]}"
522,28.284271247461902,158,2023,1,0,21.493585561249937,83.89361946815791,0.30599403,-0.160526,2024,1728.853170067072,"{""geodesic"":false,""type"":""Point"",""coordinates"":[83.89361946815791,21.493585561249937]}"
523,14.142135623730951,144,2023,1,0,21.45935974892498,84.00492073186031,0.45066595,-0.33482352,2024,1751.5303001403809,"{""geodesic"":false,""type"":""Point"",""coordinates"":[84.00492073186031,21.45935974892498]}"
524,10.0,147,2023,1,0,21.505443323000314,83.91347223593695,0.051167965,0.09641434,2024,1722.2489975690842,"{""geodesic"":false,""type"":""Point"",""coordinates"":[83.91347223593695,21.505443323000314]}"
525,20.0,170,2023,1,6,21.40114891851404,83.85849534054883,0.23717217,-0.22852477,2024,1773.171569108963,"{""geodesic"":false,""type"":""Point"",""coordinates"":[83.85849534054883,21.40114891851404]}"
526,0.0,158,2023,1,0,21.493944887363586,83.89802121305009,-0.11087772,0.17115016,2024,1728.853170067072,"{""geodesic"":false,""type"":""Point"",""coordinates"":[83.89802121305009,21.493944887363586]}"
527,20.0,151,2023,1,0,21.477865043777847,84.05711284986766,0.24208643,-0.25135267,2024,1689.8170459270477,"{""geodesic"":false,""type"":""Point"",""coordinates"":[84.05711284986766,21.477865043777847]}"
528,30.0,193,2023,1,0,21.560689712973666,83.9582981686145,0.11328125,-0.08151184,2024,1681.4159321784973,"{""geodesic"":false,""type"":""Point"",""coordinates"":[83.9582981686145,21.560689712973666]}"
529,28.284271247461902,150,2023,1,4,21.35380770304094,83.8913736799476,0.51914775,-0.4966341,2024,1782.6826467514038,"{""geodesic"":false,""type"":""Point"",""coordinates"":[83.8913736799476,21.35380770304094]}"
530,14.142135623730951,148,2023,1,0,21.46196486324893,83.95380659219391,0.047690373,0.09620293,2024,1771.3602139949799,"{""geodesic"":false,""type"":""Point"",""coordinates"":[83.95380659219391,21.46196486324893]}"
531,10.0,149,2023,1,0,21.379050362524698,83.913921393579,0.24220912,-0.1280684,2024,1811.9562884569168,"{""geodesic"":false,""type"":""Point"",""coordinates"":[83.913921393579,21.379050362524698]}"
532,22.360679774997898,180,2023,1,0,21.553862516814355,84.12322885477886,0.15888813,-0.24268629,2024,1648.0802314281464,"{""geodesic"":false,""type"":""Point"",""coordinates"":[84.12322885477886,21.553862516814355]}"
533,28.284271247461902,148,2023,1,0,21.452622384294088,84.05100430593565,0.43551502,-0.42696407,2024,1689.8170459270477,"{""geodesic"":false,""type"":""Point"",""coordinates"":[84.05100430593565,21.452622384294088]}"
534,20.0,145,2023,1,3,21.459269917396572,83.95704052721675,0.22710934,-0.13979465,2024,1771.3602139949799,"{""geodesic"":false,""type"":""Point"",""coordinates"":[83.95704052721675,21.459269917396572]}"
535,28.284271247461902,191,2023,1,1,21.54173526047874,84.13346964901781,0.45188347,-0.46231937,2024,1690.0501866340637,"{""geodesic"":false,""type"":""Point"",""coordinates"":[84.13346964901781,21.54173526047874]}"
536,20.0,139,2023,1,0,21.39117761886031,83.97545599054119,0.07047027,0.027207391,2024,1779.3043375015259,"{""geodesic"":false,""type"":""Point"",""coordinates"":[83.97545599054119,21.39117761886031]}"
537,22.360679774997898,158,2023,1,0,21.470858184561713,83.91284341523806,0.04359313,0.07113463,2024,1732.3358600139618,"{""geodesic"":false,""type"":""Point"",""coordinates"":[83.91284341523806,21.470858184561713]}"
538,22.360679774997898,188,2023,1,0,21.598149460321448,84.00501056338872,0.1152016,-0.061156843,2024,1657.5867500305176,"{""geodesic"":false,""type"":""Point"",""coordinates"":[84.00501056338872,21.598149460321448]}"
539,10.0,191,2023,1,0,21.598778281020333,84.0055495525592,-0.024305122,0.11280695,2024,1657.5867500305176,"{""geodesic"":false,""type"":""Point"",""coordinates"":[84.0055495525592,21.598778281020333]}"
540,22.360679774997898,156,2023,1,0,21.396837005150264,83.92092825279514,0.6403773,-0.53013235,2024,1811.9562884569168,"{""geodesic"":false,""type"":""Point"",""coordinates"":[83.92092825279514,21.396837005150264]}"
541,0.0,158,2023,1,0,21.478314201419906,83.91517903497677,-0.09677419,0.22594689,2024,1732.3358600139618,"{""geodesic"":false,""type"":""Point"",""coordinates"":[83.91517903497677,21.478314201419906]}"
542,0.0,158,2023,1,0,21.47624807626643,83.9199401059826,-0.04409135,0.20509824,2024,1732.3358600139618,"{""geodesic"":false,""type"":""Point"",""coordinates"":[83.9199401059826,21.47624807626643]}"
543,14.142135623730951,191,2023,1,0,21.56086937603049,83.95838800014292,0.13663505,-0.022540553,2024,1681.4159321784973,"{""geodesic"":false,""type"":""Point"",""coordinates"":[83.95838800014292,21.56086937603049]}"
544,22.360679774997898,153,2023,1,0,21.48029049504497,84.06735364410662,0.52058655,-0.47753015,2024,1689.8170459270477,"{""geodesic"":false,""type"":""Point"",""coordinates"":[84.06735364410662,21.48029049504497]}"
545,28.284271247461902,195,2023,1,0,21.599317270190806,83.94967434188696,0.17880295,-0.1384288,2024,1694.663972377777,"{""geodesic"":false,""type"":""Point"",""coordinates"":[83.94967434188696,21.599317270190806]}"
546,10.0,158,2023,1,0,21.492507582908992,83.90754335506176,-0.0012933264,0.12991549,2024,1732.3358600139618,"{""geodesic"":false,""type"":""Point"",""coordinates"":[83.90754335506176,21.492507582908992]}"
547,28.284271247461902,154,2023,1,4,21.488016006488397,84.01857512417894,0.37694055,-0.39136904,2024,1751.5303001403809,"{""geodesic"":false,""type"":""Point"",""coordinates"":[84.01857512417894,21.488016006488397]}"
548,28.284271247461902,156,2023,1,0,21.467624249538883,83.93206736231822,0.5692093,-0.49447262,2024,1732.3358600139618,"{""geodesic"":false,""type"":""Point"",""coordinates"":[83.93206736231822,21.467624249538883]}"
549,10.0,157,2023,1,0,21.513348497500566,84.02791760313377,0.28316298,-0.1609756,2024,1682.8754785060883,"{""geodesic"":false,""type"":""Point"",""coordinates"":[84.02791760313377,21.513348497500566]}"
550,30.0,195,2023,1,1,21.553862516814355,84.13814088849524,0.39648727,-0.46539834,2024,1648.0802314281464,"{""geodesic"":false,""type"":""Point"",""coordinates"":[84.13814088849524,21.553862516814355]}"
551,10.0,156,2023,1,0,21.455676656260092,83.9393437161196,0.04105221,0.09662003,2024,1732.3358600139618,"{""geodesic"":false,""type"":""Point"",""coordinates"":[83.9393437161196,21.455676656260092]}"
552,22.360679774997898,156,2023,1,0,21.456305476958978,83.9476980482619,0.13424045,0.00689042,2024,1732.3358600139618,"{""geodesic"":false,""type"":""Point"",""coordinates"":[83.9476980482619,21.456305476958978]}"
553,10.0,193,2023,1,0,21.598778281020333,83.92793511201127,-0.050996028,0.1422242,2024,1694.663972377777,"{""geodesic"":false,""type"":""Point"",""coordinates"":[83.92793511201127,21.598778281020333]}"
554,10.0,141,2023,1,0,21.43753068752088,83.98470863796763,0.012318029,0.11632454,2024,1790.7314677461982,"{""geodesic"":false,""type"":""Point"",""coordinates"":[83.98470863796763,21.43753068752088]}"
555,28.284271247461902,156,2023,1,0,21.43474591014011,83.94644040686413,0.52183694,-0.49472347,2024,1825.13307595253,"{""geodesic"":false,""type"":""Point"",""coordinates"":[83.94644040686413,21.43474591014011]}"
556,28.284271247461902,192,2023,1,0,21.383362275888473,84.17506164667255,0.3100113,-0.3502825,2024,1666.5909271240234,"{""geodesic"":false,""type"":""Point"",""coordinates"":[84.17506164667255,21.383362275888473]}"
557,30.0,136,2023,1,0,21.413006680264417,83.97806110486513,0.38025594,-0.25897193,2024,1790.7314677461982,"{""geodesic"":false,""type"":""Point"",""coordinates"":[83.97806110486513,21.413006680264417]}"
558,0.0,155,2023,1,0,21.401508244627685,83.92119774738038,-0.08341987,0.22686131,2024,1825.13307595253,"{""geodesic"":false,""type"":""Point"",""coordinates"":[83.92119774738038,21.401508244627685]}"
559,14.142135623730951,193,2023,1,0,21.550538750263115,83.92982157410792,0.034021873,0.088865094,2024,1694.663972377777,"{""geodesic"":false,""type"":""Point"",""coordinates"":[83.92982157410792,21.550538750263115]}"
560,28.284271247461902,140,2023,1,0,21.41561179458836,83.98210352364367,0.19984213,-0.2345796,2024,1790.7314677461982,"{""geodesic"":false,""type"":""Point"",""coordinates"":[83.98210352364367,21.41561179458836]}"
561,22.360679774997898,188,2023,1,0,21.55574897891101,83.94518276546637,0.09708135,-0.046603475,2024,1694.663972377777,"{""geodesic"":false,""type"":""Point"",""coordinates"":[83.94518276546637,21.55574897891101]}"
562,28.284271247461902,155,2023,1,0,21.367731589944793,83.87044293382762,0.47579572,-0.27856869,2024,1782.6826467514038,"{""geodesic"":false,""type"":""Point"",""coordinates"":[83.87044293382762,21.367731589944793]}"
563,30.0,158,2023,1,0,21.39117761886031,83.92092825279514,0.5150912,-0.48340306,2024,1811.9562884569168,"{""geodesic"":false,""type"":""Point"",""coordinates"":[83.92092825279514,21.39117761886031]}"
564,28.284271247461902,158,2023,1,4,21.481997294084795,84.08415213991965,0.4236624,-0.4494906,2024,1689.8170459270477,"{""geodesic"":false,""type"":""Point"",""coordinates"":[84.08415213991965,21.481997294084795]}"
565,0.0,158,2023,1,0,21.492148256795346,83.89083469077714,-0.06485569,0.21246783,2024,1728.853170067072,"{""geodesic"":false,""type"":""Point"",""coordinates"":[83.89083469077714,21.492148256795346]}"
566,14.142135623730951,151,2023,1,0,21.43672220376517,83.97383902302978,0.12539321,-0.023297746,2024,1790.7314677461982,"{""geodesic"":false,""type"":""Point"",""coordinates"":[83.97383902302978,21.43672220376517]}"
567,0.0,158,2023,1,0,21.483883756181445,83.91356206746536,-0.07509014,0.18508287,2024,1732.3358600139618,"{""geodesic"":false,""type"":""Point"",""coordinates"":[83.91356206746536,21.483883756181445]}"
568,14.142135623730951,188,2023,1,0,21.55592864196783,83.94149967280147,0.14331274,0.019151846,2024,1694.663972377777,"{""geodesic"":false,""type"":""Point"",""coordinates"":[83.94149967280147,21.55592864196783]}"
569,30.0,192,2023,1,0,21.578476355599232,83.993512127752,0.13516676,-0.11751152,2024,1681.4159321784973,"{""geodesic"":false,""type"":""Point"",""coordinates"":[83.993512127752,21.578476355599232]}"
570,10.0,136,2023,1,0,21.358568774046773,83.92497067157367,0.12326782,0.016604025,2024,1811.9562884569168,"{""geodesic"":false,""type"":""Point"",""coordinates"":[83.92497067157367,21.358568774046773]}"
571,0.0,129,2023,1,0,21.350304273432872,83.91625701331772,-0.019743027,0.1538628,2024,1811.9562884569168,"{""geodesic"":false,""type"":""Point"",""coordinates"":[83.91625701331772,21.350304273432872]}"
572,22.360679774997898,193,2023,1,0,21.599586764776042,83.90044666431722,0.14417636,-0.058497943,2024,1694.663972377777,"{""geodesic"":false,""type"":""Point"",""coordinates"":[83.90044666431722,21.599586764776042]}"
573,20.0,164,2023,1,0,21.47211582595948,83.9289232588238,0.3836164,-0.3309081,2024,1732.3358600139618,"{""geodesic"":false,""type"":""Point"",""coordinates"":[83.9289232588238,21.47211582595948]}"
574,22.360679774997898,156,2023,1,0,21.459629243510218,83.93763691707976,0.07409164,0.054778345,2024,1732.3358600139618,"{""geodesic"":false,""type"":""Point"",""coordinates"":[83.93763691707976,21.459629243510218]}"
575,30.0,166,2023,1,0,21.41507280541789,83.92613848144303,-0.0034398714,0.1377335,2024,1825.13307595253,"{""geodesic"":false,""type"":""Point"",""coordinates"":[83.92613848144303,21.41507280541789]}"
576,20.0,166,2023,1,0,21.487656680374748,83.89119401689078,0.04255319,0.059139784,2024,1728.853170067072,"{""geodesic"":false,""type"":""Point"",""coordinates"":[83.89119401689078,21.487656680374748]}"
577,22.360679774997898,152,2023,1,5,21.531763960825018,83.88113288570864,0.09751434,-0.10977443,2024,1688.6987352371216,"{""geodesic"":false,""type"":""Point"",""coordinates"":[83.88113288570864,21.531763960825018]}"
578,22.360679774997898,149,2023,1,0,21.49978393671036,84.01543102068452,0.5565801,-0.42392856,2024,1751.5303001403809,"{""geodesic"":false,""type"":""Point"",""coordinates"":[84.01543102068452,21.49978393671036]}"
579,10.0,160,2023,1,0,21.385338569513536,83.8875109242259,0.22426099,-0.12747246,2024,1782.6826467514038,"{""geodesic"":false,""type"":""Point"",""coordinates"":[83.8875109242259,21.385338569513536]}"
580,20.0,156,2023,1,4,21.39989127711627,83.90565689296511,0.30480435,-0.25945404,2024,1811.9562884569168,"{""geodesic"":false,""type"":""Point"",""coordinates"":[83.90565689296511,21.39989127711627]}"
581,30.0,144,2023,1,0,21.48307527242574,83.93557079192628,0.37940797,-0.3703729,2024,1732.3358600139618,"{""geodesic"":false,""type"":""Point"",""coordinates"":[83.93557079192628,21.48307527242574]}"
582,0.0,179,2023,1,0,21.444268052151774,83.8989195283342,-0.036662064,0.15473242,2024,1773.171569108963,"{""geodesic"":false,""type"":""Point"",""coordinates"":[83.8989195283342,21.444268052151774]}"
583,14.142135623730951,167,2023,1,0,21.406179484105106,83.86181910710008,0.09465205,0.0508343,2024,1773.171569108963,"{""geodesic"":false,""type"":""Point"",""coordinates"":[83.86181910710008,21.406179484105106]}"
584,28.284271247461902,196,2023,1,0,21.557096451837186,83.87125141758332,0.16751269,-0.2636186,2024,1640.1107563972473,"{""geodesic"":false,""type"":""Point"",""coordinates"":[83.87125141758332,21.557096451837186]}"
585,0.0,162,2023,1,0,21.437351024464053,83.94805737437555,-0.019627182,0.16703911,2024,1825.13307595253,"{""geodesic"":false,""type"":""Point"",""coordinates"":[83.94805737437555,21.437351024464053]}"
586,20.0,205,2023,1,1,21.58251877437777,84.11217957678419,0.23612723,-0.22240931,2024,1648.0802314281464,"{""geodesic"":false,""type"":""Point"",""coordinates"":[84.11217957678419,21.58251877437777]}"
587,28.284271247461902,158,2023,1,0,21.455586824731682,83.9485065320176,0.48016798,-0.39489886,2024,1732.3358600139618,"{""geodesic"":false,""type"":""Point"",""coordinates"":[83.9485065320176,21.455586824731682]}"
588,20.0,183,2023,1,1,21.444807041322246,84.18718890300816,0.41307983,-0.39321357,2024,1665.2535457611084,"{""geodesic"":false,""type"":""Point"",""coordinates"":[84.18718890300816,21.444807041322246]}"
589,0.0,153,2023,1,0,21.40168790768451,83.92128757890879,-0.101133674,0.21887523,2024,1825.13307595253,"{""geodesic"":false,""type"":""Point"",""coordinates"":[83.92128757890879,21.40168790768451]}"
590,10.0,183,2023,1,1,21.49655000168753,84.15637668876286,0.11271851,0.0032397409,2024,1669.5950181484222,"{""geodesic"":false,""type"":""Point"",""coordinates"":[84.15637668876286,21.49655000168753]}"
591,20.0,157,2023,1,0,21.45585631931692,83.93925388459118,0.07099581,0.07314684,2024,1732.3358600139618,"{""geodesic"":false,""type"":""Point"",""coordinates"":[83.93925388459118,21.45585631931692]}"
592,22.360679774997898,140,2023,1,0,21.478404032948315,83.94042169446054,0.122272365,0.03031137,2024,1732.3358600139618,"{""geodesic"":false,""type"":""Point"",""coordinates"":[83.94042169446054,21.478404032948315]}"
593,20.0,158,2023,1,0,21.47157683678901,83.91221459453918,0.053804766,0.034337033,2024,1732.3358600139618,"{""geodesic"":false,""type"":""Point"",""coordinates"":[83.91221459453918,21.47157683678901]}"
594,28.284271247461902,149,2023,1,0,21.453341036521383,83.99144600259852,0.40415913,-0.3773836,2024,1771.3602139949799,"{""geodesic"":false,""type"":""Point"",""coordinates"":[83.99144600259852,21.453341036521383]}"
595,28.284271247461902,151,2023,1,0,21.487566848846335,84.0145327054004,0.66114575,-0.5550498,2024,1751.5303001403809,"{""geodesic"":false,""type"":""Point"",""coordinates"":[84.0145327054004,21.487566848846335]}"
596,30.0,157,2023,1,0,21.389021662178425,83.92083842126672,0.38147202,-0.45503455,2024,1811.9562884569168,"{""geodesic"":false,""type"":""Point"",""coordinates"":[83.92083842126672,21.389021662178425]}"
597,28.284271247461902,194,2023,1,0,21.550628581791525,83.87619215164598,0.40455416,-0.327467,2024,1640.1107563972473,"{""geodesic"":false,""type"":""Point"",""coordinates"":[83.87619215164598,21.550628581791525]}"
598,10.0,181,2023,1,0,21.45828177058404,84.08729624341407,0.09860384,0.04294945,2024,1689.8170459270477,"{""geodesic"":false,""type"":""Point"",""coordinates"":[84.08729624341407,21.45828177058404]}"
599,0.0,154,2023,1,0,21.46978020622077,83.93125887856252,-0.11802422,0.26644284,2024,1732.3358600139618,"{""geodesic"":false,""type"":""Point"",""coordinates"":[83.93125887856252,21.46978020622077]}"
600,28.284271247461902,150,2023,1,1,21.451903732066793,84.04750087632758,0.72322506,-0.5877665,2024,1751.5303001403809,"{""geodesic"":false,""type"":""Point"",""coordinates"":[84.04750087632758,21.451903732066793]}"
601,0.0,135,2023,1,0,21.376535079729162,83.95650153804627,-0.017384732,0.17557529,2024,1779.3043375015259,"{""geodesic"":false,""type"":""Point"",""coordinates"":[83.95650153804627,21.376535079729162]}"
602,20.0,187,2023,1,5,21.541465765893506,84.12673228438692,0.115209654,-0.17955749,2024,1690.0501866340637,"{""geodesic"":false,""type"":""Point"",""coordinates"":[84.12673228438692,21.541465765893506]}"
603,22.360679774997898,158,2023,1,0,21.493944887363586,83.89595508789661,0.016445866,0.106784426,2024,1728.853170067072,"{""geodesic"":false,""type"":""Point"",""coordinates"":[83.89595508789661,21.493944887363586]}"
604,22.360679774997898,199,2023,1,0,21.370336704268738,84.12520514840392,0.35565478,-0.25406522,2024,1691.8503458499908,"{""geodesic"":false,""type"":""Point"",""coordinates"":[84.12520514840392,21.370336704268738]}"
605,10.0,212,2023,1,1,21.356502648893297,84.13122386080752,0.063799076,-0.024322446,2024,1691.8503458499908,"{""geodesic"":false,""type"":""Point"",""coordinates"":[84.13122386080752,21.356502648893297]}"
606,30.0,147,2023,1,0,21.454329183333915,83.98632560547904,0.003378687,0.13466688,2024,1771.3602139949799,"{""geodesic"":false,""type"":""Point"",""coordinates"":[83.98632560547904,21.454329183333915]}"
607,0.0,158,2023,1,0,21.47660740238008,83.91751465471549,-0.04917364,0.17118719,2024,1732.3358600139618,"{""geodesic"":false,""type"":""Point"",""coordinates"":[83.91751465471549,21.47660740238008]}"
608,30.0,192,2023,1,0,21.54802346746758,83.92308420947703,0.3237255,-0.3208346,2024,1722.2489975690842,"{""geodesic"":false,""type"":""Point"",""coordinates"":[83.92308420947703,21.54802346746758]}"
609,30.0,192,2023,1,0,21.53284193916596,84.15422073208097,0.39531925,-0.40503734,2024,1660.8073947429657,"{""geodesic"":false,""type"":""Point"",""coordinates"":[84.15422073208097,21.53284193916596]}"
610,0.0,189,2023,1,0,21.552964201530237,83.913921393579,-0.030841121,0.15889366,2024,1694.663972377777,"{""geodesic"":false,""type"":""Point"",""coordinates"":[83.913921393579,21.552964201530237]}"
611,22.360679774997898,149,2023,1,0,21.464120819930816,84.01543102068452,0.5764101,-0.48194158,2024,1751.5303001403809,"{""geodesic"":false,""type"":""Point"",""coordinates"":[84.01543102068452,21.464120819930816]}"
612,28.284271247461902,139,2023,1,0,21.412467691093944,84.00132747072384,0.29817444,-0.22370937,2024,1707.17979991436,"{""geodesic"":false,""type"":""Point"",""coordinates"":[84.00132747072384,21.412467691093944]}"
613,28.284271247461902,197,2023,1,0,21.485500723692862,83.8553512370544,0.44548216,-0.45894378,2024,1728.853170067072,"{""geodesic"":false,""type"":""Point"",""coordinates"":[83.8553512370544,21.485500723692862]}"
614,0.0,163,2023,1,0,21.492507582908992,83.88661260894177,-0.032258064,0.19052319,2024,1728.853170067072,"{""geodesic"":false,""type"":""Point"",""coordinates"":[83.88661260894177,21.492507582908992]}"
615,20.0,156,2023,1,0,21.38839284147954,83.92101808432355,0.63455147,-0.50561035,2024,1811.9562884569168,"{""geodesic"":false,""type"":""Point"",""coordinates"":[83.92101808432355,21.38839284147954]}"
616,30.0,172,2023,1,5,21.424954273543204,83.91976044292578,0.27843344,-0.345334,2024,1825.13307595253,"{""geodesic"":false,""type"":""Point"",""coordinates"":[83.91976044292578,21.424954273543204]}"
617,10.0,141,2023,1,0,21.419744044895314,84.00824449841156,0.077345036,0.06831119,2024,1707.17979991436,"{""geodesic"":false,""type"":""Point"",""coordinates"":[84.00824449841156,21.419744044895314]}"
618,28.284271247461902,163,2023,1,6,21.503646692432074,83.88041423348135,0.40147525,-0.4004914,2024,1688.6987352371216,"{""geodesic"":false,""type"":""Point"",""coordinates"":[83.88041423348135,21.503646692432074]}"
619,0.0,164,2023,1,0,21.413455837906476,83.92488084004526,-0.06556105,0.17059158,2024,1825.13307595253,"{""geodesic"":false,""type"":""Point"",""coordinates"":[83.92488084004526,21.413455837906476]}"
620,20.0,186,2023,1,0,21.511731529989152,84.16670731453024,0.3609198,-0.35060987,2024,1660.8073947429657,"{""geodesic"":false,""type"":""Point"",""coordinates"":[84.16670731453024,21.511731529989152]}"
621,20.0,139,2023,1,0,21.44040529643006,83.97195256093313,0.32324648,-0.23023544,2024,1790.7314677461982,"{""geodesic"":false,""type"":""Point"",""coordinates"":[83.97195256093313,21.44040529643006]}"
622,10.0,156,2023,1,0,21.483434598539386,84.07454016637958,0.14999282,-0.096632905,2024,1689.8170459270477,"{""geodesic"":false,""type"":""Point"",""coordinates"":[84.07454016637958,21.483434598539386]}"
623,28.284271247461902,146,2023,1,0,21.45181390053838,83.99602741054753,0.47064486,-0.44069394,2024,1771.3602139949799,"{""geodesic"":false,""type"":""Point"",""coordinates"":[83.99602741054753,21.45181390053838]}"
624,14.142135623730951,135,2023,1,0,21.376624911257576,83.95793884250087,0.3847578,-0.2370452,2024,1779.3043375015259,"{""geodesic"":false,""type"":""Point"",""coordinates"":[83.95793884250087,21.376624911257576]}"
625,30.0,157,2023,1,4,21.427559387867152,83.95209979315409,0.5424,-0.5419835,2024,1790.7314677461982,"{""geodesic"":false,""type"":""Point"",""coordinates"":[83.95209979315409,21.427559387867152]}"
626,0.0,157,2023,1,0,21.429356018435392,83.93898439000594,-0.002235886,0.19985057,2024,1825.13307595253,"{""geodesic"":false,""type"":""Point"",""coordinates"":[83.93898439000594,21.429356018435392]}"
627,20.0,161,2023,1,0,21.489902468585047,83.9611727775237,0.56848997,-0.53410983,2024,1771.3602139949799,"{""geodesic"":false,""type"":""Point"",""coordinates"":[83.9611727775237,21.489902468585047]}"
628,30.0,159,2023,1,0,21.480559989630205,83.9220960626645,0.40852258,-0.2749004,2024,1732.3358600139618,"{""geodesic"":false,""type"":""Point"",""coordinates"":[83.9220960626645,21.480559989630205]}"
629,22.360679774997898,158,2023,1,0,21.493944887363586,83.89667374012392,-0.036497317,0.13017999,2024,1728.853170067072,"{""geodesic"":false,""type"":""Point"",""coordinates"":[83.89667374012392,21.493944887363586]}"
630,28.284271247461902,144,2023,1,0,21.442920579225596,83.97680346346738,0.17924145,-0.04280379,2024,1790.7314677461982,"{""geodesic"":false,""type"":""Point"",""coordinates"":[83.97680346346738,21.442920579225596]}"
631,10.0,188,2023,1,0,21.556916788780363,83.9469793960346,-0.07492562,0.13123,2024,1694.663972377777,"{""geodesic"":false,""type"":""Point"",""coordinates"":[83.9469793960346,21.556916788780363]}"
632,28.284271247461902,160,2023,1,0,21.46277334700464,83.93835556930706,0.3383561,-0.37121707,2024,1732.3358600139618,"{""geodesic"":false,""type"":""Point"",""coordinates"":[83.93835556930706,21.46277334700464]}"
633,30.0,159,2023,1,0,21.445256198964305,83.95227945621092,0.45534384,-0.41709346,2024,1790.7314677461982,"{""geodesic"":false,""type"":""Point"",""coordinates"":[83.95227945621092,21.445256198964305]}"
634,20.0,169,2023,1,0,21.496100844045472,83.86981411312874,0.14541516,0.04341534,2024,1728.853170067072,"{""geodesic"":false,""type"":""Point"",""coordinates"":[83.86981411312874,21.496100844045472]}"
635,0.0,157,2023,1,0,21.4241457897875,83.93287584607393,0.0048076925,0.18076943,2024,1825.13307595253,"{""geodesic"":false,""type"":""Point"",""coordinates"":[83.93287584607393,21.4241457897875]}"
636,22.360679774997898,145,2023,1,3,21.46519879827176,83.95605238040422,0.51582396,-0.4069192,2024,1771.3602139949799,"{""geodesic"":false,""type"":""Point"",""coordinates"":[83.95605238040422,21.46519879827176]}"
637,0.0,158,2023,1,0,21.451274911367907,83.95102181481315,-0.026706232,0.16915283,2024,1771.3602139949799,"{""geodesic"":false,""type"":""Point"",""coordinates"":[83.95102181481315,21.451274911367907]}"
638,14.142135623730951,141,2023,1,3,21.46465980910129,83.95560322276215,0.27861702,-0.16350754,2024,1771.3602139949799,"{""geodesic"":false,""type"":""Point"",""coordinates"":[83.95560322276215,21.46465980910129]}"
639,14.142135623730951,144,2023,1,0,21.452712215822498,83.96171176669417,0.056977674,0.08334196,2024,1771.3602139949799,"{""geodesic"":false,""type"":""Point"",""coordinates"":[83.96171176669417,21.452712215822498]}"
640,0.0,190,2023,1,0,21.599946090889688,84.02127007003129,-0.111604854,0.19216722,2024,1657.5867500305176,"{""geodesic"":false,""type"":""Point"",""coordinates"":[84.02127007003129,21.599946090889688]}"
641,22.360679774997898,163,2023,1,0,21.360904393785482,83.85121898674747,2.9522163E-4,0.104085214,2024,1782.6826467514038,"{""geodesic"":false,""type"":""Point"",""coordinates"":[83.85121898674747,21.360904393785482]}"
642,28.284271247461902,195,2023,1,0,21.55458116904165,83.88176170640753,0.19398119,-0.2789899,2024,1640.1107563972473,"{""geodesic"":false,""type"":""Point"",""coordinates"":[83.88176170640753,21.55458116904165]}"
643,20.0,174,2023,1,1,21.453071541936147,84.17039040719513,0.35313994,-0.3384022,2024,1669.5950181484222,"{""geodesic"":false,""type"":""Point"",""coordinates"":[84.17039040719513,21.453071541936147]}"
644,10.0,135,2023,1,0,21.45792244447039,83.9709644141206,0.03246422,0.108309425,2024,1771.3602139949799,"{""geodesic"":false,""type"":""Point"",""coordinates"":[83.9709644141206,21.45792244447039]}"
645,14.142135623730951,173,2023,1,4,21.452981710407734,84.17003108108148,0.079081215,-0.058586836,2024,1669.5950181484222,"{""geodesic"":false,""type"":""Point"",""coordinates"":[84.17003108108148,21.452981710407734]}"
646,10.0,158,2023,1,0,21.44345956839607,83.95174046704044,0.07495069,0.06937033,2024,1790.7314677461982,"{""geodesic"":false,""type"":""Point"",""coordinates"":[83.95174046704044,21.44345956839607]}"
647,0.0,160,2023,1,0,21.435913720009463,83.94132000974466,-0.0925419,0.20402145,2024,1825.13307595253,"{""geodesic"":false,""type"":""Point"",""coordinates"":[83.94132000974466,21.435913720009463]}"
648,22.360679774997898,139,2023,1,0,21.417947414327074,83.9777017787515,0.31453237,-0.24851383,2024,1790.7314677461982,"{""geodesic"":false,""type"":""Point"",""coordinates"":[83.9777017787515,21.417947414327074]}"
649,0.0,154,2023,1,0,21.400430266286744,83.92155707349403,-0.031502556,0.17218044,2024,1825.13307595253,"{""geodesic"":false,""type"":""Point"",""coordinates"":[83.92155707349403,21.400430266286744]}"
650,20.0,154,2023,1,0,21.377433395013284,83.92083842126672,0.12939773,0.033426896,2024,1811.9562884569168,"{""geodesic"":false,""type"":""Point"",""coordinates"":[83.92083842126672,21.377433395013284]}"
651,0.0,151,2023,1,0,21.40078959240039,83.92146724196562,-0.0898635,0.22802198,2024,1825.13307595253,"{""geodesic"":false,""type"":""Point"",""coordinates"":[83.92146724196562,21.40078959240039]}"
652,0.0,193,2023,1,0,21.550987907905174,83.9289232588238,-0.013232514,0.16396396,2024,1694.663972377777,"{""geodesic"":false,""type"":""Point"",""coordinates"":[83.9289232588238,21.550987907905174]}"
653,0.0,144,2023,1,0,21.454329183333915,83.99189516024057,-0.11048242,0.2426091,2024,1771.3602139949799,"{""geodesic"":false,""type"":""Point"",""coordinates"":[83.99189516024057,21.454329183333915]}"
654,22.360679774997898,148,2023,1,0,21.40123875004245,83.99099684495646,0.13789,0.067661524,2024,1790.7314677461982,"{""geodesic"":false,""type"":""Point"",""coordinates"":[83.99099684495646,21.40123875004245]}"
655,0.0,157,2023,1,0,21.42962551302063,83.93898439000594,0.015203662,0.21029307,2024,1825.13307595253,"{""geodesic"":false,""type"":""Point"",""coordinates"":[83.93898439000594,21.42962551302063]}"
656,14.142135623730951,143,2023,1,3,21.45828177058404,83.96225075586463,0.2032493,-0.07585174,2024,1771.3602139949799,"{""geodesic"":false,""type"":""Point"",""coordinates"":[83.96225075586463,21.45828177058404]}"
657,0.0,158,2023,1,0,21.451095248311084,83.95093198328473,-0.039533034,0.18272895,2024,1771.3602139949799,"{""geodesic"":false,""type"":""Point"",""coordinates"":[83.95093198328473,21.451095248311084]}"
658,22.360679774997898,192,2023,1,0,21.574164442235457,83.99369179080882,0.15515289,-0.092954725,2024,1681.4159321784973,"{""geodesic"":false,""type"":""Point"",""coordinates"":[83.99369179080882,21.574164442235457]}"
659,28.284271247461902,170,2023,1,4,21.431332312060455,84.10238794018728,0.6433401,-0.583111,2024,1692.262746810913,"{""geodesic"":false,""type"":""Point"",""coordinates"":[84.10238794018728,21.431332312060455]}"
660,30.0,150,2023,1,0,21.448759628572372,84.04597374034458,0.26058134,-0.10250092,2024,1707.17979991436,"{""geodesic"":false,""type"":""Point"",""coordinates"":[84.04597374034458,21.448759628572372]}"
661,28.284271247461902,192,2023,1,0,21.550089592621056,83.92506050310209,0.117015265,-0.061338488,2024,1694.663972377777,"{""geodesic"":false,""type"":""Point"",""coordinates"":[83.92506050310209,21.550089592621056]}"
662,28.284271247461902,134,2023,1,0,21.385787727155595,83.97141357176265,0.11888898,-0.011869759,2024,1779.3043375015259,"{""geodesic"":false,""type"":""Point"",""coordinates"":[83.97141357176265,21.385787727155595]}"
663,0.0,158,2023,1,0,21.471307342203772,83.91230442606759,-0.05370766,0.1980086,2024,1732.3358600139618,"{""geodesic"":false,""type"":""Point"",""coordinates"":[83.91230442606759,21.471307342203772]}"
664,28.284271247461902,143,2023,1,0,21.473732793470894,83.9469793960346,0.3242383,-0.25913188,2024,1732.3358600139618,"{""geodesic"":false,""type"":""Point"",""coordinates"":[83.9469793960346,21.473732793470894]}"
665,20.0,158,2023,1,0,21.476427739323253,83.91805364388595,0.042503115,0.09495192,2024,1732.3358600139618,"{""geodesic"":false,""type"":""Point"",""coordinates"":[83.91805364388595,21.476427739323253]}"
666,28.284271247461902,158,2023,1,0,21.45361053110662,83.95003366800061,0.3804449,-0.30562687,2024,1771.3602139949799,"{""geodesic"":false,""type"":""Point"",""coordinates"":[83.95003366800061,21.45361053110662]}"
667,30.0,188,2023,1,0,21.565360952451087,83.94275731419924,0.040927548,0.046682324,2024,1694.663972377777,"{""geodesic"":false,""type"":""Point"",""coordinates"":[83.94275731419924,21.565360952451087]}"
668,28.284271247461902,159,2023,1,0,21.432230627344573,83.94320647184131,0.538257,-0.447394,2024,1825.13307595253,"{""geodesic"":false,""type"":""Point"",""coordinates"":[83.94320647184131,21.432230627344573]}"
669,0.0,160,2023,1,0,21.42702039869668,83.93584028651152,-0.050628517,0.23886414,2024,1825.13307595253,"{""geodesic"":false,""type"":""Point"",""coordinates"":[83.93584028651152,21.42702039869668]}"
670,10.0,149,2023,1,0,21.492597414437405,84.01650899902546,-0.018007878,0.14680357,2024,1751.5303001403809,"{""geodesic"":false,""type"":""Point"",""coordinates"":[84.01650899902546,21.492597414437405]}"
671,22.360679774997898,191,2023,1,0,21.39611835292297,84.14559690535343,0.34214452,-0.3441503,2024,1691.8503458499908,"{""geodesic"":false,""type"":""Point"",""coordinates"":[84.14559690535343,21.39611835292297]}"
672,30.0,163,2023,1,0,21.376535079729162,84.01812596653687,-0.017024726,0.09430439,2024,1689.2596210241318,"{""geodesic"":false,""type"":""Point"",""coordinates"":[84.01812596653687,21.376535079729162]}"
673,10.0,158,2023,1,0,21.489453310942988,83.90781284964699,-0.0018420161,0.147934,2024,1732.3358600139618,"{""geodesic"":false,""type"":""Point"",""coordinates"":[83.90781284964699,21.489453310942988]}"
674,28.284271247461902,197,2023,1,0,21.573086463894516,83.98560695325175,0.29264095,-0.24926108,2024,1681.4159321784973,"{""geodesic"":false,""type"":""Point"",""coordinates"":[83.98560695325175,21.573086463894516]}"
675,10.0,193,2023,1,0,21.556018473496245,83.94123017821624,0.07682646,0.07281903,2024,1694.663972377777,"{""geodesic"":false,""type"":""Point"",""coordinates"":[83.94123017821624,21.556018473496245]}"
676,28.284271247461902,141,2023,1,0,21.44552569354954,83.96719148992729,0.33127922,-0.32272658,2024,1790.7314677461982,"{""geodesic"":false,""type"":""Point"",""coordinates"":[83.96719148992729,21.44552569354954]}"
677,0.0,161,2023,1,0,21.463581830760344,83.93619961262517,-0.0023248305,0.1638172,2024,1732.3358600139618,"{""geodesic"":false,""type"":""Point"",""coordinates"":[83.93619961262517,21.463581830760344]}"
678,22.360679774997898,158,2023,1,0,21.439327318089116,83.94922518424491,0.4507496,-0.33001798,2024,1825.13307595253,"{""geodesic"":false,""type"":""Point"",""coordinates"":[83.94922518424491,21.439327318089116]}"
679,30.0,196,2023,1,0,21.553682853757532,83.88212103252117,0.45748502,-0.40480486,2024,1640.1107563972473,"{""geodesic"":false,""type"":""Point"",""coordinates"":[83.88212103252117,21.553682853757532]}"
680,14.142135623730951,163,2023,1,0,21.471846331374245,84.12322885477886,0.38297874,-0.2997969,2024,1721.871881723404,"{""geodesic"":false,""type"":""Point"",""coordinates"":[84.12322885477886,21.471846331374245]}"
681,0.0,159,2023,1,0,21.490261794698693,83.9604541252964,-0.05963148,0.25281972,2024,1771.3602139949799,"{""geodesic"":false,""type"":""Point"",""coordinates"":[83.9604541252964,21.490261794698693]}"
682,0.0,161,2023,1,0,21.475080266397075,83.92712662825556,-0.040417477,0.17541546,2024,1732.3358600139618,"{""geodesic"":false,""type"":""Point"",""coordinates"":[83.92712662825556,21.475080266397075]}"
683,0.0,196,2023,1,0,21.598329123378274,84.04273980532174,-0.10154197,0.16178703,2024,1657.5867500305176,"{""geodesic"":false,""type"":""Point"",""coordinates"":[84.04273980532174,21.598329123378274]}"
684,20.0,158,2023,1,0,21.474271782641367,83.90996880632888,-0.0063003427,0.07543903,2024,1732.3358600139618,"{""geodesic"":false,""type"":""Point"",""coordinates"":[83.90996880632888,21.474271782641367]}"
685,30.0,144,2023,1,0,21.451185079839494,83.99234431788264,0.5222867,-0.44276807,2024,1771.3602139949799,"{""geodesic"":false,""type"":""Point"",""coordinates"":[83.99234431788264,21.451185079839494]}"
686,22.360679774997898,168,2023,1,0,21.50023309435242,83.88212103252117,0.54550254,-0.44331154,2024,1688.6987352371216,"{""geodesic"":false,""type"":""Point"",""coordinates"":[83.88212103252117,21.50023309435242]}"
687,10.0,144,2023,1,0,21.420642360179432,84.01516152609928,-1.452011E-4,0.14043191,2024,1707.17979991436,"{""geodesic"":false,""type"":""Point"",""coordinates"":[84.01516152609928,21.420642360179432]}"
688,28.284271247461902,152,2023,1,1,21.47256498360154,84.05801116515178,0.5282068,-0.5033446,2024,1689.8170459270477,"{""geodesic"":false,""type"":""Point"",""coordinates"":[84.05801116515178,21.47256498360154]}"
689,30.0,199,2023,1,0,21.48675836509063,83.85490207941235,0.4363188,-0.42272866,2024,1728.853170067072,"{""geodesic"":false,""type"":""Point"",""coordinates"":[83.85490207941235,21.48675836509063]}"
690,20.0,141,2023,1,3,21.46609711355588,83.95389642372233,0.24860832,-0.20732948,2024,1771.3602139949799,"{""geodesic"":false,""type"":""Point"",""coordinates"":[83.95389642372233,21.46609711355588]}"
691,10.0,156,2023,1,0,21.42702039869668,83.9521896246825,0.07368977,0.09991144,2024,1790.7314677461982,"{""geodesic"":false,""type"":""Point"",""coordinates"":[83.9521896246825,21.42702039869668]}"
692,28.284271247461902,143,2023,1,0,21.462234357834166,83.95308793996662,0.4760133,-0.3953785,2024,1771.3602139949799,"{""geodesic"":false,""type"":""Point"",""coordinates"":[83.95308793996662,21.462234357834166]}"
693,0.0,158,2023,1,0,21.476427739323253,83.91859263305643,-0.024320457,0.1647275,2024,1732.3358600139618,"{""geodesic"":false,""type"":""Point"",""coordinates"":[83.91859263305643,21.476427739323253]}"
694,30.0,167,2023,1,4,21.431871301230924,84.10274726630092,0.4562509,-0.46743464,2024,1692.262746810913,"{""geodesic"":false,""type"":""Point"",""coordinates"":[84.10274726630092,21.431871301230924]}"
695,20.0,158,2023,1,0,21.492956740551055,83.89200250064648,-0.0039648334,0.0784689,2024,1728.853170067072,"{""geodesic"":false,""type"":""Point"",""coordinates"":[83.89200250064648,21.492956740551055]}"
696,10.0,157,2023,1,0,21.40222689685498,83.92101808432355,0.06409367,0.061794188,2024,1825.13307595253,"{""geodesic"":false,""type"":""Point"",""coordinates"":[83.92101808432355,21.40222689685498]}"
697,22.360679774997898,179,2023,1,0,21.450825753725848,83.88894822868049,-9.519277E-4,0.035755303,2024,1728.853170067072,"{""geodesic"":false,""type"":""Point"",""coordinates"":[83.88894822868049,21.450825753725848]}"
698,30.0,141,2023,1,0,21.47067852150489,83.95084215175632,0.52893174,-0.43156382,2024,1771.3602139949799,"{""geodesic"":false,""type"":""Point"",""coordinates"":[83.95084215175632,21.47067852150489]}"
699,20.0,161,2023,1,0,21.534997895847848,84.05837049126542,0.5072534,-0.39033854,2024,1686.0821499824524,"{""geodesic"":false,""type"":""Point"",""coordinates"":[84.05837049126542,21.534997895847848]}"
700,22.360679774997898,194,2023,1,0,21.499155116011476,83.853734269543,0.043758966,0.009193054,2024,1728.853170067072,"{""geodesic"":false,""type"":""Point"",""coordinates"":[83.853734269543,21.499155116011476]}"
701,20.0,158,2023,1,0,21.486488870505394,83.89370929968632,0.5583899,-0.4385321,2024,1728.853170067072,"{""geodesic"":false,""type"":""Point"",""coordinates"":[83.89370929968632,21.486488870505394]}"
702,20.0,154,2023,1,0,21.50508399688667,84.01623950444022,0.26576546,-0.24559389,2024,1682.8754785060883,"{""geodesic"":false,""type"":""Point"",""coordinates"":[84.01623950444022,21.50508399688667]}"
703,20.0,147,2023,1,0,21.46609711355588,83.94877602660284,0.4225298,-0.33721536,2024,1732.3358600139618,"{""geodesic"":false,""type"":""Point"",""coordinates"":[83.94877602660284,21.46609711355588]}"
704,28.284271247461902,158,2023,1,0,21.43528489931058,83.94069118904576,0.6769154,-0.5456157,2024,1825.13307595253,"{""geodesic"":false,""type"":""Point"",""coordinates"":[83.94069118904576,21.43528489931058]}"
705,10.0,152,2023,1,0,21.506880627454905,84.01974293404828,0.21049237,-0.08026863,2024,1682.8754785060883,"{""geodesic"":false,""type"":""Point"",""coordinates"":[84.01974293404828,21.506880627454905]}"
706,28.284271247461902,144,2023,1,0,21.47391245652772,83.95272861385297,0.2837618,-0.168584,2024,1771.3602139949799,"{""geodesic"":false,""type"":""Point"",""coordinates"":[83.95272861385297,21.47391245652772]}"
707,10.0,142,2023,1,0,21.46564795591382,83.95236928773932,0.12919186,-0.022844693,2024,1771.3602139949799,"{""geodesic"":false,""type"":""Point"",""coordinates"":[83.95236928773932,21.46564795591382]}"
708,14.142135623730951,153,2023,1,4,21.448310470930313,84.04606357187299,0.27138022,-0.2139738,2024,1707.17979991436,"{""geodesic"":false,""type"":""Point"",""coordinates"":[84.04606357187299,21.448310470930313]}"
709,28.284271247461902,156,2023,1,4,21.379858846280406,83.88517530448718,0.4692713,-0.4041973,2024,1782.6826467514038,"{""geodesic"":false,""type"":""Point"",""coordinates"":[83.88517530448718,21.379858846280406]}"
710,28.284271247461902,144,2023,1,3,21.462593683947812,83.95479473900645,0.35381114,-0.25250033,2024,1771.3602139949799,"{""geodesic"":false,""type"":""Point"",""coordinates"":[83.95479473900645,21.462593683947812]}"
711,22.360679774997898,190,2023,1,0,21.559791397689544,84.12763059967104,0.09348442,-0.12514575,2024,1648.0802314281464,"{""geodesic"":false,""type"":""Point"",""coordinates"":[84.12763059967104,21.559791397689544]}"
712,10.0,168,2023,1,0,21.56284566965555,84.08567927590266,-0.008665511,0.13398941,2024,1637.8678257465363,"{""geodesic"":false,""type"":""Point"",""coordinates"":[84.08567927590266,21.56284566965555]}"
713,28.284271247461902,166,2023,1,1,21.479392179760847,83.9237130301759,0.6400359,-0.5544967,2024,1732.3358600139618,"{""geodesic"":false,""type"":""Point"",""coordinates"":[83.9237130301759,21.479392179760847]}"
714,30.0,158,2023,1,0,21.40546083187781,83.92092825279514,0.47605756,-0.4773688,2024,1825.13307595253,"{""geodesic"":false,""type"":""Point"",""coordinates"":[83.92092825279514,21.40546083187781]}"
715,28.284271247461902,169,2023,1,0,21.46160553713528,84.15880214002999,0.5458208,-0.41712126,2024,1669.5950181484222,"{""geodesic"":false,""type"":""Point"",""coordinates"":[84.15880214002999,21.46160553713528]}"
716,20.0,158,2023,1,0,21.472654815129953,83.91320274135171,0.11190391,5.3447357E-4,2024,1732.3358600139618,"{""geodesic"":false,""type"":""Point"",""coordinates"":[83.91320274135171,21.472654815129953]}"
717,14.142135623730951,189,2023,1,0,21.55637779960989,83.93880472694912,0.11635139,0.017783858,2024,1694.663972377777,"{""geodesic"":false,""type"":""Point"",""coordinates"":[83.93880472694912,21.55637779960989]}"
718,10.0,158,2023,1,0,21.48082948421544,83.92164690502243,0.04211753,0.09143686,2024,1732.3358600139618,"{""geodesic"":false,""type"":""Point"",""coordinates"":[83.92164690502243,21.48082948421544]}"
719,0.0,180,2023,1,0,21.422079664634023,83.91742482318708,-0.03477312,0.159049,2024,1825.13307595253,"{""geodesic"":false,""type"":""Point"",""coordinates"":[83.91742482318708,21.422079664634023]}"
720,10.0,143,2023,1,0,21.459090254339745,83.95847783167133,-0.0018021984,0.14790022,2024,1771.3602139949799,"{""geodesic"":false,""type"":""Point"",""coordinates"":[83.95847783167133,21.459090254339745]}"
721,30.0,158,2023,1,0,21.488914321772516,83.89613475095344,0.20162721,-0.05872622,2024,1728.853170067072,"{""geodesic"":false,""type"":""Point"",""coordinates"":[83.89613475095344,21.488914321772516]}"
722,30.0,162,2023,1,0,21.449747775384903,83.9507523202279,0.65868264,-0.56746244,2024,1790.7314677461982,"{""geodesic"":false,""type"":""Point"",""coordinates"":[83.9507523202279,21.449747775384903]}"
723,14.142135623730951,193,2023,1,0,21.552604875416588,83.9259588183862,0.10745234,0.04054054,2024,1694.663972377777,"{""geodesic"":false,""type"":""Point"",""coordinates"":[83.9259588183862,21.552604875416588]}"
724,10.0,158,2023,1,0,21.479302348232437,83.92083842126672,0.004537522,0.13961136,2024,1732.3358600139618,"{""geodesic"":false,""type"":""Point"",""coordinates"":[83.92083842126672,21.479302348232437]}"
725,22.360679774997898,200,2023,1,0,21.57515258904799,84.16949209191101,0.26652494,-0.3104315,2024,1620.3801980018616,"{""geodesic"":false,""type"":""Point"",""coordinates"":[84.16949209191101,21.57515258904799]}"
726,28.284271247461902,141,2023,1,0,21.43654254070835,83.98497813255285,0.022900764,0.104961835,2024,1790.7314677461982,"{""geodesic"":false,""type"":""Point"",""coordinates"":[83.98497813255285,21.43654254070835]}"
727,10.0,143,2023,1,0,21.456664803072623,84.00087831308177,0.19094603,-0.070853464,2024,1751.5303001403809,"{""geodesic"":false,""type"":""Point"",""coordinates"":[84.00087831308177,21.456664803072623]}"
728,22.360679774997898,138,2023,1,0,21.395579363752496,83.97078475106377,0.21277955,-0.20499435,2024,1779.3043375015259,"{""geodesic"":false,""type"":""Point"",""coordinates"":[83.97078475106377,21.395579363752496]}"
729,22.360679774997898,145,2023,1,3,21.46286317853305,83.95362692913709,0.34406236,-0.23798494,2024,1771.3602139949799,"{""geodesic"":false,""type"":""Point"",""coordinates"":[83.95362692913709,21.46286317853305]}"
730,14.142135623730951,146,2023,1,0,21.458551265169277,84.0033037643489,0.44381684,-0.37193102,2024,1751.5303001403809,"{""geodesic"":false,""type"":""Point"",""coordinates"":[84.0033037643489,21.458551265169277]}"
731,22.360679774997898,160,2023,1,0,21.471936162902658,84.12089323504014,0.48395833,-0.4279209,2024,1721.871881723404,"{""geodesic"":false,""type"":""Point"",""coordinates"":[84.12089323504014,21.471936162902658]}"
732,14.142135623730951,156,2023,1,0,21.36907906287097,83.87161074369698,0.2844115,-0.1387234,2024,1782.6826467514038,"{""geodesic"":false,""type"":""Point"",""coordinates"":[83.87161074369698,21.36907906287097]}"
733,0.0,160,2023,1,0,21.44265108464036,83.94455394476748,0.04108858,0.1531199,2024,1825.13307595253,"{""geodesic"":false,""type"":""Point"",""coordinates"":[83.94455394476748,21.44265108464036]}"
734,0.0,160,2023,1,0,21.442471421583537,83.95120147786997,-0.056819767,0.21569538,2024,1790.7314677461982,"{""geodesic"":false,""type"":""Point"",""coordinates"":[83.95120147786997,21.442471421583537]}"
735,0.0,158,2023,1,0,21.477865043777847,83.91266375218125,-0.020296963,0.1613806,2024,1732.3358600139618,"{""geodesic"":false,""type"":""Point"",""coordinates"":[83.91266375218125,21.477865043777847]}"
736,30.0,192,2023,1,0,21.524757101608884,84.17470232055891,0.6659224,-0.5675446,2024,1660.8073947429657,"{""geodesic"":false,""type"":""Point"",""coordinates"":[84.17470232055891,21.524757101608884]}"
737,30.0,148,2023,1,0,21.433847594855987,84.03672109291814,0.04979184,0.071302295,2024,1707.17979991436,"{""geodesic"":false,""type"":""Point"",""coordinates"":[84.03672109291814,21.433847594855987]}"
738,22.360679774997898,145,2023,1,0,21.483883756181445,83.93224702537505,0.062338512,0.052822843,2024,1732.3358600139618,"{""geodesic"":false,""type"":""Point"",""coordinates"":[83.93224702537505,21.483883756181445]}"
739,20.0,158,2023,1,0,21.472475152073127,83.91329257288012,0.1047409,-3.9936102E-4,2024,1732.3358600139618,"{""geodesic"":false,""type"":""Point"",""coordinates"":[83.91329257288012,21.472475152073127]}"
740,22.360679774997898,188,2023,1,0,21.504634839244606,83.85041050299175,0.036003985,-0.071723,2024,1688.6987352371216,"{""geodesic"":false,""type"":""Point"",""coordinates"":[83.85041050299175,21.504634839244606]}"
741,10.0,160,2023,1,0,21.467803912595706,83.93305550913075,0.05598391,0.056818992,2024,1732.3358600139618,"{""geodesic"":false,""type"":""Point"",""coordinates"":[83.93305550913075,21.467803912595706]}"
742,28.284271247461902,205,2023,1,0,21.359017931688832,84.15835298238792,0.28236082,-0.3136379,2024,1666.5909271240234,"{""geodesic"":false,""type"":""Point"",""coordinates"":[84.15835298238792,21.359017931688832]}"
743,14.142135623730951,158,2023,1,0,21.468073407180942,84.06223324698713,0.117274165,0.121221565,2024,1689.8170459270477,"{""geodesic"":false,""type"":""Point"",""coordinates"":[84.06223324698713,21.468073407180942]}"
744,30.0,140,2023,1,0,21.438788328918648,83.9814747029448,0.096296296,-0.019484354,2024,1790.7314677461982,"{""geodesic"":false,""type"":""Point"",""coordinates"":[83.9814747029448,21.438788328918648]}"
745,20.0,158,2023,1,0,21.479302348232437,83.91517903497677,0.015539689,0.11200882,2024,1732.3358600139618,"{""geodesic"":false,""type"":""Point"",""coordinates"":[83.91517903497677,21.479302348232437]}"
746,0.0,159,2023,1,0,21.40770662008811,83.9221858941929,-0.05902612,0.28979897,2024,1825.13307595253,"{""geodesic"":false,""type"":""Point"",""coordinates"":[83.9221858941929,21.40770662008811]}"
747,30.0,191,2023,1,4,21.541825092007155,84.12215087643791,0.42833936,-0.46298456,2024,1690.0501866340637,"{""geodesic"":false,""type"":""Point"",""coordinates"":[84.12215087643791,21.541825092007155]}"
748,22.360679774997898,198,2023,1,1,21.513887486671038,84.1791938969795,0.23382062,-0.33282116,2024,1660.8073947429657,"{""geodesic"":false,""type"":""Point"",""coordinates"":[84.1791938969795,21.513887486671038]}"
749,0.0,160,2023,1,0,21.489812637056634,83.96063378835322,-0.027789785,0.24613337,2024,1771.3602139949799,"{""geodesic"":false,""type"":""Point"",""coordinates"":[83.96063378835322,21.489812637056634]}"
750,20.0,163,2023,1,0,21.555120158212123,84.06968926384533,0.15281579,-0.219007,2024,1637.8678257465363,"{""geodesic"":false,""type"":""Point"",""coordinates"":[84.06968926384533,21.555120158212123]}"
751,10.0,161,2023,1,0,21.411659207338236,83.92389269323273,0.040618956,0.107300885,2024,1825.13307595253,"{""geodesic"":false,""type"":""Point"",""coordinates"":[83.92389269323273,21.411659207338236]}"
752,10.0,141,2023,1,0,21.436632372236758,83.98407981726874,0.119920716,0.026365673,2024,1790.7314677461982,"{""geodesic"":false,""type"":""Point"",""coordinates"":[83.98407981726874,21.436632372236758]}"
753,22.360679774997898,149,2023,1,0,21.525116427722534,83.89227199523172,0.2852622,-0.20397548,2024,1688.6987352371216,"{""geodesic"":false,""type"":""Point"",""coordinates"":[83.89227199523172,21.525116427722534]}"
754,10.0,137,2023,1,0,21.43753068752088,83.98255268128574,0.03875969,0.07708609,2024,1790.7314677461982,"{""geodesic"":false,""type"":""Point"",""coordinates"":[83.98255268128574,21.43753068752088]}"
755,30.0,149,2023,1,6,21.45612581390215,83.99018836120075,0.3833261,-0.43796936,2024,1771.3602139949799,"{""geodesic"":false,""type"":""Point"",""coordinates"":[83.99018836120075,21.45612581390215]}"
756,20.0,134,2023,1,0,21.355783996666002,83.9205689266815,0.28637916,-0.16176294,2024,1811.9562884569168,"{""geodesic"":false,""type"":""Point"",""coordinates"":[83.9205689266815,21.355783996666002]}"
757,14.142135623730951,141,2023,1,0,21.438698497390234,83.97258138163201,0.003153527,0.11108932,2024,1790.7314677461982,"{""geodesic"":false,""type"":""Point"",""coordinates"":[83.97258138163201,21.438698497390234]}"
758,28.284271247461902,140,2023,1,0,21.410401565940468,83.97347969691613,0.28741527,-0.17886497,2024,1790.7314677461982,"{""geodesic"":false,""type"":""Point"",""coordinates"":[83.97347969691613,21.410401565940468]}"
759,10.0,170,2023,1,0,21.45738345529992,84.15916146614363,0.02767992,0.06071757,2024,1669.5950181484222,"{""geodesic"":false,""type"":""Point"",""coordinates"":[84.15916146614363,21.45738345529992]}"
760,30.0,158,2023,1,0,21.48460240840874,83.8920923321749,0.17273194,-0.07670588,2024,1728.853170067072,"{""geodesic"":false,""type"":""Point"",""coordinates"":[83.8920923321749,21.48460240840874]}"
761,28.284271247461902,163,2023,1,0,21.488016006488397,83.90206363182863,0.59166664,-0.46855298,2024,1732.3358600139618,"{""geodesic"":false,""type"":""Point"",""coordinates"":[83.90206363182863,21.488016006488397]}"
762,28.284271247461902,153,2023,1,0,21.50616197522761,84.0176768088948,0.60581625,-0.5179308,2024,1682.8754785060883,"{""geodesic"":false,""type"":""Point"",""coordinates"":[84.0176768088948,21.50616197522761]}"
763,0.0,163,2023,1,0,21.383811433530532,83.92164690502243,-0.044200376,0.1996411,2024,1811.9562884569168,"{""geodesic"":false,""type"":""Point"",""coordinates"":[83.92164690502243,21.383811433530532]}"
764,0.0,145,2023,1,0,21.472385320544717,84.01632933596863,-0.08864398,0.21910496,2024,1751.5303001403809,"{""geodesic"":false,""type"":""Point"",""coordinates"":[84.01632933596863,21.472385320544717]}"
765,0.0,163,2023,1,0,21.492238088323756,83.88652277741336,-0.021524142,0.17346437,2024,1728.853170067072,"{""geodesic"":false,""type"":""Point"",""coordinates"":[83.88652277741336,21.492238088323756]}"
766,30.0,140,2023,1,0,21.45971907503863,83.96773047909777,0.13100576,-0.17149907,2024,1771.3602139949799,"{""geodesic"":false,""type"":""Point"",""coordinates"":[83.96773047909777,21.45971907503863]}"
767,22.360679774997898,147,2023,1,0,21.516582432523396,83.9010754850161,0.14916424,-0.020340536,2024,1722.2489975690842,"{""geodesic"":false,""type"":""Point"",""coordinates"":[83.9010754850161,21.516582432523396]}"
768,20.0,189,2023,1,0,21.55449133751324,83.93557079192628,0.11874712,-0.042343784,2024,1694.663972377777,"{""geodesic"":false,""type"":""Point"",""coordinates"":[83.93557079192628,21.55449133751324]}"
769,22.360679774997898,151,2023,1,0,21.455766487788505,84.05378908331642,0.05156581,0.057209205,2024,1689.8170459270477,"{""geodesic"":false,""type"":""Point"",""coordinates"":[84.05378908331642,21.455766487788505]}"
770,20.0,150,2023,1,0,21.469061553993473,84.05926880654954,-0.02848723,0.14557235,2024,1689.8170459270477,"{""geodesic"":false,""type"":""Point"",""coordinates"":[84.05926880654954,21.469061553993473]}"
771,22.360679774997898,148,2023,1,0,21.434566247083286,84.03770923973067,0.5256623,-0.43960148,2024,1707.17979991436,"{""geodesic"":false,""type"":""Point"",""coordinates"":[84.03770923973067,21.434566247083286]}"
772,14.142135623730951,143,2023,1,0,21.433578100270754,83.97446784372866,0.036117665,0.054995988,2024,1790.7314677461982,"{""geodesic"":false,""type"":""Point"",""coordinates"":[83.97446784372866,21.433578100270754]}"
773,22.360679774997898,156,2023,1,0,21.46106654796481,83.93862506389229,0.35952014,-0.27978143,2024,1732.3358600139618,"{""geodesic"":false,""type"":""Point"",""coordinates"":[83.93862506389229,21.46106654796481]}"
774,20.0,155,2023,1,0,21.512450182216448,83.87753962457217,0.0027225132,0.14451115,2024,1688.6987352371216,"{""geodesic"":false,""type"":""Point"",""coordinates"":[83.87753962457217,21.512450182216448]}"
775,30.0,155,2023,1,0,21.508138268852672,84.0272887824349,0.5155807,-0.47028512,2024,1682.8754785060883,"{""geodesic"":false,""type"":""Point"",""coordinates"":[84.0272887824349,21.508138268852672]}"
776,20.0,143,2023,1,3,21.45837160211245,83.96243041892146,0.33272064,-0.19505541,2024,1771.3602139949799,"{""geodesic"":false,""type"":""Point"",""coordinates"":[83.96243041892146,21.45837160211245]}"
777,20.0,149,2023,1,0,21.43474591014011,84.03770923973067,0.40344837,-0.29575557,2024,1707.17979991436,"{""geodesic"":false,""type"":""Point"",""coordinates"":[84.03770923973067,21.43474591014011]}"
778,0.0,158,2023,1,0,21.489902468585047,83.96054395682481,-0.057361282,0.25009808,2024,1771.3602139949799,"{""geodesic"":false,""type"":""Point"",""coordinates"":[83.96054395682481,21.489902468585047]}"
779,20.0,147,2023,1,0,21.471846331374245,83.95901682084181,0.04859387,-0.09184902,2024,1771.3602139949799,"{""geodesic"":false,""type"":""Point"",""coordinates"":[83.95901682084181,21.471846331374245]}"
780,20.0,157,2023,1,0,21.43797984516294,83.94123017821624,0.17758457,-0.0088495575,2024,1825.13307595253,"{""geodesic"":false,""type"":""Point"",""coordinates"":[83.94123017821624,21.43797984516294]}"
781,10.0,158,2023,1,0,21.48460240840874,83.912394257596,0.034961868,0.07423168,2024,1732.3358600139618,"{""geodesic"":false,""type"":""Point"",""coordinates"":[83.912394257596,21.48460240840874]}"
782,22.360679774997898,143,2023,1,3,21.465827618970643,83.95479473900645,0.27515367,-0.21507743,2024,1771.3602139949799,"{""geodesic"":false,""type"":""Point"",""coordinates"":[83.95479473900645,21.465827618970643]}"
783,22.360679774997898,156,2023,1,0,21.453341036521383,83.93772674860817,0.1226042,0.03753079,2024,1732.3358600139618,"{""geodesic"":false,""type"":""Point"",""coordinates"":[83.93772674860817,21.453341036521383]}"
784,0.0,156,2023,1,0,21.367821421473202,83.87080225994127,-0.039576624,0.15999195,2024,1782.6826467514038,"{""geodesic"":false,""type"":""Point"",""coordinates"":[83.87080225994127,21.367821421473202]}"
785,22.360679774997898,158,2023,1,0,21.482626114783677,83.92317404100544,0.40763324,-0.29769614,2024,1732.3358600139618,"{""geodesic"":false,""type"":""Point"",""coordinates"":[83.92317404100544,21.482626114783677]}"
786,22.360679774997898,172,2023,1,4,21.400520097815154,84.05477723012895,0.4809379,-0.4900054,2024,1696.406155653298,"{""geodesic"":false,""type"":""Point"",""coordinates"":[84.05477723012895,21.400520097815154]}"
787,28.284271247461902,140,2023,1,0,21.41282701720759,84.0041122481046,0.19933444,-0.17394137,2024,1707.17979991436,"{""geodesic"":false,""type"":""Point"",""coordinates"":[84.0041122481046,21.41282701720759]}"
788,22.360679774997898,147,2023,1,0,21.452981710407734,83.96287957656352,0.20777006,-0.123767115,2024,1771.3602139949799,"{""geodesic"":false,""type"":""Point"",""coordinates"":[83.96287957656352,21.452981710407734]}"
789,14.142135623730951,140,2023,1,0,21.46465980910129,83.96692199534206,0.10814141,-0.090332605,2024,1771.3602139949799,"{""geodesic"":false,""type"":""Point"",""coordinates"":[83.96692199534206,21.46465980910129]}"
790,30.0,158,2023,1,0,21.4933160666647,83.90610605060716,0.034115586,0.06092654,2024,1732.3358600139618,"{""geodesic"":false,""type"":""Point"",""coordinates"":[83.90610605060716,21.4933160666647]}"
791,10.0,158,2023,1,0,21.475080266397075,83.9191316222269,0.002770083,0.13310717,2024,1732.3358600139618,"{""geodesic"":false,""type"":""Point"",""coordinates"":[83.9191316222269,21.475080266397075]}"
792,22.360679774997898,152,2023,1,3,21.529248678029482,83.88508547295876,0.112898804,-0.095868215,2024,1688.6987352371216,"{""geodesic"":false,""type"":""Point"",""coordinates"":[83.88508547295876,21.529248678029482]}"
793,14.142135623730951,150,2023,1,0,21.469959869277595,84.0589094804359,0.11675978,-0.00781447,2024,1689.8170459270477,"{""geodesic"":false,""type"":""Point"",""coordinates"":[84.0589094804359,21.469959869277595]}"
794,0.0,163,2023,1,0,21.437081529878817,83.94814720590396,-0.052137643,0.20726745,2024,1825.13307595253,"{""geodesic"":false,""type"":""Point"",""coordinates"":[83.94814720590396,21.437081529878817]}"
795,14.142135623730951,142,2023,1,0,21.465468292856997,83.95236928773932,0.06934787,-0.0248878,2024,1771.3602139949799,"{""geodesic"":false,""type"":""Point"",""coordinates"":[83.95236928773932,21.465468292856997]}"
796,30.0,164,2023,1,0,21.37599609055869,84.01812596653687,0.12015603,-0.010877289,2024,1689.2596210241318,"{""geodesic"":false,""type"":""Point"",""coordinates"":[84.01812596653687,21.37599609055869]}"
797,22.360679774997898,146,2023,1,0,21.452532552765675,83.99117650801328,0.32596508,-0.22764347,2024,1771.3602139949799,"{""geodesic"":false,""type"":""Point"",""coordinates"":[83.99117650801328,21.452532552765675]}"
798,14.142135623730951,191,2023,1,1,21.581350964508413,84.1303255455234,0.26378882,-0.30161503,2024,1648.0802314281464,"{""geodesic"":false,""type"":""Point"",""coordinates"":[84.1303255455234,21.581350964508413]}"
799,10.0,192,2023,1,0,21.59904777560557,83.92497067157367,-0.03436178,0.10196579,2024,1694.663972377777,"{""geodesic"":false,""type"":""Point"",""coordinates"":[83.92497067157367,21.59904777560557]}"
800,20.0,144,2023,1,0,21.455946150845328,83.99036802425758,0.49838623,-0.4186402,2024,1771.3602139949799,"{""geodesic"":false,""type"":""Point"",""coordinates"":[83.99036802425758,21.455946150845328]}"
801,10.0,156,2023,1,0,21.479661674346083,84.06160442628826,-0.014041043,0.13308914,2024,1689.8170459270477,"{""geodesic"":false,""type"":""Point"",""coordinates"":[84.06160442628826,21.479661674346083]}"
802,10.0,157,2023,1,0,21.40258622296863,83.92101808432355,0.028230617,0.1070442,2024,1825.13307595253,"{""geodesic"":false,""type"":""Point"",""coordinates"":[83.92101808432355,21.40258622296863]}"
803,28.284271247461902,156,2023,1,0,21.39522003763885,83.92254522030656,0.19691232,-0.052207034,2024,1811.9562884569168,"{""geodesic"":false,""type"":""Point"",""coordinates"":[83.92254522030656,21.39522003763885]}"
804,28.284271247461902,158,2023,1,0,21.461336042550045,83.94060135751735,0.2828217,-0.36775064,2024,1732.3358600139618,"{""geodesic"":false,""type"":""Point"",""coordinates"":[83.94060135751735,21.461336042550045]}"
805,22.360679774997898,148,2023,1,0,21.448310470930313,83.97338986538772,0.28730553,-0.19818354,2024,1790.7314677461982,"{""geodesic"":false,""type"":""Point"",""coordinates"":[83.97338986538772,21.448310470930313]}"
806,22.360679774997898,191,2023,1,0,21.599946090889688,84.02162939614493,0.041112315,0.089046516,2024,1657.5867500305176,"{""geodesic"":false,""type"":""Point"",""coordinates"":[84.02162939614493,21.599946090889688]}"
807,0.0,158,2023,1,0,21.482536283255268,83.91338240440854,-0.074260995,0.17841989,2024,1732.3358600139618,"{""geodesic"":false,""type"":""Point"",""coordinates"":[83.91338240440854,21.482536283255268]}"
808,14.142135623730951,138,2023,1,0,21.395399700695673,83.97069491953536,0.047779273,0.031942178,2024,1779.3043375015259,"{""geodesic"":false,""type"":""Point"",""coordinates"":[83.97069491953536,21.395399700695673]}"
809,10.0,154,2023,1,0,21.479751505874496,84.06196375240191,-0.04543396,0.12531121,2024,1689.8170459270477,"{""geodesic"":false,""type"":""Point"",""coordinates"":[84.06196375240191,21.479751505874496]}"
810,30.0,190,2023,1,0,21.551976054717706,83.93314534065917,0.1422437,-0.08830549,2024,1694.663972377777,"{""geodesic"":false,""type"":""Point"",""coordinates"":[83.93314534065917,21.551976054717706]}"
811,28.284271247461902,193,2023,1,0,21.59967659630445,83.9237130301759,-0.039920732,0.08364122,2024,1694.663972377777,"{""geodesic"":false,""type"":""Point"",""coordinates"":[83.9237130301759,21.59967659630445]}"
812,22.360679774997898,158,2023,1,0,21.484243082295094,83.89227199523172,0.07551308,0.0019989097,2024,1728.853170067072,"{""geodesic"":false,""type"":""Point"",""coordinates"":[83.89227199523172,21.484243082295094]}"
813,14.142135623730951,199,2023,1,1,21.37860120488264,84.11370671276718,0.3366157,-0.2850025,2024,1691.8503458499908,"{""geodesic"":false,""type"":""Point"",""coordinates"":[84.11370671276718,21.37860120488264]}"
814,28.284271247461902,140,2023,1,0,21.460078401152277,83.9635083972624,0.32470378,-0.21330173,2024,1771.3602139949799,"{""geodesic"":false,""type"":""Point"",""coordinates"":[83.9635083972624,21.460078401152277]}"
815,28.284271247461902,154,2023,1,5,21.379499520166757,83.93736742249453,0.21307714,-0.33256328,2024,1811.9562884569168,"{""geodesic"":false,""type"":""Point"",""coordinates"":[83.93736742249453,21.379499520166757]}"
816,10.0,142,2023,1,0,21.463941156873993,84.01498186304245,0.15420093,-0.01708093,2024,1751.5303001403809,"{""geodesic"":false,""type"":""Point"",""coordinates"":[84.01498186304245,21.463941156873993]}"
817,22.360679774997898,190,2023,1,0,21.598957944077156,83.92577915532938,-0.034594476,0.0807142,2024,1694.663972377777,"{""geodesic"":false,""type"":""Point"",""coordinates"":[83.92577915532938,21.598957944077156]}"
818,22.360679774997898,140,2023,1,3,21.461875031720517,83.9611727775237,0.2530373,-0.12281422,2024,1771.3602139949799,"{""geodesic"":false,""type"":""Point"",""coordinates"":[83.9611727775237,21.461875031720517]}"
819,0.0,169,2023,1,0,21.401059086985626,83.8589444981909,-0.12790318,0.21418746,2024,1773.171569108963,"{""geodesic"":false,""type"":""Point"",""coordinates"":[83.8589444981909,21.401059086985626]}"
820,28.284271247461902,188,2023,1,0,21.558713419348603,83.89999750667515,0.114098586,-0.050715216,2024,1640.1107563972473,"{""geodesic"":false,""type"":""Point"",""coordinates"":[83.89999750667515,21.558713419348603]}"
821,10.0,154,2023,1,0,21.506790795926495,84.01875478723575,0.28501648,-0.15504003,2024,1682.8754785060883,"{""geodesic"":false,""type"":""Point"",""coordinates"":[84.01875478723575,21.506790795926495]}"
822,14.142135623730951,152,2023,1,0,21.480110831988142,84.06663499187933,-0.05147953,0.123267144,2024,1689.8170459270477,"{""geodesic"":false,""type"":""Point"",""coordinates"":[84.06663499187933,21.480110831988142]}"
823,10.0,159,2023,1,0,21.40770662008811,83.92227572572132,0.06027527,0.1451258,2024,1825.13307595253,"{""geodesic"":false,""type"":""Point"",""coordinates"":[83.92227572572132,21.40770662008811]}"
824,14.142135623730951,156,2023,1,0,21.473732793470894,84.05738234445289,0.14186852,-0.03716029,2024,1689.8170459270477,"{""geodesic"":false,""type"":""Point"",""coordinates"":[84.05738234445289,21.473732793470894]}"
825,0.0,188,2023,1,0,21.56042021838843,83.94814720590396,-0.05586592,0.25779533,2024,1694.663972377777,"{""geodesic"":false,""type"":""Point"",""coordinates"":[83.94814720590396,21.56042021838843]}"
826,14.142135623730951,150,2023,1,0,21.492597414437405,84.01668866208227,0.4393871,-0.34145316,2024,1751.5303001403809,"{""geodesic"":false,""type"":""Point"",""coordinates"":[84.01668866208227,21.492597414437405]}"
827,30.0,191,2023,1,0,21.592490074031495,84.0010579761386,0.20599046,-0.04943281,2024,1657.5867500305176,"{""geodesic"":false,""type"":""Point"",""coordinates"":[84.0010579761386,21.592490074031495]}"
828,0.0,177,2023,1,0,21.55449133751324,84.12242037102315,-0.40392342,0.44221023,2024,1648.0802314281464,"{""geodesic"":false,""type"":""Point"",""coordinates"":[84.12242037102315,21.55449133751324]}"
829,22.360679774997898,158,2023,1,0,21.476427739323253,83.92038926362467,0.30391222,-0.21462809,2024,1732.3358600139618,"{""geodesic"":false,""type"":""Point"",""coordinates"":[83.92038926362467,21.476427739323253]}"
830,0.0,194,2023,1,4,21.554221842928005,84.13805105696683,-0.18309858,0.2631579,2024,1648.0802314281464,"{""geodesic"":false,""type"":""Point"",""coordinates"":[84.13805105696683,21.554221842928005]}"
831,10.0,156,2023,1,0,21.40626931563352,83.92128757890879,0.04712718,0.09988901,2024,1825.13307595253,"{""geodesic"":false,""type"":""Point"",""coordinates"":[83.92128757890879,21.40626931563352]}"
832,20.0,158,2023,1,0,21.485141397579213,83.91122644772665,0.2064162,-0.0912562,2024,1732.3358600139618,"{""geodesic"":false,""type"":""Point"",""coordinates"":[83.91122644772665,21.485141397579213]}"
833,28.284271247461902,155,2023,1,0,21.439327318089116,83.94374546101177,0.15924826,0.025768911,2024,1825.13307595253,"{""geodesic"":false,""type"":""Point"",""coordinates"":[83.94374546101177,21.439327318089116]}"
834,14.142135623730951,160,2023,1,0,21.47759554919261,83.92604864991462,0.0844354,0.044631656,2024,1732.3358600139618,"{""geodesic"":false,""type"":""Point"",""coordinates"":[83.92604864991462,21.47759554919261]}"
835,20.0,191,2023,1,0,21.56086937603049,83.94886585813126,0.14717273,-0.0091993185,2024,1694.663972377777,"{""geodesic"":false,""type"":""Point"",""coordinates"":[83.94886585813126,21.56086937603049]}"
836,10.0,159,2023,1,0,21.475170097925485,84.09933366822128,0.061332528,0.021134129,2024,1689.8170459270477,"{""geodesic"":false,""type"":""Point"",""coordinates"":[84.09933366822128,21.475170097925485]}"
837,0.0,158,2023,1,0,21.4812786418575,83.91365189899378,-0.09019314,0.19361809,2024,1732.3358600139618,"{""geodesic"":false,""type"":""Point"",""coordinates"":[83.91365189899378,21.4812786418575]}"
838,20.0,147,2023,1,0,21.452532552765675,83.99135617107011,0.26925796,-0.24462925,2024,1771.3602139949799,"{""geodesic"":false,""type"":""Point"",""coordinates"":[83.99135617107011,21.452532552765675]}"
839,10.0,144,2023,1,3,21.459449580453395,83.95686086415992,0.070766754,0.08002923,2024,1771.3602139949799,"{""geodesic"":false,""type"":""Point"",""coordinates"":[83.95686086415992,21.459449580453395]}"
840,10.0,142,2023,1,0,21.436991698350408,83.98354082809827,0.04460143,0.10891089,2024,1790.7314677461982,"{""geodesic"":false,""type"":""Point"",""coordinates"":[83.98354082809827,21.436991698350408]}"
841,10.0,137,2023,1,0,21.39566919528091,83.97051525647854,0.3031541,-0.20301735,2024,1779.3043375015259,"{""geodesic"":false,""type"":""Point"",""coordinates"":[83.97051525647854,21.39566919528091]}"
842,20.0,158,2023,1,0,21.48819566954522,83.90233312641386,0.61244446,-0.50508195,2024,1732.3358600139618,"{""geodesic"":false,""type"":""Point"",""coordinates"":[83.90233312641386,21.48819566954522]}"
843,22.360679774997898,147,2023,1,0,21.50526365994349,83.91365189899378,0.5635048,-0.44289973,2024,1722.2489975690842,"{""geodesic"":false,""type"":""Point"",""coordinates"":[83.91365189899378,21.50526365994349]}"
844,20.0,131,2023,1,0,21.40905409301429,83.97132374023424,0.051834594,0.05147059,2024,1790.7314677461982,"{""geodesic"":false,""type"":""Point"",""coordinates"":[83.97132374023424,21.40905409301429]}"
845,28.284271247461902,148,2023,1,0,21.445166367435895,84.04094317475351,0.40884718,-0.31170046,2024,1707.17979991436,"{""geodesic"":false,""type"":""Point"",""coordinates"":[84.04094317475351,21.445166367435895]}"
846,10.0,135,2023,1,0,21.458102107527214,83.97069491953536,-0.005838908,0.14840761,2024,1771.3602139949799,"{""geodesic"":false,""type"":""Point"",""coordinates"":[83.97069491953536,21.458102107527214]}"
847,28.284271247461902,160,2023,1,0,21.485500723692862,83.97060508800695,0.3120626,-0.13382955,2024,1771.3602139949799,"{""geodesic"":false,""type"":""Point"",""coordinates"":[83.97060508800695,21.485500723692862]}"
848,28.284271247461902,156,2023,1,0,21.460886884907985,83.93826573777865,0.26108375,-0.13152324,2024,1732.3358600139618,"{""geodesic"":false,""type"":""Point"",""coordinates"":[83.93826573777865,21.460886884907985]}"
849,20.0,144,2023,1,0,21.459000422811336,83.9589269893134,0.07787409,0.06852437,2024,1771.3602139949799,"{""geodesic"":false,""type"":""Point"",""coordinates"":[83.9589269893134,21.459000422811336]}"
850,20.0,142,2023,1,0,21.420013539480546,84.00860382452521,0.37935248,-0.27390692,2024,1707.17979991436,"{""geodesic"":false,""type"":""Point"",""coordinates"":[84.00860382452521,21.420013539480546]}"
851,10.0,145,2023,1,0,21.45280204735091,83.98363065962668,0.215348,-0.06991359,2024,1771.3602139949799,"{""geodesic"":false,""type"":""Point"",""coordinates"":[83.98363065962668,21.45280204735091]}"
852,28.284271247461902,148,2023,1,0,21.464390314516052,84.01489203151404,0.65257907,-0.5091072,2024,1751.5303001403809,"{""geodesic"":false,""type"":""Point"",""coordinates"":[84.01489203151404,21.464390314516052]}"
853,22.360679774997898,170,2023,1,0,21.421810170048786,83.91796381235754,0.0037503606,0.090325445,2024,1825.13307595253,"{""geodesic"":false,""type"":""Point"",""coordinates"":[83.91796381235754,21.421810170048786]}"
854,28.284271247461902,194,2023,1,0,21.55682695725195,83.8755633309471,0.15643854,-0.25273025,2024,1640.1107563972473,"{""geodesic"":false,""type"":""Point"",""coordinates"":[83.8755633309471,21.55682695725195]}"
855,0.0,159,2023,1,0,21.446064682720014,83.9499438364722,0.0020089557,0.18235864,2024,1825.13307595253,"{""geodesic"":false,""type"":""Point"",""coordinates"":[83.9499438364722,21.446064682720014]}"
856,0.0,161,2023,1,0,21.466007282027466,83.93431315052852,-0.018769853,0.16658945,2024,1732.3358600139618,"{""geodesic"":false,""type"":""Point"",""coordinates"":[83.93431315052852,21.466007282027466]}"
857,14.142135623730951,158,2023,1,0,21.476517570851666,83.91742482318708,-0.02271269,0.14878081,2024,1732.3358600139618,"{""geodesic"":false,""type"":""Point"",""coordinates"":[83.91742482318708,21.476517570851666]}"
858,22.360679774997898,143,2023,1,0,21.412647354150767,83.99989016626924,0.11646587,-0.01831502,2024,1790.7314677461982,"{""geodesic"":false,""type"":""Point"",""coordinates"":[83.99989016626924,21.412647354150767]}"
859,0.0,188,2023,1,0,21.552515043888178,83.93386399288646,-0.13495518,0.22682536,2024,1694.663972377777,"{""geodesic"":false,""type"":""Point"",""coordinates"":[83.93386399288646,21.552515043888178]}"
860,28.284271247461902,156,2023,1,0,21.381745308377056,83.92254522030656,0.11713087,0.034141514,2024,1811.9562884569168,"{""geodesic"":false,""type"":""Point"",""coordinates"":[83.92254522030656,21.381745308377056]}"
861,0.0,176,2023,1,0,21.456215645430564,83.8935296366295,-0.092860475,0.16518752,2024,1728.853170067072,"{""geodesic"":false,""type"":""Point"",""coordinates"":[83.8935296366295,21.456215645430564]}"
862,22.360679774997898,158,2023,1,0,21.42702039869668,83.93521146581264,0.47610277,-0.28606358,2024,1825.13307595253,"{""geodesic"":false,""type"":""Point"",""coordinates"":[83.93521146581264,21.42702039869668]}"
863,22.360679774997898,158,2023,1,0,21.47445144569819,84.08487079214696,0.2883145,-0.32758686,2024,1689.8170459270477,"{""geodesic"":false,""type"":""Point"",""coordinates"":[84.08487079214696,21.47445144569819]}"
864,10.0,160,2023,1,0,21.47669723390849,84.0980760268235,-9.253807E-4,0.1365421,2024,1689.8170459270477,"{""geodesic"":false,""type"":""Point"",""coordinates"":[84.0980760268235,21.47669723390849]}"
865,22.360679774997898,158,2023,1,0,21.47157683678901,83.93054022633521,0.37699252,-0.3565094,2024,1732.3358600139618,"{""geodesic"":false,""type"":""Point"",""coordinates"":[83.93054022633521,21.47157683678901]}"
866,28.284271247461902,192,2023,1,0,21.59949693324763,83.90026700126039,0.14291395,-0.05524921,2024,1694.663972377777,"{""geodesic"":false,""type"":""Point"",""coordinates"":[83.90026700126039,21.59949693324763]}"
867,14.142135623730951,195,2023,1,0,21.599586764776042,83.94832686896079,0.011194435,0.10078211,2024,1694.663972377777,"{""geodesic"":false,""type"":""Point"",""coordinates"":[83.94832686896079,21.599586764776042]}"
868,28.284271247461902,143,2023,1,0,21.47355313041407,83.9461709122789,0.02460284,0.10088121,2024,1732.3358600139618,"{""geodesic"":false,""type"":""Point"",""coordinates"":[83.9461709122789,21.47355313041407]}"
869,30.0,146,2023,1,0,21.474271782641367,83.94868619507443,0.48325053,-0.44818124,2024,1732.3358600139618,"{""geodesic"":false,""type"":""Point"",""coordinates"":[83.94868619507443,21.474271782641367]}"
870,14.142135623730951,156,2023,1,0,21.45325120499297,83.93772674860817,0.120741546,0.032811012,2024,1732.3358600139618,"{""geodesic"":false,""type"":""Point"",""coordinates"":[83.93772674860817,21.45325120499297]}"
871,20.0,137,2023,1,0,21.353987366097762,83.92577915532938,0.118827164,-0.006289308,2024,1811.9562884569168,"{""geodesic"":false,""type"":""Point"",""coordinates"":[83.92577915532938,21.353987366097762]}"
872,22.360679774997898,145,2023,1,0,21.469151385521887,83.94428445018225,0.41040048,-0.37443435,2024,1732.3358600139618,"{""geodesic"":false,""type"":""Point"",""coordinates"":[83.94428445018225,21.469151385521887]}"
873,30.0,145,2023,1,0,21.450735922197435,83.99602741054753,0.5649887,-0.504094,2024,1771.3602139949799,"{""geodesic"":false,""type"":""Point"",""coordinates"":[83.99602741054753,21.450735922197435]}"
874,0.0,188,2023,1,0,21.59868844949192,84.00528005797396,-0.0886418,0.1730323,2024,1657.5867500305176,"{""geodesic"":false,""type"":""Point"",""coordinates"":[84.00528005797396,21.59868844949192]}"
875,22.360679774997898,163,2023,1,1,21.40770662008811,83.95102181481315,0.22616614,-0.17636378,2024,1790.7314677461982,"{""geodesic"":false,""type"":""Point"",""coordinates"":[83.95102181481315,21.40770662008811]}"
876,0.0,156,2023,1,0,21.455946150845328,83.9447336078243,-0.04216074,0.21752234,2024,1732.3358600139618,"{""geodesic"":false,""type"":""Point"",""coordinates"":[83.9447336078243,21.455946150845328]}"
877,0.0,156,2023,1,0,21.462234357834166,83.93853523236388,-0.084350795,0.19876605,2024,1732.3358600139618,"{""geodesic"":false,""type"":""Point"",""coordinates"":[83.93853523236388,21.462234357834166]}"
878,0.0,158,2023,1,0,21.491968593738523,83.8905651961919,-0.06516073,0.19611505,2024,1728.853170067072,"{""geodesic"":false,""type"":""Point"",""coordinates"":[83.8905651961919,21.491968593738523]}"
879,14.142135623730951,157,2023,1,0,21.423876295202263,83.93287584607393,0.47906977,-0.38154083,2024,1825.13307595253,"{""geodesic"":false,""type"":""Point"",""coordinates"":[83.93287584607393,21.423876295202263]}"
880,0.0,193,2023,1,0,21.564282974110142,83.95093198328473,0.015047347,0.18468352,2024,1681.4159321784973,"{""geodesic"":false,""type"":""Point"",""coordinates"":[83.95093198328473,21.564282974110142]}"
881,20.0,150,2023,1,0,21.50706029051173,84.0191141133494,0.54778886,-0.45223355,2024,1682.8754785060883,"{""geodesic"":false,""type"":""Point"",""coordinates"":[84.0191141133494,21.50706029051173]}"
882,22.360679774997898,134,2023,1,0,21.35560433360918,83.92092825279514,0.27927566,-0.21861583,2024,1811.9562884569168,"{""geodesic"":false,""type"":""Point"",""coordinates"":[83.92092825279514,21.35560433360918]}"
883,10.0,191,2023,1,0,21.526643563705534,84.17497181514413,0.33509734,-0.16683185,2024,1660.8073947429657,"{""geodesic"":false,""type"":""Point"",""coordinates"":[84.17497181514413,21.526643563705534]}"
884,20.0,164,2023,1,0,21.44956811232808,83.95165063551202,0.4039409,-0.32686713,2024,1790.7314677461982,"{""geodesic"":false,""type"":""Point"",""coordinates"":[83.95165063551202,21.44956811232808]}"
885,10.0,177,2023,1,0,21.55413201139959,84.12215087643791,-0.02345044,-0.013297151,2024,1648.0802314281464,"{""geodesic"":false,""type"":""Point"",""coordinates"":[84.12215087643791,21.55413201139959]}"
886,14.142135623730951,161,2023,1,0,21.385877558684005,83.9213774104372,0.26167193,-0.19414431,2024,1811.9562884569168,"{""geodesic"":false,""type"":""Point"",""coordinates"":[83.9213774104372,21.385877558684005]}"
887,28.284271247461902,156,2023,1,4,21.365934959376553,83.86415472683879,0.56257904,-0.5302857,2024,1782.6826467514038,"{""geodesic"":false,""type"":""Point"",""coordinates"":[83.86415472683879,21.365934959376553]}"
888,30.0,160,2023,1,0,21.467983575652532,84.11694064779002,0.08477767,0.025220448,2024,1721.871881723404,"{""geodesic"":false,""type"":""Point"",""coordinates"":[84.11694064779002,21.467983575652532]}"
889,28.284271247461902,141,2023,1,0,21.43528489931058,83.97590514818326,0.19103353,-0.1477729,2024,1790.7314677461982,"{""geodesic"":false,""type"":""Point"",""coordinates"":[83.97590514818326,21.43528489931058]}"
890,14.142135623730951,156,2023,1,0,21.453790194163442,83.93754708555134,0.20014372,-0.05529226,2024,1732.3358600139618,"{""geodesic"":false,""type"":""Point"",""coordinates"":[83.93754708555134,21.453790194163442]}"
891,22.360679774997898,199,2023,1,0,21.515414622654042,84.19680087654824,0.4273656,-0.3342469,2024,1660.8073947429657,"{""geodesic"":false,""type"":""Point"",""coordinates"":[84.19680087654824,21.515414622654042]}"
892,30.0,141,2023,1,0,21.412557522622357,84.00465123727508,0.15883829,-0.24980666,2024,1707.17979991436,"{""geodesic"":false,""type"":""Point"",""coordinates"":[84.00465123727508,21.412557522622357]}"
893,10.0,143,2023,1,0,21.451095248311084,83.9928833070531,0.12467976,0.014958863,2024,1771.3602139949799,"{""geodesic"":false,""type"":""Point"",""coordinates"":[83.9928833070531,21.451095248311084]}"
894,30.0,156,2023,1,0,21.39423189082632,83.92236555724973,0.5414302,-0.42298287,2024,1811.9562884569168,"{""geodesic"":false,""type"":""Point"",""coordinates"":[83.92236555724973,21.39423189082632]}"
895,10.0,175,2023,1,0,21.396208184451382,84.05729251292448,-0.0054171183,0.14325711,2024,1668.123893737793,"{""geodesic"":false,""type"":""Point"",""coordinates"":[84.05729251292448,21.396208184451382]}"
896,10.0,161,2023,1,0,21.42558309424209,83.93368432982963,0.04461967,0.10876147,2024,1825.13307595253,"{""geodesic"":false,""type"":""Point"",""coordinates"":[83.93368432982963,21.42558309424209]}"
897,10.0,192,2023,1,0,21.592400242503086,83.95425574983598,0.006849603,0.13450676,2024,1681.4159321784973,"{""geodesic"":false,""type"":""Point"",""coordinates"":[83.95425574983598,21.592400242503086]}"
898,28.284271247461902,151,2023,1,1,21.39611835292297,83.95398625525074,0.62189037,-0.5321259,2024,1779.3043375015259,"{""geodesic"":false,""type"":""Point"",""coordinates"":[83.95398625525074,21.39611835292297]}"
899,30.0,158,2023,1,0,21.469420880107123,84.11927626752873,0.092658415,0.023012402,2024,1721.871881723404,"{""geodesic"":false,""type"":""Point"",""coordinates"":[84.11927626752873,21.469420880107123]}"
900,0.0,151,2023,1,0,21.473193804300422,84.05729251292448,-0.051903114,0.1746988,2024,1689.8170459270477,"{""geodesic"":false,""type"":""Point"",""coordinates"":[84.05729251292448,21.473193804300422]}"
901,10.0,141,2023,1,0,21.47337346735725,83.95263878232456,0.047463875,0.0942123,2024,1771.3602139949799,"{""geodesic"":false,""type"":""Point"",""coordinates"":[83.95263878232456,21.47337346735725]}"
902,20.0,162,2023,1,0,21.494034718891996,83.89838053916374,0.1413901,-0.057676684,2024,1728.853170067072,"{""geodesic"":false,""type"":""Point"",""coordinates"":[83.89838053916374,21.494034718891996]}"
903,14.142135623730951,156,2023,1,0,21.481637967971146,84.0724740412261,0.41300556,-0.3299045,2024,1689.8170459270477,"{""geodesic"":false,""type"":""Point"",""coordinates"":[84.0724740412261,21.481637967971146]}"
904,10.0,148,2023,1,0,21.452622384294088,84.0514534635777,0.2534283,-0.13470376,2024,1689.8170459270477,"{""geodesic"":false,""type"":""Point"",""coordinates"":[84.0514534635777,21.452622384294088]}"
905,0.0,160,2023,1,0,21.405281168820988,83.92128757890879,-0.043605614,0.2138078,2024,1825.13307595253,"{""geodesic"":false,""type"":""Point"",""coordinates"":[83.92128757890879,21.405281168820988]}"
906,0.0,155,2023,1,0,21.406538810218755,83.92200623113608,0.04136947,0.1543808,2024,1825.13307595253,"{""geodesic"":false,""type"":""Point"",""coordinates"":[83.92200623113608,21.406538810218755]}"
907,14.142135623730951,144,2023,1,0,21.4587309282261,83.96683216381365,0.106185414,0.053776793,2024,1771.3602139949799,"{""geodesic"":false,""type"":""Point"",""coordinates"":[83.96683216381365,21.4587309282261]}"
908,0.0,162,2023,1,0,21.467624249538883,83.93287584607393,-0.025824266,0.17394298,2024,1732.3358600139618,"{""geodesic"":false,""type"":""Point"",""coordinates"":[83.93287584607393,21.467624249538883]}"
909,0.0,191,2023,1,0,21.59904777560557,83.92443168240321,-0.075346164,0.16514885,2024,1694.663972377777,"{""geodesic"":false,""type"":""Point"",""coordinates"":[83.92443168240321,21.59904777560557]}"
910,14.142135623730951,134,2023,1,0,21.38569789562718,83.97132374023424,-0.0015379883,0.12435932,2024,1779.3043375015259,"{""geodesic"":false,""type"":""Point"",""coordinates"":[83.97132374023424,21.38569789562718]}"
911,14.142135623730951,157,2023,1,0,21.367821421473202,83.91652650790296,0.13848732,-0.07455013,2024,1811.9562884569168,"{""geodesic"":false,""type"":""Point"",""coordinates"":[83.91652650790296,21.367821421473202]}"
912,22.360679774997898,160,2023,1,0,21.5346385697342,84.05765183903813,0.14366475,-0.022749752,2024,1686.0821499824524,"{""geodesic"":false,""type"":""Point"",""coordinates"":[84.05765183903813,21.5346385697342]}"
913,0.0,155,2023,1,0,21.401598076156098,83.92119774738038,-0.08146459,0.22975352,2024,1825.13307595253,"{""geodesic"":false,""type"":""Point"",""coordinates"":[83.92119774738038,21.401598076156098]}"
914,10.0,172,2023,1,0,21.507419616625377,84.04399744671952,-0.0060961493,0.1316366,2024,1682.8754785060883,"{""geodesic"":false,""type"":""Point"",""coordinates"":[84.04399744671952,21.507419616625377]}"
915,14.142135623730951,138,2023,1,0,21.39530986916726,83.97069491953536,0.06421446,-0.0039700046,2024,1779.3043375015259,"{""geodesic"":false,""type"":""Point"",""coordinates"":[83.97069491953536,21.39530986916726]}"
916,10.0,158,2023,1,0,21.487027859675866,83.90161447418657,-7.0443796E-4,0.089297175,2024,1732.3358600139618,"{""geodesic"":false,""type"":""Point"",""coordinates"":[83.90161447418657,21.487027859675866]}"
917,22.360679774997898,159,2023,1,0,21.455586824731682,83.93898439000594,0.20294708,-0.055229142,2024,1732.3358600139618,"{""geodesic"":false,""type"":""Point"",""coordinates"":[83.93898439000594,21.455586824731682]}"
918,10.0,167,2023,1,0,21.562127017428256,84.07157572594198,-0.042402826,0.14453213,2024,1637.8678257465363,"{""geodesic"":false,""type"":""Point"",""coordinates"":[84.07157572594198,21.562127017428256]}"
919,20.0,199,2023,1,1,21.391087787331898,84.14128499198966,0.18210863,-0.18276013,2024,1691.8503458499908,"{""geodesic"":false,""type"":""Point"",""coordinates"":[84.14128499198966,21.391087787331898]}"
920,10.0,133,2023,1,0,21.387764020780658,83.97437801220025,0.013025314,0.073499665,2024,1779.3043375015259,"{""geodesic"":false,""type"":""Point"",""coordinates"":[83.97437801220025,21.387764020780658]}"
921,0.0,132,2023,1,0,21.45828177058404,83.9709644141206,-0.011540821,0.1524485,2024,1771.3602139949799,"{""geodesic"":false,""type"":""Point"",""coordinates"":[83.9709644141206,21.45828177058404]}"
922,10.0,158,2023,1,0,21.48307527242574,83.91347223593695,-0.016848732,0.136838,2024,1732.3358600139618,"{""geodesic"":false,""type"":""Point"",""coordinates"":[83.91347223593695,21.48307527242574]}"
923,20.0,195,2023,1,0,21.55314386458706,83.87637181470281,0.12670368,-8.2873926E-4,2024,1640.1107563972473,"{""geodesic"":false,""type"":""Point"",""coordinates"":[83.87637181470281,21.55314386458706]}"
924,20.0,147,2023,1,0,21.452622384294088,83.99674606277483,0.073845394,0.06974754,2024,1771.3602139949799,"{""geodesic"":false,""type"":""Point"",""coordinates"":[83.99674606277483,21.452622384294088]}"
925,0.0,145,2023,1,0,21.46286317853305,84.0122869171901,-0.10579857,0.24321997,2024,1751.5303001403809,"{""geodesic"":false,""type"":""Point"",""coordinates"":[84.0122869171901,21.46286317853305]}"
926,30.0,201,2023,1,1,21.36440782339355,84.16194624352441,0.3389403,-0.35882553,2024,1666.5909271240234,"{""geodesic"":false,""type"":""Point"",""coordinates"":[84.16194624352441,21.36440782339355]}"
927,0.0,188,2023,1,0,21.560330386860016,83.90143481112975,-0.0035971224,0.15108795,2024,1694.663972377777,"{""geodesic"":false,""type"":""Point"",""coordinates"":[83.90143481112975,21.560330386860016]}"
928,10.0,188,2023,1,0,21.55458116904165,83.93539112886947,-0.0026338894,0.101739585,2024,1694.663972377777,"{""geodesic"":false,""type"":""Point"",""coordinates"":[83.93539112886947,21.55458116904165]}"
929,22.360679774997898,162,2023,1,0,21.45459867791915,83.94814720590396,0.3277238,-0.2222318,2024,1732.3358600139618,"{""geodesic"":false,""type"":""Point"",""coordinates"":[83.94814720590396,21.45459867791915]}"
930,22.360679774997898,160,2023,1,0,21.539489472268443,84.06061627947572,0.4662511,-0.37745443,2024,1686.0821499824524,"{""geodesic"":false,""type"":""Point"",""coordinates"":[84.06061627947572,21.539489472268443]}"
931,10.0,151,2023,1,0,21.455586824731682,84.05360942025959,0.041564792,0.066608235,2024,1689.8170459270477,"{""geodesic"":false,""type"":""Point"",""coordinates"":[84.05360942025959,21.455586824731682]}"
932,28.284271247461902,147,2023,1,0,21.49978393671036,83.91194509995394,0.19360365,-0.21360432,2024,1732.3358600139618,"{""geodesic"":false,""type"":""Point"",""coordinates"":[83.91194509995394,21.49978393671036]}"
933,28.284271247461902,156,2023,1,0,21.515055296540393,83.91077729008458,0.35036206,-0.40291435,2024,1722.2489975690842,"{""geodesic"":false,""type"":""Point"",""coordinates"":[83.91077729008458,21.515055296540393]}"
934,28.284271247461902,151,2023,1,3,21.46061739032275,83.9619812612794,0.33946338,-0.18572791,2024,1771.3602139949799,"{""geodesic"":false,""type"":""Point"",""coordinates"":[83.9619812612794,21.46061739032275]}"
935,28.284271247461902,180,2023,1,0,21.547394646768694,84.08307416157871,0.26052165,-0.14661631,2024,1686.0821499824524,"{""geodesic"":false,""type"":""Point"",""coordinates"":[84.08307416157871,21.547394646768694]}"
936,22.360679774997898,188,2023,1,0,21.562935501183965,83.90098565348768,0.30399793,-0.20956087,2024,1694.663972377777,"{""geodesic"":false,""type"":""Point"",""coordinates"":[83.90098565348768,21.562935501183965]}"
937,10.0,164,2023,1,0,21.42369663214544,83.93251651996027,0.21469428,-0.09690092,2024,1825.13307595253,"{""geodesic"":false,""type"":""Point"",""coordinates"":[83.93251651996027,21.42369663214544]}"
938,0.0,158,2023,1,0,21.476337907794843,83.91562819261884,-0.08063888,0.19809718,2024,1732.3358600139618,"{""geodesic"":false,""type"":""Point"",""coordinates"":[83.91562819261884,21.476337907794843]}"
939,20.0,147,2023,1,0,21.44085445407212,84.03726008208862,0.4282414,-0.33711815,2024,1707.17979991436,"{""geodesic"":false,""type"":""Point"",""coordinates"":[84.03726008208862,21.44085445407212]}"
940,10.0,144,2023,1,0,21.473822624999308,83.95200996162568,0.25454104,-0.111190565,2024,1771.3602139949799,"{""geodesic"":false,""type"":""Point"",""coordinates"":[83.95200996162568,21.473822624999308]}"
941,30.0,167,2023,1,4,21.417588088213424,83.9303605632784,0.39915082,-0.44415966,2024,1825.13307595253,"{""geodesic"":false,""type"":""Point"",""coordinates"":[83.9303605632784,21.417588088213424]}"
942,0.0,159,2023,1,0,21.40725746244605,83.9220960626645,-0.04221636,0.24161705,2024,1825.13307595253,"{""geodesic"":false,""type"":""Point"",""coordinates"":[83.9220960626645,21.40725746244605]}"
943,22.360679774997898,193,2023,1,0,21.55763544100766,83.91571802414724,0.22946593,-0.2995912,2024,1694.663972377777,"{""geodesic"":false,""type"":""Point"",""coordinates"":[83.91571802414724,21.55763544100766]}"
944,30.0,134,2023,1,0,21.381565645320233,83.969527109666,0.28958282,-0.32064158,2024,1779.3043375015259,"{""geodesic"":false,""type"":""Point"",""coordinates"":[83.969527109666,21.381565645320233]}"
945,22.360679774997898,148,2023,1,0,21.45549699320327,83.9597354730691,0.34227484,-0.32153964,2024,1771.3602139949799,"{""geodesic"":false,""type"":""Point"",""coordinates"":[83.9597354730691,21.45549699320327]}"
946,30.0,177,2023,1,0,21.448669797043962,84.11586266944907,0.31825694,-0.3589489,2024,1692.262746810913,"{""geodesic"":false,""type"":""Point"",""coordinates"":[84.11586266944907,21.448669797043962]}"
947,10.0,163,2023,1,0,21.413366006378062,83.92461134546002,0.17921884,0.0047004637,2024,1825.13307595253,"{""geodesic"":false,""type"":""Point"",""coordinates"":[83.92461134546002,21.413366006378062]}"
948,22.360679774997898,138,2023,1,0,21.442471421583537,83.96970677272283,0.17503178,-0.1109512,2024,1790.7314677461982,"{""geodesic"":false,""type"":""Point"",""coordinates"":[83.96970677272283,21.442471421583537]}"
949,22.360679774997898,134,2023,1,0,21.360814562257072,83.93018090022157,0.18686053,-0.13583155,2024,1811.9562884569168,"{""geodesic"":false,""type"":""Point"",""coordinates"":[83.93018090022157,21.360814562257072]}"
950,30.0,157,2023,1,0,21.407347293974464,83.92245538877815,0.59182477,-0.5124015,2024,1825.13307595253,"{""geodesic"":false,""type"":""Point"",""coordinates"":[83.92245538877815,21.407347293974464]}"
951,0.0,157,2023,1,0,21.462683515476225,83.9371877594377,-0.077951,0.19836488,2024,1732.3358600139618,"{""geodesic"":false,""type"":""Point"",""coordinates"":[83.9371877594377,21.462683515476225]}"
952,28.284271247461902,136,2023,1,0,21.434476415554872,83.97806110486513,0.3198101,-0.24906962,2024,1790.7314677461982,"{""geodesic"":false,""type"":""Point"",""coordinates"":[83.97806110486513,21.434476415554872]}"
953,30.0,164,2023,1,0,21.42145084393514,83.92982157410792,0.6115237,-0.5234358,2024,1825.13307595253,"{""geodesic"":false,""type"":""Point"",""coordinates"":[83.92982157410792,21.42145084393514]}"
954,30.0,157,2023,1,0,21.481548136442736,84.07346218803863,0.37239194,-0.38189262,2024,1689.8170459270477,"{""geodesic"":false,""type"":""Point"",""coordinates"":[84.07346218803863,21.481548136442736]}"
955,0.0,164,2023,1,0,21.472834478186776,83.92901309035221,-0.09878053,0.2460934,2024,1732.3358600139618,"{""geodesic"":false,""type"":""Point"",""coordinates"":[83.92901309035221,21.472834478186776]}"
956,22.360679774997898,132,2023,1,0,21.42657124105462,83.9799475669618,0.328923,-0.23618461,2024,1790.7314677461982,"{""geodesic"":false,""type"":""Point"",""coordinates"":[83.9799475669618,21.42657124105462]}"
957,20.0,200,2023,1,0,21.370606198853974,84.12565430604597,0.0751503,0.012425219,2024,1691.8503458499908,"{""geodesic"":false,""type"":""Point"",""coordinates"":[84.12565430604597,21.370606198853974]}"
958,0.0,159,2023,1,0,21.470409026919654,83.93098938397728,-0.06705803,0.22037736,2024,1732.3358600139618,"{""geodesic"":false,""type"":""Point"",""coordinates"":[83.93098938397728,21.470409026919654]}"
959,0.0,149,2023,1,0,21.46933104857871,83.93134871009093,-0.09024479,0.24507327,2024,1732.3358600139618,"{""geodesic"":false,""type"":""Point"",""coordinates"":[83.93134871009093,21.46933104857871]}"
960,20.0,156,2023,1,0,21.382733455189587,83.92083842126672,0.1574179,0.0029268293,2024,1811.9562884569168,"{""geodesic"":false,""type"":""Point"",""coordinates"":[83.92083842126672,21.382733455189587]}"
961,20.0,138,2023,1,0,21.39575902680932,83.97078475106377,0.21589553,-0.11992598,2024,1779.3043375015259,"{""geodesic"":false,""type"":""Point"",""coordinates"":[83.97078475106377,21.39575902680932]}"
962,20.0,146,2023,1,0,21.451993563595202,83.99620707360435,0.41652825,-0.41280904,2024,1771.3602139949799,"{""geodesic"":false,""type"":""Point"",""coordinates"":[83.99620707360435,21.451993563595202]}"
963,22.360679774997898,150,2023,1,0,21.491968593738523,84.01695815666751,0.3123064,-0.22550954,2024,1751.5303001403809,"{""geodesic"":false,""type"":""Point"",""coordinates"":[84.01695815666751,21.491968593738523]}"
964,30.0,175,2023,1,0,21.457473286828332,84.10220827713046,0.5077688,-0.5165343,2024,1721.871881723404,"{""geodesic"":false,""type"":""Point"",""coordinates"":[84.10220827713046,21.457473286828332]}"
965,22.360679774997898,159,2023,1,0,21.475978581681193,83.92730629131239,0.24935623,-0.20964056,2024,1732.3358600139618,"{""geodesic"":false,""type"":""Point"",""coordinates"":[83.92730629131239,21.475978581681193]}"
966,22.360679774997898,161,2023,1,0,21.53517755890467,84.05801116515178,0.49448755,-0.4313649,2024,1686.0821499824524,"{""geodesic"":false,""type"":""Point"",""coordinates"":[84.05801116515178,21.53517755890467]}"
967,0.0,164,2023,1,0,21.449478280799667,83.95138114092678,-0.08059385,0.17897727,2024,1790.7314677461982,"{""geodesic"":false,""type"":""Point"",""coordinates"":[83.95138114092678,21.449478280799667]}"
968,10.0,158,2023,1,0,21.471037847618536,83.91383156205059,1.8206882E-4,0.0699868,2024,1732.3358600139618,"{""geodesic"":false,""type"":""Point"",""coordinates"":[83.91383156205059,21.471037847618536]}"
969,22.360679774997898,201,2023,1,0,21.371594345666505,84.12493565381868,0.46658233,-0.43363562,2024,1691.8503458499908,"{""geodesic"":false,""type"":""Point"",""coordinates"":[84.12493565381868,21.371594345666505]}"
970,10.0,141,2023,1,0,21.459539411981808,83.96853896285347,0.10124057,0.02187242,2024,1771.3602139949799,"{""geodesic"":false,""type"":""Point"",""coordinates"":[83.96853896285347,21.459539411981808]}"
971,22.360679774997898,176,2023,1,0,21.45918008586816,83.89379913121473,0.4629396,-0.44095495,2024,1728.853170067072,"{""geodesic"":false,""type"":""Point"",""coordinates"":[83.89379913121473,21.45918008586816]}"
972,22.360679774997898,145,2023,1,3,21.465558124385407,83.95488457053486,0.4604356,-0.34322047,2024,1771.3602139949799,"{""geodesic"":false,""type"":""Point"",""coordinates"":[83.95488457053486,21.465558124385407]}"
973,10.0,158,2023,1,0,21.379409688638347,83.88508547295876,0.18230201,-0.04210705,2024,1782.6826467514038,"{""geodesic"":false,""type"":""Point"",""coordinates"":[83.88508547295876,21.379409688638347]}"
974,22.360679774997898,140,2023,1,0,21.412647354150767,84.00195629142272,0.14624506,-0.036639858,2024,1707.17979991436,"{""geodesic"":false,""type"":""Point"",""coordinates"":[84.00195629142272,21.412647354150767]}"
975,30.0,134,2023,1,0,21.3805774985077,83.96898812049554,0.52764857,-0.43309632,2024,1779.3043375015259,"{""geodesic"":false,""type"":""Point"",""coordinates"":[83.96898812049554,21.3805774985077]}"
976,20.0,141,2023,1,0,21.41318634332124,84.00267494365002,0.08802624,0.02066929,2024,1707.17979991436,"{""geodesic"":false,""type"":""Point"",""coordinates"":[84.00267494365002,21.41318634332124]}"
977,22.360679774997898,153,2023,1,4,21.379050362524698,83.93763691707976,0.1774676,-0.23703781,2024,1811.9562884569168,"{""geodesic"":false,""type"":""Point"",""coordinates"":[83.93763691707976,21.379050362524698]}"
978,30.0,165,2023,1,0,21.376535079729162,84.01839546112211,0.22700107,-0.21663104,2024,1689.2596210241318,"{""geodesic"":false,""type"":""Point"",""coordinates"":[84.01839546112211,21.376535079729162]}"
979,30.0,186,2023,1,6,21.440225633373238,84.14999865024562,0.34659854,-0.42828622,2024,1692.262746810913,"{""geodesic"":false,""type"":""Point"",""coordinates"":[84.14999865024562,21.440225633373238]}"
980,28.284271247461902,188,2023,1,0,21.55413201139959,83.97868992556403,0.41516244,-0.4507207,2024,1681.4159321784973,"{""geodesic"":false,""type"":""Point"",""coordinates"":[83.97868992556403,21.55413201139959]}"
981,0.0,175,2023,1,0,21.55529982126895,84.12322885477886,-0.34354034,0.37012064,2024,1648.0802314281464,"{""geodesic"":false,""type"":""Point"",""coordinates"":[84.12322885477886,21.55529982126895]}"
982,22.360679774997898,150,2023,1,0,21.481637967971146,84.01264624330375,0.44815496,-0.42930126,2024,1751.5303001403809,"{""geodesic"":false,""type"":""Point"",""coordinates"":[84.01264624330375,21.481637967971146]}"
983,14.142135623730951,164,2023,1,0,21.47256498360154,83.92874359576697,0.34277517,-0.30881828,2024,1732.3358600139618,"{""geodesic"":false,""type"":""Point"",""coordinates"":[83.92874359576697,21.47256498360154]}"
984,0.0,165,2023,1,0,21.562037185899843,84.07193505205564,-0.12713473,0.24101356,2024,1637.8678257465363,"{""geodesic"":false,""type"":""Point"",""coordinates"":[84.07193505205564,21.562037185899843]}"
985,10.0,175,2023,1,0,21.421810170048786,83.91724516013025,-0.038488716,0.11304253,2024,1825.13307595253,"{""geodesic"":false,""type"":""Point"",""coordinates"":[83.91724516013025,21.421810170048786]}"
986,14.142135623730951,146,2023,1,3,21.459988569623867,83.95775917944404,0.3254205,-0.19433172,2024,1771.3602139949799,"{""geodesic"":false,""type"":""Point"",""coordinates"":[83.95775917944404,21.459988569623867]}"
987,30.0,156,2023,1,0,21.50652130134126,84.01722765125275,0.6257356,-0.5274604,2024,1682.8754785060883,"{""geodesic"":false,""type"":""Point"",""coordinates"":[84.01722765125275,21.50652130134126]}"
988,10.0,162,2023,1,0,21.490171963170283,83.96108294599529,0.2673543,-0.093874976,2024,1771.3602139949799,"{""geodesic"":false,""type"":""Point"",""coordinates"":[83.96108294599529,21.490171963170283]}"
989,28.284271247461902,192,2023,1,0,21.563564321882847,83.97824076792196,0.12603192,-0.16739176,2024,1681.4159321784973,"{""geodesic"":false,""type"":""Point"",""coordinates"":[83.97824076792196,21.563564321882847]}"
990,0.0,163,2023,1,0,21.43762051904929,83.94823703743238,-0.04172662,0.16331658,2024,1825.13307595253,"{""geodesic"":false,""type"":""Point"",""coordinates"":[83.94823703743238,21.43762051904929]}"
991,30.0,158,2023,1,0,21.474541277226603,84.08496062367536,0.18975553,-0.293437,2024,1689.8170459270477,"{""geodesic"":false,""type"":""Point"",""coordinates"":[84.08496062367536,21.474541277226603]}"
992,30.0,137,2023,1,0,21.401418413099275,83.97922891473449,0.20882177,-0.11469403,2024,1790.7314677461982,"{""geodesic"":false,""type"":""Point"",""coordinates"":[83.97922891473449,21.401418413099275]}"
993,30.0,160,2023,1,1,21.386775873968126,83.92110791585196,0.3808964,-0.43731555,2024,1811.9562884569168,"{""geodesic"":false,""type"":""Point"",""coordinates"":[83.92110791585196,21.386775873968126]}"
994,30.0,196,2023,1,1,21.379858846280406,84.11316772359672,0.5486225,-0.5045377,2024,1691.8503458499908,"{""geodesic"":false,""type"":""Point"",""coordinates"":[84.11316772359672,21.379858846280406]}"
995,10.0,191,2023,1,0,21.526643563705534,84.17488198361573,0.33249107,-0.14850499,2024,1660.8073947429657,"{""geodesic"":false,""type"":""Point"",""coordinates"":[84.17488198361573,21.526643563705534]}"
996,22.360679774997898,163,2023,1,0,21.480110831988142,83.92389269323273,0.061354313,0.08752361,2024,1732.3358600139618,"{""geodesic"":false,""type"":""Point"",""coordinates"":[83.92389269323273,21.480110831988142]}"
997,22.360679774997898,158,2023,1,0,21.487477017317925,83.89128384841919,0.016817594,0.08498254,2024,1728.853170067072,"{""geodesic"":false,""type"":""Point"",""coordinates"":[83.89128384841919,21.487477017317925]}"
998,20.0,196,2023,1,0,21.596622324338444,84.04669239257187,0.36409864,-0.2667945,2024,1657.5867500305176,"{""geodesic"":false,""type"":""Point"",""coordinates"":[84.04669239257187,21.596622324338444]}"
999,28.284271247461902,201,2023,1,0,21.528799520387423,84.19707037113348,0.16125786,-0.10202133,2024,1660.8073947429657,"{""geodesic"":false,""type"":""Point"",""coordinates"":[84.19707037113348,21.528799520387423]}"
