system:index,Distance_From_River,Elevation,Feature_Year,Label,LandCover,Latitude,Longitude,NDVI,NDWI,Prediction_Year,Rainfall,.geo
0,491.93495504995377,185,2020,0,1,21.421181349349904,84.15709534099017,0.37980786,-0.43294537,2021,1983.820738914481,"{""geodesic"":false,""type"":""Point"",""coordinates"":[84.15709534099017,21.421181349349904]}"
1,1280.0,163,2020,0,4,21.413994827076948,84.06232307851555,0.553992,-0.5329601,2021,1956.868612972743,"{""geodesic"":false,""type"":""Point"",""coordinates"":[84.06232307851555,21.413994827076948]}"
2,841.7244204607586,203,2020,0,1,21.419474550310078,84.09196748289149,0.76909775,-0.6697522,2021,1956.868612972743,"{""geodesic"":false,""type"":""Point"",""coordinates"":[84.09196748289149,21.419474550310078]}"
3,251.79356624028344,141,2020,0,3,21.451185079839494,83.97446784372866,0.2052296,-0.20964657,2021,1988.3089408631204,"{""geodesic"":false,""type"":""Point"",""coordinates"":[83.97446784372866,21.451185079839494]}"
4,562.9387178015028,220,2020,0,1,21.353448376927293,84.15799365627429,0.469257,-0.5158321,2021,1989.0276167842967,"{""geodesic"":false,""type"":""Point"",""coordinates"":[84.15799365627429,21.353448376927293]}"
5,516.2363799656123,205,2020,0,1,21.372043503308564,84.14496808465455,0.46678388,-0.4655976,2021,1986.066358042619,"{""geodesic"":false,""type"":""Point"",""coordinates"":[84.14496808465455,21.372043503308564]}"
6,200.0,189,2020,0,1,21.541286102836683,83.97321020233089,0.4252947,-0.46467358,2021,1973.5760219825897,"{""geodesic"":false,""type"":""Point"",""coordinates"":[83.97321020233089,21.541286102836683]}"
7,567.1860364994893,192,2020,0,1,21.556108305024654,84.16284455880853,0.6473701,-0.5641844,2021,1883.2621832626537,"{""geodesic"":false,""type"":""Point"",""coordinates"":[84.16284455880853,21.556108305024654]}"
8,1242.014492669067,172,2020,0,4,21.43806967669135,83.87304804815157,0.50722945,-0.5037156,2021,1962.5139900985523,"{""geodesic"":false,""type"":""Point"",""coordinates"":[83.87304804815157,21.43806967669135]}"
9,940.4786015641185,234,2020,0,1,21.36297051893896,84.11298806053989,0.75025004,-0.6431166,2021,1986.066358042619,"{""geodesic"":false,""type"":""Point"",""coordinates"":[84.11298806053989,21.36297051893896]}"
10,944.2986815621421,147,2020,0,4,21.427200061753503,83.99072735037123,0.35673553,-0.42880225,2021,1990.8268260547193,"{""geodesic"":false,""type"":""Point"",""coordinates"":[83.99072735037123,21.427200061753503]}"
11,0.0,188,2020,0,0,21.586112035514248,83.93278601454551,-0.18208794,0.4044522,2021,1937.2421719431877,"{""geodesic"":false,""type"":""Point"",""coordinates"":[83.93278601454551,21.586112035514248]}"
12,130.384048104053,143,2020,0,3,21.459000422811336,83.96943727813759,0.4838522,-0.38758853,2021,1988.3089408631204,"{""geodesic"":false,""type"":""Point"",""coordinates"":[83.96943727813759,21.459000422811336]}"
13,1194.7384651043926,173,2020,0,1,21.566708425377264,84.09520141791432,0.74611044,-0.65730256,2021,1868.8200380303497,"{""geodesic"":false,""type"":""Point"",""coordinates"":[84.09520141791432,21.566708425377264]}"
14,416.77331968349415,209,2020,0,4,21.583327258133476,84.1769481087692,0.34758475,-0.42954466,2021,1883.2621832626537,"{""geodesic"":false,""type"":""Point"",""coordinates"":[84.1769481087692,21.583327258133476]}"
15,900.222194794152,160,2020,0,4,21.457652949885155,84.07085707371469,0.47741258,-0.49832574,2021,1980.8196407325013,"{""geodesic"":false,""type"":""Point"",""coordinates"":[84.07085707371469,21.457652949885155]}"
16,1124.4998888394787,168,2020,0,1,21.42836787162286,84.1137965442956,0.5634426,-0.5115487,2021,2017.5110873314552,"{""geodesic"":false,""type"":""Point"",""coordinates"":[84.1137965442956,21.42836787162286]}"
17,330.0,154,2020,0,4,21.451993563595202,84.03905671265686,0.48301047,-0.51391655,2021,2000.2663298181142,"{""geodesic"":false,""type"":""Point"",""coordinates"":[84.03905671265686,21.451993563595202]}"
18,1280.0,151,2020,0,4,21.39054879816143,83.94895568965967,0.49016887,-0.51380044,2021,2012.131670991541,"{""geodesic"":false,""type"":""Point"",""coordinates"":[83.94895568965967,21.39054879816143]}"
19,896.9392398596461,183,2020,0,1,21.52691305829077,84.11613216403431,0.37920824,-0.45284745,2021,1923.0386886510678,"{""geodesic"":false,""type"":""Point"",""coordinates"":[84.11613216403431,21.52691305829077]}"
20,900.2777349240623,156,2020,0,4,21.46016823268069,84.03770923973067,0.48443606,-0.48375627,2021,2000.2663298181142,"{""geodesic"":false,""type"":""Point"",""coordinates"":[84.03770923973067,21.46016823268069]}"
21,490.9175083453431,153,2020,0,1,21.406987967860815,83.91383156205059,0.5926079,-0.5469314,2021,2009.2930683225277,"{""geodesic"":false,""type"":""Point"",""coordinates"":[83.91383156205059,21.406987967860815]}"
22,50.0,162,2020,0,1,21.477954875306256,84.09780653223827,0.6362393,-0.569695,2021,1980.8196407325013,"{""geodesic"":false,""type"":""Point"",""coordinates"":[84.09780653223827,21.477954875306256]}"
23,1186.6338946785568,353,2020,0,1,21.385428401041946,84.05127380052087,0.7537516,-0.66498387,2021,1933.7276026361214,"{""geodesic"":false,""type"":""Point"",""coordinates"":[84.05127380052087,21.385428401041946]}"
24,1014.0019723846694,183,2020,0,5,21.507239953568554,84.07373168262387,0.39321145,-0.42395297,2021,1924.836797689757,"{""geodesic"":false,""type"":""Point"",""coordinates"":[84.07373168262387,21.507239953568554]}"
25,488.4669896727925,185,2020,0,6,21.581800122150472,84.07570797624894,0.5,-0.5014985,2021,1868.8200380303497,"{""geodesic"":false,""type"":""Point"",""coordinates"":[84.07570797624894,21.581800122150472]}"
26,58.309518948453004,196,2020,0,5,21.588627318309783,84.04229064767969,0.32168657,-0.3946648,2021,1876.4415249633857,"{""geodesic"":false,""type"":""Point"",""coordinates"":[84.04229064767969,21.588627318309783]}"
27,1185.32695911297,171,2020,0,1,21.490621120812342,83.97886958862085,0.68343925,-0.6483126,2021,1988.3089408631204,"{""geodesic"":false,""type"":""Point"",""coordinates"":[83.97886958862085,21.490621120812342]}"
28,740.0,200,2020,0,1,21.383811433530532,84.05962813266319,0.73639375,-0.64805233,2021,1933.7276026361214,"{""geodesic"":false,""type"":""Point"",""coordinates"":[84.05962813266319,21.383811433530532]}"
29,370.1351104664349,183,2020,0,6,21.54766414135393,83.91068745855618,0.45092654,-0.48024857,2021,1914.9658808208915,"{""geodesic"":false,""type"":""Point"",""coordinates"":[83.91068745855618,21.54766414135393]}"
30,290.6888370749727,179,2020,0,4,21.543082733404923,83.96278974503511,0.37151054,-0.42719734,2021,1973.5760219825897,"{""geodesic"":false,""type"":""Point"",""coordinates"":[83.96278974503511,21.543082733404923]}"
31,1280.0,175,2020,0,6,21.559521903104308,84.04103300628192,0.67856646,-0.5718072,2021,1876.4415249633857,"{""geodesic"":false,""type"":""Point"",""coordinates"":[84.04103300628192,21.559521903104308]}"
32,842.0213774008353,144,2020,0,5,21.36261119282531,83.90448908309575,0.37852603,-0.43401688,2021,2012.131670991541,"{""geodesic"":false,""type"":""Point"",""coordinates"":[83.90448908309575,21.36261119282531]}"
33,420.0,149,2020,0,4,21.39054879816143,83.90341110475481,0.5138394,-0.44941273,2021,2012.131670991541,"{""geodesic"":false,""type"":""Point"",""coordinates"":[83.90341110475481,21.39054879816143]}"
34,1280.0,187,2020,0,1,21.520265525188286,83.98300183892779,0.45712364,-0.44098002,2021,1973.5760219825897,"{""geodesic"":false,""type"":""Point"",""coordinates"":[83.98300183892779,21.520265525188286]}"
35,205.91260281974002,158,2020,0,5,21.465019135214934,83.93242668843187,0.29028544,-0.3659136,2021,1938.3774942638702,"{""geodesic"":false,""type"":""Point"",""coordinates"":[83.93242668843187,21.465019135214934]}"
36,989.9494936611666,201,2020,0,1,21.391087787331898,84.15898180308682,0.6926637,-0.6046615,2021,1989.0276167842967,"{""geodesic"":false,""type"":""Point"",""coordinates"":[84.15898180308682,21.391087787331898]}"
37,60.0,165,2020,0,1,21.527182552876006,84.0289057499463,0.42322868,-0.4591077,2021,1930.7376822684455,"{""geodesic"":false,""type"":""Point"",""coordinates"":[84.0289057499463,21.527182552876006]}"
38,335.26109228480425,188,2020,0,5,21.504455176187783,84.15233426998432,0.33387843,-0.42882168,2021,1884.2692036676162,"{""geodesic"":false,""type"":""Point"",""coordinates"":[84.15233426998432,21.504455176187783]}"
39,430.11626335213134,197,2020,0,4,21.59680198739527,84.0258514779803,0.5404288,-0.461512,2021,1876.4415249633857,"{""geodesic"":false,""type"":""Point"",""coordinates"":[84.0258514779803,21.59680198739527]}"
40,715.8910531638176,186,2020,0,1,21.500861915051306,84.14433926395566,0.58751804,-0.51479125,2021,1923.0386886510678,"{""geodesic"":false,""type"":""Point"",""coordinates"":[84.14433926395566,21.500861915051306]}"
41,0.0,188,2020,0,0,21.584584899531244,83.92766561742603,-0.18550088,0.40300232,2021,1937.2421719431877,"{""geodesic"":false,""type"":""Point"",""coordinates"":[83.92766561742603,21.584584899531244]}"
42,552.268050859363,159,2020,0,6,21.483793924653035,83.97365935997296,0.24356139,-0.29049712,2021,1988.3089408631204,"{""geodesic"":false,""type"":""Point"",""coordinates"":[83.97365935997296,21.483793924653035]}"
43,1155.5085460523433,162,2020,0,1,21.413994827076948,83.88724142964065,0.49525586,-0.51060843,2021,1962.5139900985523,"{""geodesic"":false,""type"":""Point"",""coordinates"":[83.88724142964065,21.413994827076948]}"
44,306.10455730027934,156,2020,0,6,21.477865043777847,84.00797500382632,0.5299017,-0.4805373,2021,2000.2663298181142,"{""geodesic"":false,""type"":""Point"",""coordinates"":[84.00797500382632,21.477865043777847]}"
45,258.0697580112788,177,2020,0,6,21.453161373464557,83.92146724196562,0.16333841,-0.19470851,2021,1938.3774942638702,"{""geodesic"":false,""type"":""Point"",""coordinates"":[83.92146724196562,21.453161373464557]}"
46,0.0,188,2020,0,0,21.597430808094153,83.85589022622489,-0.19914506,0.37659097,2021,1889.884452931583,"{""geodesic"":false,""type"":""Point"",""coordinates"":[83.85589022622489,21.597430808094153]}"
47,236.00847442411893,186,2020,0,6,21.427110230225093,84.16580899924612,0.50318474,-0.51740694,2021,1983.820738914481,"{""geodesic"":false,""type"":""Point"",""coordinates"":[84.16580899924612,21.427110230225093]}"
48,1280.0,191,2020,0,5,21.59365788390085,84.07067741065786,0.28732225,-0.39955232,2021,1868.8200380303497,"{""geodesic"":false,""type"":""Point"",""coordinates"":[84.07067741065786,21.59365788390085]}"
49,237.69728648009425,144,2020,0,6,21.45792244447039,83.98955954050187,0.32576984,-0.36566857,2021,1988.3089408631204,"{""geodesic"":false,""type"":""Point"",""coordinates"":[83.98955954050187,21.45792244447039]}"
50,1017.6934705499491,160,2020,0,4,21.40590998951987,83.87619215164598,0.5145326,-0.5273465,2021,1962.5139900985523,"{""geodesic"":false,""type"":""Point"",""coordinates"":[83.87619215164598,21.40590998951987]}"
51,390.1281840626232,165,2020,0,6,21.470139532334418,83.99701555736006,0.46079108,-0.45702037,2021,1988.3089408631204,"{""geodesic"":false,""type"":""Point"",""coordinates"":[83.99701555736006,21.470139532334418]}"
52,0.0,188,2020,0,0,21.581440796036826,83.90655520824923,-0.15227734,0.3655181,2021,1937.2421719431877,"{""geodesic"":false,""type"":""Point"",""coordinates"":[83.90655520824923,21.581440796036826]}"
53,1280.0,171,2020,0,1,21.42333730603179,84.13005605093817,0.6088031,-0.55882955,2021,2017.5110873314552,"{""geodesic"":false,""type"":""Point"",""coordinates"":[84.13005605093817,21.42333730603179]}"
54,824.1965784932621,172,2020,0,1,21.563474490354434,84.06259257310079,0.5492025,-0.54170203,2021,1868.8200380303497,"{""geodesic"":false,""type"":""Point"",""coordinates"":[84.06259257310079,21.563474490354434]}"
55,333.7663853655727,183,2020,0,1,21.550359087206292,84.13571543722811,0.4294181,-0.5111296,2021,1875.6384400060415,"{""geodesic"":false,""type"":""Point"",""coordinates"":[84.13571543722811,21.550359087206292]}"
56,389.10152916687434,174,2020,0,5,21.459898738095454,83.91464004580631,0.12966253,-0.26014632,2021,1938.3774942638702,"{""geodesic"":false,""type"":""Point"",""coordinates"":[83.91464004580631,21.459898738095454]}"
57,1280.0,155,2020,0,4,21.38237412907594,83.87161074369698,0.50993943,-0.50212646,2021,1952.9097906150273,"{""geodesic"":false,""type"":""Point"",""coordinates"":[83.87161074369698,21.38237412907594]}"
58,76.15773105863909,184,2020,0,1,21.408874429957464,84.15107662858657,0.67379224,-0.541777,2021,1983.820738914481,"{""geodesic"":false,""type"":""Point"",""coordinates"":[84.15107662858657,21.408874429957464]}"
59,1280.0,171,2020,0,4,21.435105236253754,83.85741736220788,0.6525362,-0.5696422,2021,1962.5139900985523,"{""geodesic"":false,""type"":""Point"",""coordinates"":[83.85741736220788,21.435105236253754]}"
60,178.04493814764857,213,2020,0,1,21.5466759945414,83.8859837882429,0.68436235,-0.6043882,2021,1880.7730644299008,"{""geodesic"":false,""type"":""Point"",""coordinates"":[83.8859837882429,21.5466759945414]}"
61,820.3657720797473,148,2020,0,1,21.42657124105462,83.98785274146205,0.41839877,-0.45263588,2021,1990.8268260547193,"{""geodesic"":false,""type"":""Point"",""coordinates"":[83.98785274146205,21.42657124105462]}"
62,626.2587324740471,183,2020,0,1,21.519277378375754,84.13769173085318,0.37701562,-0.41891733,2021,1923.0386886510678,"{""geodesic"":false,""type"":""Point"",""coordinates"":[84.13769173085318,21.519277378375754]}"
63,180.27756377319946,200,2020,0,5,21.582339111320945,84.00357325893414,0.272013,-0.3806505,2021,1876.4415249633857,"{""geodesic"":false,""type"":""Point"",""coordinates"":[84.00357325893414,21.582339111320945]}"
64,317.6476034853718,159,2020,0,1,21.52358929173953,83.88948721785096,0.39580527,-0.43983668,2021,1880.7730644299008,"{""geodesic"":false,""type"":""Point"",""coordinates"":[83.88948721785096,21.52358929173953]}"
65,855.8621384311845,191,2020,0,1,21.48271594631209,84.193477109997,0.62566084,-0.585623,2021,1918.5559945498535,"{""geodesic"":false,""type"":""Point"",""coordinates"":[84.193477109997,21.48271594631209]}"
66,351.28336140500596,152,2020,0,5,21.436362877651522,84.03438547317944,0.3386196,-0.38790205,2021,2013.2559463274083,"{""geodesic"":false,""type"":""Point"",""coordinates"":[84.03438547317944,21.436362877651522]}"
67,1280.0,165,2020,0,4,21.371055356496033,83.8553512370544,0.4855267,-0.49362403,2021,1952.9097906150273,"{""geodesic"":false,""type"":""Point"",""coordinates"":[83.8553512370544,21.371055356496033]}"
68,1059.0561835898982,178,2020,0,4,21.569403371229626,84.05199245274818,0.41598052,-0.4289476,2021,1868.8200380303497,"{""geodesic"":false,""type"":""Point"",""coordinates"":[84.05199245274818,21.569403371229626]}"
69,349.2849839314596,155,2020,0,1,21.48451257688033,84.01731748278117,0.5783091,-0.5454224,2021,2000.2663298181142,"{""geodesic"":false,""type"":""Point"",""coordinates"":[84.01731748278117,21.48451257688033]}"
70,398.4971769034255,177,2020,0,5,21.39423189082632,84.02989389675884,0.36931777,-0.4310969,2021,1966.40545485873,"{""geodesic"":false,""type"":""Point"",""coordinates"":[84.02989389675884,21.39423189082632]}"
71,417.73197148410844,148,2020,0,4,21.409682913713173,84.01031062356503,0.44918355,-0.46225315,2021,2013.2559463274083,"{""geodesic"":false,""type"":""Point"",""coordinates"":[84.01031062356503,21.409682913713173]}"
72,0.0,188,2020,0,0,21.58305776354824,83.85642921539535,-0.21432664,0.39391088,2021,1889.884452931583,"{""geodesic"":false,""type"":""Point"",""coordinates"":[83.85642921539535,21.58305776354824]}"
73,790.0632886041473,189,2020,0,5,21.462324189362576,84.19554323515048,0.3602933,-0.4377928,2021,1918.5559945498535,"{""geodesic"":false,""type"":""Point"",""coordinates"":[84.19554323515048,21.462324189362576]}"
74,618.5466837676846,145,2020,0,5,21.372851987064273,83.91167560536871,0.39104116,-0.44764182,2021,2012.131670991541,"{""geodesic"":false,""type"":""Point"",""coordinates"":[83.91167560536871,21.372851987064273]}"
75,0.0,188,2020,0,0,21.550359087206292,83.85319528037253,-0.19365034,0.38917342,2021,1889.884452931583,"{""geodesic"":false,""type"":""Point"",""coordinates"":[83.85319528037253,21.550359087206292]}"
76,504.7771785649585,194,2020,0,5,21.557365946422422,84.15943096072887,0.32963943,-0.4257338,2021,1883.2621832626537,"{""geodesic"":false,""type"":""Point"",""coordinates"":[84.15943096072887,21.557365946422422]}"
77,452.76925690687085,159,2020,0,4,21.50436534465937,84.02998372828725,0.45002627,-0.45339614,2021,1930.7376822684455,"{""geodesic"":false,""type"":""Point"",""coordinates"":[84.02998372828725,21.50436534465937]}"
78,0.0,158,2020,0,0,21.492507582908992,83.90520773532305,-0.1591568,0.3388814,2021,1938.3774942638702,"{""geodesic"":false,""type"":""Point"",""coordinates"":[83.90520773532305,21.492507582908992]}"
79,0.0,188,2020,0,0,21.58260860590618,83.92110791585196,-0.2027592,0.41303417,2021,1937.2421719431877,"{""geodesic"":false,""type"":""Point"",""coordinates"":[83.92110791585196,21.58260860590618]}"
80,318.9043743820395,167,2020,0,4,21.541825092007155,84.00995129745138,0.6148476,-0.57790357,2021,1930.7376822684455,"{""geodesic"":false,""type"":""Point"",""coordinates"":[84.00995129745138,21.541825092007155]}"
81,830.2409288875127,174,2020,0,4,21.547933635939167,84.04974666453788,0.47325087,-0.500343,2021,1930.7376822684455,"{""geodesic"":false,""type"":""Point"",""coordinates"":[84.04974666453788,21.547933635939167]}"
82,629.6824596572467,156,2020,0,1,21.511821361517562,83.88822957645318,0.36991838,-0.41865894,2021,1880.7730644299008,"{""geodesic"":false,""type"":""Point"",""coordinates"":[83.88822957645318,21.511821361517562]}"
83,357.77087639996637,159,2020,0,4,21.40034043475833,83.87116158605491,0.5081094,-0.51099014,2021,1962.5139900985523,"{""geodesic"":false,""type"":""Point"",""coordinates"":[83.87116158605491,21.40034043475833]}"
84,0.0,188,2020,0,0,21.577218714201464,83.9755458220696,-0.18750235,0.43554917,2021,1951.7218133056315,"{""geodesic"":false,""type"":""Point"",""coordinates"":[83.9755458220696,21.577218714201464]}"
85,1280.0,170,2020,0,4,21.50167039880701,84.05540605082783,0.45546862,-0.467865,2021,1924.836797689757,"{""geodesic"":false,""type"":""Point"",""coordinates"":[84.05540605082783,21.50167039880701]}"
86,354.682957019364,205,2020,0,1,21.597071481980507,84.00024949238289,0.55567044,-0.5208872,2021,1876.4415249633857,"{""geodesic"":false,""type"":""Point"",""coordinates"":[84.00024949238289,21.597071481980507]}"
87,1280.0,175,2020,0,6,21.49520252876135,84.13230183914847,0.48122674,-0.50043035,2021,1967.7580190972367,"{""geodesic"":false,""type"":""Point"",""coordinates"":[84.13230183914847,21.49520252876135]}"
88,108.16653826391969,181,2020,0,4,21.418037245855484,84.18593126161039,0.28954548,-0.37664992,2021,1983.820738914481,"{""geodesic"":false,""type"":""Point"",""coordinates"":[84.18593126161039,21.418037245855484]}"
89,0.0,188,2020,0,0,21.59275956861673,83.87008360771398,-0.19827233,0.40450278,2021,1889.884452931583,"{""geodesic"":false,""type"":""Point"",""coordinates"":[83.87008360771398,21.59275956861673]}"
90,274.5906043549196,223,2020,0,1,21.538052167813852,84.19015334344576,0.6135205,-0.5954148,2021,1884.2692036676162,"{""geodesic"":false,""type"":""Point"",""coordinates"":[84.19015334344576,21.538052167813852]}"
91,900.0,184,2020,0,1,21.425493262713676,84.15925129767204,0.46283835,-0.5028611,2021,1983.820738914481,"{""geodesic"":false,""type"":""Point"",""coordinates"":[84.15925129767204,21.425493262713676]}"
92,562.9387178015028,330,2020,0,1,21.474092119584544,83.87017343924238,0.581969,-0.525783,2021,1879.913869370008,"{""geodesic"":false,""type"":""Point"",""coordinates"":[83.87017343924238,21.474092119584544]}"
93,1103.9021695784459,152,2020,0,1,21.496280507102295,83.94563192310842,0.456565,-0.45290384,2021,1938.3774942638702,"{""geodesic"":false,""type"":""Point"",""coordinates"":[83.94563192310842,21.496280507102295]}"
94,284.42925306655786,169,2020,0,0,21.452352889708852,84.166437819945,0.5223202,-0.45498782,2021,1918.5559945498535,"{""geodesic"":false,""type"":""Point"",""coordinates"":[84.166437819945,21.452352889708852]}"
95,1210.826164236634,172,2020,0,4,21.506341638284432,84.0604366164189,0.4348181,-0.44745287,2021,1924.836797689757,"{""geodesic"":false,""type"":""Point"",""coordinates"":[84.0604366164189,21.506341638284432]}"
96,831.865373723417,160,2020,0,1,21.461425874078458,84.0310617066282,0.5118756,-0.5224877,2021,2000.2663298181142,"{""geodesic"":false,""type"":""Point"",""coordinates"":[84.0310617066282,21.461425874078458]}"
97,648.8451279003334,182,2020,0,5,21.43214079581616,84.17119889095083,0.33864683,-0.40215027,2021,1983.820738914481,"{""geodesic"":false,""type"":""Point"",""coordinates"":[84.17119889095083,21.43214079581616]}"
98,452.76925690687085,145,2020,0,5,21.373211313177922,83.96916778355235,0.41487506,-0.45416543,2021,2031.3388504182512,"{""geodesic"":false,""type"":""Point"",""coordinates"":[83.96916778355235,21.373211313177922]}"
99,410.0,191,2020,0,1,21.52736221593283,84.14739353592167,0.5403204,-0.49658492,2021,1923.0386886510678,"{""geodesic"":false,""type"":""Point"",""coordinates"":[84.14739353592167,21.52736221593283]}"
100,130.0,203,2020,0,6,21.59761047115098,84.0303430544009,0.4301535,-0.45370632,2021,1876.4415249633857,"{""geodesic"":false,""type"":""Point"",""coordinates"":[84.0303430544009,21.59761047115098]}"
101,1280.0,220,2020,0,1,21.35479584985347,84.17712777182602,0.69437754,-0.6002824,2021,1989.0276167842967,"{""geodesic"":false,""type"":""Point"",""coordinates"":[84.17712777182602,21.35479584985347]}"
102,975.2948272189287,154,2020,0,1,21.461785200192107,84.02818709771901,0.5031315,-0.5314971,2021,2000.2663298181142,"{""geodesic"":false,""type"":""Point"",""coordinates"":[84.02818709771901,21.461785200192107]}"
103,1280.0,171,2020,0,4,21.561138870615725,84.05307043108913,0.5523522,-0.49762467,2021,1868.8200380303497,"{""geodesic"":false,""type"":""Point"",""coordinates"":[84.05307043108913,21.561138870615725]}"
104,476.34021455258215,205,2020,0,5,21.552425212359765,83.96853896285347,0.23308337,-0.3850678,2021,1951.7218133056315,"{""geodesic"":false,""type"":""Point"",""coordinates"":[83.96853896285347,21.552425212359765]}"
105,584.6366392897387,183,2020,0,4,21.541825092007155,84.0950217548575,0.36670762,-0.42149815,2021,1924.836797689757,"{""geodesic"":false,""type"":""Point"",""coordinates"":[84.0950217548575,21.541825092007155]}"
106,1280.0,170,2020,0,1,21.53194362388184,83.940960683631,0.5078656,-0.5140636,2021,1914.9658808208915,"{""geodesic"":false,""type"":""Point"",""coordinates"":[83.940960683631,21.53194362388184]}"
107,0.0,194,2020,0,0,21.560779544502076,83.8680174825605,-0.065142855,0.223218,2021,1889.884452931583,"{""geodesic"":false,""type"":""Point"",""coordinates"":[83.8680174825605,21.560779544502076]}"
108,1280.0,157,2020,0,1,21.497897474613712,83.9476980482619,0.677814,-0.5823792,2021,1938.3774942638702,"{""geodesic"":false,""type"":""Point"",""coordinates"":[83.9476980482619,21.497897474613712]}"
109,246.98178070456936,139,2020,0,4,21.399621782531035,83.97635430582531,0.3322602,-0.38233384,2021,2031.3388504182512,"{""geodesic"":false,""type"":""Point"",""coordinates"":[83.97635430582531,21.399621782531035]}"
110,80.62257748298549,157,2020,0,5,21.530416487898837,84.04453643588998,0.4604695,-0.49472725,2021,1930.7376822684455,"{""geodesic"":false,""type"":""Point"",""coordinates"":[84.04453643588998,21.530416487898837]}"
111,408.166632639171,167,2020,0,1,21.560689712973666,84.08028938419794,0.6957236,-0.54048276,2021,1868.8200380303497,"{""geodesic"":false,""type"":""Point"",""coordinates"":[84.08028938419794,21.560689712973666]}"
112,0.0,188,2020,0,0,21.56877455053074,83.89388896274315,-0.18436879,0.37714598,2021,1889.884452931583,"{""geodesic"":false,""type"":""Point"",""coordinates"":[83.89388896274315,21.56877455053074]}"
113,645.3681120105022,152,2020,0,4,21.407526957031287,83.96557452241588,0.4895855,-0.51517195,2021,1990.8268260547193,"{""geodesic"":false,""type"":""Point"",""coordinates"":[83.96557452241588,21.407526957031287]}"
114,422.965719651132,148,2020,0,4,21.40806594620176,83.99620707360435,0.4745712,-0.48262897,2021,1990.8268260547193,"{""geodesic"":false,""type"":""Point"",""coordinates"":[83.99620707360435,21.40806594620176]}"
115,941.9129471453293,216,2020,0,1,21.593029063201968,84.1310441977507,0.6823137,-0.58701074,2021,1875.6384400060415,"{""geodesic"":false,""type"":""Point"",""coordinates"":[84.1310441977507,21.593029063201968]}"
116,139.2838827718412,204,2020,0,5,21.36261119282531,84.08954203162438,0.39589205,-0.4536897,2021,1933.7276026361214,"{""geodesic"":false,""type"":""Point"",""coordinates"":[84.08954203162438,21.36261119282531]}"
117,651.9202405202648,176,2020,0,4,21.430433996776333,84.1364340894554,0.32148877,-0.39466885,2021,2017.5110873314552,"{""geodesic"":false,""type"":""Point"",""coordinates"":[84.1364340894554,21.430433996776333]}"
118,0.0,188,2020,0,0,21.567067751490914,83.89622458248185,-0.1824088,0.39404202,2021,1889.884452931583,"{""geodesic"":false,""type"":""Point"",""coordinates"":[83.89622458248185,21.567067751490914]}"
119,1211.156472137271,169,2020,0,0,21.4422019269983,83.90996880632888,0.54009634,-0.51497394,2021,2009.2930683225277,"{""geodesic"":false,""type"":""Point"",""coordinates"":[83.90996880632888,21.4422019269983]}"
120,957.7577981932593,168,2020,0,4,21.514246812784684,84.01363439011628,0.43925104,-0.46103483,2021,1930.7376822684455,"{""geodesic"":false,""type"":""Point"",""coordinates"":[84.01363439011628,21.514246812784684]}"
121,1280.0,170,2020,0,6,21.504455176187783,83.99917151404195,0.29209897,-0.31727162,2021,1973.5760219825897,"{""geodesic"":false,""type"":""Point"",""coordinates"":[83.99917151404195,21.504455176187783]}"
122,614.00325732035,179,2020,0,1,21.43474591014011,84.12233053949474,0.72243416,-0.61243963,2021,2017.5110873314552,"{""geodesic"":false,""type"":""Point"",""coordinates"":[84.12233053949474,21.43474591014011]}"
123,1224.2957159118052,164,2020,0,1,21.54982009803582,84.05711284986766,0.6428281,-0.56571406,2021,1924.836797689757,"{""geodesic"":false,""type"":""Point"",""coordinates"":[84.05711284986766,21.54982009803582]}"
124,1117.7208953938366,165,2020,0,5,21.401508244627685,83.89119401689078,0.36228594,-0.42002138,2021,1962.5139900985523,"{""geodesic"":false,""type"":""Point"",""coordinates"":[83.89119401689078,21.401508244627685]}"
125,885.4942122905152,208,2020,0,1,21.58745950844043,84.09861501599399,0.70230794,-0.623816,2021,1868.8200380303497,"{""geodesic"":false,""type"":""Point"",""coordinates"":[84.09861501599399,21.58745950844043]}"
126,1183.0891766895681,164,2020,0,4,21.493136403607878,84.06986892690216,0.48091123,-0.49785477,2021,1980.8196407325013,"{""geodesic"":false,""type"":""Point"",""coordinates"":[84.06986892690216,21.493136403607878]}"
127,721.2489168102785,165,2020,0,6,21.394770879996788,83.86101062334437,0.7197463,-0.61002535,2021,1952.9097906150273,"{""geodesic"":false,""type"":""Point"",""coordinates"":[83.86101062334437,21.394770879996788]}"
128,0.0,188,2020,0,0,21.570301686513744,83.85256645967364,-0.097395234,0.35559335,2021,1889.884452931583,"{""geodesic"":false,""type"":""Point"",""coordinates"":[83.85256645967364,21.570301686513744]}"
129,392.0459156782532,179,2020,0,1,21.54577767925728,83.89361946815791,0.28335056,-0.37570438,2021,1880.7730644299008,"{""geodesic"":false,""type"":""Point"",""coordinates"":[83.89361946815791,21.54577767925728]}"
130,0.0,188,2020,0,0,21.552694706945,83.90628571366399,-0.2334377,0.45428658,2021,1937.2421719431877,"{""geodesic"":false,""type"":""Point"",""coordinates"":[83.90628571366399,21.552694706945]}"
131,530.0943312279428,167,2020,0,6,21.47436161416978,83.89568559331138,0.40199807,-0.42446998,2021,1879.913869370008,"{""geodesic"":false,""type"":""Point"",""coordinates"":[83.89568559331138,21.47436161416978]}"
132,523.9274758971894,171,2020,0,4,21.414443984719007,83.89784154999327,0.51030856,-0.4959938,2021,1962.5139900985523,"{""geodesic"":false,""type"":""Point"",""coordinates"":[83.89784154999327,21.414443984719007]}"
133,259.6150997149434,166,2020,0,4,21.537603010171793,83.91338240440854,0.57869273,-0.51030105,2021,1914.9658808208915,"{""geodesic"":false,""type"":""Point"",""coordinates"":[83.91338240440854,21.537603010171793]}"
134,627.6941930590086,159,2020,0,1,21.443190073810833,84.07858258515812,0.518612,-0.49736094,2021,1956.868612972743,"{""geodesic"":false,""type"":""Point"",""coordinates"":[84.07858258515812,21.443190073810833]}"
135,771.0382610480494,156,2020,0,4,21.50508399688667,83.94751838520507,0.51180863,-0.5104316,2021,1914.9658808208915,"{""geodesic"":false,""type"":""Point"",""coordinates"":[83.94751838520507,21.50508399688667]}"
136,937.7632963600144,176,2020,0,4,21.434117089441223,83.85184780744635,0.48537517,-0.51295334,2021,1962.5139900985523,"{""geodesic"":false,""type"":""Point"",""coordinates"":[83.85184780744635,21.434117089441223]}"
137,200.0,156,2020,0,6,21.46519879827176,83.99530875832023,0.41457266,-0.44009623,2021,1988.3089408631204,"{""geodesic"":false,""type"":""Point"",""coordinates"":[83.99530875832023,21.46519879827176]}"
138,565.1548460377917,153,2020,0,6,21.364138328808313,83.98048655613226,0.6392719,-0.5479144,2021,2031.3388504182512,"{""geodesic"":false,""type"":""Point"",""coordinates"":[83.98048655613226,21.364138328808313]}"
139,1280.0,371,2020,0,1,21.40222689685498,84.08657759118678,0.65717214,-0.61343676,2021,1956.868612972743,"{""geodesic"":false,""type"":""Point"",""coordinates"":[84.08657759118678,21.40222689685498]}"
140,814.9846624323675,173,2020,0,1,21.567157583019327,84.02603114103712,0.5284431,-0.5438119,2021,1876.4415249633857,"{""geodesic"":false,""type"":""Point"",""coordinates"":[84.02603114103712,21.567157583019327]}"
141,326.49655434629017,169,2020,0,4,21.40321504366751,84.0558552084699,0.49743417,-0.49588212,2021,1956.868612972743,"{""geodesic"":false,""type"":""Point"",""coordinates"":[84.0558552084699,21.40321504366751]}"
142,980.0,251,2020,0,1,21.460347895737513,83.8695446185435,0.6434721,-0.5667495,2021,1879.913869370008,"{""geodesic"":false,""type"":""Point"",""coordinates"":[83.8695446185435,21.460347895737513]}"
143,1280.0,172,2020,0,4,21.529877498728364,84.0747198294364,0.4362913,-0.44700843,2021,1924.836797689757,"{""geodesic"":false,""type"":""Point"",""coordinates"":[84.0747198294364,21.529877498728364]}"
144,1280.0,165,2020,0,4,21.412018533451885,83.87232939592427,0.41605103,-0.44411427,2021,1962.5139900985523,"{""geodesic"":false,""type"":""Point"",""coordinates"":[83.87232939592427,21.412018533451885]}"
145,756.042326857432,173,2020,0,5,21.442561253111947,83.92532999768733,0.24174434,-0.32908303,2021,2009.2930683225277,"{""geodesic"":false,""type"":""Point"",""coordinates"":[83.92532999768733,21.442561253111947]}"
146,1280.0,172,2020,0,4,21.50616197522761,84.10634052743741,0.4069173,-0.47076085,2021,1923.0386886510678,"{""geodesic"":false,""type"":""Point"",""coordinates"":[84.10634052743741,21.50616197522761]}"
147,98.99494936611666,194,2020,0,5,21.534548738205785,84.15610719417764,0.35696688,-0.42262697,2021,1884.2692036676162,"{""geodesic"":false,""type"":""Point"",""coordinates"":[84.15610719417764,21.534548738205785]}"
148,0.0,188,2020,0,0,21.575961072803697,83.87430568954933,-0.20017557,0.37998372,2021,1889.884452931583,"{""geodesic"":false,""type"":""Point"",""coordinates"":[83.87430568954933,21.575961072803697]}"
149,626.4982043070834,177,2020,0,1,21.463581830760344,83.89164317453285,0.35283878,-0.4088908,2021,1879.913869370008,"{""geodesic"":false,""type"":""Point"",""coordinates"":[83.89164317453285,21.463581830760344]}"
150,50.0,206,2020,0,1,21.5279012051033,84.19356694152542,0.5339787,-0.50485885,2021,1884.2692036676162,"{""geodesic"":false,""type"":""Point"",""coordinates"":[84.19356694152542,21.5279012051033]}"
151,0.0,188,2020,0,0,21.585123888701716,83.91859263305643,-0.20347574,0.41675505,2021,1937.2421719431877,"{""geodesic"":false,""type"":""Point"",""coordinates"":[83.91859263305643,21.585123888701716]}"
152,796.0527620704547,218,2020,0,1,21.371504514138095,84.09376411345974,0.5854521,-0.5358131,2021,1933.7276026361214,"{""geodesic"":false,""type"":""Point"",""coordinates"":[84.09376411345974,21.371504514138095]}"
153,935.0935782048768,354,2020,0,1,21.587908666082487,84.19482458292318,0.4542404,-0.48812276,2021,1883.2621832626537,"{""geodesic"":false,""type"":""Point"",""coordinates"":[84.19482458292318,21.587908666082487]}"
154,472.01694884823786,167,2020,0,6,21.482805777840504,83.8988296968058,0.43949822,-0.46742296,2021,1879.913869370008,"{""geodesic"":false,""type"":""Point"",""coordinates"":[83.8988296968058,21.482805777840504]}"
155,782.3042886243178,194,2020,0,5,21.383362275888473,84.12008475128444,0.36866373,-0.44026726,2021,1986.066358042619,"{""geodesic"":false,""type"":""Point"",""coordinates"":[84.12008475128444,21.383362275888473]}"
156,934.7726996441435,166,2020,0,4,21.523858786324766,83.92191639960767,0.38495937,-0.4195807,2021,1914.9658808208915,"{""geodesic"":false,""type"":""Point"",""coordinates"":[83.92191639960767,21.523858786324766]}"
157,1280.0,329,2020,0,1,21.357580627234242,84.06456886672585,0.70886075,-0.6269961,2021,1933.7276026361214,"{""geodesic"":false,""type"":""Point"",""coordinates"":[84.06456886672585,21.357580627234242]}"
158,577.7542730261716,157,2020,0,4,21.402316728383393,83.9003568327888,0.36120728,-0.446556,2021,2009.2930683225277,"{""geodesic"":false,""type"":""Point"",""coordinates"":[83.9003568327888,21.402316728383393]}"
159,114.0175425099138,180,2020,0,5,21.504545007716196,84.14874100884785,0.3370148,-0.4140354,2021,1923.0386886510678,"{""geodesic"":false,""type"":""Point"",""coordinates"":[84.14874100884785,21.504545007716196]}"
160,1090.1834707974617,175,2020,0,5,21.44534603049272,84.12107289809697,0.35145774,-0.41726798,2021,2017.5110873314552,"{""geodesic"":false,""type"":""Point"",""coordinates"":[84.12107289809697,21.44534603049272]}"
161,672.3094525588645,256,2020,0,1,21.37500794374616,84.10068114114746,0.76926553,-0.67284846,2021,1986.066358042619,"{""geodesic"":false,""type"":""Point"",""coordinates"":[84.10068114114746,21.37500794374616]}"
162,994.6356116689167,185,2020,0,5,21.507239953568554,84.08136736253888,0.27020124,-0.38282326,2021,1924.836797689757,"{""geodesic"":false,""type"":""Point"",""coordinates"":[84.08136736253888,21.507239953568554]}"
163,138.92443989449805,187,2020,0,1,21.444807041322246,84.14047650823395,0.6084762,-0.5542724,2021,2017.5110873314552,"{""geodesic"":false,""type"":""Point"",""coordinates"":[84.14047650823395,21.444807041322246]}"
164,891.9641248391104,147,2020,0,4,21.35066359954652,83.96853896285347,0.43176615,-0.46252853,2021,2031.3388504182512,"{""geodesic"":false,""type"":""Point"",""coordinates"":[83.96853896285347,21.35066359954652]}"
165,352.2782990761707,267,2020,0,1,21.502389051034307,83.85571056316806,0.64873415,-0.57022303,2021,1880.7730644299008,"{""geodesic"":false,""type"":""Point"",""coordinates"":[83.85571056316806,21.502389051034307]}"
166,778.2673062643709,257,2020,0,1,21.36072473072866,84.17012091260989,0.70928514,-0.6028134,2021,1989.0276167842967,"{""geodesic"":false,""type"":""Point"",""coordinates"":[84.17012091260989,21.36072473072866]}"
167,634.1135544995076,186,2020,0,1,21.523858786324766,83.98767307840522,0.32538655,-0.4184105,2021,1973.5760219825897,"{""geodesic"":false,""type"":""Point"",""coordinates"":[83.98767307840522,21.523858786324766]}"
168,670.8203932499368,164,2020,0,1,21.52089434588717,83.94509293393796,0.58359987,-0.5416055,2021,1914.9658808208915,"{""geodesic"":false,""type"":""Point"",""coordinates"":[83.94509293393796,21.52089434588717]}"
169,0.0,188,2020,0,0,21.538141999342265,83.8740361949641,-0.2253116,0.4262295,2021,1880.7730644299008,"{""geodesic"":false,""type"":""Point"",""coordinates"":[83.8740361949641,21.538141999342265]}"
170,366.742416417845,153,2020,0,4,21.44714266106096,83.95524389664851,0.52319133,-0.5074989,2021,1990.8268260547193,"{""geodesic"":false,""type"":""Point"",""coordinates"":[83.95524389664851,21.44714266106096]}"
171,998.2484660644363,292,2020,0,1,21.57982382852541,84.1927584577697,0.73085696,-0.62570775,2021,1883.2621832626537,"{""geodesic"":false,""type"":""Point"",""coordinates"":[84.1927584577697,21.57982382852541]}"
172,1140.6138698087098,168,2020,0,4,21.38569789562718,84.02261754295746,0.33681238,-0.4295647,2021,1966.40545485873,"{""geodesic"":false,""type"":""Point"",""coordinates"":[84.02261754295746,21.38569789562718]}"
173,879.2041856133307,178,2020,0,1,21.519187546847345,83.99692572583164,0.34854245,-0.4373808,2021,1973.5760219825897,"{""geodesic"":false,""type"":""Point"",""coordinates"":[83.99692572583164,21.519187546847345]}"
174,111.80339887498948,154,2020,0,1,21.468612396351414,84.0604366164189,0.6705199,-0.56608397,2021,1980.8196407325013,"{""geodesic"":false,""type"":""Point"",""coordinates"":[84.0604366164189,21.468612396351414]}"
175,752.8612089887484,151,2020,0,4,21.464390314516052,84.02234804837224,0.60514385,-0.535737,2021,2000.2663298181142,"{""geodesic"":false,""type"":""Point"",""coordinates"":[84.02234804837224,21.464390314516052]}"
176,372.15588131856794,197,2020,0,1,21.36638411701861,83.92011976903943,0.60748076,-0.57445395,2021,2012.131670991541,"{""geodesic"":false,""type"":""Point"",""coordinates"":[83.92011976903943,21.36638411701861]}"
177,509.31326312987375,204,2020,0,1,21.37410962846204,84.07966056349906,0.58569264,-0.5249196,2021,1933.7276026361214,"{""geodesic"":false,""type"":""Point"",""coordinates"":[84.07966056349906,21.37410962846204]}"
178,858.0209787645055,167,2020,0,1,21.444627378265423,84.10669985355105,0.6771864,-0.5999688,2021,2017.5110873314552,"{""geodesic"":false,""type"":""Point"",""coordinates"":[84.10669985355105,21.444627378265423]}"
179,662.1933252457322,185,2020,0,5,21.41228802803712,84.18907536510481,0.31383947,-0.40458232,2021,1983.820738914481,"{""geodesic"":false,""type"":""Point"",""coordinates"":[84.18907536510481,21.41228802803712]}"
180,0.0,188,2020,0,0,21.584674731059657,83.85948348736136,-0.15980132,0.37680396,2021,1889.884452931583,"{""geodesic"":false,""type"":""Point"",""coordinates"":[83.85948348736136,21.584674731059657]}"
181,712.5307010929424,178,2020,0,1,21.509934899420912,84.12574413757439,0.51444346,-0.51417005,2021,1923.0386886510678,"{""geodesic"":false,""type"":""Point"",""coordinates"":[84.12574413757439,21.509934899420912]}"
182,550.2726596879041,204,2020,0,1,21.38183513990547,84.1024777717157,0.7499291,-0.6536587,2021,1986.066358042619,"{""geodesic"":false,""type"":""Point"",""coordinates"":[84.1024777717157,21.38183513990547]}"
183,0.0,188,2020,0,0,21.53607587418879,83.858315677492,-0.15474582,0.33454025,2021,1880.7730644299008,"{""geodesic"":false,""type"":""Point"",""coordinates"":[83.858315677492,21.53607587418879]}"
184,480.20828814171875,183,2020,0,5,21.57506275751958,84.04795003396964,0.30166793,-0.3958195,2021,1876.4415249633857,"{""geodesic"":false,""type"":""Point"",""coordinates"":[84.04795003396964,21.57506275751958]}"
185,825.6512580987205,175,2020,0,4,21.504904333829842,84.11738980543208,0.43312573,-0.48005557,2021,1923.0386886510678,"{""geodesic"":false,""type"":""Point"",""coordinates"":[84.11738980543208,21.504904333829842]}"
186,300.8321791298265,161,2020,0,4,21.369528220513033,83.86783781950368,0.54305094,-0.5425143,2021,1952.9097906150273,"{""geodesic"":false,""type"":""Point"",""coordinates"":[83.86783781950368,21.369528220513033]}"
187,487.5448697299562,185,2020,0,5,21.470588689976477,84.17937356003632,0.47958046,-0.4798006,2021,1918.5559945498535,"{""geodesic"":false,""type"":""Point"",""coordinates"":[84.17937356003632,21.470588689976477]}"
188,488.2622246293481,203,2020,0,1,21.381116487678174,84.0626824046292,0.69715124,-0.6107247,2021,1933.7276026361214,"{""geodesic"":false,""type"":""Point"",""coordinates"":[84.0626824046292,21.381116487678174]}"
189,945.1454914456292,176,2020,0,4,21.489812637056634,84.14263246491583,0.3482977,-0.43161824,2021,1967.7580190972367,"{""geodesic"":false,""type"":""Point"",""coordinates"":[84.14263246491583,21.489812637056634]}"
190,961.8731725128839,152,2020,0,4,21.396028521394555,83.99899185098512,0.5637793,-0.52403647,2021,2031.3388504182512,"{""geodesic"":false,""type"":""Point"",""coordinates"":[83.99899185098512,21.396028521394555]}"
191,1280.0,304,2020,0,1,21.37042653579715,84.06609600270885,0.7038749,-0.6108286,2021,1933.7276026361214,"{""geodesic"":false,""type"":""Point"",""coordinates"":[84.06609600270885,21.37042653579715]}"
192,389.48684188300894,199,2020,0,5,21.563564321882847,84.15934112920046,0.2950577,-0.4367056,2021,1883.2621832626537,"{""geodesic"":false,""type"":""Point"",""coordinates"":[84.15934112920046,21.563564321882847]}"
193,1280.0,163,2020,0,4,21.50750944815379,83.96701182687048,0.45358294,-0.46881378,2021,1973.5760219825897,"{""geodesic"":false,""type"":""Point"",""coordinates"":[83.96701182687048,21.50750944815379]}"
194,935.3608929178085,189,2020,0,1,21.426481409526207,84.15898180308682,0.68441063,-0.59248364,2021,1983.820738914481,"{""geodesic"":false,""type"":""Point"",""coordinates"":[84.15898180308682,21.426481409526207]}"
195,122.06555615733703,188,2020,0,4,21.53886065156956,84.10256760324411,0.31569296,-0.41398403,2021,1923.0386886510678,"{""geodesic"":false,""type"":""Point"",""coordinates"":[84.10256760324411,21.53886065156956]}"
196,1224.13234578619,237,2020,0,1,21.367821421473202,84.19203980554241,0.6856989,-0.5956401,2021,1989.0276167842967,"{""geodesic"":false,""type"":""Point"",""coordinates"":[84.19203980554241,21.367821421473202]}"
197,979.4896630388705,165,2020,0,4,21.538591156984324,84.04920767536741,0.3964386,-0.46677604,2021,1930.7376822684455,"{""geodesic"":false,""type"":""Point"",""coordinates"":[84.04920767536741,21.538591156984324]}"
198,304.63092423455635,189,2020,0,5,21.414084658605358,84.16068860212664,0.39338163,-0.4766376,2021,1983.820738914481,"{""geodesic"":false,""type"":""Point"",""coordinates"":[84.16068860212664,21.414084658605358]}"
199,343.6568055487916,180,2020,0,6,21.49367539277835,84.0957404070848,0.39270937,-0.41851753,2021,1980.8196407325013,"{""geodesic"":false,""type"":""Point"",""coordinates"":[84.0957404070848,21.49367539277835]}"
200,193.13207915827968,212,2020,0,1,21.366923106189084,84.10059130961905,0.4469023,-0.4737011,2021,1986.066358042619,"{""geodesic"":false,""type"":""Point"",""coordinates"":[84.10059130961905,21.366923106189084]}"
201,386.0051813123756,171,2020,0,4,21.543172564933336,84.08379281380601,0.484677,-0.49926722,2021,1924.836797689757,"{""geodesic"":false,""type"":""Point"",""coordinates"":[84.08379281380601,21.543172564933336]}"
202,1280.0,159,2020,0,4,21.35614332277965,83.86424455836719,0.43228635,-0.44875282,2021,1952.9097906150273,"{""geodesic"":false,""type"":""Point"",""coordinates"":[83.86424455836719,21.35614332277965]}"
203,335.4101966249684,158,2020,0,1,21.411120218167763,84.03887704960003,0.66336995,-0.55181545,2021,2013.2559463274083,"{""geodesic"":false,""type"":""Point"",""coordinates"":[84.03887704960003,21.411120218167763]}"
204,646.297145282261,171,2020,0,1,21.39665734209344,84.06897061161804,0.632645,-0.52107,2021,1933.7276026361214,"{""geodesic"":false,""type"":""Point"",""coordinates"":[84.06897061161804,21.39665734209344]}"
205,1280.0,146,2020,0,4,21.385338569513536,83.94455394476748,0.51863354,-0.52401936,2021,2012.131670991541,"{""geodesic"":false,""type"":""Point"",""coordinates"":[83.94455394476748,21.385338569513536]}"
206,482.70073544588683,167,2020,0,6,21.479302348232437,83.89173300606126,0.27666706,-0.3090178,2021,1879.913869370008,"{""geodesic"":false,""type"":""Point"",""coordinates"":[83.89173300606126,21.479302348232437]}"
207,480.10415536631217,181,2020,0,6,21.443908726038128,83.89505677261249,0.38260427,-0.41101053,2021,1962.5139900985523,"{""geodesic"":false,""type"":""Point"",""coordinates"":[83.89505677261249,21.443908726038128]}"
208,0.0,188,2020,0,0,21.591501927218964,83.99405111692246,-0.2590555,0.4600704,2021,1951.7218133056315,"{""geodesic"":false,""type"":""Point"",""coordinates"":[83.99405111692246,21.591501927218964]}"
209,470.95647357266466,167,2020,0,1,21.539489472268443,84.01237674871851,0.5180214,-0.5035215,2021,1930.7376822684455,"{""geodesic"":false,""type"":""Point"",""coordinates"":[84.01237674871851,21.539489472268443]}"
210,1280.0,153,2020,0,6,21.422079664634023,84.04273980532174,0.61220944,-0.5750069,2021,2013.2559463274083,"{""geodesic"":false,""type"":""Point"",""coordinates"":[84.04273980532174,21.422079664634023]}"
211,1021.8121158021175,167,2020,0,4,21.52322996562588,84.07382151415229,0.5834408,-0.5233239,2021,1924.836797689757,"{""geodesic"":false,""type"":""Point"",""coordinates"":[84.07382151415229,21.52322996562588]}"
212,0.0,188,2020,0,0,21.599856259361275,83.94006236834689,-0.18137728,0.40167686,2021,1937.2421719431877,"{""geodesic"":false,""type"":""Point"",""coordinates"":[83.94006236834689,21.599856259361275]}"
213,994.786409235671,170,2020,0,4,21.54209458659239,84.07418084026592,0.5411858,-0.51159906,2021,1924.836797689757,"{""geodesic"":false,""type"":""Point"",""coordinates"":[84.07418084026592,21.54209458659239]}"
214,863.481325796916,207,2020,0,1,21.385248737985123,84.09960316280652,0.6317167,-0.5659087,2021,1933.7276026361214,"{""geodesic"":false,""type"":""Point"",""coordinates"":[84.09960316280652,21.385248737985123]}"
215,869.7700845625814,172,2020,0,4,21.535536885018317,83.92344353559068,0.5231296,-0.5174311,2021,1914.9658808208915,"{""geodesic"":false,""type"":""Point"",""coordinates"":[83.92344353559068,21.535536885018317]}"
216,782.3042886243178,181,2020,0,1,21.552694706945,84.12798992578469,0.47546583,-0.50225353,2021,1875.6384400060415,"{""geodesic"":false,""type"":""Point"",""coordinates"":[84.12798992578469,21.552694706945]}"
217,1232.2743201089602,183,2020,0,1,21.585393383286952,84.02540232033824,0.55388904,-0.5100242,2021,1876.4415249633857,"{""geodesic"":false,""type"":""Point"",""coordinates"":[84.02540232033824,21.585393383286952]}"
218,555.7877292636101,263,2020,0,1,21.365485801734494,84.1243068331198,0.7530189,-0.6355065,2021,1986.066358042619,"{""geodesic"":false,""type"":""Point"",""coordinates"":[84.1243068331198,21.365485801734494]}"
219,94.33981132056603,169,2020,0,4,21.521163840472408,83.93386399288646,0.4920106,-0.475965,2021,1914.9658808208915,"{""geodesic"":false,""type"":""Point"",""coordinates"":[83.93386399288646,21.521163840472408]}"
220,750.5997601918082,156,2020,0,6,21.410132071355232,84.0213599015597,0.50697917,-0.4972662,2021,2013.2559463274083,"{""geodesic"":false,""type"":""Point"",""coordinates"":[84.0213599015597,21.410132071355232]}"
221,596.4059020499378,194,2020,0,1,21.389919977462544,84.17613962501349,0.66604286,-0.5757031,2021,1989.0276167842967,"{""geodesic"":false,""type"":""Point"",""coordinates"":[84.17613962501349,21.389919977462544]}"
222,1226.906679417795,148,2020,0,4,21.354885681381884,83.87610232011758,0.42361832,-0.46396464,2021,1952.9097906150273,"{""geodesic"":false,""type"":""Point"",""coordinates"":[83.87610232011758,21.354885681381884]}"
223,142.12670403551894,162,2020,0,1,21.393782733184256,84.01300556941739,0.4820438,-0.48908707,2021,1966.40545485873,"{""geodesic"":false,""type"":""Point"",""coordinates"":[84.01300556941739,21.393782733184256]}"
224,58.309518948453004,196,2020,0,0,21.58386624730395,84.04651272951504,0.27699038,-0.21383822,2021,1876.4415249633857,"{""geodesic"":false,""type"":""Point"",""coordinates"":[84.04651272951504,21.58386624730395]}"
225,1280.0,201,2020,0,1,21.36171287754119,84.19114149025829,0.6443837,-0.5634192,2021,1989.0276167842967,"{""geodesic"":false,""type"":""Point"",""coordinates"":[84.19114149025829,21.36171287754119]}"
226,444.07206622349037,180,2020,0,4,21.444627378265423,84.1296068932961,0.3384948,-0.41538674,2021,2017.5110873314552,"{""geodesic"":false,""type"":""Point"",""coordinates"":[84.1296068932961,21.444627378265423]}"
227,0.0,188,2020,0,0,21.56006089227478,83.87385653190728,-0.09474339,0.29825914,2021,1889.884452931583,"{""geodesic"":false,""type"":""Point"",""coordinates"":[83.87385653190728,21.56006089227478]}"
228,916.7878707749138,160,2020,0,4,21.4812786418575,84.02360568977,0.4256355,-0.47443,2021,2000.2663298181142,"{""geodesic"":false,""type"":""Point"",""coordinates"":[84.02360568977,21.4812786418575]}"
229,332.41540277189324,188,2020,0,5,21.573086463894516,84.05908914349273,0.35106525,-0.41474852,2021,1868.8200380303497,"{""geodesic"":false,""type"":""Point"",""coordinates"":[84.05908914349273,21.573086463894516]}"
230,1067.7546534667972,188,2020,0,1,21.406179484105106,83.93853523236388,0.57286197,-0.5358035,2021,2009.2930683225277,"{""geodesic"":false,""type"":""Point"",""coordinates"":[83.93853523236388,21.406179484105106]}"
231,1280.0,168,2020,0,1,21.442830747697183,84.11280839748306,0.5220246,-0.49964714,2021,2017.5110873314552,"{""geodesic"":false,""type"":""Point"",""coordinates"":[84.11280839748306,21.442830747697183]}"
232,579.7413216254298,223,2020,0,1,21.493495729721523,83.858315677492,0.7022912,-0.62453294,2021,1879.913869370008,"{""geodesic"":false,""type"":""Point"",""coordinates"":[83.858315677492,21.493495729721523]}"
233,0.0,188,2020,0,0,21.590603611934846,83.91544852956201,-0.17855482,0.39721578,2021,1937.2421719431877,"{""geodesic"":false,""type"":""Point"",""coordinates"":[83.91544852956201,21.590603611934846]}"
234,937.7632963600144,217,2020,0,1,21.457024129186273,83.87053276535603,0.7104813,-0.5944803,2021,1879.913869370008,"{""geodesic"":false,""type"":""Point"",""coordinates"":[83.87053276535603,21.457024129186273]}"
235,573.846669416143,167,2020,0,1,21.49978393671036,83.90242295794228,0.46029428,-0.44472367,2021,1938.3774942638702,"{""geodesic"":false,""type"":""Point"",""coordinates"":[83.90242295794228,21.49978393671036]}"
236,761.5773105863909,160,2020,0,4,21.481548136442736,84.03133120121343,0.43426102,-0.46013469,2021,2000.2663298181142,"{""geodesic"":false,""type"":""Point"",""coordinates"":[84.03133120121343,21.481548136442736]}"
237,241.66091947189145,212,2020,0,1,21.58305776354824,84.18206850588868,0.45383784,-0.49220452,2021,1883.2621832626537,"{""geodesic"":false,""type"":""Point"",""coordinates"":[84.18206850588868,21.58305776354824]}"
238,0.0,188,2020,0,0,21.5647321317522,83.86631068352067,-0.1876741,0.41320145,2021,1889.884452931583,"{""geodesic"":false,""type"":""Point"",""coordinates"":[83.86631068352067,21.5647321317522]}"
239,788.1624198095212,145,2020,0,1,21.368809568285734,83.90601621907875,0.59741455,-0.5818252,2021,2012.131670991541,"{""geodesic"":false,""type"":""Point"",""coordinates"":[83.90601621907875,21.368809568285734]}"
240,562.2277118748239,166,2020,0,6,21.479571842817673,83.88957704937937,0.24816626,-0.31540382,2021,1879.913869370008,"{""geodesic"":false,""type"":""Point"",""coordinates"":[83.88957704937937,21.479571842817673]}"
241,1070.5606008068858,174,2020,0,4,21.50472467077302,84.1258339691028,0.48782688,-0.49197498,2021,1923.0386886510678,"{""geodesic"":false,""type"":""Point"",""coordinates"":[84.1258339691028,21.50472467077302]}"
242,0.0,188,2020,0,0,21.58566287787219,83.92658763908508,-0.19179846,0.4041789,2021,1937.2421719431877,"{""geodesic"":false,""type"":""Point"",""coordinates"":[83.92658763908508,21.58566287787219]}"
243,1190.3780911962385,189,2020,0,1,21.523499460211116,83.98219335517209,0.50468886,-0.5065787,2021,1973.5760219825897,"{""geodesic"":false,""type"":""Point"",""coordinates"":[83.98219335517209,21.523499460211116]}"
244,393.57337308308854,144,2020,0,1,21.368450242172088,83.96512536477383,0.51001054,-0.52480674,2021,2031.3388504182512,"{""geodesic"":false,""type"":""Point"",""coordinates"":[83.96512536477383,21.368450242172088]}"
245,41.23105625617661,158,2020,0,1,21.477775212249433,84.08388264533443,0.5131118,-0.4987588,2021,1980.8196407325013,"{""geodesic"":false,""type"":""Point"",""coordinates"":[84.08388264533443,21.477775212249433]}"
246,1046.6135867644753,206,2020,0,1,21.372043503308564,84.1881770498207,0.6295118,-0.55651546,2021,1989.0276167842967,"{""geodesic"":false,""type"":""Point"",""coordinates"":[84.1881770498207,21.372043503308564]}"
247,720.6941098690901,188,2020,0,1,21.46376149381717,84.19859750711649,0.54145724,-0.5183027,2021,1918.5559945498535,"{""geodesic"":false,""type"":""Point"",""coordinates"":[84.19859750711649,21.46376149381717]}"
248,317.6476034853718,179,2020,0,6,21.442112095469888,83.85121898674747,0.3239049,-0.39511278,2021,1962.5139900985523,"{""geodesic"":false,""type"":""Point"",""coordinates"":[83.85121898674747,21.442112095469888]}"
249,568.5068161420758,153,2020,0,6,21.447861313288254,84.00006982932607,0.22401261,-0.26403204,2021,2013.2559463274083,"{""geodesic"":false,""type"":""Point"",""coordinates"":[84.00006982932607,21.447861313288254]}"
250,0.0,188,2020,0,0,21.568594887473918,83.8837380000326,-0.16093759,0.36318702,2021,1889.884452931583,"{""geodesic"":false,""type"":""Point"",""coordinates"":[83.8837380000326,21.568594887473918]}"
251,1097.1326264403954,179,2020,0,4,21.528440194273774,84.09295562970402,0.47012907,-0.47066367,2021,1924.836797689757,"{""geodesic"":false,""type"":""Point"",""coordinates"":[84.09295562970402,21.528440194273774]}"
252,1280.0,166,2020,0,4,21.433218774157105,84.10220827713046,0.52321136,-0.50960755,2021,2017.5110873314552,"{""geodesic"":false,""type"":""Point"",""coordinates"":[84.10220827713046,21.433218774157105]}"
253,736.8174807915459,147,2020,0,4,21.357311132649006,83.97788144180832,0.44481578,-0.4667897,2021,2031.3388504182512,"{""geodesic"":false,""type"":""Point"",""coordinates"":[83.97788144180832,21.357311132649006]}"
254,1011.9288512538815,185,2020,0,1,21.420013539480546,84.15035797635926,0.55615485,-0.5179492,2021,1983.820738914481,"{""geodesic"":false,""type"":""Point"",""coordinates"":[84.15035797635926,21.420013539480546]}"
255,1280.0,163,2020,0,4,21.50661113286967,83.967999973683,0.5255072,-0.4983091,2021,1973.5760219825897,"{""geodesic"":false,""type"":""Point"",""coordinates"":[83.967999973683,21.50661113286967]}"
256,0.0,188,2020,0,0,21.583237426605066,83.96234058739304,-0.21847454,0.4031059,2021,1951.7218133056315,"{""geodesic"":false,""type"":""Point"",""coordinates"":[83.96234058739304,21.583237426605066]}"
257,794.0403012442127,155,2020,0,4,21.439237486560707,84.08010972114111,0.51657873,-0.4999221,2021,1956.868612972743,"{""geodesic"":false,""type"":""Point"",""coordinates"":[84.08010972114111,21.439237486560707]}"
258,172.04650534085255,210,2020,0,1,21.581889953678886,84.17407349986001,0.42228818,-0.4796205,2021,1883.2621832626537,"{""geodesic"":false,""type"":""Point"",""coordinates"":[84.17407349986001,21.581889953678886]}"
259,1020.7840124139876,164,2020,0,6,21.485860049806508,83.98470863796763,0.34511942,-0.39328635,2021,1988.3089408631204,"{""geodesic"":false,""type"":""Point"",""coordinates"":[83.98470863796763,21.485860049806508]}"
260,781.6009211867653,180,2020,0,6,21.423606800617026,84.14335111714313,0.34464884,-0.4375747,2021,2017.5110873314552,"{""geodesic"":false,""type"":""Point"",""coordinates"":[84.14335111714313,21.423606800617026]}"
261,192.35384061671343,195,2020,0,5,21.52601474300665,84.16580899924612,0.50445396,-0.50667256,2021,1884.2692036676162,"{""geodesic"":false,""type"":""Point"",""coordinates"":[84.16580899924612,21.52601474300665]}"
262,0.0,133,2020,0,0,21.365665464791316,83.95048282564267,-0.17386506,0.40655392,2021,2031.3388504182512,"{""geodesic"":false,""type"":""Point"",""coordinates"":[83.95048282564267,21.365665464791316]}"
263,982.2932352408826,368,2020,0,1,21.43672220376517,83.88526513601559,0.76547706,-0.6405554,2021,1962.5139900985523,"{""geodesic"":false,""type"":""Point"",""coordinates"":[83.88526513601559,21.43672220376517]}"
264,1280.0,160,2020,0,4,21.41606095223042,84.05855015432225,0.5409785,-0.5372413,2021,1956.868612972743,"{""geodesic"":false,""type"":""Point"",""coordinates"":[84.05855015432225,21.41606095223042]}"
265,1280.0,166,2020,0,4,21.49511269723294,84.06438920366902,0.57950985,-0.5278042,2021,1980.8196407325013,"{""geodesic"":false,""type"":""Point"",""coordinates"":[84.06438920366902,21.49511269723294]}"
266,728.0109889280518,172,2020,0,1,21.463671662288757,84.12268986560838,0.5352914,-0.53446424,2021,1967.7580190972367,"{""geodesic"":false,""type"":""Point"",""coordinates"":[84.12268986560838,21.463671662288757]}"
267,0.0,188,2020,0,0,21.597520639622566,83.97015593036488,-0.21389188,0.39112747,2021,1951.7218133056315,"{""geodesic"":false,""type"":""Point"",""coordinates"":[83.97015593036488,21.597520639622566]}"
268,399.2492955535426,197,2020,0,4,21.51712142169387,84.17757692946809,0.25726232,-0.36560297,2021,1884.2692036676162,"{""geodesic"":false,""type"":""Point"",""coordinates"":[84.17757692946809,21.51712142169387]}"
269,574.2821606144493,180,2020,0,5,21.43573405695264,84.13248150220528,0.37907284,-0.43360686,2021,2017.5110873314552,"{""geodesic"":false,""type"":""Point"",""coordinates"":[84.13248150220528,21.43573405695264]}"
270,1280.0,165,2020,0,4,21.500322925880834,83.98219335517209,0.47040218,-0.48479694,2021,1973.5760219825897,"{""geodesic"":false,""type"":""Point"",""coordinates"":[83.98219335517209,21.500322925880834]}"
271,31.622776601683796,144,2020,0,1,21.413276174849653,84.0018664598943,0.72531307,-0.6329762,2021,2013.2559463274083,"{""geodesic"":false,""type"":""Point"",""coordinates"":[84.0018664598943,21.413276174849653]}"
272,626.418390534633,182,2020,0,1,21.576230567388933,84.08352331922077,0.5305276,-0.4980522,2021,1868.8200380303497,"{""geodesic"":false,""type"":""Point"",""coordinates"":[84.08352331922077,21.576230567388933]}"
273,0.0,188,2020,0,0,21.551616728604056,83.88661260894177,-0.11082843,0.35457063,2021,1889.884452931583,"{""geodesic"":false,""type"":""Point"",""coordinates"":[83.88661260894177,21.551616728604056]}"
274,590.3388857258177,186,2020,0,1,21.56221684895667,84.01543102068452,0.4096569,-0.44539124,2021,1876.4415249633857,"{""geodesic"":false,""type"":""Point"",""coordinates"":[84.01543102068452,21.56221684895667]}"
275,1280.0,200,2020,0,5,21.598957944077156,84.06555701353838,0.27328905,-0.39001763,2021,1868.8200380303497,"{""geodesic"":false,""type"":""Point"",""coordinates"":[84.06555701353838,21.598957944077156]}"
276,538.5164807134504,198,2020,0,1,21.563564321882847,84.17407349986001,0.5302334,-0.5301337,2021,1883.2621832626537,"{""geodesic"":false,""type"":""Point"",""coordinates"":[84.17407349986001,21.563564321882847]}"
277,1222.620137246234,151,2020,0,1,21.378331710297402,83.90386026239686,0.58286554,-0.548776,2021,2012.131670991541,"{""geodesic"":false,""type"":""Point"",""coordinates"":[83.90386026239686,21.378331710297402]}"
278,1200.0,166,2020,0,4,21.514965465011983,84.00132747072384,0.5504358,-0.54201484,2021,1930.7376822684455,"{""geodesic"":false,""type"":""Point"",""coordinates"":[84.00132747072384,21.514965465011983]}"
279,0.0,188,2020,0,0,21.568864382059154,83.94194883044354,-0.1832544,0.40153664,2021,1937.2421719431877,"{""geodesic"":false,""type"":""Point"",""coordinates"":[83.94194883044354,21.568864382059154]}"
280,1094.5775440780794,165,2020,0,1,21.429715344549038,83.86963445007191,0.6265026,-0.5677241,2021,1962.5139900985523,"{""geodesic"":false,""type"":""Point"",""coordinates"":[83.86963445007191,21.429715344549038]}"
281,151.32745950421557,158,2020,0,1,21.510024730949326,84.02648029867919,0.640669,-0.5699572,2021,1930.7376822684455,"{""geodesic"":false,""type"":""Point"",""coordinates"":[84.02648029867919,21.510024730949326]}"
282,1280.0,154,2020,0,1,21.375097775274572,84.00159696530908,0.6221151,-0.5607914,2021,1966.40545485873,"{""geodesic"":false,""type"":""Point"",""coordinates"":[84.00159696530908,21.375097775274572]}"
283,1280.0,177,2020,0,1,21.393962396241083,83.93898439000594,0.6229918,-0.57310355,2021,2012.131670991541,"{""geodesic"":false,""type"":""Point"",""coordinates"":[83.93898439000594,21.393962396241083]}"
284,0.0,188,2020,0,0,21.598329123378274,83.88122271723705,-0.18926433,0.3723846,2021,1889.884452931583,"{""geodesic"":false,""type"":""Point"",""coordinates"":[83.88122271723705,21.598329123378274]}"
285,1072.240644631605,153,2020,0,6,21.401867570741334,84.00896315063885,0.6492644,-0.57132226,2021,2013.2559463274083,"{""geodesic"":false,""type"":""Point"",""coordinates"":[84.00896315063885,21.401867570741334]}"
286,660.9841147864296,192,2020,0,1,21.5301469933136,84.14146465504648,0.50036675,-0.5150215,2021,1923.0386886510678,"{""geodesic"":false,""type"":""Point"",""coordinates"":[84.14146465504648,21.5301469933136]}"
287,333.01651610693426,194,2020,0,4,21.5323927815239,84.15916146614363,0.4139986,-0.4519845,2021,1884.2692036676162,"{""geodesic"":false,""type"":""Point"",""coordinates"":[84.15916146614363,21.5323927815239]}"
288,943.6630754670864,148,2020,0,4,21.3580297848763,83.9807560507175,0.48047507,-0.5086996,2021,2031.3388504182512,"{""geodesic"":false,""type"":""Point"",""coordinates"":[83.9807560507175,21.3580297848763]}"
289,0.0,188,2020,0,0,21.587369676912015,83.98156453447321,-0.20543142,0.42245257,2021,1951.7218133056315,"{""geodesic"":false,""type"":""Point"",""coordinates"":[83.98156453447321,21.587369676912015]}"
290,468.4015371452148,168,2020,0,4,21.544969195501572,84.00806483535473,0.4143189,-0.45797202,2021,1930.7376822684455,"{""geodesic"":false,""type"":""Point"",""coordinates"":[84.00806483535473,21.544969195501572]}"
291,1280.0,386,2020,0,1,21.37491811221775,84.0514534635777,0.7054422,-0.61741936,2021,1933.7276026361214,"{""geodesic"":false,""type"":""Point"",""coordinates"":[84.0514534635777,21.37491811221775]}"
292,1280.0,375,2020,0,1,21.354436523739825,84.06762313869186,0.73122376,-0.6335899,2021,1933.7276026361214,"{""geodesic"":false,""type"":""Point"",""coordinates"":[84.06762313869186,21.354436523739825]}"
293,453.9823785126467,165,2020,0,6,21.49834663225577,83.89038553313507,0.61573994,-0.5781152,2021,1879.913869370008,"{""geodesic"":false,""type"":""Point"",""coordinates"":[83.89038553313507,21.49834663225577]}"
294,475.07894080878816,153,2020,0,4,21.53329109680802,83.88804991339636,0.44103393,-0.47294503,2021,1880.7730644299008,"{""geodesic"":false,""type"":""Point"",""coordinates"":[83.88804991339636,21.53329109680802]}"
295,680.0735254367721,162,2020,0,6,21.535716548075143,83.89406862579996,0.224631,-0.31065804,2021,1880.7730644299008,"{""geodesic"":false,""type"":""Point"",""coordinates"":[83.89406862579996,21.535716548075143]}"
296,1280.0,166,2020,0,6,21.537962336285442,84.0228870375427,0.3426456,-0.41077396,2021,1930.7376822684455,"{""geodesic"":false,""type"":""Point"",""coordinates"":[84.0228870375427,21.537962336285442]}"
297,335.4101966249684,189,2020,0,1,21.55673712572354,83.95775917944404,0.35269052,-0.44001567,2021,1951.7218133056315,"{""geodesic"":false,""type"":""Point"",""coordinates"":[83.95775917944404,21.55673712572354]}"
298,866.8333173107735,165,2020,0,1,21.466905597311587,84.09592007014162,0.50600624,-0.49306652,2021,1980.8196407325013,"{""geodesic"":false,""type"":""Point"",""coordinates"":[84.09592007014162,21.466905597311587]}"
299,0.0,188,2020,0,0,21.56086937603049,83.93027073174999,-0.19239016,0.36738133,2021,1937.2421719431877,"{""geodesic"":false,""type"":""Point"",""coordinates"":[83.93027073174999,21.56086937603049]}"
300,1280.0,163,2020,0,6,21.500053431295598,83.97653396888214,0.3665173,-0.40204212,2021,1973.5760219825897,"{""geodesic"":false,""type"":""Point"",""coordinates"":[83.97653396888214,21.500053431295598]}"
301,647.6109943476871,158,2020,0,4,21.515055296540393,83.93593011803993,0.48364347,-0.48364833,2021,1914.9658808208915,"{""geodesic"":false,""type"":""Point"",""coordinates"":[83.93593011803993,21.515055296540393]}"
302,0.0,188,2020,0,0,21.571738990968335,83.86136994945801,-0.13387111,0.388539,2021,1889.884452931583,"{""geodesic"":false,""type"":""Point"",""coordinates"":[83.86136994945801,21.571738990968335]}"
303,1112.2050170719426,183,2020,0,1,21.524936764665707,83.9724915501036,0.32251683,-0.40484154,2021,1973.5760219825897,"{""geodesic"":false,""type"":""Point"",""coordinates"":[83.9724915501036,21.524936764665707]}"
304,517.8802950489621,180,2020,0,6,21.453790194163442,84.14335111714313,0.40771937,-0.41400093,2021,1967.7580190972367,"{""geodesic"":false,""type"":""Point"",""coordinates"":[84.14335111714313,21.453790194163442]}"
305,608.7692502089769,164,2020,0,4,21.404652348122106,84.0581908282086,0.49893177,-0.5129385,2021,1956.868612972743,"{""geodesic"":false,""type"":""Point"",""coordinates"":[84.0581908282086,21.404652348122106]}"
306,315.75306807693886,188,2020,0,1,21.435823888481053,84.15691567793334,0.53223,-0.48588875,2021,1983.820738914481,"{""geodesic"":false,""type"":""Point"",""coordinates"":[84.15691567793334,21.435823888481053]}"
307,0.0,188,2020,0,0,21.5632049957692,83.937906411665,-0.17945206,0.35784045,2021,1937.2421719431877,"{""geodesic"":false,""type"":""Point"",""coordinates"":[83.937906411665,21.5632049957692]}"
308,976.3708311906906,153,2020,0,4,21.35335854539888,83.98021706154702,0.41349795,-0.45167467,2021,2031.3388504182512,"{""geodesic"":false,""type"":""Point"",""coordinates"":[83.98021706154702,21.35335854539888]}"
309,917.8235124467012,196,2020,0,1,21.394142059297906,84.16257506422329,0.52616185,-0.52726907,2021,1989.0276167842967,"{""geodesic"":false,""type"":""Point"",""coordinates"":[84.16257506422329,21.394142059297906]}"
310,0.0,188,2020,0,0,21.57874585018447,83.89263132134538,-0.16825083,0.37454748,2021,1889.884452931583,"{""geodesic"":false,""type"":""Point"",""coordinates"":[83.89263132134538,21.57874585018447]}"
311,1280.0,162,2020,0,4,21.42234915921926,84.06142476323143,0.52074516,-0.5061371,2021,1956.868612972743,"{""geodesic"":false,""type"":""Point"",""coordinates"":[84.06142476323143,21.42234915921926]}"
312,1280.0,166,2020,0,4,21.502389051034307,83.98920021438822,0.48855537,-0.50210947,2021,1973.5760219825897,"{""geodesic"":false,""type"":""Point"",""coordinates"":[83.98920021438822,21.502389051034307]}"
313,102.95630140987001,165,2020,0,1,21.506431469812846,83.87727012998693,0.460475,-0.5080834,2021,1880.7730644299008,"{""geodesic"":false,""type"":""Point"",""coordinates"":[83.87727012998693,21.506431469812846]}"
314,825.6512580987205,151,2020,0,4,21.394501385411555,83.99602741054753,0.4883721,-0.4841063,2021,2031.3388504182512,"{""geodesic"":false,""type"":""Point"",""coordinates"":[83.99602741054753,21.394501385411555]}"
315,487.95491595023407,147,2020,0,5,21.480200663516555,83.94715905909143,0.34327513,-0.3798012,2021,1938.3774942638702,"{""geodesic"":false,""type"":""Point"",""coordinates"":[83.94715905909143,21.480200663516555]}"
316,1280.0,165,2020,0,1,21.491699099153287,84.12053390892649,0.5360184,-0.5191963,2021,1967.7580190972367,"{""geodesic"":false,""type"":""Point"",""coordinates"":[84.12053390892649,21.491699099153287]}"
317,1280.0,343,2020,0,1,21.36988754662668,84.03043288592932,0.7367959,-0.6437082,2021,1966.40545485873,"{""geodesic"":false,""type"":""Point"",""coordinates"":[84.03043288592932,21.36988754662668]}"
318,458.9117562233506,150,2020,0,4,21.395938689866146,83.90439925156734,0.4554873,-0.4802445,2021,2012.131670991541,"{""geodesic"":false,""type"":""Point"",""coordinates"":[83.90439925156734,21.395938689866146]}"
319,212.13203435596427,148,2020,0,1,21.36261119282531,83.97500683289914,0.43570036,-0.45495272,2021,2031.3388504182512,"{""geodesic"":false,""type"":""Point"",""coordinates"":[83.97500683289914,21.36261119282531]}"
320,1000.0499987500625,153,2020,0,4,21.37958935169517,83.98030689307544,0.3573603,-0.42219257,2021,2031.3388504182512,"{""geodesic"":false,""type"":""Point"",""coordinates"":[83.98030689307544,21.37958935169517]}"
321,720.0694410957876,196,2020,0,1,21.591591758747377,84.15673601487651,0.40458697,-0.40529817,2021,1883.2621832626537,"{""geodesic"":false,""type"":""Point"",""coordinates"":[84.15673601487651,21.591591758747377]}"
322,631.5061361538777,180,2020,0,4,21.568684719002327,84.06106543711779,0.49154952,-0.50061274,2021,1868.8200380303497,"{""geodesic"":false,""type"":""Point"",""coordinates"":[84.06106543711779,21.568684719002327]}"
323,228.0350850198276,156,2020,0,1,21.469870037749182,84.0612451001746,0.64131796,-0.57171136,2021,1980.8196407325013,"{""geodesic"":false,""type"":""Point"",""coordinates"":[84.0612451001746,21.469870037749182]}"
324,311.44823004794875,184,2020,0,1,21.43474591014011,84.15035797635926,0.40740123,-0.44083124,2021,1983.820738914481,"{""geodesic"":false,""type"":""Point"",""coordinates"":[84.15035797635926,21.43474591014011]}"
325,100.0,162,2020,0,1,21.47337346735725,84.08505045520377,0.66916555,-0.58943295,2021,1980.8196407325013,"{""geodesic"":false,""type"":""Point"",""coordinates"":[84.08505045520377,21.47337346735725]}"
326,966.4884893261792,157,2020,0,1,21.361353551427545,83.85669870998059,0.5853667,-0.53694713,2021,1952.9097906150273,"{""geodesic"":false,""type"":""Point"",""coordinates"":[83.85669870998059,21.361353551427545]}"
327,834.8652585896721,155,2020,0,5,21.385608064098772,83.90978914327205,0.4115137,-0.44128236,2021,2012.131670991541,"{""geodesic"":false,""type"":""Point"",""coordinates"":[83.90978914327205,21.385608064098772]}"
328,10.0,145,2020,0,3,21.460797053379576,83.95497440206327,0.23806052,-0.049573496,2021,1988.3089408631204,"{""geodesic"":false,""type"":""Point"",""coordinates"":[83.95497440206327,21.460797053379576]}"
329,392.0459156782532,147,2020,0,4,21.408964261485878,84.00132747072384,0.43244845,-0.44787177,2021,2013.2559463274083,"{""geodesic"":false,""type"":""Point"",""coordinates"":[84.00132747072384,21.408964261485878]}"
330,374.8332962798263,196,2020,0,1,21.56877455053074,84.15125629164338,0.3283591,-0.41184625,2021,1883.2621832626537,"{""geodesic"":false,""type"":""Point"",""coordinates"":[84.15125629164338,21.56877455053074]}"
331,130.0,163,2020,0,1,21.5406572821378,84.06088577406096,0.6627697,-0.60728484,2021,1924.836797689757,"{""geodesic"":false,""type"":""Point"",""coordinates"":[84.06088577406096,21.5406572821378]}"
332,277.308492477241,161,2020,0,4,21.437261192935644,83.92847410118175,0.5301904,-0.5166147,2021,2009.2930683225277,"{""geodesic"":false,""type"":""Point"",""coordinates"":[83.92847410118175,21.437261192935644]}"
333,1280.0,338,2020,0,1,21.367372263831143,84.05486706165736,0.66839975,-0.5921871,2021,1933.7276026361214,"{""geodesic"":false,""type"":""Point"",""coordinates"":[84.05486706165736,21.367372263831143]}"
334,291.547594742265,182,2020,0,1,21.478224369891493,84.17137855400766,0.502235,-0.48141506,2021,1918.5559945498535,"{""geodesic"":false,""type"":""Point"",""coordinates"":[84.17137855400766,21.478224369891493]}"
335,408.166632639171,217,2020,0,1,21.35057376801811,84.0814571940673,0.46930867,-0.44840032,2021,1933.7276026361214,"{""geodesic"":false,""type"":""Point"",""coordinates"":[84.0814571940673,21.35057376801811]}"
336,823.4682750416072,181,2020,0,1,21.410221902883645,84.18206850588868,0.26825115,-0.33687624,2021,1983.820738914481,"{""geodesic"":false,""type"":""Point"",""coordinates"":[84.18206850588868,21.410221902883645]}"
337,1280.0,165,2020,0,1,21.430793322889983,84.08567927590266,0.582674,-0.5414689,2021,1956.868612972743,"{""geodesic"":false,""type"":""Point"",""coordinates"":[84.08567927590266,21.430793322889983]}"
338,673.5725647619564,159,2020,0,6,21.444717209793836,83.9928833070531,0.23512568,-0.2547058,2021,1990.8268260547193,"{""geodesic"":false,""type"":""Point"",""coordinates"":[83.9928833070531,21.444717209793836]}"
339,1042.0172743289816,165,2020,0,4,21.52906901497266,83.93880472694912,0.54200435,-0.5381211,2021,1914.9658808208915,"{""geodesic"":false,""type"":""Point"",""coordinates"":[83.93880472694912,21.52906901497266]}"
340,300.8321791298265,157,2020,0,1,21.468792059408237,84.0649281928395,0.5911457,-0.5518267,2021,1980.8196407325013,"{""geodesic"":false,""type"":""Point"",""coordinates"":[84.0649281928395,21.468792059408237]}"
341,579.827560572969,155,2020,0,5,21.41498297388948,83.91499937191995,0.38362193,-0.39670873,2021,2009.2930683225277,"{""geodesic"":false,""type"":""Point"",""coordinates"":[83.91499937191995,21.41498297388948]}"
342,130.384048104053,167,2020,0,1,21.47067852150489,84.15404106902416,0.6034564,-0.5494155,2021,1918.5559945498535,"{""geodesic"":false,""type"":""Point"",""coordinates"":[84.15404106902416,21.47067852150489]}"
343,1280.0,173,2020,0,4,21.565810110093146,84.04507542506046,0.44470403,-0.45079744,2021,1876.4415249633857,"{""geodesic"":false,""type"":""Point"",""coordinates"":[84.04507542506046,21.565810110093146]}"
344,630.7138812488591,177,2020,0,5,21.459090254339745,84.17092939636561,0.31708246,-0.3912294,2021,1918.5559945498535,"{""geodesic"":false,""type"":""Point"",""coordinates"":[84.17092939636561,21.459090254339745]}"
345,750.066663703967,201,2020,0,4,21.596532492810034,84.1678751243996,0.3179838,-0.42013508,2021,1883.2621832626537,"{""geodesic"":false,""type"":""Point"",""coordinates"":[84.1678751243996,21.596532492810034]}"
346,1184.0608092492548,174,2020,0,1,21.459808906567044,84.12888824106881,0.57388055,-0.53488594,2021,1967.7580190972367,"{""geodesic"":false,""type"":""Point"",""coordinates"":[84.12888824106881,21.459808906567044]}"
347,264.0075756488817,160,2020,0,4,21.466276776612702,84.05091447440724,0.4602066,-0.48045436,2021,1980.8196407325013,"{""geodesic"":false,""type"":""Point"",""coordinates"":[84.05091447440724,21.466276776612702]}"
348,247.58836806279896,177,2020,0,4,21.393333575542197,84.05881964890749,0.24323069,-0.35357752,2021,1933.7276026361214,"{""geodesic"":false,""type"":""Point"",""coordinates"":[84.05881964890749,21.393333575542197]}"
349,700.2856560004639,159,2020,0,4,21.500412757409244,84.02234804837224,0.5330685,-0.5193425,2021,1930.7376822684455,"{""geodesic"":false,""type"":""Point"",""coordinates"":[84.02234804837224,21.500412757409244]}"
350,820.243866176395,207,2020,0,1,21.397016668207087,84.15898180308682,0.56707066,-0.5314413,2021,1989.0276167842967,"{""geodesic"":false,""type"":""Point"",""coordinates"":[84.15898180308682,21.397016668207087]}"
351,0.0,188,2020,0,0,21.541286102836683,83.87349720579363,-0.17934345,0.3838437,2021,1880.7730644299008,"{""geodesic"":false,""type"":""Point"",""coordinates"":[83.87349720579363,21.541286102836683]}"
352,648.8451279003334,176,2020,0,7,21.558713419348603,84.07939106891382,0.057993248,-0.2687132,2021,1868.8200380303497,"{""geodesic"":false,""type"":""Point"",""coordinates"":[84.07939106891382,21.558713419348603]}"
353,483.73546489791295,154,2020,0,1,21.406359147161933,83.9867747631211,0.60748684,-0.5781092,2021,1990.8268260547193,"{""geodesic"":false,""type"":""Point"",""coordinates"":[83.9867747631211,21.406359147161933]}"
354,0.0,188,2020,0,0,21.572727137780866,83.88131254876546,-0.15250947,0.32834786,2021,1889.884452931583,"{""geodesic"":false,""type"":""Point"",""coordinates"":[83.88131254876546,21.572727137780866]}"
355,28.284271247461902,145,2020,0,0,21.49798730614212,83.91517903497677,0.21199329,-0.25371358,2021,1938.3774942638702,"{""geodesic"":false,""type"":""Point"",""coordinates"":[83.91517903497677,21.49798730614212]}"
356,134.1640786499874,136,2020,0,4,21.390279303576193,83.969527109666,0.4637939,-0.4526486,2021,2031.3388504182512,"{""geodesic"":false,""type"":""Point"",""coordinates"":[83.969527109666,21.390279303576193]}"
357,0.0,188,2020,0,0,21.56051004991684,83.9266774706135,-0.18146124,0.35435528,2021,1937.2421719431877,"{""geodesic"":false,""type"":""Point"",""coordinates"":[83.9266774706135,21.56051004991684]}"
358,563.0275304103699,198,2020,0,5,21.350933094131758,84.11613216403431,0.35306036,-0.40841922,2021,1986.066358042619,"{""geodesic"":false,""type"":""Point"",""coordinates"":[84.11613216403431,21.350933094131758]}"
359,310.16124838541646,167,2020,0,6,21.53158429776819,83.89200250064648,0.6617492,-0.5696772,2021,1880.7730644299008,"{""geodesic"":false,""type"":""Point"",""coordinates"":[83.89200250064648,21.53158429776819]}"
360,771.7512552629896,165,2020,0,6,21.53194362388184,83.89829070763533,0.19970863,-0.23610233,2021,1880.7730644299008,"{""geodesic"":false,""type"":""Point"",""coordinates"":[83.89829070763533,21.53194362388184]}"
361,417.61226035642204,157,2020,0,5,21.496280507102295,83.92604864991462,0.36768776,-0.3891278,2021,1938.3774942638702,"{""geodesic"":false,""type"":""Point"",""coordinates"":[83.92604864991462,21.496280507102295]}"
362,1280.0,168,2020,0,4,21.505173828415078,84.04112283781033,0.49878135,-0.49144,2021,1930.7376822684455,"{""geodesic"":false,""type"":""Point"",""coordinates"":[84.04112283781033,21.505173828415078]}"
363,707.1067811865476,192,2020,0,1,21.381565645320233,84.15826315085951,0.5684475,-0.5697896,2021,1989.0276167842967,"{""geodesic"":false,""type"":""Point"",""coordinates"":[84.15826315085951,21.381565645320233]}"
364,1020.0,183,2020,0,6,21.449029123157608,84.12251020255155,0.11342218,-0.16840564,2021,2017.5110873314552,"{""geodesic"":false,""type"":""Point"",""coordinates"":[84.12251020255155,21.449029123157608]}"
365,380.52595180880894,162,2020,0,1,21.467803912595706,84.11370671276718,0.6292348,-0.57928056,2021,1967.7580190972367,"{""geodesic"":false,""type"":""Point"",""coordinates"":[84.11370671276718,21.467803912595706]}"
366,1280.0,269,2020,0,1,21.36440782339355,84.05558571388465,0.74937624,-0.66544473,2021,1933.7276026361214,"{""geodesic"":false,""type"":""Point"",""coordinates"":[84.05558571388465,21.36440782339355]}"
367,36.05551275463989,169,2020,0,1,21.45792244447039,84.15835298238792,0.7209555,-0.59163666,2021,1918.5559945498535,"{""geodesic"":false,""type"":""Point"",""coordinates"":[84.15835298238792,21.45792244447039]}"
368,1280.0,166,2020,0,4,21.427289893281916,84.08981152620962,0.59776926,-0.56436276,2021,1956.868612972743,"{""geodesic"":false,""type"":""Point"",""coordinates"":[84.08981152620962,21.427289893281916]}"
369,380.1315561749642,172,2020,0,4,21.519726536017814,83.94742855367666,0.44940525,-0.486169,2021,1914.9658808208915,"{""geodesic"":false,""type"":""Point"",""coordinates"":[83.94742855367666,21.519726536017814]}"
370,1280.0,173,2020,0,1,21.418486403497546,84.07085707371469,0.52401614,-0.5244885,2021,1956.868612972743,"{""geodesic"":false,""type"":""Point"",""coordinates"":[84.07085707371469,21.418486403497546]}"
371,205.18284528683193,154,2020,0,6,21.365485801734494,83.87188023828222,0.54911375,-0.52192646,2021,1952.9097906150273,"{""geodesic"":false,""type"":""Point"",""coordinates"":[83.87188023828222,21.365485801734494]}"
372,148.66068747318505,199,2020,0,6,21.583147595076653,84.04516525658887,0.35492638,-0.4244129,2021,1876.4415249633857,"{""geodesic"":false,""type"":""Point"",""coordinates"":[84.04516525658887,21.583147595076653]}"
373,453.10043036836765,282,2020,0,1,21.471397173732186,83.87134124911174,0.7075507,-0.60941464,2021,1879.913869370008,"{""geodesic"":false,""type"":""Point"",""coordinates"":[83.87134124911174,21.471397173732186]}"
374,690.5070600652828,183,2020,0,5,21.581440796036826,84.06241291004396,0.2738022,-0.38468373,2021,1868.8200380303497,"{""geodesic"":false,""type"":""Point"",""coordinates"":[84.06241291004396,21.581440796036826]}"
375,460.0,163,2020,0,1,21.4812786418575,84.0882843902266,0.6703905,-0.5889214,2021,1980.8196407325013,"{""geodesic"":false,""type"":""Point"",""coordinates"":[84.0882843902266,21.4812786418575]}"
376,0.0,194,2020,0,0,21.583506921190303,84.00096814461018,-0.053142384,0.17937362,2021,1876.4415249633857,"{""geodesic"":false,""type"":""Point"",""coordinates"":[84.00096814461018,21.583506921190303]}"
377,424.38190347845887,190,2020,0,1,21.5774882087867,84.12098306656856,0.5799348,-0.5477937,2021,1875.6384400060415,"{""geodesic"":false,""type"":""Point"",""coordinates"":[84.12098306656856,21.5774882087867]}"
378,1124.4998888394787,198,2020,0,5,21.37698423737122,84.18494311479786,0.43990374,-0.46526626,2021,1989.0276167842967,"{""geodesic"":false,""type"":""Point"",""coordinates"":[84.18494311479786,21.37698423737122]}"
379,1280.0,200,2020,0,1,21.36171287754119,84.18638041925246,0.69708395,-0.59971565,2021,1989.0276167842967,"{""geodesic"":false,""type"":""Point"",""coordinates"":[84.18638041925246,21.36171287754119]}"
380,0.0,158,2020,0,0,21.45603598237374,83.9476980482619,-0.026405938,0.20598496,2021,1938.3774942638702,"{""geodesic"":false,""type"":""Point"",""coordinates"":[83.9476980482619,21.45603598237374]}"
381,391.1521443121589,160,2020,0,4,21.496729664744354,84.02549215186666,0.54472005,-0.5299733,2021,2000.2663298181142,"{""geodesic"":false,""type"":""Point"",""coordinates"":[84.02549215186666,21.496729664744354]}"
382,0.0,188,2020,0,0,21.576230567388933,83.95443541289279,-0.183776,0.40555188,2021,1951.7218133056315,"{""geodesic"":false,""type"":""Point"",""coordinates"":[83.95443541289279,21.576230567388933]}"
383,1280.0,302,2020,0,1,21.403754032837984,84.09232680900514,0.69837564,-0.6082103,2021,1956.868612972743,"{""geodesic"":false,""type"":""Point"",""coordinates"":[84.09232680900514,21.403754032837984]}"
384,420.4759208325728,215,2020,0,1,21.582698437434594,84.03501429387832,0.5025952,-0.49594334,2021,1876.4415249633857,"{""geodesic"":false,""type"":""Point"",""coordinates"":[84.03501429387832,21.582698437434594]}"
385,269.2582403567252,161,2020,0,1,21.54074711366621,84.06295189921444,0.55955225,-0.52779603,2021,1924.836797689757,"{""geodesic"":false,""type"":""Point"",""coordinates"":[84.06295189921444,21.54074711366621]}"
386,0.0,188,2020,0,0,21.588267992196133,83.93619961262517,-0.19734208,0.4321007,2021,1937.2421719431877,"{""geodesic"":false,""type"":""Point"",""coordinates"":[83.93619961262517,21.588267992196133]}"
387,478.01673610868477,193,2020,0,5,21.568684719002327,84.15449022666621,0.2904396,-0.39657977,2021,1883.2621832626537,"{""geodesic"":false,""type"":""Point"",""coordinates"":[84.15449022666621,21.568684719002327]}"
388,545.7105459856901,157,2020,0,4,21.46115637949322,84.06438920366902,0.5337441,-0.50463873,2021,1980.8196407325013,"{""geodesic"":false,""type"":""Point"",""coordinates"":[84.06438920366902,21.46115637949322]}"
389,969.3296652842107,147,2020,0,4,21.431961132759337,83.99539858984865,0.3950264,-0.42230418,2021,1990.8268260547193,"{""geodesic"":false,""type"":""Point"",""coordinates"":[83.99539858984865,21.431961132759337]}"
390,142.12670403551894,175,2020,0,1,21.466186945084292,83.87969558125405,0.396038,-0.42706618,2021,1879.913869370008,"{""geodesic"":false,""type"":""Point"",""coordinates"":[83.87969558125405,21.466186945084292]}"
391,487.95491595023407,167,2020,0,1,21.521253672000817,83.95362692913709,0.58461815,-0.5560106,2021,1973.5760219825897,"{""geodesic"":false,""type"":""Point"",""coordinates"":[83.95362692913709,21.521253672000817]}"
392,658.6349520030045,206,2020,0,1,21.55529982126895,84.18656008230928,0.42981344,-0.4699502,2021,1883.2621832626537,"{""geodesic"":false,""type"":""Point"",""coordinates"":[84.18656008230928,21.55529982126895]}"
393,898.0534505250787,165,2020,0,4,21.54155559742192,84.0364515983329,0.5369827,-0.5089318,2021,1930.7376822684455,"{""geodesic"":false,""type"":""Point"",""coordinates"":[84.0364515983329,21.54155559742192]}"
394,990.0505037623082,167,2020,0,6,21.48900415330093,83.97725262110943,0.61019796,-0.61241245,2021,1988.3089408631204,"{""geodesic"":false,""type"":""Point"",""coordinates"":[83.97725262110943,21.48900415330093]}"
395,1280.0,169,2020,0,4,21.51218068763121,83.99683589430323,0.4857185,-0.51979756,2021,1973.5760219825897,"{""geodesic"":false,""type"":""Point"",""coordinates"":[83.99683589430323,21.51218068763121]}"
396,751.6648189186453,251,2020,0,1,21.37446895457569,84.09843535293716,0.70701593,-0.620755,2021,1933.7276026361214,"{""geodesic"":false,""type"":""Point"",""coordinates"":[84.09843535293716,21.37446895457569]}"
397,967.9876032264049,169,2020,0,1,21.45729362377151,83.90610605060716,0.63355654,-0.5595221,2021,1938.3774942638702,"{""geodesic"":false,""type"":""Point"",""coordinates"":[83.90610605060716,21.45729362377151]}"
398,94.33981132056603,153,2020,0,1,21.476876896965315,84.05711284986766,0.3603036,-0.39754,2021,1980.8196407325013,"{""geodesic"":false,""type"":""Point"",""coordinates"":[84.05711284986766,21.476876896965315]}"
399,136.01470508735443,200,2020,0,1,21.36494681256402,84.15251393304115,0.6722025,-0.57461756,2021,1989.0276167842967,"{""geodesic"":false,""type"":""Point"",""coordinates"":[84.15251393304115,21.36494681256402]}"
400,1280.0,152,2020,0,4,21.415791457645184,84.04902801231059,0.12921913,-0.21006456,2021,2013.2559463274083,"{""geodesic"":false,""type"":""Point"",""coordinates"":[84.04902801231059,21.415791457645184]}"
401,156.20499351813308,206,2020,0,1,21.368540073700498,84.12691194744374,0.6398433,-0.57396066,2021,1986.066358042619,"{""geodesic"":false,""type"":""Point"",""coordinates"":[84.12691194744374,21.368540073700498]}"
402,36.05551275463989,169,2020,0,0,21.41929488725325,83.92910292188063,0.5110943,-0.3827441,2021,2009.2930683225277,"{""geodesic"":false,""type"":""Point"",""coordinates"":[83.92910292188063,21.41929488725325]}"
403,678.9698078707182,203,2020,0,1,21.586381530099484,84.10122013031793,0.70619494,-0.6020461,2021,1875.6384400060415,"{""geodesic"":false,""type"":""Point"",""coordinates"":[84.10122013031793,21.586381530099484]}"
404,644.0496875241847,165,2020,0,1,21.470229363862828,84.09609973319844,0.5024403,-0.45779073,2021,1980.8196407325013,"{""geodesic"":false,""type"":""Point"",""coordinates"":[84.09609973319844,21.470229363862828]}"
405,272.02941017470886,198,2020,0,4,21.550628581791525,84.17874473933745,0.35126832,-0.43189338,2021,1883.2621832626537,"{""geodesic"":false,""type"":""Point"",""coordinates"":[84.17874473933745,21.550628581791525]}"
406,215.870331449229,155,2020,0,6,21.35246023011476,83.8897567124362,0.43602428,-0.43433097,2021,1952.9097906150273,"{""geodesic"":false,""type"":""Point"",""coordinates"":[83.8897567124362,21.35246023011476]}"
407,0.0,188,2020,0,0,21.579913660053823,83.91347223593695,-0.20693848,0.42384464,2021,1937.2421719431877,"{""geodesic"":false,""type"":""Point"",""coordinates"":[83.91347223593695,21.579913660053823]}"
408,1062.308806327049,197,2020,0,1,21.376714742785985,84.16598866230295,0.7204046,-0.6051275,2021,1989.0276167842967,"{""geodesic"":false,""type"":""Point"",""coordinates"":[84.16598866230295,21.376714742785985]}"
409,788.9233169326408,156,2020,0,4,21.459629243510218,84.06744347563503,0.5,-0.5162153,2021,1980.8196407325013,"{""geodesic"":false,""type"":""Point"",""coordinates"":[84.06744347563503,21.459629243510218]}"
410,504.8762224545735,161,2020,0,4,21.511102709290267,83.94751838520507,0.41268355,-0.43847817,2021,1914.9658808208915,"{""geodesic"":false,""type"":""Point"",""coordinates"":[83.94751838520507,21.511102709290267]}"
411,331.05890714493694,156,2020,0,4,21.468702227879827,84.01327506400263,0.5168455,-0.5232319,2021,2000.2663298181142,"{""geodesic"":false,""type"":""Point"",""coordinates"":[84.01327506400263,21.468702227879827]}"
412,266.8332812825267,164,2020,0,4,21.461785200192107,84.06196375240191,0.47270328,-0.47020864,2021,1980.8196407325013,"{""geodesic"":false,""type"":""Point"",""coordinates"":[84.06196375240191,21.461785200192107]}"
413,318.9043743820395,175,2020,0,1,21.548113298995993,83.8943381203852,0.56549275,-0.5193298,2021,1880.7730644299008,"{""geodesic"":false,""type"":""Point"",""coordinates"":[83.8943381203852,21.548113298995993]}"
414,278.0287754891569,176,2020,0,1,21.45459867791915,84.16194624352441,0.7099112,-0.59798014,2021,1918.5559945498535,"{""geodesic"":false,""type"":""Point"",""coordinates"":[84.16194624352441,21.45459867791915]}"
415,482.70073544588683,187,2020,0,1,21.568055898303445,83.98812223604727,0.44625315,-0.3716498,2021,1951.7218133056315,"{""geodesic"":false,""type"":""Point"",""coordinates"":[83.98812223604727,21.568055898303445]}"
416,424.4997055358225,165,2020,0,5,21.476966728493725,83.89757205540803,0.40915737,-0.44150418,2021,1879.913869370008,"{""geodesic"":false,""type"":""Point"",""coordinates"":[83.89757205540803,21.476966728493725]}"
417,935.0935782048768,159,2020,0,4,21.43205096428775,83.9251503346305,0.5950563,-0.5320594,2021,2009.2930683225277,"{""geodesic"":false,""type"":""Point"",""coordinates"":[83.9251503346305,21.43205096428775]}"
418,885.4942122905152,175,2020,0,4,21.4812786418575,84.15538854195033,0.35217723,-0.37869415,2021,1918.5559945498535,"{""geodesic"":false,""type"":""Point"",""coordinates"":[84.15538854195033,21.4812786418575]}"
419,1200.74976577137,172,2020,0,4,21.421181349349904,83.85759702526471,0.5264765,-0.47255358,2021,1962.5139900985523,"{""geodesic"":false,""type"":""Point"",""coordinates"":[83.85759702526471,21.421181349349904]}"
420,1134.6365056704283,185,2020,0,6,21.446154514248427,83.90143481112975,0.39660072,-0.39615613,2021,2009.2930683225277,"{""geodesic"":false,""type"":""Point"",""coordinates"":[83.90143481112975,21.446154514248427]}"
421,0.0,188,2020,0,0,21.59311889473038,83.96773047909777,-0.26461077,0.44677278,2021,1951.7218133056315,"{""geodesic"":false,""type"":""Point"",""coordinates"":[83.96773047909777,21.59311889473038]}"
422,604.1522986797286,192,2020,0,4,21.556198136553068,84.16428186326311,0.26516193,-0.38773942,2021,1883.2621832626537,"{""geodesic"":false,""type"":""Point"",""coordinates"":[84.16428186326311,21.556198136553068]}"
423,0.0,188,2020,0,0,21.559701566161134,83.92919275340904,-0.18880525,0.3579472,2021,1937.2421719431877,"{""geodesic"":false,""type"":""Point"",""coordinates"":[83.92919275340904,21.559701566161134]}"
424,989.9494936611666,157,2020,0,4,21.47067852150489,84.02558198339506,0.4345054,-0.4794889,2021,2000.2663298181142,"{""geodesic"":false,""type"":""Point"",""coordinates"":[84.02558198339506,21.47067852150489]}"
425,1056.0303025955268,195,2020,0,1,21.404562516593693,83.93305550913075,0.66342455,-0.57474583,2021,2009.2930683225277,"{""geodesic"":false,""type"":""Point"",""coordinates"":[83.93305550913075,21.404562516593693]}"
426,1280.0,166,2020,0,4,21.498077137670535,84.049117843839,0.47923613,-0.5075687,2021,2000.2663298181142,"{""geodesic"":false,""type"":""Point"",""coordinates"":[84.049117843839,21.498077137670535]}"
427,1280.0,257,2020,0,1,21.595544345997503,84.08693691730042,0.723882,-0.61751616,2021,1868.8200380303497,"{""geodesic"":false,""type"":""Point"",""coordinates"":[84.08693691730042,21.595544345997503]}"
428,1280.0,163,2020,0,1,21.38839284147954,83.93979287376165,0.57974964,-0.510091,2021,2012.131670991541,"{""geodesic"":false,""type"":""Point"",""coordinates"":[83.93979287376165,21.38839284147954]}"
429,0.0,188,2020,0,0,21.573535621536575,83.96485587018859,-0.18745333,0.38242427,2021,1951.7218133056315,"{""geodesic"":false,""type"":""Point"",""coordinates"":[83.96485587018859,21.573535621536575]}"
430,220.90722034374522,150,2020,0,4,21.466366608141115,84.01354455858787,0.47026077,-0.48549438,2021,2000.2663298181142,"{""geodesic"":false,""type"":""Point"",""coordinates"":[84.01354455858787,21.466366608141115]}"
431,1078.702924812944,235,2020,0,1,21.59213074791785,84.11424570193766,0.74928224,-0.6365829,2021,1875.6384400060415,"{""geodesic"":false,""type"":""Point"",""coordinates"":[84.11424570193766,21.59213074791785]}"
432,610.3277807866851,163,2020,0,6,21.392255597201256,83.8943381203852,0.19730467,-0.24939437,2021,1952.9097906150273,"{""geodesic"":false,""type"":""Point"",""coordinates"":[83.8943381203852,21.392255597201256]}"
433,0.0,188,2020,0,0,21.57137966485469,83.96386772337605,-0.18289302,0.36813554,2021,1951.7218133056315,"{""geodesic"":false,""type"":""Point"",""coordinates"":[83.96386772337605,21.57137966485469]}"
434,0.0,188,2020,0,0,21.573535621536575,83.88670244047019,-0.19119021,0.38678294,2021,1889.884452931583,"{""geodesic"":false,""type"":""Point"",""coordinates"":[83.88670244047019,21.573535621536575]}"
435,503.2891812864648,155,2020,0,6,21.473463298885658,84.00842416146838,0.42541617,-0.42410558,2021,2000.2663298181142,"{""geodesic"":false,""type"":""Point"",""coordinates"":[84.00842416146838,21.473463298885658]}"
436,344.81879299133334,160,2020,0,1,21.41354566943489,83.9168858340166,0.35164908,-0.40693662,2021,2009.2930683225277,"{""geodesic"":false,""type"":""Point"",""coordinates"":[83.9168858340166,21.41354566943489]}"
437,680.6614430096654,219,2020,0,1,21.3625213612969,84.12053390892649,0.6666377,-0.56692785,2021,1986.066358042619,"{""geodesic"":false,""type"":""Point"",""coordinates"":[84.12053390892649,21.3625213612969]}"
438,714.0028011149536,164,2020,0,4,21.537782673228616,84.05181278969135,0.40706939,-0.4573809,2021,1924.836797689757,"{""geodesic"":false,""type"":""Point"",""coordinates"":[84.05181278969135,21.537782673228616]}"
439,1125.3888216967503,202,2020,0,5,21.570750844155803,84.00384275351936,0.27592203,-0.3650712,2021,1876.4415249633857,"{""geodesic"":false,""type"":""Point"",""coordinates"":[84.00384275351936,21.570750844155803]}"
440,325.7299494980466,209,2020,0,1,21.593388389315617,84.13670358404065,0.64509374,-0.5693805,2021,1875.6384400060415,"{""geodesic"":false,""type"":""Point"",""coordinates"":[84.13670358404065,21.593388389315617]}"
441,190.26297590440447,185,2020,0,4,21.534997895847848,84.10193878254522,0.31949767,-0.3996074,2021,1923.0386886510678,"{""geodesic"":false,""type"":""Point"",""coordinates"":[84.10193878254522,21.534997895847848]}"
442,1280.0,179,2020,0,4,21.45693429765786,83.86388523225355,0.44030076,-0.47585443,2021,1879.913869370008,"{""geodesic"":false,""type"":""Point"",""coordinates"":[83.86388523225355,21.45693429765786]}"
443,693.757882838098,173,2020,0,4,21.55592864196783,84.01659883055387,0.5758234,-0.5193876,2021,1876.4415249633857,"{""geodesic"":false,""type"":""Point"",""coordinates"":[84.01659883055387,21.55592864196783]}"
444,1140.701538527936,177,2020,0,1,21.40492184270734,83.94078102057418,0.64325786,-0.56622446,2021,2009.2930683225277,"{""geodesic"":false,""type"":""Point"",""coordinates"":[83.94078102057418,21.40492184270734]}"
445,1280.0,174,2020,0,4,21.572098317081984,84.0289057499463,0.4961105,-0.5005175,2021,1876.4415249633857,"{""geodesic"":false,""type"":""Point"",""coordinates"":[84.0289057499463,21.572098317081984]}"
446,1280.0,170,2020,0,4,21.49798730614212,84.12673228438692,0.484766,-0.51332223,2021,1967.7580190972367,"{""geodesic"":false,""type"":""Point"",""coordinates"":[84.12673228438692,21.49798730614212]}"
447,0.0,188,2020,0,0,21.586561193156307,83.85624955233854,-0.15510751,0.35967737,2021,1889.884452931583,"{""geodesic"":false,""type"":""Point"",""coordinates"":[83.85624955233854,21.586561193156307]}"
448,0.0,188,2020,0,0,21.591142601105318,83.95111164634156,-0.34009308,0.50991774,2021,1951.7218133056315,"{""geodesic"":false,""type"":""Point"",""coordinates"":[83.95111164634156,21.591142601105318]}"
449,1280.0,175,2020,0,4,21.421630506991963,83.86235809627054,0.50613874,-0.48701477,2021,1962.5139900985523,"{""geodesic"":false,""type"":""Point"",""coordinates"":[83.86235809627054,21.421630506991963]}"
450,1191.0499569707392,166,2020,0,1,21.43474591014011,84.11676098473319,0.57521063,-0.54451716,2021,2017.5110873314552,"{""geodesic"":false,""type"":""Point"",""coordinates"":[84.11676098473319,21.43474591014011]}"
451,1023.0347012687303,179,2020,0,4,21.529248678029482,84.09313529276085,0.4794594,-0.47673494,2021,1924.836797689757,"{""geodesic"":false,""type"":""Point"",""coordinates"":[84.09313529276085,21.529248678029482]}"
452,122.06555615733703,166,2020,0,5,21.46708526036841,84.11649149014796,0.37098995,-0.44145492,2021,1967.7580190972367,"{""geodesic"":false,""type"":""Point"",""coordinates"":[84.11649149014796,21.46708526036841]}"
453,1211.156472137271,175,2020,0,4,21.531045308597722,83.9311690470341,0.37801033,-0.4272486,2021,1914.9658808208915,"{""geodesic"":false,""type"":""Point"",""coordinates"":[83.9311690470341,21.531045308597722]}"
454,921.9544457292888,162,2020,0,1,21.550718413319938,84.06097560558938,0.5849223,-0.5522015,2021,1868.8200380303497,"{""geodesic"":false,""type"":""Point"",""coordinates"":[84.06097560558938,21.550718413319938]}"
455,464.00431032480725,182,2020,0,1,21.442112095469888,83.85319528037253,0.5667195,-0.5519894,2021,1962.5139900985523,"{""geodesic"":false,""type"":""Point"",""coordinates"":[83.85319528037253,21.442112095469888]}"
456,643.8167441127949,202,2020,0,1,21.382104634490705,84.13373914360305,0.68602115,-0.578301,2021,1986.066358042619,"{""geodesic"":false,""type"":""Point"",""coordinates"":[84.13373914360305,21.382104634490705]}"
457,208.08652046684813,187,2020,0,1,21.520535019773522,84.11765930001731,0.6915401,-0.59019214,2021,1923.0386886510678,"{""geodesic"":false,""type"":""Point"",""coordinates"":[84.11765930001731,21.520535019773522]}"
458,730.2739212103907,176,2020,0,1,21.459898738095454,84.15188511234227,0.49802133,-0.4717368,2021,1918.5559945498535,"{""geodesic"":false,""type"":""Point"",""coordinates"":[84.15188511234227,21.459898738095454]}"
459,829.2767933567176,161,2020,0,4,21.404742179650516,84.04821952855488,0.53733766,-0.5284694,2021,2013.2559463274083,"{""geodesic"":false,""type"":""Point"",""coordinates"":[84.04821952855488,21.404742179650516]}"
460,1280.0,179,2020,0,1,21.518738389205282,83.97374919150137,0.5108074,-0.51164466,2021,1973.5760219825897,"{""geodesic"":false,""type"":""Point"",""coordinates"":[83.97374919150137,21.518738389205282]}"
461,0.0,188,2020,0,0,21.58036281769588,83.95865749472816,-0.15859044,0.3844337,2021,1951.7218133056315,"{""geodesic"":false,""type"":""Point"",""coordinates"":[83.95865749472816,21.58036281769588]}"
462,651.4598989960932,171,2020,0,5,21.459269917396572,83.89981784361834,0.4903313,-0.5062876,2021,1879.913869370008,"{""geodesic"":false,""type"":""Point"",""coordinates"":[83.89981784361834,21.459269917396572]}"
463,1040.7689465006151,184,2020,0,1,21.469959869277595,83.85714786762266,0.4276811,-0.463782,2021,1879.913869370008,"{""geodesic"":false,""type"":""Point"",""coordinates"":[83.85714786762266,21.469959869277595]}"
464,379.47331922020555,170,2020,0,4,21.404293022008456,83.86020213958867,0.49810597,-0.5120547,2021,1962.5139900985523,"{""geodesic"":false,""type"":""Point"",""coordinates"":[83.86020213958867,21.404293022008456]}"
465,448.2186966202994,157,2020,0,6,21.521882492699703,83.91050779549936,0.597476,-0.53640825,2021,1914.9658808208915,"{""geodesic"":false,""type"":""Point"",""coordinates"":[83.91050779549936,21.521882492699703]}"
466,702.353187506115,196,2020,0,5,21.587908666082487,84.16257506422329,0.3293192,-0.4118694,2021,1883.2621832626537,"{""geodesic"":false,""type"":""Point"",""coordinates"":[84.16257506422329,21.587908666082487]}"
467,1035.8571330062848,155,2020,0,4,21.428547534679684,84.06367055144173,0.4973587,-0.5006118,2021,1956.868612972743,"{""geodesic"":false,""type"":""Point"",""coordinates"":[84.06367055144173,21.428547534679684]}"
468,613.5144660071187,194,2020,0,1,21.590423948878023,84.15619702570604,0.3831722,-0.43482214,2021,1883.2621832626537,"{""geodesic"":false,""type"":""Point"",""coordinates"":[84.15619702570604,21.590423948878023]}"
469,487.64741360946437,189,2020,0,1,21.44714266106096,84.15547837347874,0.504214,-0.45629135,2021,1983.820738914481,"{""geodesic"":false,""type"":""Point"",""coordinates"":[84.15547837347874,21.44714266106096]}"
470,0.0,188,2020,0,0,21.543262396461746,83.88059389653817,-0.24549472,0.44614014,2021,1880.7730644299008,"{""geodesic"":false,""type"":""Point"",""coordinates"":[83.88059389653817,21.543262396461746]}"
471,650.6919393998976,163,2020,0,1,21.43806967669135,83.92488084004526,0.4492844,-0.43328524,2021,2009.2930683225277,"{""geodesic"":false,""type"":""Point"",""coordinates"":[83.92488084004526,21.43806967669135]}"
472,53.85164807134504,189,2020,0,5,21.58036281769588,84.10157945643158,0.41421774,-0.4509993,2021,1875.6384400060415,"{""geodesic"":false,""type"":""Point"",""coordinates"":[84.10157945643158,21.58036281769588]}"
473,502.09560842532767,160,2020,0,4,21.49601101251706,84.01956327099147,0.45587426,-0.43490046,2021,2000.2663298181142,"{""geodesic"":false,""type"":""Point"",""coordinates"":[84.01956327099147,21.49601101251706]}"
474,710.2816342831904,172,2020,0,1,21.469061553993473,84.09070984149373,0.5318656,-0.5303456,2021,1980.8196407325013,"{""geodesic"":false,""type"":""Point"",""coordinates"":[84.09070984149373,21.469061553993473]}"
475,874.1853350405736,247,2020,0,1,21.36494681256402,84.11891694141508,0.70860004,-0.5866718,2021,1986.066358042619,"{""geodesic"":false,""type"":""Point"",""coordinates"":[84.11891694141508,21.36494681256402]}"
476,764.8529270389178,190,2020,0,1,21.554401505984828,84.16059877059823,0.5283802,-0.51773524,2021,1883.2621832626537,"{""geodesic"":false,""type"":""Point"",""coordinates"":[84.16059877059823,21.554401505984828]}"
477,0.0,188,2020,0,0,21.543262396461746,83.8553512370544,-0.16680361,0.3680081,2021,1880.7730644299008,"{""geodesic"":false,""type"":""Point"",""coordinates"":[83.8553512370544,21.543262396461746]}"
478,430.8131845707603,179,2020,0,5,21.56814572983186,84.07067741065786,0.2876559,-0.3809166,2021,1868.8200380303497,"{""geodesic"":false,""type"":""Point"",""coordinates"":[84.07067741065786,21.56814572983186]}"
479,1280.0,156,2020,0,1,21.435554393895817,83.99944100862719,0.5248439,-0.48473233,2021,1990.8268260547193,"{""geodesic"":false,""type"":""Point"",""coordinates"":[83.99944100862719,21.435554393895817]}"
480,1280.0,280,2020,0,1,21.368360410643675,84.0318701903839,0.73702985,-0.6609808,2021,1966.40545485873,"{""geodesic"":false,""type"":""Point"",""coordinates"":[84.0318701903839,21.368360410643675]}"
481,340.0,172,2020,0,5,21.420911854764668,84.11020328315912,0.33877322,-0.40727594,2021,2017.5110873314552,"{""geodesic"":false,""type"":""Point"",""coordinates"":[84.11020328315912,21.420911854764668]}"
482,0.0,188,2020,0,0,21.57838652407082,83.88104305418024,-0.15383123,0.36266646,2021,1889.884452931583,"{""geodesic"":false,""type"":""Point"",""coordinates"":[83.88104305418024,21.57838652407082]}"
483,0.0,188,2020,0,0,21.58808832913931,83.93781658013658,-0.18667246,0.42258406,2021,1937.2421719431877,"{""geodesic"":false,""type"":""Point"",""coordinates"":[83.93781658013658,21.58808832913931]}"
484,763.2168761236874,149,2020,0,4,21.432410290401396,83.967999973683,0.5266224,-0.53271365,2021,1990.8268260547193,"{""geodesic"":false,""type"":""Point"",""coordinates"":[83.967999973683,21.432410290401396]}"
485,72.11102550927978,171,2020,0,5,21.530416487898837,84.00599871020125,0.38078117,-0.42442462,2021,1930.7376822684455,"{""geodesic"":false,""type"":""Point"",""coordinates"":[84.00599871020125,21.530416487898837]}"
486,1044.4615837837216,196,2020,0,5,21.593029063201968,84.163383547979,0.303902,-0.38595092,2021,1883.2621832626537,"{""geodesic"":false,""type"":""Point"",""coordinates"":[84.163383547979,21.593029063201968]}"
487,1280.0,171,2020,0,4,21.534997895847848,84.08361315074919,0.51627666,-0.5003435,2021,1924.836797689757,"{""geodesic"":false,""type"":""Point"",""coordinates"":[84.08361315074919,21.534997895847848]}"
488,360.5551275463989,161,2020,0,1,21.51667226405181,84.02162939614493,0.6033725,-0.54426754,2021,1930.7376822684455,"{""geodesic"":false,""type"":""Point"",""coordinates"":[84.02162939614493,21.51667226405181]}"
489,111.80339887498948,164,2020,0,1,21.420013539480546,83.92802494353968,0.3921374,-0.39210415,2021,2009.2930683225277,"{""geodesic"":false,""type"":""Point"",""coordinates"":[83.92802494353968,21.420013539480546]}"
490,438.6342439892262,195,2020,0,1,21.525745248421416,84.18036170684886,0.51586145,-0.48134318,2021,1884.2692036676162,"{""geodesic"":false,""type"":""Point"",""coordinates"":[84.18036170684886,21.525745248421416]}"
491,870.0,173,2020,0,6,21.42603225188415,83.89918902291944,0.28131166,-0.3025605,2021,1962.5139900985523,"{""geodesic"":false,""type"":""Point"",""coordinates"":[83.89918902291944,21.42603225188415]}"
492,822.0097323024831,176,2020,0,4,21.402316728383393,83.85121898674747,0.5117047,-0.49300092,2021,1962.5139900985523,"{""geodesic"":false,""type"":""Point"",""coordinates"":[83.85121898674747,21.402316728383393]}"
493,1280.0,172,2020,0,4,21.50427551313096,84.0446262674184,0.47990352,-0.5013507,2021,1930.7376822684455,"{""geodesic"":false,""type"":""Point"",""coordinates"":[84.0446262674184,21.50427551313096]}"
494,1280.0,161,2020,0,4,21.43654254070835,84.09529124944274,0.42294988,-0.46150064,2021,1956.868612972743,"{""geodesic"":false,""type"":""Point"",""coordinates"":[84.09529124944274,21.43654254070835]}"
495,326.49655434629017,173,2020,0,6,21.502748377147956,83.88436682073147,0.53749084,-0.5083493,2021,1880.7730644299008,"{""geodesic"":false,""type"":""Point"",""coordinates"":[83.88436682073147,21.502748377147956]}"
496,590.3388857258177,200,2020,0,0,21.538950483097974,84.17748709793968,0.57814336,-0.53719413,2021,1884.2692036676162,"{""geodesic"":false,""type"":""Point"",""coordinates"":[84.17748709793968,21.538950483097974]}"
497,466.9047011971501,183,2020,0,1,21.475080266397075,83.85427325871348,0.4756165,-0.49693578,2021,1879.913869370008,"{""geodesic"":false,""type"":""Point"",""coordinates"":[83.85427325871348,21.475080266397075]}"
498,447.7722635447622,171,2020,0,1,21.468253070237765,84.12906790412563,0.52927595,-0.5434496,2021,1967.7580190972367,"{""geodesic"":false,""type"":""Point"",""coordinates"":[84.12906790412563,21.468253070237765]}"
499,739.7972695272672,172,2020,0,4,21.437440855992467,83.89218216370331,0.4678839,-0.4683148,2021,1962.5139900985523,"{""geodesic"":false,""type"":""Point"",""coordinates"":[83.89218216370331,21.437440855992467]}"
500,0.0,168,2020,1,0,21.4219000015772,83.91706549707342,-0.09809207,0.20568715,2021,2009.2930683225277,"{""geodesic"":false,""type"":""Point"",""coordinates"":[83.91706549707342,21.4219000015772]}"
501,0.0,158,2020,1,0,21.47481077181184,83.91050779549936,-0.09553298,0.18082027,2021,1938.3774942638702,"{""geodesic"":false,""type"":""Point"",""coordinates"":[83.91050779549936,21.47481077181184]}"
502,22.360679774997898,136,2020,1,0,21.357131469592183,83.92649780755669,0.31672287,-0.31484067,2021,2012.131670991541,"{""geodesic"":false,""type"":""Point"",""coordinates"":[83.92649780755669,21.357131469592183]}"
503,0.0,188,2020,1,0,21.56778640371821,83.8545427532987,-0.13596073,0.31892937,2021,1889.884452931583,"{""geodesic"":false,""type"":""Point"",""coordinates"":[83.8545427532987,21.56778640371821]}"
504,14.142135623730951,188,2020,1,0,21.59635282975321,83.86855647173097,0.04461008,-0.042836744,2021,1889.884452931583,"{""geodesic"":false,""type"":""Point"",""coordinates"":[83.86855647173097,21.59635282975321]}"
505,10.0,193,2020,1,0,21.55781510406448,83.91365189899378,0.018155806,0.10352972,2021,1937.2421719431877,"{""geodesic"":false,""type"":""Point"",""coordinates"":[83.91365189899378,21.55781510406448]}"
506,22.360679774997898,188,2020,1,0,21.549101445808525,83.88858890256684,0.57010305,-0.5252663,2021,1880.7730644299008,"{""geodesic"":false,""type"":""Point"",""coordinates"":[83.88858890256684,21.549101445808525]}"
507,10.0,191,2020,1,0,21.56374398493967,83.94500310240954,0.003607414,0.13291265,2021,1937.2421719431877,"{""geodesic"":false,""type"":""Point"",""coordinates"":[83.94500310240954,21.56374398493967]}"
508,22.360679774997898,203,2020,1,0,21.57506275751958,84.171019227894,0.20232409,-0.109791346,2021,1883.2621832626537,"{""geodesic"":false,""type"":""Point"",""coordinates"":[84.171019227894,21.57506275751958]}"
509,10.0,192,2020,1,0,21.59725114503733,83.99683589430323,-0.003346152,0.12173751,2021,1951.7218133056315,"{""geodesic"":false,""type"":""Point"",""coordinates"":[83.99683589430323,21.59725114503733]}"
510,0.0,192,2020,1,0,21.552784538473414,83.92110791585196,-0.30499363,0.46262166,2021,1937.2421719431877,"{""geodesic"":false,""type"":""Point"",""coordinates"":[83.92110791585196,21.552784538473414]}"
511,0.0,189,2020,1,0,21.551976054717706,83.92200623113608,-0.17958838,0.30266723,2021,1937.2421719431877,"{""geodesic"":false,""type"":""Point"",""coordinates"":[83.92200623113608,21.551976054717706]}"
512,0.0,156,2020,1,0,21.368719736757324,83.87062259688444,-0.12252292,0.2151271,2021,1952.9097906150273,"{""geodesic"":false,""type"":""Point"",""coordinates"":[83.87062259688444,21.368719736757324]}"
513,10.0,155,2020,1,0,21.36683327466067,83.87053276535603,0.06780164,0.053933177,2021,1952.9097906150273,"{""geodesic"":false,""type"":""Point"",""coordinates"":[83.87053276535603,21.36683327466067]}"
514,20.0,190,2020,1,0,21.56042021838843,83.97213222398995,0.10989254,-0.005719039,2021,1951.7218133056315,"{""geodesic"":false,""type"":""Point"",""coordinates"":[83.97213222398995,21.56042021838843]}"
515,28.284271247461902,146,2020,1,0,21.450286764555376,83.9635083972624,0.114186205,0.018060498,2021,1988.3089408631204,"{""geodesic"":false,""type"":""Point"",""coordinates"":[83.9635083972624,21.450286764555376]}"
516,22.360679774997898,140,2020,1,0,21.41183887039506,83.98866122521775,0.21493101,-0.085703224,2021,1990.8268260547193,"{""geodesic"":false,""type"":""Point"",""coordinates"":[83.98866122521775,21.41183887039506]}"
517,20.0,180,2020,1,1,21.54011829296733,83.96278974503511,0.62637734,-0.57177746,2021,1973.5760219825897,"{""geodesic"":false,""type"":""Point"",""coordinates"":[83.96278974503511,21.54011829296733]}"
518,22.360679774997898,158,2020,1,0,21.4835244300678,83.89245165828855,0.057409555,0.05986584,2021,1879.913869370008,"{""geodesic"":false,""type"":""Point"",""coordinates"":[83.89245165828855,21.4835244300678]}"
519,30.0,174,2020,1,0,21.54937094039376,84.00024949238289,0.3379051,-0.34144604,2021,1930.7376822684455,"{""geodesic"":false,""type"":""Point"",""coordinates"":[84.00024949238289,21.54937094039376]}"
520,28.284271247461902,138,2020,1,0,21.355963659722825,83.92173673655084,0.047429748,0.13925219,2021,2012.131670991541,"{""geodesic"":false,""type"":""Point"",""coordinates"":[83.92173673655084,21.355963659722825]}"
521,14.142135623730951,149,2020,1,0,21.451903732066793,84.04902801231059,0.41848618,-0.27053455,2021,2000.2663298181142,"{""geodesic"":false,""type"":""Point"",""coordinates"":[84.04902801231059,21.451903732066793]}"
522,0.0,199,2020,1,0,21.36943838898462,84.12843908342674,-0.0693366,0.19205298,2021,1986.066358042619,"{""geodesic"":false,""type"":""Point"",""coordinates"":[84.12843908342674,21.36943838898462]}"
523,10.0,196,2020,1,0,21.50849759496632,84.17012091260989,0.26185346,-0.22141291,2021,1884.2692036676162,"{""geodesic"":false,""type"":""Point"",""coordinates"":[84.17012091260989,21.50849759496632]}"
524,0.0,187,2020,1,0,21.59904777560557,84.01857512417894,-0.14572865,0.31052414,2021,1876.4415249633857,"{""geodesic"":false,""type"":""Point"",""coordinates"":[84.01857512417894,21.59904777560557]}"
525,0.0,146,2020,1,0,21.455317330146446,83.99162566565535,-0.05793381,0.17151748,2021,1988.3089408631204,"{""geodesic"":false,""type"":""Point"",""coordinates"":[83.99162566565535,21.455317330146446]}"
526,0.0,188,2020,1,0,21.551437065547233,83.93260635148869,-0.21810746,0.41943553,2021,1937.2421719431877,"{""geodesic"":false,""type"":""Point"",""coordinates"":[83.93260635148869,21.551437065547233]}"
527,10.0,191,2020,1,0,21.598418954906684,84.00339359587731,0.07989785,0.040768605,2021,1876.4415249633857,"{""geodesic"":false,""type"":""Point"",""coordinates"":[84.00339359587731,21.598418954906684]}"
528,0.0,191,2020,1,0,21.566079604678382,83.94868619507443,-0.095809564,0.2138752,2021,1937.2421719431877,"{""geodesic"":false,""type"":""Point"",""coordinates"":[83.94868619507443,21.566079604678382]}"
529,0.0,189,2020,1,0,21.552694706945,83.92712662825556,-0.19044086,0.3074155,2021,1937.2421719431877,"{""geodesic"":false,""type"":""Point"",""coordinates"":[83.92712662825556,21.552694706945]}"
530,0.0,193,2020,1,0,21.52915884650107,84.16050893906981,-0.11414795,0.2735608,2021,1884.2692036676162,"{""geodesic"":false,""type"":""Point"",""coordinates"":[84.16050893906981,21.52915884650107]}"
531,10.0,158,2020,1,0,21.475259929453898,83.90817217576064,0.01047464,0.14344938,2021,1938.3774942638702,"{""geodesic"":false,""type"":""Point"",""coordinates"":[83.90817217576064,21.475259929453898]}"
532,10.0,210,2020,1,1,21.382823286718,84.13984768753507,-0.112564676,0.13139035,2021,1986.066358042619,"{""geodesic"":false,""type"":""Point"",""coordinates"":[84.13984768753507,21.382823286718]}"
533,0.0,190,2020,1,0,21.552515043888178,83.9229045464202,-0.23414183,0.44831288,2021,1937.2421719431877,"{""geodesic"":false,""type"":""Point"",""coordinates"":[83.9229045464202,21.552515043888178]}"
534,10.0,191,2020,1,0,21.556108305024654,83.91410105663583,0.03875922,0.11740621,2021,1937.2421719431877,"{""geodesic"":false,""type"":""Point"",""coordinates"":[83.91410105663583,21.556108305024654]}"
535,0.0,178,2020,1,0,21.557545609479245,84.02270737448588,-0.073705405,0.18986599,2021,1876.4415249633857,"{""geodesic"":false,""type"":""Point"",""coordinates"":[84.02270737448588,21.557545609479245]}"
536,0.0,158,2020,1,0,21.49367539277835,83.89020587007825,-0.0053924057,0.19858296,2021,1879.913869370008,"{""geodesic"":false,""type"":""Point"",""coordinates"":[83.89020587007825,21.49367539277835]}"
537,0.0,154,2020,1,0,21.36719260077432,83.87062259688444,-0.10136341,0.19288826,2021,1952.9097906150273,"{""geodesic"":false,""type"":""Point"",""coordinates"":[83.87062259688444,21.36719260077432]}"
538,22.360679774997898,165,2020,1,0,21.472744646658363,84.13760189932476,0.5363045,-0.43498883,2021,1967.7580190972367,"{""geodesic"":false,""type"":""Point"",""coordinates"":[84.13760189932476,21.472744646658363]}"
539,0.0,188,2020,1,0,21.559252408519075,83.90125514807292,-0.052583102,0.26746,2021,1937.2421719431877,"{""geodesic"":false,""type"":""Point"",""coordinates"":[83.90125514807292,21.559252408519075]}"
540,0.0,162,2020,1,0,21.405550663406224,84.03797873431591,-0.058855623,0.18137328,2021,2013.2559463274083,"{""geodesic"":false,""type"":""Point"",""coordinates"":[84.03797873431591,21.405550663406224]}"
541,28.284271247461902,161,2020,1,0,21.468792059408237,83.93107921550569,0.39309618,-0.33036822,2021,1938.3774942638702,"{""geodesic"":false,""type"":""Point"",""coordinates"":[83.93107921550569,21.468792059408237]}"
542,0.0,189,2020,1,0,21.585393383286952,83.99396128539405,-0.17554682,0.31353322,2021,1951.7218133056315,"{""geodesic"":false,""type"":""Point"",""coordinates"":[83.99396128539405,21.585393383286952]}"
543,22.360679774997898,190,2020,1,0,21.53149446623978,84.16464118937677,0.39142,-0.32279482,2021,1884.2692036676162,"{""geodesic"":false,""type"":""Point"",""coordinates"":[84.16464118937677,21.53149446623978]}"
544,30.0,218,2020,1,0,21.369348557456206,84.10364558158506,0.39104915,-0.2826989,2021,1986.066358042619,"{""geodesic"":false,""type"":""Point"",""coordinates"":[84.10364558158506,21.369348557456206]}"
545,0.0,188,2020,1,0,21.558893082405426,83.90089582195927,-0.09384892,0.24266692,2021,1937.2421719431877,"{""geodesic"":false,""type"":""Point"",""coordinates"":[83.90089582195927,21.558893082405426]}"
546,20.0,207,2020,1,1,21.37860120488264,84.19473475139476,0.50064397,-0.4654146,2021,1989.0276167842967,"{""geodesic"":false,""type"":""Point"",""coordinates"":[84.19473475139476,21.37860120488264]}"
547,30.0,148,2020,1,0,21.52466727008047,83.89272115287379,0.14990023,-0.014673188,2021,1880.7730644299008,"{""geodesic"":false,""type"":""Point"",""coordinates"":[83.89272115287379,21.52466727008047]}"
548,22.360679774997898,186,2020,1,0,21.402496391440216,84.12331868630727,0.30683735,-0.12965448,2021,2017.5110873314552,"{""geodesic"":false,""type"":""Point"",""coordinates"":[84.12331868630727,21.402496391440216]}"
549,28.284271247461902,137,2020,1,0,21.43250012192981,83.97949840931973,0.5393934,-0.42383686,2021,1990.8268260547193,"{""geodesic"":false,""type"":""Point"",""coordinates"":[83.97949840931973,21.43250012192981]}"
550,14.142135623730951,139,2020,1,0,21.41183887039506,83.97500683289914,0.42886052,-0.30608624,2021,1990.8268260547193,"{""geodesic"":false,""type"":""Point"",""coordinates"":[83.97500683289914,21.41183887039506]}"
551,20.0,183,2020,1,0,21.43717136140723,84.1446087585409,0.24888556,-0.09732151,2021,2017.5110873314552,"{""geodesic"":false,""type"":""Point"",""coordinates"":[84.1446087585409,21.43717136140723]}"
552,20.0,144,2020,1,0,21.46564795591382,83.94922518424491,0.16770816,-0.048548844,2021,1938.3774942638702,"{""geodesic"":false,""type"":""Point"",""coordinates"":[83.94922518424491,21.46564795591382]}"
553,20.0,201,2020,1,0,21.574613599877516,84.17137855400766,0.3035926,-0.22249708,2021,1883.2621832626537,"{""geodesic"":false,""type"":""Point"",""coordinates"":[84.17137855400766,21.574613599877516]}"
554,28.284271247461902,143,2020,1,3,21.479751505874496,83.93593011803993,0.3492436,-0.2633955,2021,1938.3774942638702,"{""geodesic"":false,""type"":""Point"",""coordinates"":[83.93593011803993,21.479751505874496]}"
555,10.0,190,2020,1,0,21.5301469933136,84.161856411996,0.38668835,-0.29273084,2021,1884.2692036676162,"{""geodesic"":false,""type"":""Point"",""coordinates"":[84.161856411996,21.5301469933136]}"
556,28.284271247461902,142,2020,1,0,21.419833876423723,84.01623950444022,0.48981795,-0.39855447,2021,2013.2559463274083,"{""geodesic"":false,""type"":""Point"",""coordinates"":[84.01623950444022,21.419833876423723]}"
557,28.284271247461902,147,2020,1,6,21.463132673118285,83.96970677272283,0.22519271,-0.28806996,2021,1988.3089408631204,"{""geodesic"":false,""type"":""Point"",""coordinates"":[83.96970677272283,21.463132673118285]}"
558,10.0,150,2020,1,0,21.507419616625377,83.91419088816424,0.06335342,0.10470753,2021,1914.9658808208915,"{""geodesic"":false,""type"":""Point"",""coordinates"":[83.91419088816424,21.507419616625377]}"
559,10.0,189,2020,1,0,21.53418941209214,83.99117650801328,0.2845801,-0.15775329,2021,1973.5760219825897,"{""geodesic"":false,""type"":""Point"",""coordinates"":[83.99117650801328,21.53418941209214]}"
560,10.0,192,2020,1,0,21.56122870214414,83.94985400494379,0.0437142,0.098491676,2021,1937.2421719431877,"{""geodesic"":false,""type"":""Point"",""coordinates"":[83.94985400494379,21.56122870214414]}"
561,10.0,191,2020,1,0,21.57164915943992,83.98560695325175,-0.009802532,0.08319554,2021,1951.7218133056315,"{""geodesic"":false,""type"":""Point"",""coordinates"":[83.98560695325175,21.57164915943992]}"
562,22.360679774997898,206,2020,1,0,21.595634177525913,84.03303800025326,0.29750988,-0.27734292,2021,1876.4415249633857,"{""geodesic"":false,""type"":""Point"",""coordinates"":[84.03303800025326,21.595634177525913]}"
563,10.0,196,2020,1,0,21.599586764776042,83.90224329488545,0.14089784,-0.09402368,2021,1937.2421719431877,"{""geodesic"":false,""type"":""Point"",""coordinates"":[83.90224329488545,21.599586764776042]}"
564,22.360679774997898,157,2020,1,0,21.38426059117259,83.92164690502243,0.61598057,-0.46237496,2021,2012.131670991541,"{""geodesic"":false,""type"":""Point"",""coordinates"":[83.92164690502243,21.38426059117259]}"
565,0.0,193,2020,1,0,21.58521372023013,83.9943206115077,-0.13803376,0.27730238,2021,1951.7218133056315,"{""geodesic"":false,""type"":""Point"",""coordinates"":[83.9943206115077,21.58521372023013]}"
566,22.360679774997898,158,2020,1,0,21.4857702182781,83.9018839687718,0.03515734,0.1159084,2021,1938.3774942638702,"{""geodesic"":false,""type"":""Point"",""coordinates"":[83.9018839687718,21.4857702182781]}"
567,14.142135623730951,147,2020,1,0,21.44408838909495,84.03842789195797,0.05412887,0.052591287,2021,2013.2559463274083,"{""geodesic"":false,""type"":""Point"",""coordinates"":[84.03842789195797,21.44408838909495]}"
568,10.0,144,2020,1,0,21.455317330146446,83.98920021438822,0.10134222,-0.019994995,2021,1988.3089408631204,"{""geodesic"":false,""type"":""Point"",""coordinates"":[83.98920021438822,21.455317330146446]}"
569,20.0,190,2020,1,0,21.434027257912813,84.15296309068322,0.5222242,-0.42306432,2021,1983.820738914481,"{""geodesic"":false,""type"":""Point"",""coordinates"":[84.15296309068322,21.434027257912813]}"
570,0.0,188,2020,1,0,21.55862358782019,83.90547722990829,-0.087651186,0.24263084,2021,1937.2421719431877,"{""geodesic"":false,""type"":""Point"",""coordinates"":[83.90547722990829,21.55862358782019]}"
571,0.0,188,2020,1,0,21.552425212359765,83.93431315052852,-0.27166292,0.45365497,2021,1937.2421719431877,"{""geodesic"":false,""type"":""Point"",""coordinates"":[83.93431315052852,21.552425212359765]}"
572,0.0,188,2020,1,0,21.599407101719216,83.89990767514674,-0.17246796,0.33102918,2021,1889.884452931583,"{""geodesic"":false,""type"":""Point"",""coordinates"":[83.89990767514674,21.599407101719216]}"
573,0.0,191,2020,1,0,21.598778281020333,83.92470117698844,-0.19660708,0.32231534,2021,1937.2421719431877,"{""geodesic"":false,""type"":""Point"",""coordinates"":[83.92470117698844,21.598778281020333]}"
574,22.360679774997898,133,2020,1,0,21.40806594620176,83.98012723001861,0.16098979,-0.05613908,2021,1990.8268260547193,"{""geodesic"":false,""type"":""Point"",""coordinates"":[83.98012723001861,21.40806594620176]}"
575,14.142135623730951,198,2020,1,6,21.543801385632218,83.99099684495646,-0.007862561,0.022482494,2021,1973.5760219825897,"{""geodesic"":false,""type"":""Point"",""coordinates"":[83.99099684495646,21.543801385632218]}"
576,28.284271247461902,191,2020,1,0,21.588627318309783,84.00024949238289,-0.0020086525,0.1305025,2021,1876.4415249633857,"{""geodesic"":false,""type"":""Point"",""coordinates"":[84.00024949238289,21.588627318309783]}"
577,0.0,198,2020,1,0,21.59913760713398,83.9049382407378,0.001219781,0.17406991,2021,1937.2421719431877,"{""geodesic"":false,""type"":""Point"",""coordinates"":[83.9049382407378,21.59913760713398]}"
578,30.0,190,2020,1,1,21.554401505984828,83.94644040686413,0.26508644,-0.26881298,2021,1937.2421719431877,"{""geodesic"":false,""type"":""Point"",""coordinates"":[83.94644040686413,21.554401505984828]}"
579,0.0,193,2020,1,0,21.591861253332613,83.95497440206327,-0.25357834,0.4006922,2021,1951.7218133056315,"{""geodesic"":false,""type"":""Point"",""coordinates"":[83.95497440206327,21.591861253332613]}"
580,0.0,186,2020,1,1,21.54523869008681,83.96880845743871,-0.049847502,0.18694523,2021,1973.5760219825897,"{""geodesic"":false,""type"":""Point"",""coordinates"":[83.96880845743871,21.54523869008681]}"
581,20.0,194,2020,1,0,21.54946077192217,83.93386399288646,0.37137303,-0.2894758,2021,1914.9658808208915,"{""geodesic"":false,""type"":""Point"",""coordinates"":[83.93386399288646,21.54946077192217]}"
582,28.284271247461902,192,2020,1,0,21.584674731059657,83.99414094845088,0.048397236,0.014402837,2021,1951.7218133056315,"{""geodesic"":false,""type"":""Point"",""coordinates"":[83.99414094845088,21.584674731059657]}"
583,0.0,173,2020,1,0,21.49655000168753,84.08244534087983,-0.01558753,0.15730049,2021,1980.8196407325013,"{""geodesic"":false,""type"":""Point"",""coordinates"":[84.08244534087983,21.49655000168753]}"
584,28.284271247461902,186,2020,1,0,21.53850132545591,83.9867747631211,0.46393734,-0.36257234,2021,1973.5760219825897,"{""geodesic"":false,""type"":""Point"",""coordinates"":[83.9867747631211,21.53850132545591]}"
585,22.360679774997898,139,2020,1,0,21.416689772929306,83.97545599054119,0.34548393,-0.25812247,2021,1990.8268260547193,"{""geodesic"":false,""type"":""Point"",""coordinates"":[83.97545599054119,21.416689772929306]}"
586,0.0,193,2020,1,0,21.59222057944626,83.99935117709877,-0.015714038,0.19375752,2021,1951.7218133056315,"{""geodesic"":false,""type"":""Point"",""coordinates"":[83.99935117709877,21.59222057944626]}"
587,10.0,180,2020,1,4,21.422169496162436,84.17757692946809,0.18196017,-0.106292255,2021,1983.820738914481,"{""geodesic"":false,""type"":""Point"",""coordinates"":[84.17757692946809,21.422169496162436]}"
588,28.284271247461902,144,2020,1,0,21.45091558525426,83.99629690513277,0.5812207,-0.5244418,2021,1988.3089408631204,"{""geodesic"":false,""type"":""Point"",""coordinates"":[83.99629690513277,21.45091558525426]}"
589,30.0,202,2020,1,7,21.583237426605066,84.1220610449095,0.044401035,-0.07750847,2021,1875.6384400060415,"{""geodesic"":false,""type"":""Point"",""coordinates"":[84.1220610449095,21.583237426605066]}"
590,14.142135623730951,201,2020,1,0,21.36907906287097,84.12987638788134,0.1953125,-0.11932109,2021,1986.066358042619,"{""geodesic"":false,""type"":""Point"",""coordinates"":[84.12987638788134,21.36907906287097]}"
591,0.0,158,2020,1,0,21.479661674346083,83.91428071969266,-0.0054927035,0.15595168,2021,1938.3774942638702,"{""geodesic"":false,""type"":""Point"",""coordinates"":[83.91428071969266,21.479661674346083]}"
592,28.284271247461902,155,2020,1,0,21.520624851301935,84.03519395693515,0.48788404,-0.46887892,2021,1930.7376822684455,"{""geodesic"":false,""type"":""Point"",""coordinates"":[84.03519395693515,21.520624851301935]}"
593,28.284271247461902,156,2020,1,1,21.513617992085802,84.0280972661906,0.50862664,-0.5,2021,1930.7376822684455,"{""geodesic"":false,""type"":""Point"",""coordinates"":[84.0280972661906,21.513617992085802]}"
594,30.0,191,2020,1,1,21.547753972882344,83.97895942014927,0.4838206,-0.48031044,2021,1973.5760219825897,"{""geodesic"":false,""type"":""Point"",""coordinates"":[83.97895942014927,21.547753972882344]}"
595,22.360679774997898,152,2020,1,1,21.465019135214934,84.0581009966802,0.44070634,-0.44838095,2021,1980.8196407325013,"{""geodesic"":false,""type"":""Point"",""coordinates"":[84.0581009966802,21.465019135214934]}"
596,20.0,157,2020,1,1,21.475619255567548,84.09187765136308,0.37895915,-0.336924,2021,1980.8196407325013,"{""geodesic"":false,""type"":""Point"",""coordinates"":[84.09187765136308,21.475619255567548]}"
597,28.284271247461902,190,2020,1,0,21.566618593848855,83.9469793960346,0.17595178,-0.13632116,2021,1937.2421719431877,"{""geodesic"":false,""type"":""Point"",""coordinates"":[83.9469793960346,21.566618593848855]}"
598,30.0,158,2020,1,0,21.48963297399981,83.9085315018743,0.66223747,-0.5281377,2021,1938.3774942638702,"{""geodesic"":false,""type"":""Point"",""coordinates"":[83.9085315018743,21.48963297399981]}"
599,28.284271247461902,170,2020,1,0,21.457203792243096,84.15979028684252,0.59643763,-0.5005585,2021,1918.5559945498535,"{""geodesic"":false,""type"":""Point"",""coordinates"":[84.15979028684252,21.457203792243096]}"
600,0.0,189,2020,1,0,21.551796391660883,83.93332500371599,-0.24593659,0.36272964,2021,1937.2421719431877,"{""geodesic"":false,""type"":""Point"",""coordinates"":[83.93332500371599,21.551796391660883]}"
601,14.142135623730951,134,2020,1,0,21.36072473072866,83.93054022633521,0.079283185,0.0719671,2021,2012.131670991541,"{""geodesic"":false,""type"":""Point"",""coordinates"":[83.93054022633521,21.36072473072866]}"
602,22.360679774997898,193,2020,1,0,21.55862358782019,83.95084215175632,0.15430301,-0.027155029,2021,1951.7218133056315,"{""geodesic"":false,""type"":""Point"",""coordinates"":[83.95084215175632,21.55862358782019]}"
603,22.360679774997898,134,2020,1,0,21.364228160336726,83.95120147786997,0.10442874,-0.023699539,2021,2031.3388504182512,"{""geodesic"":false,""type"":""Point"",""coordinates"":[83.95120147786997,21.364228160336726]}"
604,0.0,181,2020,1,0,21.55458116904165,84.08433180297648,-0.050665602,0.16218306,2021,1868.8200380303497,"{""geodesic"":false,""type"":""Point"",""coordinates"":[84.08433180297648,21.55458116904165]}"
605,28.284271247461902,175,2020,1,0,21.482626114783677,84.1385900461373,0.28399405,-0.130446,2021,1967.7580190972367,"{""geodesic"":false,""type"":""Point"",""coordinates"":[84.1385900461373,21.482626114783677]}"
606,0.0,192,2020,1,0,21.55395234834277,83.93682843332405,-0.14813851,0.29130074,2021,1937.2421719431877,"{""geodesic"":false,""type"":""Point"",""coordinates"":[83.93682843332405,21.55395234834277]}"
607,10.0,149,2020,1,0,21.450646090669025,83.98273234434257,0.32230863,-0.20823309,2021,1988.3089408631204,"{""geodesic"":false,""type"":""Point"",""coordinates"":[83.98273234434257,21.450646090669025]}"
608,20.0,158,2020,1,0,21.47669723390849,83.92685713367032,0.20572163,-0.25329524,2021,1938.3774942638702,"{""geodesic"":false,""type"":""Point"",""coordinates"":[83.92685713367032,21.47669723390849]}"
609,30.0,162,2020,1,1,21.4219000015772,83.95021333105744,0.39674848,-0.39473864,2021,1990.8268260547193,"{""geodesic"":false,""type"":""Point"",""coordinates"":[83.95021333105744,21.4219000015772]}"
610,28.284271247461902,140,2020,1,0,21.414713479304243,83.97689329499579,0.1785801,-0.14075118,2021,1990.8268260547193,"{""geodesic"":false,""type"":""Point"",""coordinates"":[83.97689329499579,21.414713479304243]}"
611,20.0,168,2020,1,0,21.414264321662184,83.92532999768733,0.065035224,0.110420175,2021,2009.2930683225277,"{""geodesic"":false,""type"":""Point"",""coordinates"":[83.92532999768733,21.414264321662184]}"
612,10.0,191,2020,1,0,21.55529982126895,83.93970304223323,0.035057593,0.0842904,2021,1937.2421719431877,"{""geodesic"":false,""type"":""Point"",""coordinates"":[83.93970304223323,21.55529982126895]}"
613,30.0,196,2020,1,0,21.596532492810034,83.9468895645062,0.3554782,-0.4175579,2021,1937.2421719431877,"{""geodesic"":false,""type"":""Point"",""coordinates"":[83.9468895645062,21.596532492810034]}"
614,22.360679774997898,186,2020,1,0,21.499065284483066,84.16733613522912,0.18090804,-0.011971269,2021,1918.5559945498535,"{""geodesic"":false,""type"":""Point"",""coordinates"":[84.16733613522912,21.499065284483066]}"
615,22.360679774997898,140,2020,1,0,21.415521963059952,83.98165436600162,0.1340216,-0.12110977,2021,1990.8268260547193,"{""geodesic"":false,""type"":""Point"",""coordinates"":[83.98165436600162,21.415521963059952]}"
616,0.0,200,2020,1,0,21.369258725927796,84.12888824106881,-0.11653116,0.22496286,2021,1986.066358042619,"{""geodesic"":false,""type"":""Point"",""coordinates"":[84.12888824106881,21.369258725927796]}"
617,28.284271247461902,155,2020,1,0,21.36943838898462,83.87089209146968,0.32290262,-0.17545542,2021,1952.9097906150273,"{""geodesic"":false,""type"":""Point"",""coordinates"":[83.87089209146968,21.36943838898462]}"
618,10.0,189,2020,1,0,21.574613599877516,83.99234431788264,0.024718398,-0.009196399,2021,1951.7218133056315,"{""geodesic"":false,""type"":""Point"",""coordinates"":[83.99234431788264,21.574613599877516]}"
619,22.360679774997898,192,2020,1,0,21.56509145786585,83.94985400494379,0.19199142,-0.11310606,2021,1937.2421719431877,"{""geodesic"":false,""type"":""Point"",""coordinates"":[83.94985400494379,21.56509145786585]}"
620,20.0,188,2020,1,0,21.559342240047485,83.8965839085955,0.19294676,-0.13893662,2021,1889.884452931583,"{""geodesic"":false,""type"":""Point"",""coordinates"":[83.8965839085955,21.559342240047485]}"
621,0.0,194,2020,1,0,21.554671000570064,83.91940111681214,-0.10028458,0.2587452,2021,1937.2421719431877,"{""geodesic"":false,""type"":""Point"",""coordinates"":[83.91940111681214,21.554671000570064]}"
622,22.360679774997898,193,2020,1,0,21.561588028257784,83.97644413735372,0.12389365,-0.15053155,2021,1951.7218133056315,"{""geodesic"":false,""type"":""Point"",""coordinates"":[83.97644413735372,21.561588028257784]}"
623,0.0,188,2020,1,0,21.560240555331607,83.9048484092094,-0.019556927,0.15480937,2021,1937.2421719431877,"{""geodesic"":false,""type"":""Point"",""coordinates"":[83.9048484092094,21.560240555331607]}"
624,20.0,166,2020,1,0,21.4872973542611,83.90871116493112,0.28220773,-0.10624551,2021,1938.3774942638702,"{""geodesic"":false,""type"":""Point"",""coordinates"":[83.90871116493112,21.4872973542611]}"
625,0.0,192,2020,1,0,21.498616126841007,83.853734269543,0.0152771715,0.1884867,2021,1879.913869370008,"{""geodesic"":false,""type"":""Point"",""coordinates"":[83.853734269543,21.498616126841007]}"
626,20.0,199,2020,1,0,21.599317270190806,83.95389642372233,0.10083639,-0.058810595,2021,1951.7218133056315,"{""geodesic"":false,""type"":""Point"",""coordinates"":[83.95389642372233,21.599317270190806]}"
627,0.0,194,2020,1,0,21.577398377258287,83.99306297010993,-0.23672971,0.37296376,2021,1951.7218133056315,"{""geodesic"":false,""type"":""Point"",""coordinates"":[83.99306297010993,21.577398377258287]}"
628,20.0,192,2020,1,0,21.554760832098477,83.93745725402293,-0.016113743,0.1194684,2021,1937.2421719431877,"{""geodesic"":false,""type"":""Point"",""coordinates"":[83.93745725402293,21.554760832098477]}"
629,14.142135623730951,182,2020,1,0,21.50526365994349,84.14927999801832,0.38076973,-0.29625398,2021,1923.0386886510678,"{""geodesic"":false,""type"":""Point"",""coordinates"":[84.14927999801832,21.50526365994349]}"
630,0.0,188,2020,1,0,21.55997106074637,83.96296940809194,-0.1539601,0.31055102,2021,1951.7218133056315,"{""geodesic"":false,""type"":""Point"",""coordinates"":[83.96296940809194,21.55997106074637]}"
631,22.360679774997898,145,2020,1,0,21.426391577997798,84.02782777160536,0.6665079,-0.56429744,2021,2013.2559463274083,"{""geodesic"":false,""type"":""Point"",""coordinates"":[84.02782777160536,21.426391577997798]}"
632,20.0,188,2020,1,0,21.560959207558902,83.90206363182863,0.07153889,0.05844993,2021,1937.2421719431877,"{""geodesic"":false,""type"":""Point"",""coordinates"":[83.90206363182863,21.560959207558902]}"
633,10.0,189,2020,1,0,21.599766427832865,84.01812596653687,0.07239711,0.05592355,2021,1876.4415249633857,"{""geodesic"":false,""type"":""Point"",""coordinates"":[84.01812596653687,21.599766427832865]}"
634,0.0,200,2020,1,0,21.547484478297108,83.88849907103842,-0.043691017,0.26998284,2021,1880.7730644299008,"{""geodesic"":false,""type"":""Point"",""coordinates"":[83.88849907103842,21.547484478297108]}"
635,28.284271247461902,194,2020,1,0,21.56149819672937,83.86810731408892,0.35067233,-0.3866606,2021,1889.884452931583,"{""geodesic"":false,""type"":""Point"",""coordinates"":[83.86810731408892,21.56149819672937]}"
636,28.284271247461902,186,2020,1,5,21.548921782751698,83.94814720590396,0.24352112,-0.3476897,2021,1914.9658808208915,"{""geodesic"":false,""type"":""Point"",""coordinates"":[83.94814720590396,21.548921782751698]}"
637,10.0,134,2020,1,0,21.35749079570583,83.94257765114241,0.041891113,0.12051259,2021,2012.131670991541,"{""geodesic"":false,""type"":""Point"",""coordinates"":[83.94257765114241,21.35749079570583]}"
638,0.0,189,2020,1,0,21.550538750263115,83.93143854161934,-0.22731833,0.42763868,2021,1937.2421719431877,"{""geodesic"":false,""type"":""Point"",""coordinates"":[83.93143854161934,21.550538750263115]}"
639,0.0,192,2020,1,0,21.585752709400598,84.00015966085448,-0.1902548,0.36311275,2021,1876.4415249633857,"{""geodesic"":false,""type"":""Point"",""coordinates"":[84.00015966085448,21.585752709400598]}"
640,22.360679774997898,163,2020,1,1,21.528170699688538,84.05136363204929,0.3359548,-0.38057142,2021,1924.836797689757,"{""geodesic"":false,""type"":""Point"",""coordinates"":[84.05136363204929,21.528170699688538]}"
641,28.284271247461902,136,2020,1,0,21.354616186796648,83.94105051515942,0.2506869,-0.08838276,2021,2012.131670991541,"{""geodesic"":false,""type"":""Point"",""coordinates"":[83.94105051515942,21.354616186796648]}"
642,30.0,189,2020,1,4,21.433667931799164,84.15350207985368,0.4465076,-0.461106,2021,1983.820738914481,"{""geodesic"":false,""type"":""Point"",""coordinates"":[84.15350207985368,21.433667931799164]}"
643,30.0,194,2020,1,0,21.5594320715759,83.96153210363734,0.3424059,-0.3258524,2021,1951.7218133056315,"{""geodesic"":false,""type"":""Point"",""coordinates"":[83.96153210363734,21.5594320715759]}"
644,28.284271247461902,190,2020,1,0,21.53481823279102,84.15547837347874,0.4013906,-0.44349605,2021,1884.2692036676162,"{""geodesic"":false,""type"":""Point"",""coordinates"":[84.15547837347874,21.53481823279102]}"
645,28.284271247461902,155,2020,1,0,21.36764175841638,83.87134124911174,0.6136238,-0.55737704,2021,1952.9097906150273,"{""geodesic"":false,""type"":""Point"",""coordinates"":[83.87134124911174,21.36764175841638]}"
646,0.0,192,2020,1,0,21.551976054717706,83.9258689868578,-0.13631137,0.26486918,2021,1937.2421719431877,"{""geodesic"":false,""type"":""Point"",""coordinates"":[83.9258689868578,21.551976054717706]}"
647,20.0,198,2020,1,0,21.49187876221011,83.85328511190095,0.51666814,-0.41953975,2021,1879.913869370008,"{""geodesic"":false,""type"":""Point"",""coordinates"":[83.85328511190095,21.49187876221011]}"
648,20.0,188,2020,1,0,21.549191277336934,83.88858890256684,0.49102893,-0.47965115,2021,1880.7730644299008,"{""geodesic"":false,""type"":""Point"",""coordinates"":[83.88858890256684,21.549191277336934]}"
649,20.0,146,2020,1,0,21.45729362377151,84.00285460670683,0.43457347,-0.30423084,2021,2000.2663298181142,"{""geodesic"":false,""type"":""Point"",""coordinates"":[84.00285460670683,21.45729362377151]}"
650,30.0,188,2020,1,0,21.55781510406448,83.90224329488545,0.5496813,-0.43903807,2021,1937.2421719431877,"{""geodesic"":false,""type"":""Point"",""coordinates"":[83.90224329488545,21.55781510406448]}"
651,10.0,192,2020,1,0,21.55449133751324,83.93709792790929,-0.060651965,0.12941512,2021,1937.2421719431877,"{""geodesic"":false,""type"":""Point"",""coordinates"":[83.93709792790929,21.55449133751324]}"
652,22.360679774997898,197,2020,1,0,21.596083335167975,83.94778787979031,0.0327513,0.07018149,2021,1937.2421719431877,"{""geodesic"":false,""type"":""Point"",""coordinates"":[83.94778787979031,21.596083335167975]}"
653,10.0,188,2020,1,0,21.56149819672937,83.90161447418657,0.10127798,0.008327256,2021,1937.2421719431877,"{""geodesic"":false,""type"":""Point"",""coordinates"":[83.90161447418657,21.56149819672937]}"
654,10.0,158,2020,1,0,21.485321060636036,83.89173300606126,0.038817007,0.06752945,2021,1879.913869370008,"{""geodesic"":false,""type"":""Point"",""coordinates"":[83.89173300606126,21.485321060636036]}"
655,14.142135623730951,188,2020,1,0,21.597790134207802,83.87295821662316,0.18452612,-0.21875498,2021,1889.884452931583,"{""geodesic"":false,""type"":""Point"",""coordinates"":[83.87295821662316,21.597790134207802]}"
656,14.142135623730951,201,2020,1,0,21.58117130145159,84.17057007025196,0.058857556,0.10652837,2021,1883.2621832626537,"{""geodesic"":false,""type"":""Point"",""coordinates"":[84.17057007025196,21.58117130145159]}"
657,20.0,158,2020,1,0,21.48774651190316,83.90466874615258,0.10290424,0.050655,2021,1938.3774942638702,"{""geodesic"":false,""type"":""Point"",""coordinates"":[83.90466874615258,21.48774651190316]}"
658,14.142135623730951,141,2020,1,0,21.466546271197938,83.95407608677915,0.11726543,0.043605678,2021,1988.3089408631204,"{""geodesic"":false,""type"":""Point"",""coordinates"":[83.95407608677915,21.466546271197938]}"
659,0.0,192,2020,1,0,21.562037185899843,83.97374919150137,-0.1624709,0.32800543,2021,1951.7218133056315,"{""geodesic"":false,""type"":""Point"",""coordinates"":[83.97374919150137,21.562037185899843]}"
660,14.142135623730951,149,2020,1,0,21.43348826874234,84.03627193527609,0.24564393,-0.17666423,2021,2013.2559463274083,"{""geodesic"":false,""type"":""Point"",""coordinates"":[84.03627193527609,21.43348826874234]}"
661,28.284271247461902,203,2020,1,4,21.370516367325564,84.08307416157871,0.40803233,-0.43453786,2021,1933.7276026361214,"{""geodesic"":false,""type"":""Point"",""coordinates"":[84.08307416157871,21.370516367325564]}"
662,0.0,190,2020,1,0,21.583686584247125,83.99252398093947,-0.19608928,0.27427143,2021,1951.7218133056315,"{""geodesic"":false,""type"":""Point"",""coordinates"":[83.99252398093947,21.583686584247125]}"
663,14.142135623730951,158,2020,1,0,21.475619255567548,83.90826200728905,0.07827807,0.07640706,2021,1938.3774942638702,"{""geodesic"":false,""type"":""Point"",""coordinates"":[83.90826200728905,21.475619255567548]}"
664,22.360679774997898,189,2020,1,4,21.40671847327558,84.17110905942242,0.3138361,-0.36222523,2021,1983.820738914481,"{""geodesic"":false,""type"":""Point"",""coordinates"":[84.17110905942242,21.40671847327558]}"
665,14.142135623730951,157,2020,1,0,21.453520699578206,84.03285833719643,0.010025063,0.10257481,2021,2000.2663298181142,"{""geodesic"":false,""type"":""Point"",""coordinates"":[84.03285833719643,21.453520699578206]}"
666,28.284271247461902,194,2020,1,0,21.593837546957676,83.99072735037123,0.40260708,-0.4332345,2021,1951.7218133056315,"{""geodesic"":false,""type"":""Point"",""coordinates"":[83.99072735037123,21.593837546957676]}"
667,28.284271247461902,157,2020,1,0,21.410132071355232,83.91778414930072,0.107186064,-0.120948695,2021,2009.2930683225277,"{""geodesic"":false,""type"":""Point"",""coordinates"":[83.91778414930072,21.410132071355232]}"
668,14.142135623730951,134,2020,1,0,21.35740096417742,83.94257765114241,0.048346058,0.11359223,2021,2012.131670991541,"{""geodesic"":false,""type"":""Point"",""coordinates"":[83.94257765114241,21.35740096417742]}"
669,22.360679774997898,169,2020,1,0,21.54802346746758,84.04229064767969,0.38720354,-0.26117843,2021,1930.7376822684455,"{""geodesic"":false,""type"":""Point"",""coordinates"":[84.04229064767969,21.54802346746758]}"
670,20.0,192,2020,1,0,21.548113298995993,83.9221858941929,0.29913843,-0.3341072,2021,1914.9658808208915,"{""geodesic"":false,""type"":""Point"",""coordinates"":[83.9221858941929,21.548113298995993]}"
671,10.0,194,2020,1,0,21.599946090889688,83.9243418508748,0.006742425,0.08165698,2021,1937.2421719431877,"{""geodesic"":false,""type"":""Point"",""coordinates"":[83.9243418508748,21.599946090889688]}"
672,14.142135623730951,155,2020,1,0,21.522062155756526,84.03591260916244,0.48694664,-0.36033228,2021,1930.7376822684455,"{""geodesic"":false,""type"":""Point"",""coordinates"":[84.03591260916244,21.522062155756526]}"
673,22.360679774997898,193,2020,1,0,21.56589994162156,83.94841670048919,0.06817051,-0.017889217,2021,1937.2421719431877,"{""geodesic"":false,""type"":""Point"",""coordinates"":[83.94841670048919,21.56589994162156]}"
674,30.0,142,2020,1,1,21.42423562131591,84.02746844549172,0.61788166,-0.5088399,2021,2013.2559463274083,"{""geodesic"":false,""type"":""Point"",""coordinates"":[84.02746844549172,21.42423562131591]}"
675,30.0,158,2020,1,1,21.512540013744857,84.0272887824349,0.66271067,-0.57239056,2021,1930.7376822684455,"{""geodesic"":false,""type"":""Point"",""coordinates"":[84.0272887824349,21.512540013744857]}"
676,0.0,203,2020,1,0,21.531224971654545,84.193477109997,-0.15120712,0.18237454,2021,1884.2692036676162,"{""geodesic"":false,""type"":""Point"",""coordinates"":[84.193477109997,21.531224971654545]}"
677,0.0,188,2020,1,0,21.56814572983186,83.85427325871348,-0.119284295,0.2613589,2021,1889.884452931583,"{""geodesic"":false,""type"":""Point"",""coordinates"":[83.85427325871348,21.56814572983186]}"
678,0.0,158,2020,1,0,21.485500723692862,83.89388896274315,-0.07332076,0.24489166,2021,1879.913869370008,"{""geodesic"":false,""type"":""Point"",""coordinates"":[83.89388896274315,21.485500723692862]}"
679,30.0,168,2020,1,0,21.414084658605358,83.92524016615891,0.121239305,0.093988925,2021,2009.2930683225277,"{""geodesic"":false,""type"":""Point"",""coordinates"":[83.92524016615891,21.414084658605358]}"
680,14.142135623730951,207,2020,1,0,21.353178882342057,84.1416443181033,0.0052887034,0.1210774,2021,1986.066358042619,"{""geodesic"":false,""type"":""Point"",""coordinates"":[84.1416443181033,21.353178882342057]}"
681,22.360679774997898,195,2020,1,0,21.52421811243841,84.17560063584303,0.47102988,-0.38379532,2021,1884.2692036676162,"{""geodesic"":false,""type"":""Point"",""coordinates"":[84.17560063584303,21.52421811243841]}"
682,0.0,193,2020,1,0,21.59275956861673,83.99081718189964,-0.10716094,0.25509727,2021,1951.7218133056315,"{""geodesic"":false,""type"":""Point"",""coordinates"":[83.99081718189964,21.59275956861673]}"
683,20.0,170,2020,1,4,21.485231229107626,84.10544221215329,0.4291926,-0.40286255,2021,1967.7580190972367,"{""geodesic"":false,""type"":""Point"",""coordinates"":[84.10544221215329,21.485231229107626]}"
684,0.0,182,2020,1,0,21.441932432413065,84.19114149025829,-0.055238094,0.17415917,2021,1983.820738914481,"{""geodesic"":false,""type"":""Point"",""coordinates"":[84.19114149025829,21.441932432413065]}"
685,28.284271247461902,194,2020,1,0,21.573355958479752,83.98758324687681,0.19880828,-0.22912228,2021,1951.7218133056315,"{""geodesic"":false,""type"":""Point"",""coordinates"":[83.98758324687681,21.573355958479752]}"
686,20.0,193,2020,1,1,21.57892551324129,84.05046531676517,0.6986829,-0.5861101,2021,1868.8200380303497,"{""geodesic"":false,""type"":""Point"",""coordinates"":[84.05046531676517,21.57892551324129]}"
687,28.284271247461902,157,2020,1,1,21.506251806756023,84.0168683251391,0.6213028,-0.55652237,2021,1930.7376822684455,"{""geodesic"":false,""type"":""Point"",""coordinates"":[84.0168683251391,21.506251806756023]}"
688,22.360679774997898,191,2020,1,0,21.585573046343775,84.04920767536741,0.4973359,-0.45525983,2021,1876.4415249633857,"{""geodesic"":false,""type"":""Point"",""coordinates"":[84.04920767536741,21.585573046343775]}"
689,0.0,195,2020,1,0,21.59222057944626,83.99899185098512,-0.08719446,0.2653759,2021,1951.7218133056315,"{""geodesic"":false,""type"":""Point"",""coordinates"":[83.99899185098512,21.59222057944626]}"
690,0.0,136,2020,1,0,21.435195067782168,83.98497813255285,-0.027967924,0.2026738,2021,1990.8268260547193,"{""geodesic"":false,""type"":""Point"",""coordinates"":[83.98497813255285,21.435195067782168]}"
691,14.142135623730951,161,2020,1,0,21.510563720119794,83.9431166403129,0.16232665,-0.07503598,2021,1914.9658808208915,"{""geodesic"":false,""type"":""Point"",""coordinates"":[83.9431166403129,21.510563720119794]}"
692,0.0,188,2020,1,0,21.592400242503086,83.98991886661551,-0.15620214,0.33182895,2021,1951.7218133056315,"{""geodesic"":false,""type"":""Point"",""coordinates"":[83.98991886661551,21.592400242503086]}"
693,10.0,209,2020,1,0,21.35335854539888,84.14209347574537,0.059118126,0.047768205,2021,1986.066358042619,"{""geodesic"":false,""type"":""Point"",""coordinates"":[84.14209347574537,21.35335854539888]}"
694,30.0,194,2020,1,1,21.58215944826412,84.12026441434126,0.4739826,-0.4594983,2021,1875.6384400060415,"{""geodesic"":false,""type"":""Point"",""coordinates"":[84.12026441434126,21.58215944826412]}"
695,0.0,191,2020,1,0,21.594286704599735,83.96009479918276,-0.12063104,0.27673253,2021,1951.7218133056315,"{""geodesic"":false,""type"":""Point"",""coordinates"":[83.96009479918276,21.594286704599735]}"
696,0.0,196,2020,1,0,21.560330386860016,83.95569305429056,-0.22441064,0.44477692,2021,1951.7218133056315,"{""geodesic"":false,""type"":""Point"",""coordinates"":[83.95569305429056,21.560330386860016]}"
697,14.142135623730951,190,2020,1,0,21.570391518042157,84.13122386080752,0.086379945,0.04493155,2021,1875.6384400060415,"{""geodesic"":false,""type"":""Point"",""coordinates"":[84.13122386080752,21.570391518042157]}"
698,20.0,194,2020,1,0,21.48783634343157,83.85481224788394,0.33238637,-0.26956913,2021,1879.913869370008,"{""geodesic"":false,""type"":""Point"",""coordinates"":[83.85481224788394,21.48783634343157]}"
699,22.360679774997898,183,2020,1,1,21.395399700695673,84.03878721807162,0.28889766,-0.30528557,2021,1966.40545485873,"{""geodesic"":false,""type"":""Point"",""coordinates"":[84.03878721807162,21.395399700695673]}"
700,30.0,160,2020,1,0,21.526733395233947,84.03815839737274,0.71204585,-0.5837717,2021,1930.7376822684455,"{""geodesic"":false,""type"":""Point"",""coordinates"":[84.03815839737274,21.526733395233947]}"
701,10.0,191,2020,1,0,21.598418954906684,84.00563938408762,0.033137426,0.09620253,2021,1876.4415249633857,"{""geodesic"":false,""type"":""Point"",""coordinates"":[84.00563938408762,21.598418954906684]}"
702,0.0,193,2020,1,0,21.55080824484835,83.93224702537505,-0.23120926,0.43064737,2021,1937.2421719431877,"{""geodesic"":false,""type"":""Point"",""coordinates"":[83.93224702537505,21.55080824484835]}"
703,20.0,194,2020,1,0,21.511372203875503,83.85032067146335,0.43518114,-0.3577426,2021,1880.7730644299008,"{""geodesic"":false,""type"":""Point"",""coordinates"":[83.85032067146335,21.511372203875503]}"
704,0.0,192,2020,1,0,21.55628796808148,83.91706549707342,-0.08413593,0.2058615,2021,1937.2421719431877,"{""geodesic"":false,""type"":""Point"",""coordinates"":[83.91706549707342,21.55628796808148]}"
705,10.0,140,2020,1,0,21.41273718567918,83.98318150198462,0.053867757,0.051775623,2021,1990.8268260547193,"{""geodesic"":false,""type"":""Point"",""coordinates"":[83.98318150198462,21.41273718567918]}"
706,22.360679774997898,196,2020,1,0,21.48038032657338,83.85813601443519,0.42451787,-0.40949753,2021,1879.913869370008,"{""geodesic"":false,""type"":""Point"",""coordinates"":[83.85813601443519,21.48038032657338]}"
707,30.0,145,2020,1,0,21.46421065145923,83.95138114092678,0.07348806,0.13743013,2021,1988.3089408631204,"{""geodesic"":false,""type"":""Point"",""coordinates"":[83.95138114092678,21.46421065145923]}"
708,30.0,200,2020,1,0,21.377523226541694,84.14640538910913,0.48469856,-0.38886842,2021,1986.066358042619,"{""geodesic"":false,""type"":""Point"",""coordinates"":[84.14640538910913,21.377523226541694]}"
709,30.0,202,2020,1,5,21.36350950810943,84.16005978142776,0.29689807,-0.35556585,2021,1989.0276167842967,"{""geodesic"":false,""type"":""Point"",""coordinates"":[84.16005978142776,21.36350950810943]}"
710,10.0,150,2020,1,0,21.468163238709355,84.05962813266319,0.37010828,-0.30528367,2021,1980.8196407325013,"{""geodesic"":false,""type"":""Point"",""coordinates"":[84.05962813266319,21.468163238709355]}"
711,10.0,135,2020,1,0,21.40869476690064,83.97132374023424,0.07246567,0.07112276,2021,1990.8268260547193,"{""geodesic"":false,""type"":""Point"",""coordinates"":[83.97132374023424,21.40869476690064]}"
712,20.0,191,2020,1,0,21.584135741889185,83.99521892679182,-0.042005107,0.077747986,2021,1951.7218133056315,"{""geodesic"":false,""type"":""Point"",""coordinates"":[83.99521892679182,21.584135741889185]}"
713,30.0,188,2020,1,0,21.57245764319563,83.90978914327205,0.22782077,-0.19110483,2021,1937.2421719431877,"{""geodesic"":false,""type"":""Point"",""coordinates"":[83.90978914327205,21.57245764319563]}"
714,0.0,191,2020,1,0,21.599856259361275,83.92748595436922,-0.02999784,0.26054993,2021,1937.2421719431877,"{""geodesic"":false,""type"":""Point"",""coordinates"":[83.92748595436922,21.599856259361275]}"
715,0.0,192,2020,1,0,21.558533756291776,83.96773047909777,-0.08613696,0.27661106,2021,1951.7218133056315,"{""geodesic"":false,""type"":""Point"",""coordinates"":[83.96773047909777,21.558533756291776]}"
716,22.360679774997898,193,2020,1,0,21.53194362388184,83.87197006981063,0.021133397,-0.053903863,2021,1880.7730644299008,"{""geodesic"":false,""type"":""Point"",""coordinates"":[83.87197006981063,21.53194362388184]}"
717,0.0,196,2020,1,0,21.557006620308776,83.87574299400393,-0.051878355,0.20332842,2021,1889.884452931583,"{""geodesic"":false,""type"":""Point"",""coordinates"":[83.87574299400393,21.557006620308776]}"
718,14.142135623730951,153,2020,1,0,21.423966126730672,83.99854269334307,0.029571675,0.11372031,2021,1990.8268260547193,"{""geodesic"":false,""type"":""Point"",""coordinates"":[83.99854269334307,21.423966126730672]}"
719,22.360679774997898,148,2020,1,0,21.429445849963802,84.0139038847015,0.094109684,0.074809164,2021,2013.2559463274083,"{""geodesic"":false,""type"":""Point"",""coordinates"":[84.0139038847015,21.429445849963802]}"
720,22.360679774997898,158,2020,1,0,21.52098417741558,84.03483463082149,0.6370512,-0.52167267,2021,1930.7376822684455,"{""geodesic"":false,""type"":""Point"",""coordinates"":[84.03483463082149,21.52098417741558]}"
721,28.284271247461902,175,2020,1,0,21.48819566954522,83.91661633943137,0.5340299,-0.40212592,2021,1938.3774942638702,"{""geodesic"":false,""type"":""Point"",""coordinates"":[83.91661633943137,21.48819566954522]}"
722,20.0,193,2020,1,0,21.59455619918497,83.95991513612593,0.2994013,-0.30193374,2021,1951.7218133056315,"{""geodesic"":false,""type"":""Point"",""coordinates"":[83.95991513612593,21.59455619918497]}"
723,22.360679774997898,138,2020,1,0,21.409862576769996,83.98327133351303,0.34350926,-0.31753555,2021,1990.8268260547193,"{""geodesic"":false,""type"":""Point"",""coordinates"":[83.98327133351303,21.409862576769996]}"
724,22.360679774997898,189,2020,1,0,21.541825092007155,83.96611351158636,0.15562758,-0.25652248,2021,1973.5760219825897,"{""geodesic"":false,""type"":""Point"",""coordinates"":[83.96611351158636,21.541825092007155]}"
725,14.142135623730951,159,2020,1,0,21.475978581681193,84.11316772359672,0.00937154,0.111729056,2021,1967.7580190972367,"{""geodesic"":false,""type"":""Point"",""coordinates"":[84.11316772359672,21.475978581681193]}"
726,28.284271247461902,155,2020,1,0,21.381655476848643,83.9220960626645,0.6141561,-0.49627286,2021,2012.131670991541,"{""geodesic"":false,""type"":""Point"",""coordinates"":[83.9220960626645,21.381655476848643]}"
727,30.0,198,2020,1,0,21.59590367211115,83.9468895645062,0.15742826,-0.22347994,2021,1937.2421719431877,"{""geodesic"":false,""type"":""Point"",""coordinates"":[83.9468895645062,21.59590367211115]}"
728,10.0,191,2020,1,0,21.583506921190303,83.9928833070531,0.02087018,-0.028877005,2021,1951.7218133056315,"{""geodesic"":false,""type"":""Point"",""coordinates"":[83.9928833070531,21.583506921190303]}"
729,10.0,135,2020,1,0,21.356053491251238,83.94140984127307,0.122637376,-0.034839984,2021,2012.131670991541,"{""geodesic"":false,""type"":""Point"",""coordinates"":[83.94140984127307,21.356053491251238]}"
730,22.360679774997898,186,2020,1,0,21.581440796036826,84.03842789195797,0.13616651,-0.032505307,2021,1876.4415249633857,"{""geodesic"":false,""type"":""Point"",""coordinates"":[84.03842789195797,21.581440796036826]}"
731,0.0,191,2020,1,0,21.559881229217957,83.96225075586463,-0.13741122,0.21019538,2021,1951.7218133056315,"{""geodesic"":false,""type"":""Point"",""coordinates"":[83.96225075586463,21.559881229217957]}"
732,20.0,196,2020,1,1,21.546047173842517,84.166437819945,0.38073418,-0.4028493,2021,1884.2692036676162,"{""geodesic"":false,""type"":""Point"",""coordinates"":[84.166437819945,21.546047173842517]}"
733,0.0,189,2020,1,0,21.58530355175854,83.99360195928041,-0.20369555,0.3323497,2021,1951.7218133056315,"{""geodesic"":false,""type"":""Point"",""coordinates"":[83.99360195928041,21.58530355175854]}"
734,0.0,189,2020,1,0,21.585573046343775,83.99387145386564,-0.21393913,0.35364527,2021,1951.7218133056315,"{""geodesic"":false,""type"":""Point"",""coordinates"":[83.99387145386564,21.585573046343775]}"
735,0.0,188,2020,1,0,21.589345970537078,83.99935117709877,-0.19039366,0.37764823,2021,1951.7218133056315,"{""geodesic"":false,""type"":""Point"",""coordinates"":[83.99935117709877,21.589345970537078]}"
736,28.284271247461902,159,2020,1,0,21.450556259140612,83.9514709724552,0.4613292,-0.4297644,2021,1988.3089408631204,"{""geodesic"":false,""type"":""Point"",""coordinates"":[83.9514709724552,21.450556259140612]}"
737,20.0,144,2020,1,0,21.465558124385407,83.94958451035855,0.23861033,-0.09174646,2021,1938.3774942638702,"{""geodesic"":false,""type"":""Point"",""coordinates"":[83.94958451035855,21.465558124385407]}"
738,10.0,189,2020,1,0,21.59365788390085,83.99216465482581,0.08576314,-0.06465461,2021,1951.7218133056315,"{""geodesic"":false,""type"":""Point"",""coordinates"":[83.99216465482581,21.59365788390085]}"
739,22.360679774997898,146,2020,1,0,21.422438990747672,84.01264624330375,0.530987,-0.44858682,2021,2013.2559463274083,"{""geodesic"":false,""type"":""Point"",""coordinates"":[84.01264624330375,21.422438990747672]}"
740,28.284271247461902,172,2020,1,1,21.468073407180942,83.89873986527739,0.51007867,-0.49717683,2021,1879.913869370008,"{""geodesic"":false,""type"":""Point"",""coordinates"":[83.89873986527739,21.468073407180942]}"
741,20.0,192,2020,1,1,21.387045368553363,84.17173788012131,0.46426427,-0.3821645,2021,1989.0276167842967,"{""geodesic"":false,""type"":""Point"",""coordinates"":[84.17173788012131,21.387045368553363]}"
742,10.0,158,2020,1,0,21.48819566954522,83.90242295794228,0.30365095,-0.16768378,2021,1938.3774942638702,"{""geodesic"":false,""type"":""Point"",""coordinates"":[83.90242295794228,21.48819566954522]}"
743,10.0,190,2020,1,0,21.549730266507407,83.93278601454551,0.062399205,0.11644542,2021,1914.9658808208915,"{""geodesic"":false,""type"":""Point"",""coordinates"":[83.93278601454551,21.549730266507407]}"
744,22.360679774997898,193,2020,1,1,21.38695553702495,84.17146838553607,0.35536206,-0.26742092,2021,1989.0276167842967,"{""geodesic"":false,""type"":""Point"",""coordinates"":[84.17146838553607,21.38695553702495]}"
745,0.0,190,2020,1,0,21.560240555331607,83.94940484730172,-0.20823126,0.3574458,2021,1937.2421719431877,"{""geodesic"":false,""type"":""Point"",""coordinates"":[83.94940484730172,21.560240555331607]}"
746,0.0,193,2020,1,0,21.54703532065505,83.97886958862085,-0.0351377,0.21118012,2021,1973.5760219825897,"{""geodesic"":false,""type"":""Point"",""coordinates"":[83.97886958862085,21.54703532065505]}"
747,30.0,199,2020,1,0,21.587279845383602,84.14155448657489,0.23864491,-0.22463156,2021,1875.6384400060415,"{""geodesic"":false,""type"":""Point"",""coordinates"":[84.14155448657489,21.587279845383602]}"
748,22.360679774997898,199,2020,1,0,21.499873768238775,84.1956330666789,0.58181417,-0.48372477,2021,1918.5559945498535,"{""geodesic"":false,""type"":""Point"",""coordinates"":[84.1956330666789,21.499873768238775]}"
749,0.0,207,2020,1,0,21.359017931688832,84.15781399321746,-0.21056338,0.2470193,2021,1989.0276167842967,"{""geodesic"":false,""type"":""Point"",""coordinates"":[84.15781399321746,21.359017931688832]}"
750,22.360679774997898,210,2020,1,1,21.574164442235457,84.17730743488285,0.50084966,-0.49756604,2021,1883.2621832626537,"{""geodesic"":false,""type"":""Point"",""coordinates"":[84.17730743488285,21.574164442235457]}"
751,10.0,155,2020,1,0,21.367731589944793,83.87044293382762,0.23708561,-0.14526682,2021,1952.9097906150273,"{""geodesic"":false,""type"":""Point"",""coordinates"":[83.87044293382762,21.367731589944793]}"
752,0.0,158,2020,1,0,21.477954875306256,83.91284341523806,-0.03054029,0.1995932,2021,1938.3774942638702,"{""geodesic"":false,""type"":""Point"",""coordinates"":[83.91284341523806,21.477954875306256]}"
753,0.0,189,2020,1,0,21.598868112548743,83.92416218781797,-0.20314729,0.32828438,2021,1937.2421719431877,"{""geodesic"":false,""type"":""Point"",""coordinates"":[83.92416218781797,21.598868112548743]}"
754,0.0,191,2020,1,0,21.581710290622063,84.01022079203662,-0.018359058,0.16747372,2021,1876.4415249633857,"{""geodesic"":false,""type"":""Point"",""coordinates"":[84.01022079203662,21.581710290622063]}"
755,22.360679774997898,167,2020,1,0,21.422438990747672,83.91679600248818,0.16166905,-0.010967392,2021,2009.2930683225277,"{""geodesic"":false,""type"":""Point"",""coordinates"":[83.91679600248818,21.422438990747672]}"
756,22.360679774997898,135,2020,1,0,21.376714742785985,83.95793884250087,0.45422575,-0.35319263,2021,2031.3388504182512,"{""geodesic"":false,""type"":""Point"",""coordinates"":[83.95793884250087,21.376714742785985]}"
757,28.284271247461902,134,2020,1,0,21.3625213612969,83.9416793358583,0.42014164,-0.35036227,2021,2012.131670991541,"{""geodesic"":false,""type"":""Point"",""coordinates"":[83.9416793358583,21.3625213612969]}"
758,14.142135623730951,165,2020,1,0,21.376085922087103,84.0183056295937,0.06314701,0.047508016,2021,1966.40545485873,"{""geodesic"":false,""type"":""Point"",""coordinates"":[84.0183056295937,21.376085922087103]}"
759,20.0,161,2020,1,0,21.368540073700498,83.91697566554501,0.5717841,-0.44114542,2021,2012.131670991541,"{""geodesic"":false,""type"":""Point"",""coordinates"":[83.91697566554501,21.368540073700498]}"
760,28.284271247461902,175,2020,1,0,21.478763359061965,84.03986519641256,0.19353674,-0.102215596,2021,2000.2663298181142,"{""geodesic"":false,""type"":""Point"",""coordinates"":[84.03986519641256,21.478763359061965]}"
761,10.0,196,2020,1,0,21.54721498371187,83.88876856562366,0.1104851,0.09400138,2021,1880.7730644299008,"{""geodesic"":false,""type"":""Point"",""coordinates"":[83.88876856562366,21.54721498371187]}"
762,20.0,155,2020,1,0,21.369348557456206,83.87080225994127,0.13824959,-0.020321438,2021,1952.9097906150273,"{""geodesic"":false,""type"":""Point"",""coordinates"":[83.87080225994127,21.369348557456206]}"
763,30.0,155,2020,1,0,21.368809568285734,83.87017343924238,0.6419342,-0.525637,2021,1952.9097906150273,"{""geodesic"":false,""type"":""Point"",""coordinates"":[83.87017343924238,21.368809568285734]}"
764,22.360679774997898,141,2020,1,0,21.46663610272635,83.95407608677915,0.11068378,0.057516083,2021,1988.3089408631204,"{""geodesic"":false,""type"":""Point"",""coordinates"":[83.95407608677915,21.46663610272635]}"
765,10.0,195,2020,1,0,21.59823929184986,83.95344726608026,0.0068602907,0.11369335,2021,1951.7218133056315,"{""geodesic"":false,""type"":""Point"",""coordinates"":[83.95344726608026,21.59823929184986]}"
766,22.360679774997898,158,2020,1,0,21.478224369891493,83.91203493148235,0.15949494,-0.0033237168,2021,1938.3774942638702,"{""geodesic"":false,""type"":""Point"",""coordinates"":[83.91203493148235,21.478224369891493]}"
767,10.0,158,2020,1,0,21.493855055835173,83.89766188693645,0.07805185,0.11814084,2021,1879.913869370008,"{""geodesic"":false,""type"":""Point"",""coordinates"":[83.89766188693645,21.493855055835173]}"
768,28.284271247461902,205,2020,1,1,21.378421541825816,84.19599239279253,0.49569178,-0.49618572,2021,1989.0276167842967,"{""geodesic"":false,""type"":""Point"",""coordinates"":[84.19599239279253,21.378421541825816]}"
769,0.0,158,2020,1,0,21.470948016090126,83.91347223593695,-0.058927093,0.23825225,2021,1938.3774942638702,"{""geodesic"":false,""type"":""Point"",""coordinates"":[83.91347223593695,21.470948016090126]}"
770,10.0,141,2020,1,0,21.43762051904929,83.9845289749108,0.25988317,-0.14034064,2021,1990.8268260547193,"{""geodesic"":false,""type"":""Point"",""coordinates"":[83.9845289749108,21.43762051904929]}"
771,0.0,191,2020,1,0,21.560959207558902,83.9582981686145,-0.22305237,0.46067113,2021,1951.7218133056315,"{""geodesic"":false,""type"":""Point"",""coordinates"":[83.9582981686145,21.560959207558902]}"
772,0.0,190,2020,1,0,21.551976054717706,83.9221858941929,-0.18761119,0.30638686,2021,1937.2421719431877,"{""geodesic"":false,""type"":""Point"",""coordinates"":[83.9221858941929,21.551976054717706]}"
773,0.0,191,2020,1,0,21.565271120922674,83.95021333105744,-0.10453172,0.2298298,2021,1951.7218133056315,"{""geodesic"":false,""type"":""Point"",""coordinates"":[83.95021333105744,21.565271120922674]}"
774,28.284271247461902,144,2020,1,0,21.422708485332908,84.0115682649628,0.49362817,-0.4770086,2021,2013.2559463274083,"{""geodesic"":false,""type"":""Point"",""coordinates"":[84.0115682649628,21.422708485332908]}"
775,28.284271247461902,151,2020,1,0,21.462683515476225,84.05774167056654,0.4295168,-0.41065356,2021,1980.8196407325013,"{""geodesic"":false,""type"":""Point"",""coordinates"":[84.05774167056654,21.462683515476225]}"
776,0.0,154,2020,1,0,21.506790795926495,84.01848529265052,-0.08868214,0.23615544,2021,1930.7376822684455,"{""geodesic"":false,""type"":""Point"",""coordinates"":[84.01848529265052,21.506790795926495]}"
777,0.0,188,2020,1,0,21.591681590275787,83.98929004591663,-0.19343266,0.3315057,2021,1951.7218133056315,"{""geodesic"":false,""type"":""Point"",""coordinates"":[83.98929004591663,21.591681590275787]}"
778,0.0,190,2020,1,0,21.556108305024654,83.93682843332405,-0.23779984,0.4248491,2021,1937.2421719431877,"{""geodesic"":false,""type"":""Point"",""coordinates"":[83.93682843332405,21.556108305024654]}"
779,30.0,153,2020,1,0,21.445256198964305,84.05154329510611,0.39555556,-0.32994494,2021,1956.868612972743,"{""geodesic"":false,""type"":""Point"",""coordinates"":[84.05154329510611,21.445256198964305]}"
780,10.0,142,2020,1,0,21.453969857220265,83.96162193516575,0.03373559,0.10783859,2021,1988.3089408631204,"{""geodesic"":false,""type"":""Point"",""coordinates"":[83.96162193516575,21.453969857220265]}"
781,0.0,175,2020,1,0,21.557994767121308,84.02279720601429,-0.009777913,0.19306222,2021,1876.4415249633857,"{""geodesic"":false,""type"":""Point"",""coordinates"":[84.02279720601429,21.557994767121308]}"
782,0.0,193,2020,1,0,21.56122870214414,83.96808980521142,-0.2471278,0.41723162,2021,1951.7218133056315,"{""geodesic"":false,""type"":""Point"",""coordinates"":[83.96808980521142,21.56122870214414]}"
783,30.0,180,2020,1,4,21.422438990747672,84.18350581034328,0.6240651,-0.5221223,2021,1983.820738914481,"{""geodesic"":false,""type"":""Point"",""coordinates"":[84.18350581034328,21.422438990747672]}"
784,30.0,182,2020,1,4,21.54883195122329,83.94751838520507,0.5701764,-0.55378467,2021,1914.9658808208915,"{""geodesic"":false,""type"":""Point"",""coordinates"":[83.94751838520507,21.54883195122329]}"
785,0.0,190,2020,1,0,21.55673712572354,83.91661633943137,-0.11493861,0.25092912,2021,1937.2421719431877,"{""geodesic"":false,""type"":""Point"",""coordinates"":[83.91661633943137,21.55673712572354]}"
786,10.0,158,2020,1,0,21.474990434868662,83.90933998563,-0.04185113,0.13805164,2021,1938.3774942638702,"{""geodesic"":false,""type"":""Point"",""coordinates"":[83.90933998563,21.474990434868662]}"
787,28.284271247461902,191,2020,1,0,21.52601474300665,83.86415472683879,0.2046208,-0.2349252,2021,1880.7730644299008,"{""geodesic"":false,""type"":""Point"",""coordinates"":[83.86415472683879,21.52601474300665]}"
788,10.0,192,2020,1,0,21.58584254092901,84.0003393239113,0.06798152,0.040529802,2021,1876.4415249633857,"{""geodesic"":false,""type"":""Point"",""coordinates"":[84.0003393239113,21.58584254092901]}"
789,28.284271247461902,181,2020,1,4,21.521882492699703,84.15053763941609,0.38316223,-0.4115458,2021,1884.2692036676162,"{""geodesic"":false,""type"":""Point"",""coordinates"":[84.15053763941609,21.521882492699703]}"
790,22.360679774997898,201,2020,1,0,21.384889411871473,84.15251393304115,0.55850136,-0.4760923,2021,1989.0276167842967,"{""geodesic"":false,""type"":""Point"",""coordinates"":[84.15251393304115,21.384889411871473]}"
791,14.142135623730951,167,2020,1,0,21.49690932780118,83.86918529242985,0.034068853,0.10652385,2021,1879.913869370008,"{""geodesic"":false,""type"":""Point"",""coordinates"":[83.86918529242985,21.49690932780118]}"
792,28.284271247461902,164,2020,1,0,21.52772154204648,83.913921393579,0.16177598,-0.11353647,2021,1914.9658808208915,"{""geodesic"":false,""type"":""Point"",""coordinates"":[83.913921393579,21.52772154204648]}"
793,30.0,187,2020,1,0,21.58162045909365,84.03878721807162,0.32779214,-0.14532186,2021,1876.4415249633857,"{""geodesic"":false,""type"":""Point"",""coordinates"":[84.03878721807162,21.58162045909365]}"
794,10.0,192,2020,1,0,21.59770030267939,83.94814720590396,0.12989481,0.0045804563,2021,1937.2421719431877,"{""geodesic"":false,""type"":""Point"",""coordinates"":[83.94814720590396,21.59770030267939]}"
795,20.0,154,2020,1,1,21.47993116893132,84.0589094804359,0.07671032,-0.030174196,2021,1980.8196407325013,"{""geodesic"":false,""type"":""Point"",""coordinates"":[84.0589094804359,21.47993116893132]}"
796,30.0,141,2020,1,3,21.46196486324893,83.95964564154069,0.23340185,-0.05939121,2021,1988.3089408631204,"{""geodesic"":false,""type"":""Point"",""coordinates"":[83.95964564154069,21.46196486324893]}"
797,20.0,193,2020,1,0,21.558443924763367,83.96512536477383,0.21687429,-0.23093079,2021,1951.7218133056315,"{""geodesic"":false,""type"":""Point"",""coordinates"":[83.96512536477383,21.558443924763367]}"
798,30.0,146,2020,1,0,21.51164169846074,83.9026026209991,0.122761615,-0.17323601,2021,1914.9658808208915,"{""geodesic"":false,""type"":""Point"",""coordinates"":[83.9026026209991,21.51164169846074]}"
799,22.360679774997898,170,2020,1,0,21.456664803072623,84.15952079225728,0.5827694,-0.47593582,2021,1918.5559945498535,"{""geodesic"":false,""type"":""Point"",""coordinates"":[84.15952079225728,21.456664803072623]}"
800,0.0,190,2020,1,0,21.551616728604056,83.9213774104372,-0.23506716,0.4469606,2021,1937.2421719431877,"{""geodesic"":false,""type"":""Point"",""coordinates"":[83.9213774104372,21.551616728604056]}"
801,30.0,148,2020,1,0,21.469600543163946,84.05872981737907,0.34299892,-0.3774451,2021,1980.8196407325013,"{""geodesic"":false,""type"":""Point"",""coordinates"":[84.05872981737907,21.469600543163946]}"
802,28.284271247461902,155,2020,1,0,21.520714682830345,84.03528378846356,0.45552295,-0.45211607,2021,1930.7376822684455,"{""geodesic"":false,""type"":""Point"",""coordinates"":[84.03528378846356,21.520714682830345]}"
803,30.0,156,2020,1,1,21.48226678867003,84.07786393293082,0.6680162,-0.5801234,2021,1980.8196407325013,"{""geodesic"":false,""type"":""Point"",""coordinates"":[84.07786393293082,21.48226678867003]}"
804,30.0,140,2020,1,0,21.410581228997295,83.98300183892779,0.13920933,-0.019241592,2021,1990.8268260547193,"{""geodesic"":false,""type"":""Point"",""coordinates"":[83.98300183892779,21.410581228997295]}"
805,30.0,163,2020,1,0,21.449388449271257,83.95183029856885,0.316453,-0.37377876,2021,1990.8268260547193,"{""geodesic"":false,""type"":""Point"",""coordinates"":[83.95183029856885,21.449388449271257]}"
806,22.360679774997898,155,2020,1,0,21.531674129296604,84.04157199545239,0.4852403,-0.36873582,2021,1930.7376822684455,"{""geodesic"":false,""type"":""Point"",""coordinates"":[84.04157199545239,21.531674129296604]}"
807,0.0,196,2020,1,0,21.599766427832865,83.94760821673349,-0.17637847,0.2949208,2021,1937.2421719431877,"{""geodesic"":false,""type"":""Point"",""coordinates"":[83.94760821673349,21.599766427832865]}"
808,22.360679774997898,192,2020,1,0,21.594107041542912,83.9897392035587,0.41778123,-0.3988512,2021,1951.7218133056315,"{""geodesic"":false,""type"":""Point"",""coordinates"":[83.9897392035587,21.594107041542912]}"
809,0.0,188,2020,1,0,21.566618593848855,83.94347596642653,-0.040836327,0.23730354,2021,1937.2421719431877,"{""geodesic"":false,""type"":""Point"",""coordinates"":[83.94347596642653,21.566618593848855]}"
810,20.0,160,2020,1,0,21.462324189362576,84.04714155021394,0.14899442,0.008810973,2021,2000.2663298181142,"{""geodesic"":false,""type"":""Point"",""coordinates"":[84.04714155021394,21.462324189362576]}"
811,30.0,138,2020,1,6,21.39575902680932,83.97033559342171,0.32053086,-0.36470088,2021,2031.3388504182512,"{""geodesic"":false,""type"":""Point"",""coordinates"":[83.97033559342171,21.39575902680932]}"
812,0.0,189,2020,1,0,21.598149460321448,83.99414094845088,-0.14640462,0.26846567,2021,1951.7218133056315,"{""geodesic"":false,""type"":""Point"",""coordinates"":[83.99414094845088,21.598149460321448]}"
813,10.0,132,2020,1,0,21.351741577887463,83.92461134546002,0.055602595,0.121528715,2021,2012.131670991541,"{""geodesic"":false,""type"":""Point"",""coordinates"":[83.92461134546002,21.351741577887463]}"
814,0.0,208,2020,1,0,21.371414682609682,84.08648775965837,-0.080612876,0.19340605,2021,1933.7276026361214,"{""geodesic"":false,""type"":""Point"",""coordinates"":[84.08648775965837,21.371414682609682]}"
815,28.284271247461902,208,2020,1,4,21.364677317978785,84.10139979337475,0.4362657,-0.45542753,2021,1986.066358042619,"{""geodesic"":false,""type"":""Point"",""coordinates"":[84.10139979337475,21.364677317978785]}"
816,10.0,155,2020,1,7,21.534279243620553,83.87762945610058,0.010065149,-0.03638268,2021,1880.7730644299008,"{""geodesic"":false,""type"":""Point"",""coordinates"":[83.87762945610058,21.534279243620553]}"
817,14.142135623730951,175,2020,1,0,21.458102107527214,84.08630809660154,0.029721767,0.081995346,2021,1980.8196407325013,"{""geodesic"":false,""type"":""Point"",""coordinates"":[84.08630809660154,21.458102107527214]}"
818,10.0,158,2020,1,0,21.484422745351917,83.91113661619823,0.052571364,0.08635894,2021,1938.3774942638702,"{""geodesic"":false,""type"":""Point"",""coordinates"":[83.91113661619823,21.484422745351917]}"
819,0.0,189,2020,1,0,21.51775024239275,84.16212590658122,-0.03131174,0.20648155,2021,1884.2692036676162,"{""geodesic"":false,""type"":""Point"",""coordinates"":[84.16212590658122,21.51775024239275]}"
820,0.0,192,2020,1,0,21.56006089227478,83.96773047909777,0.020509172,0.15172207,2021,1951.7218133056315,"{""geodesic"":false,""type"":""Point"",""coordinates"":[83.96773047909777,21.56006089227478]}"
821,10.0,146,2020,1,0,21.42845770315127,84.02881591841789,0.1031543,0.021365097,2021,2013.2559463274083,"{""geodesic"":false,""type"":""Point"",""coordinates"":[84.02881591841789,21.42845770315127]}"
822,20.0,148,2020,1,0,21.46295301006146,84.01183775954803,0.27418876,-0.18894394,2021,2000.2663298181142,"{""geodesic"":false,""type"":""Point"",""coordinates"":[84.01183775954803,21.46295301006146]}"
823,0.0,153,2020,1,0,21.503736523960487,84.01614967291181,-0.05567133,0.20868155,2021,1930.7376822684455,"{""geodesic"":false,""type"":""Point"",""coordinates"":[84.01614967291181,21.503736523960487]}"
824,0.0,188,2020,1,0,21.550359087206292,83.93143854161934,-0.31097576,0.4255289,2021,1937.2421719431877,"{""geodesic"":false,""type"":""Point"",""coordinates"":[83.93143854161934,21.550359087206292]}"
825,28.284271247461902,155,2020,1,0,21.53050631942725,83.87601248858917,0.12435233,-0.1814882,2021,1880.7730644299008,"{""geodesic"":false,""type"":""Point"",""coordinates"":[83.87601248858917,21.53050631942725]}"
826,30.0,199,2020,1,0,21.550718413319938,83.87538366789028,0.45019633,-0.45877954,2021,1889.884452931583,"{""geodesic"":false,""type"":""Point"",""coordinates"":[83.87538366789028,21.550718413319938]}"
827,30.0,150,2020,1,0,21.4422019269983,84.03734991361704,0.48608068,-0.45022625,2021,2013.2559463274083,"{""geodesic"":false,""type"":""Point"",""coordinates"":[84.03734991361704,21.4422019269983]}"
828,30.0,193,2020,1,0,21.5669779199625,83.9447336078243,0.5443943,-0.44862583,2021,1937.2421719431877,"{""geodesic"":false,""type"":""Point"",""coordinates"":[83.9447336078243,21.5669779199625]}"
829,14.142135623730951,164,2020,1,0,21.498256800727358,84.02899558147472,0.41914162,-0.31503168,2021,2000.2663298181142,"{""geodesic"":false,""type"":""Point"",""coordinates"":[84.02899558147472,21.498256800727358]}"
830,20.0,194,2020,1,0,21.559521903104308,83.95587271734739,0.08670314,-0.049720615,2021,1951.7218133056315,"{""geodesic"":false,""type"":""Point"",""coordinates"":[83.95587271734739,21.559521903104308]}"
831,20.0,179,2020,1,5,21.452712215822498,83.91338240440854,0.10599329,-0.18407424,2021,1938.3774942638702,"{""geodesic"":false,""type"":""Point"",""coordinates"":[83.91338240440854,21.452712215822498]}"
832,0.0,192,2020,1,0,21.549730266507407,83.9258689868578,-0.17176741,0.35921568,2021,1914.9658808208915,"{""geodesic"":false,""type"":""Point"",""coordinates"":[83.9258689868578,21.549730266507407]}"
833,10.0,175,2020,1,0,21.557904935592894,84.02342602671318,-0.024207903,0.1468501,2021,1876.4415249633857,"{""geodesic"":false,""type"":""Point"",""coordinates"":[84.02342602671318,21.557904935592894]}"
834,10.0,145,2020,1,4,21.3647671495072,83.91185526842553,0.019256849,0.10719703,2021,2012.131670991541,"{""geodesic"":false,""type"":""Point"",""coordinates"":[83.91185526842553,21.3647671495072]}"
835,22.360679774997898,184,2020,1,0,21.41642027834407,84.09987265739174,0.108727284,0.07111818,2021,1956.868612972743,"{""geodesic"":false,""type"":""Point"",""coordinates"":[84.09987265739174,21.41642027834407]}"
836,0.0,188,2020,1,0,21.56230668048508,83.90386026239686,-0.030280223,0.18812712,2021,1937.2421719431877,"{""geodesic"":false,""type"":""Point"",""coordinates"":[83.90386026239686,21.56230668048508]}"
837,14.142135623730951,193,2020,1,0,21.565001626337438,83.94356579795495,0.4403353,-0.34353656,2021,1937.2421719431877,"{""geodesic"":false,""type"":""Point"",""coordinates"":[83.94356579795495,21.565001626337438]}"
838,0.0,190,2020,1,0,21.59222057944626,83.99638673666118,-0.060908075,0.18201432,2021,1951.7218133056315,"{""geodesic"":false,""type"":""Point"",""coordinates"":[83.99638673666118,21.59222057944626]}"
839,0.0,194,2020,1,0,21.551347234018824,83.93539112886947,-0.2452783,0.4330546,2021,1937.2421719431877,"{""geodesic"":false,""type"":""Point"",""coordinates"":[83.93539112886947,21.551347234018824]}"
840,10.0,192,2020,1,0,21.529877498728364,84.16302422186536,0.050566696,0.1008581,2021,1884.2692036676162,"{""geodesic"":false,""type"":""Point"",""coordinates"":[84.16302422186536,21.529877498728364]}"
841,20.0,183,2020,1,0,21.517390916279105,84.06205358393032,0.16519094,-0.2355279,2021,1924.836797689757,"{""geodesic"":false,""type"":""Point"",""coordinates"":[84.06205358393032,21.517390916279105]}"
842,0.0,191,2020,1,0,21.55997106074637,83.95739985333039,-0.0716559,0.26661316,2021,1951.7218133056315,"{""geodesic"":false,""type"":""Point"",""coordinates"":[83.95739985333039,21.55997106074637]}"
843,22.360679774997898,194,2020,1,0,21.566798256905678,83.94428445018225,0.2781941,-0.18432091,2021,1937.2421719431877,"{""geodesic"":false,""type"":""Point"",""coordinates"":[83.94428445018225,21.566798256905678]}"
844,10.0,187,2020,1,6,21.396926836678677,84.03959570182732,0.0860694,-0.045505304,2021,1966.40545485873,"{""geodesic"":false,""type"":""Point"",""coordinates"":[84.03959570182732,21.396926836678677]}"
845,22.360679774997898,192,2020,1,0,21.598957944077156,84.00590887867284,0.2772507,-0.2541789,2021,1876.4415249633857,"{""geodesic"":false,""type"":""Point"",""coordinates"":[84.00590887867284,21.598957944077156]}"
846,14.142135623730951,156,2020,1,0,21.462144526305753,84.05935863807795,0.082100816,0.024993882,2021,1980.8196407325013,"{""geodesic"":false,""type"":""Point"",""coordinates"":[84.05935863807795,21.462144526305753]}"
847,10.0,186,2020,1,0,21.5429030703481,84.12996621940975,0.22834148,-0.17214476,2021,1923.0386886510678,"{""geodesic"":false,""type"":""Point"",""coordinates"":[84.12996621940975,21.5429030703481]}"
848,20.0,173,2020,1,1,21.396477679036618,84.05738234445289,0.51116496,-0.39167863,2021,1933.7276026361214,"{""geodesic"":false,""type"":""Point"",""coordinates"":[84.05738234445289,21.396477679036618]}"
849,22.360679774997898,145,2020,1,0,21.416959267514542,84.02144973308812,-0.0076304395,0.107732244,2021,2013.2559463274083,"{""geodesic"":false,""type"":""Point"",""coordinates"":[84.02144973308812,21.416959267514542]}"
850,14.142135623730951,193,2020,1,0,21.592490074031495,83.99908168251353,0.070827074,0.04744242,2021,1951.7218133056315,"{""geodesic"":false,""type"":""Point"",""coordinates"":[83.99908168251353,21.592490074031495]}"
851,10.0,190,2020,1,1,21.576410230445756,84.10436423381235,0.08761573,-0.092158444,2021,1875.6384400060415,"{""geodesic"":false,""type"":""Point"",""coordinates"":[84.10436423381235,21.576410230445756]}"
852,14.142135623730951,137,2020,1,0,21.357131469592183,83.92577915532938,0.08751602,0.009447702,2021,2012.131670991541,"{""geodesic"":false,""type"":""Point"",""coordinates"":[83.92577915532938,21.357131469592183]}"
853,10.0,162,2020,1,0,21.498166969198945,84.02944473911678,0.11872472,7.792024E-4,2021,2000.2663298181142,"{""geodesic"":false,""type"":""Point"",""coordinates"":[84.02944473911678,21.498166969198945]}"
854,20.0,167,2020,1,0,21.54398104868904,84.01210725413327,-0.023491792,0.057570785,2021,1930.7376822684455,"{""geodesic"":false,""type"":""Point"",""coordinates"":[84.01210725413327,21.54398104868904]}"
855,14.142135623730951,194,2020,1,0,21.559701566161134,83.95524389664851,0.0022349448,0.05412881,2021,1951.7218133056315,"{""geodesic"":false,""type"":""Point"",""coordinates"":[83.95524389664851,21.559701566161134]}"
856,22.360679774997898,189,2020,1,0,21.537782673228616,83.87987524431088,0.05534015,-0.09707167,2021,1880.7730644299008,"{""geodesic"":false,""type"":""Point"",""coordinates"":[83.87987524431088,21.537782673228616]}"
857,28.284271247461902,148,2020,1,0,21.479751505874496,84.01031062356503,0.481345,-0.3793695,2021,2000.2663298181142,"{""geodesic"":false,""type"":""Point"",""coordinates"":[84.01031062356503,21.479751505874496]}"
858,22.360679774997898,134,2020,1,0,21.385248737985123,83.96934744660918,0.2309863,-0.26162687,2021,2031.3388504182512,"{""geodesic"":false,""type"":""Point"",""coordinates"":[83.96934744660918,21.385248737985123]}"
859,20.0,150,2020,1,0,21.453071541936147,84.05271110497547,0.13011542,-0.045884922,2021,1980.8196407325013,"{""geodesic"":false,""type"":""Point"",""coordinates"":[84.05271110497547,21.453071541936147]}"
860,22.360679774997898,164,2020,1,0,21.493046572079464,83.89299064745902,0.6245307,-0.5064907,2021,1879.913869370008,"{""geodesic"":false,""type"":""Point"",""coordinates"":[83.89299064745902,21.493046572079464]}"
861,22.360679774997898,183,2020,1,0,21.53832166239909,83.98551712172333,0.19108564,-0.086720824,2021,1973.5760219825897,"{""geodesic"":false,""type"":""Point"",""coordinates"":[83.98551712172333,21.53832166239909]}"
862,0.0,200,2020,1,0,21.371414682609682,84.12475599076186,-0.1016429,0.22504283,2021,1986.066358042619,"{""geodesic"":false,""type"":""Point"",""coordinates"":[84.12475599076186,21.371414682609682]}"
863,22.360679774997898,167,2020,1,0,21.562486343541902,84.07202488358405,0.31441957,-0.2629824,2021,1868.8200380303497,"{""geodesic"":false,""type"":""Point"",""coordinates"":[84.07202488358405,21.562486343541902]}"
864,28.284271247461902,163,2020,1,0,21.465737787442233,83.93395382441487,0.5745554,-0.51610047,2021,1938.3774942638702,"{""geodesic"":false,""type"":""Point"",""coordinates"":[83.93395382441487,21.465737787442233]}"
865,14.142135623730951,191,2020,1,0,21.528080868160128,84.16500051549042,0.3731617,-0.3427276,2021,1884.2692036676162,"{""geodesic"":false,""type"":""Point"",""coordinates"":[84.16500051549042,21.528080868160128]}"
866,10.0,138,2020,1,0,21.41821690891231,83.98012723001861,0.07165437,0.09740404,2021,1990.8268260547193,"{""geodesic"":false,""type"":""Point"",""coordinates"":[83.98012723001861,21.41821690891231]}"
867,0.0,187,2020,1,0,21.55206588624612,83.93431315052852,-0.22633517,0.42228338,2021,1937.2421719431877,"{""geodesic"":false,""type"":""Point"",""coordinates"":[83.93431315052852,21.55206588624612]}"
868,28.284271247461902,142,2020,1,0,21.473463298885658,83.95344726608026,0.4605715,-0.37628478,2021,1988.3089408631204,"{""geodesic"":false,""type"":""Point"",""coordinates"":[83.95344726608026,21.473463298885658]}"
869,22.360679774997898,152,2020,1,0,21.453880025691856,83.98542729019492,0.46015257,-0.43834007,2021,1988.3089408631204,"{""geodesic"":false,""type"":""Point"",""coordinates"":[83.98542729019492,21.453880025691856]}"
870,0.0,192,2020,1,0,21.59913760713398,84.02225821684382,1.3972334E-4,0.17177941,2021,1876.4415249633857,"{""geodesic"":false,""type"":""Point"",""coordinates"":[84.02225821684382,21.59913760713398]}"
871,22.360679774997898,180,2020,1,0,21.534997895847848,84.10041164656222,0.51615065,-0.44065207,2021,1923.0386886510678,"{""geodesic"":false,""type"":""Point"",""coordinates"":[84.10041164656222,21.534997895847848]}"
872,28.284271247461902,138,2020,1,0,21.414084658605358,83.98354082809827,0.28725472,-0.31909478,2021,1990.8268260547193,"{""geodesic"":false,""type"":""Point"",""coordinates"":[83.98354082809827,21.414084658605358]}"
873,0.0,192,2020,1,0,21.551437065547233,83.92308420947703,-0.23416245,0.42582035,2021,1937.2421719431877,"{""geodesic"":false,""type"":""Point"",""coordinates"":[83.92308420947703,21.551437065547233]}"
874,0.0,193,2020,1,0,21.58260860590618,83.99225448635423,-0.18320611,0.26527315,2021,1951.7218133056315,"{""geodesic"":false,""type"":""Point"",""coordinates"":[83.99225448635423,21.58260860590618]}"
875,10.0,164,2020,1,0,21.414893142361066,83.92577915532938,0.07931916,0.12307925,2021,2009.2930683225277,"{""geodesic"":false,""type"":""Point"",""coordinates"":[83.92577915532938,21.414893142361066]}"
876,22.360679774997898,142,2020,1,0,21.47175649984583,83.94419461865384,0.3163148,-0.17344801,2021,1938.3774942638702,"{""geodesic"":false,""type"":""Point"",""coordinates"":[83.94419461865384,21.47175649984583]}"
877,20.0,189,2020,1,0,21.531674129296604,84.16482085243359,0.3395036,-0.19609316,2021,1884.2692036676162,"{""geodesic"":false,""type"":""Point"",""coordinates"":[84.16482085243359,21.531674129296604]}"
878,0.0,194,2020,1,0,21.56122870214414,83.95389642372233,-0.13076416,0.3146128,2021,1951.7218133056315,"{""geodesic"":false,""type"":""Point"",""coordinates"":[83.95389642372233,21.56122870214414]}"
879,22.360679774997898,193,2020,1,0,21.593388389315617,83.95398625525074,0.10863282,-0.11153577,2021,1951.7218133056315,"{""geodesic"":false,""type"":""Point"",""coordinates"":[83.95398625525074,21.593388389315617]}"
880,20.0,179,2020,1,0,21.546316668427753,84.08253517240824,0.58167845,-0.44087484,2021,1924.836797689757,"{""geodesic"":false,""type"":""Point"",""coordinates"":[84.08253517240824,21.546316668427753]}"
881,0.0,190,2020,1,0,21.599407101719216,84.01848529265052,-0.147013,0.3422792,2021,1876.4415249633857,"{""geodesic"":false,""type"":""Point"",""coordinates"":[84.01848529265052,21.599407101719216]}"
882,22.360679774997898,178,2020,1,0,21.514336644313097,84.06834179091915,0.114132926,0.043295722,2021,1924.836797689757,"{""geodesic"":false,""type"":""Point"",""coordinates"":[84.06834179091915,21.514336644313097]}"
883,14.142135623730951,135,2020,1,0,21.453880025691856,83.96144227210893,0.19346221,-0.073341236,2021,1988.3089408631204,"{""geodesic"":false,""type"":""Point"",""coordinates"":[83.96144227210893,21.453880025691856]}"
884,30.0,190,2020,1,7,21.58215944826412,84.12170171879585,0.18867925,-0.20876734,2021,1875.6384400060415,"{""geodesic"":false,""type"":""Point"",""coordinates"":[84.12170171879585,21.58215944826412]}"
885,22.360679774997898,158,2020,1,0,21.488105838016807,83.91661633943137,0.2816199,-0.13375603,2021,1938.3774942638702,"{""geodesic"":false,""type"":""Point"",""coordinates"":[83.91661633943137,21.488105838016807]}"
886,0.0,201,2020,1,0,21.37132485108127,84.1250254853471,-0.10788854,0.20697413,2021,1986.066358042619,"{""geodesic"":false,""type"":""Point"",""coordinates"":[84.1250254853471,21.37132485108127]}"
887,30.0,196,2020,1,0,21.599407101719216,83.90466874615258,0.4933283,-0.4567744,2021,1937.2421719431877,"{""geodesic"":false,""type"":""Point"",""coordinates"":[83.90466874615258,21.599407101719216]}"
888,30.0,141,2020,1,6,21.456754634601037,83.998093535701,0.05888002,-0.121266045,2021,1988.3089408631204,"{""geodesic"":false,""type"":""Point"",""coordinates"":[83.998093535701,21.456754634601037]}"
889,0.0,143,2020,1,0,21.45971907503863,83.95784901097245,0.06862368,0.15085647,2021,1988.3089408631204,"{""geodesic"":false,""type"":""Point"",""coordinates"":[83.95784901097245,21.45971907503863]}"
890,0.0,192,2020,1,0,21.599227438662393,83.92721645978398,-0.11945379,0.2540569,2021,1937.2421719431877,"{""geodesic"":false,""type"":""Point"",""coordinates"":[83.92721645978398,21.599227438662393]}"
891,10.0,192,2020,1,0,21.55529982126895,83.93835556930706,0.0466872,0.10296891,2021,1937.2421719431877,"{""geodesic"":false,""type"":""Point"",""coordinates"":[83.93835556930706,21.55529982126895]}"
892,22.360679774997898,183,2020,1,4,21.520624851301935,84.15161561775703,0.30251956,-0.2987583,2021,1884.2692036676162,"{""geodesic"":false,""type"":""Point"",""coordinates"":[84.15161561775703,21.520624851301935]}"
893,0.0,155,2020,1,0,21.50706029051173,84.02082091238923,-0.061288018,0.19819544,2021,1930.7376822684455,"{""geodesic"":false,""type"":""Point"",""coordinates"":[84.02082091238923,21.50706029051173]}"
894,0.0,184,2020,1,0,21.538591156984324,83.98569678478016,-0.042181857,0.1930727,2021,1973.5760219825897,"{""geodesic"":false,""type"":""Point"",""coordinates"":[83.98569678478016,21.538591156984324]}"
895,10.0,144,2020,1,0,21.482446451726855,83.939433547648,-0.003536568,0.12191474,2021,1938.3774942638702,"{""geodesic"":false,""type"":""Point"",""coordinates"":[83.939433547648,21.482446451726855]}"
896,20.0,202,2020,1,0,21.37222316636539,84.12340851783568,0.25098464,-0.12822837,2021,1986.066358042619,"{""geodesic"":false,""type"":""Point"",""coordinates"":[84.12340851783568,21.37222316636539]}"
897,0.0,184,2020,1,4,21.443729062981305,84.14128499198966,-0.23875433,0.35239697,2021,2017.5110873314552,"{""geodesic"":false,""type"":""Point"",""coordinates"":[84.14128499198966,21.443729062981305]}"
898,28.284271247461902,173,2020,1,4,21.467175091896824,83.89909919139103,0.2709345,-0.3058339,2021,1879.913869370008,"{""geodesic"":false,""type"":""Point"",""coordinates"":[83.89909919139103,21.467175091896824]}"
899,20.0,138,2020,1,0,21.407526957031287,83.98012723001861,0.123920605,0.0074905017,2021,1990.8268260547193,"{""geodesic"":false,""type"":""Point"",""coordinates"":[83.98012723001861,21.407526957031287]}"
900,30.0,180,2020,1,0,21.54712515218346,84.09322512428926,0.56936353,-0.5166545,2021,1924.836797689757,"{""geodesic"":false,""type"":""Point"",""coordinates"":[84.09322512428926,21.54712515218346]}"
901,20.0,194,2020,1,0,21.549281108865348,83.91544852956201,0.2563437,-0.31405422,2021,1914.9658808208915,"{""geodesic"":false,""type"":""Point"",""coordinates"":[83.91544852956201,21.549281108865348]}"
902,0.0,195,2020,1,0,21.553413359172296,83.91634684484613,-0.20184264,0.38188207,2021,1937.2421719431877,"{""geodesic"":false,""type"":""Point"",""coordinates"":[83.91634684484613,21.553413359172296]}"
903,10.0,191,2020,1,0,21.557994767121308,83.9672813214557,0.055599537,0.07221371,2021,1951.7218133056315,"{""geodesic"":false,""type"":""Point"",""coordinates"":[83.9672813214557,21.557994767121308]}"
904,10.0,193,2020,1,0,21.592939231673554,83.99099684495646,0.103006065,-0.04845719,2021,1951.7218133056315,"{""geodesic"":false,""type"":""Point"",""coordinates"":[83.99099684495646,21.592939231673554]}"
905,28.284271247461902,209,2020,1,0,21.36458748645037,84.08918270551072,0.387393,-0.41178334,2021,1933.7276026361214,"{""geodesic"":false,""type"":""Point"",""coordinates"":[84.08918270551072,21.36458748645037]}"
906,0.0,192,2020,1,0,21.56365415341126,83.9447336078243,-0.055846073,0.21202911,2021,1937.2421719431877,"{""geodesic"":false,""type"":""Point"",""coordinates"":[83.9447336078243,21.56365415341126]}"
907,30.0,156,2020,1,0,21.402765886025453,83.92173673655084,0.5070686,-0.37296438,2021,2009.2930683225277,"{""geodesic"":false,""type"":""Point"",""coordinates"":[83.92173673655084,21.402765886025453]}"
908,10.0,190,2020,1,0,21.518199400034813,84.1626648957517,0.2069572,-0.08898554,2021,1884.2692036676162,"{""geodesic"":false,""type"":""Point"",""coordinates"":[84.1626648957517,21.518199400034813]}"
909,28.284271247461902,178,2020,1,0,21.54766414135393,84.09412343957338,0.03441343,0.06641263,2021,1924.836797689757,"{""geodesic"":false,""type"":""Point"",""coordinates"":[84.09412343957338,21.54766414135393]}"
910,10.0,193,2020,1,0,21.594286704599735,83.95722019027357,0.17224395,-0.100535884,2021,1951.7218133056315,"{""geodesic"":false,""type"":""Point"",""coordinates"":[83.95722019027357,21.594286704599735]}"
911,0.0,193,2020,1,0,21.55628796808148,83.94042169446054,-0.17719415,0.32832783,2021,1937.2421719431877,"{""geodesic"":false,""type"":""Point"",""coordinates"":[83.94042169446054,21.55628796808148]}"
912,0.0,193,2020,1,0,21.598329123378274,83.96054395682481,-0.13670807,0.23458788,2021,1951.7218133056315,"{""geodesic"":false,""type"":""Point"",""coordinates"":[83.96054395682481,21.598329123378274]}"
913,30.0,183,2020,1,1,21.4091439245427,84.15718517251857,0.24963006,-0.3188831,2021,1983.820738914481,"{""geodesic"":false,""type"":""Point"",""coordinates"":[84.15718517251857,21.4091439245427]}"
914,30.0,135,2020,1,0,21.35740096417742,83.92982157410792,0.2934486,-0.15894425,2021,2012.131670991541,"{""geodesic"":false,""type"":""Point"",""coordinates"":[83.92982157410792,21.35740096417742]}"
915,28.284271247461902,140,2020,1,3,21.458820759754513,83.96467620713176,0.51716423,-0.3812434,2021,1988.3089408631204,"{""geodesic"":false,""type"":""Point"",""coordinates"":[83.96467620713176,21.458820759754513]}"
916,0.0,195,2020,1,0,21.599317270190806,83.94760821673349,-0.07504459,0.25343493,2021,1937.2421719431877,"{""geodesic"":false,""type"":""Point"",""coordinates"":[83.94760821673349,21.599317270190806]}"
917,10.0,158,2020,1,0,21.48460240840874,83.89487710955568,-0.020408163,0.14794405,2021,1879.913869370008,"{""geodesic"":false,""type"":""Point"",""coordinates"":[83.89487710955568,21.48460240840874]}"
918,22.360679774997898,192,2020,1,0,21.561767691314607,83.9514709724552,0.30163565,-0.25567225,2021,1951.7218133056315,"{""geodesic"":false,""type"":""Point"",""coordinates"":[83.9514709724552,21.561767691314607]}"
919,0.0,193,2020,1,0,21.556557462666714,83.94024203140371,-0.21528289,0.33857682,2021,1937.2421719431877,"{""geodesic"":false,""type"":""Point"",""coordinates"":[83.94024203140371,21.556557462666714]}"
920,30.0,183,2020,1,1,21.39674717362185,84.053699251788,0.5768795,-0.5311812,2021,1933.7276026361214,"{""geodesic"":false,""type"":""Point"",""coordinates"":[84.053699251788,21.39674717362185]}"
921,0.0,147,2020,1,0,21.364856981035608,83.97536615901278,-0.038981598,0.1527154,2021,2031.3388504182512,"{""geodesic"":false,""type"":""Point"",""coordinates"":[83.97536615901278,21.364856981035608]}"
922,22.360679774997898,201,2020,1,0,21.376445248200753,84.14856134579102,0.44941753,-0.37657708,2021,1986.066358042619,"{""geodesic"":false,""type"":""Point"",""coordinates"":[84.14856134579102,21.376445248200753]}"
923,20.0,149,2020,1,0,21.47166666831742,83.95731002180197,0.11120298,0.026086956,2021,1988.3089408631204,"{""geodesic"":false,""type"":""Point"",""coordinates"":[83.95731002180197,21.47166666831742]}"
924,28.284271247461902,194,2020,1,1,21.531045308597722,84.13131369233594,0.48187983,-0.4396424,2021,1923.0386886510678,"{""geodesic"":false,""type"":""Point"",""coordinates"":[84.13131369233594,21.531045308597722]}"
925,0.0,158,2020,1,0,21.471307342203772,83.91185526842553,0.019151602,0.156424,2021,1938.3774942638702,"{""geodesic"":false,""type"":""Point"",""coordinates"":[83.91185526842553,21.471307342203772]}"
926,20.0,142,2020,1,0,21.492956740551055,83.92380286170432,0.14871292,-0.048444375,2021,1938.3774942638702,"{""geodesic"":false,""type"":""Point"",""coordinates"":[83.92380286170432,21.492956740551055]}"
927,22.360679774997898,193,2020,1,0,21.574523768349106,83.98857139368934,0.09806515,-0.114068,2021,1951.7218133056315,"{""geodesic"":false,""type"":""Point"",""coordinates"":[83.98857139368934,21.574523768349106]}"
928,0.0,194,2020,1,0,21.58674085621313,84.04130250086716,-0.107947305,0.288559,2021,1876.4415249633857,"{""geodesic"":false,""type"":""Point"",""coordinates"":[84.04130250086716,21.58674085621313]}"
929,10.0,209,2020,1,1,21.592490074031495,84.13957819294983,-0.124151036,0.11545103,2021,1875.6384400060415,"{""geodesic"":false,""type"":""Point"",""coordinates"":[84.13957819294983,21.592490074031495]}"
930,0.0,145,2020,1,0,21.456574971544214,83.99755454653054,-0.10917775,0.15084828,2021,1988.3089408631204,"{""geodesic"":false,""type"":""Point"",""coordinates"":[83.99755454653054,21.456574971544214]}"
931,0.0,189,2020,1,0,21.55314386458706,83.92721645978398,-0.22014062,0.41068113,2021,1937.2421719431877,"{""geodesic"":false,""type"":""Point"",""coordinates"":[83.92721645978398,21.55314386458706]}"
932,22.360679774997898,192,2020,1,0,21.6000359224181,83.95398625525074,0.4889978,-0.41248298,2021,1896.6286924667656,"{""geodesic"":false,""type"":""Point"",""coordinates"":[83.95398625525074,21.6000359224181]}"
933,22.360679774997898,141,2020,1,0,21.45684446612945,83.96916778355235,0.38202173,-0.2580811,2021,1988.3089408631204,"{""geodesic"":false,""type"":""Point"",""coordinates"":[83.96916778355235,21.45684446612945]}"
934,0.0,192,2020,1,0,21.56221684895667,83.97374919150137,-0.26412818,0.43085796,2021,1951.7218133056315,"{""geodesic"":false,""type"":""Point"",""coordinates"":[83.97374919150137,21.56221684895667]}"
935,28.284271247461902,158,2020,1,0,21.38138598226341,83.92173673655084,0.69240123,-0.57515377,2021,2012.131670991541,"{""geodesic"":false,""type"":""Point"",""coordinates"":[83.92173673655084,21.38138598226341]}"
936,0.0,196,2020,1,0,21.59967659630445,83.90143481112975,-0.02187131,0.1544789,2021,1937.2421719431877,"{""geodesic"":false,""type"":""Point"",""coordinates"":[83.90143481112975,21.59967659630445]}"
937,10.0,191,2020,1,0,21.574523768349106,83.99252398093947,0.010865493,0.012264323,2021,1951.7218133056315,"{""geodesic"":false,""type"":""Point"",""coordinates"":[83.99252398093947,21.574523768349106]}"
938,10.0,191,2020,1,0,21.58162045909365,84.01040045509345,-0.055579677,0.13771133,2021,1876.4415249633857,"{""geodesic"":false,""type"":""Point"",""coordinates"":[84.01040045509345,21.58162045909365]}"
939,20.0,151,2020,1,0,21.471846331374245,84.05783150209496,0.31664678,-0.30044237,2021,1980.8196407325013,"{""geodesic"":false,""type"":""Point"",""coordinates"":[84.05783150209496,21.471846331374245]}"
940,0.0,192,2020,1,0,21.56086937603049,83.96853896285347,-0.17960371,0.29498452,2021,1951.7218133056315,"{""geodesic"":false,""type"":""Point"",""coordinates"":[83.96853896285347,21.56086937603049]}"
941,10.0,194,2020,1,0,21.58988495970755,84.00024949238289,-0.0017411491,0.1108354,2021,1876.4415249633857,"{""geodesic"":false,""type"":""Point"",""coordinates"":[84.00024949238289,21.58988495970755]}"
942,0.0,190,2020,1,0,21.562037185899843,83.94814720590396,-0.15218525,0.3180636,2021,1937.2421719431877,"{""geodesic"":false,""type"":""Point"",""coordinates"":[83.94814720590396,21.562037185899843]}"
943,20.0,189,2020,1,0,21.56006089227478,83.9597354730691,0.17233004,-0.12886523,2021,1951.7218133056315,"{""geodesic"":false,""type"":""Point"",""coordinates"":[83.9597354730691,21.56006089227478]}"
944,0.0,195,2020,1,0,21.57344579000816,83.98731375229157,-0.06339556,0.20332612,2021,1951.7218133056315,"{""geodesic"":false,""type"":""Point"",""coordinates"":[83.98731375229157,21.57344579000816]}"
945,0.0,193,2020,1,0,21.584764562588067,84.00051898696813,-0.117681615,0.21872562,2021,1876.4415249633857,"{""geodesic"":false,""type"":""Point"",""coordinates"":[84.00051898696813,21.584764562588067]}"
946,10.0,164,2020,1,0,21.415162636946302,83.92622831297145,0.13348357,0.07803265,2021,2009.2930683225277,"{""geodesic"":false,""type"":""Point"",""coordinates"":[83.92622831297145,21.415162636946302]}"
947,30.0,147,2020,1,6,21.457203792243096,83.99746471500212,0.46939597,-0.45653445,2021,1988.3089408631204,"{""geodesic"":false,""type"":""Point"",""coordinates"":[83.99746471500212,21.457203792243096]}"
948,28.284271247461902,189,2020,1,0,21.52457743855206,83.86226826474213,0.23734938,-0.28623837,2021,1880.7730644299008,"{""geodesic"":false,""type"":""Point"",""coordinates"":[83.86226826474213,21.52457743855206]}"
949,0.0,195,2020,1,0,21.592400242503086,83.95434558136438,-0.25653172,0.40846956,2021,1951.7218133056315,"{""geodesic"":false,""type"":""Point"",""coordinates"":[83.95434558136438,21.592400242503086]}"
950,10.0,158,2020,1,0,21.475619255567548,83.91634684484613,-0.0023175303,0.14758907,2021,1938.3774942638702,"{""geodesic"":false,""type"":""Point"",""coordinates"":[83.91634684484613,21.475619255567548]}"
951,28.284271247461902,158,2020,1,0,21.489902468585047,83.90134497960133,0.668,-0.5448395,2021,1938.3774942638702,"{""geodesic"":false,""type"":""Point"",""coordinates"":[83.90134497960133,21.489902468585047]}"
952,0.0,189,2020,1,0,21.552694706945,83.92272488336337,-0.22101061,0.41198254,2021,1937.2421719431877,"{""geodesic"":false,""type"":""Point"",""coordinates"":[83.92272488336337,21.552694706945]}"
953,28.284271247461902,159,2020,1,1,21.476158244738016,84.0987946790508,0.71127665,-0.63311493,2021,1980.8196407325013,"{""geodesic"":false,""type"":""Point"",""coordinates"":[84.0987946790508,21.476158244738016]}"
954,22.360679774997898,188,2020,1,0,21.568505055945504,83.98291200739939,0.084034964,-0.13494849,2021,1951.7218133056315,"{""geodesic"":false,""type"":""Point"",""coordinates"":[83.98291200739939,21.568505055945504]}"
955,10.0,152,2020,1,0,21.432859448043455,84.03465496776467,-0.012670108,0.13308612,2021,2013.2559463274083,"{""geodesic"":false,""type"":""Point"",""coordinates"":[84.03465496776467,21.432859448043455]}"
956,22.360679774997898,172,2020,1,1,21.41543213153154,83.93485213969899,0.63334,-0.53641987,2021,2009.2930683225277,"{""geodesic"":false,""type"":""Point"",""coordinates"":[83.93485213969899,21.41543213153154]}"
957,22.360679774997898,196,2020,1,1,21.49960427365354,83.85355460648617,0.48400497,-0.42282414,2021,1879.913869370008,"{""geodesic"":false,""type"":""Point"",""coordinates"":[83.85355460648617,21.49960427365354]}"
958,0.0,191,2020,1,0,21.579195007826527,83.99324263316676,-0.17694551,0.30277842,2021,1951.7218133056315,"{""geodesic"":false,""type"":""Point"",""coordinates"":[83.99324263316676,21.579195007826527]}"
959,20.0,195,2020,1,0,21.549730266507407,83.88562446212924,0.22738917,-0.14302929,2021,1880.7730644299008,"{""geodesic"":false,""type"":""Point"",""coordinates"":[83.88562446212924,21.549730266507407]}"
960,20.0,193,2020,1,0,21.562127017428256,83.95057265717108,0.04819277,0.06362773,2021,1951.7218133056315,"{""geodesic"":false,""type"":""Point"",""coordinates"":[83.95057265717108,21.562127017428256]}"
961,0.0,203,2020,1,0,21.585123888701716,84.14901050343309,-0.105221964,0.26093882,2021,1875.6384400060415,"{""geodesic"":false,""type"":""Point"",""coordinates"":[84.14901050343309,21.585123888701716]}"
962,20.0,172,2020,1,0,21.481817631027972,84.13787139391,0.17322862,-0.058716014,2021,1967.7580190972367,"{""geodesic"":false,""type"":""Point"",""coordinates"":[84.13787139391,21.481817631027972]}"
963,0.0,191,2020,1,1,21.521612998114467,84.15646652029127,-0.05023304,0.1616,2021,1884.2692036676162,"{""geodesic"":false,""type"":""Point"",""coordinates"":[84.15646652029127,21.521612998114467]}"
964,30.0,194,2020,1,0,21.574164442235457,83.99306297010993,0.14591454,-0.19155522,2021,1951.7218133056315,"{""geodesic"":false,""type"":""Point"",""coordinates"":[83.99306297010993,21.574164442235457]}"
965,0.0,195,2020,1,0,21.586381530099484,83.9995308401556,-0.213533,0.3984388,2021,1951.7218133056315,"{""geodesic"":false,""type"":""Point"",""coordinates"":[83.9995308401556,21.586381530099484]}"
966,10.0,190,2020,1,0,21.403484538252748,84.1220610449095,0.082332484,-0.0023734604,2021,2017.5110873314552,"{""geodesic"":false,""type"":""Point"",""coordinates"":[84.1220610449095,21.403484538252748]}"
967,30.0,153,2020,1,1,21.479661674346083,84.05872981737907,0.3991182,-0.41523075,2021,1980.8196407325013,"{""geodesic"":false,""type"":""Point"",""coordinates"":[84.05872981737907,21.479661674346083]}"
968,10.0,207,2020,1,0,21.355963659722825,84.11774913154572,0.16239417,0.045918446,2021,1986.066358042619,"{""geodesic"":false,""type"":""Point"",""coordinates"":[84.11774913154572,21.355963659722825]}"
969,10.0,145,2020,1,0,21.420911854764668,84.02755827702012,-0.04524143,0.086300336,2021,2013.2559463274083,"{""geodesic"":false,""type"":""Point"",""coordinates"":[84.02755827702012,21.420911854764668]}"
970,0.0,191,2020,1,0,21.559162576990662,83.96629317464317,-0.15465842,0.33531833,2021,1951.7218133056315,"{""geodesic"":false,""type"":""Point"",""coordinates"":[83.96629317464317,21.559162576990662]}"
971,28.284271247461902,159,2020,1,0,21.429176355378566,83.93736742249453,0.38981143,-0.18114634,2021,2009.2930683225277,"{""geodesic"":false,""type"":""Point"",""coordinates"":[83.93736742249453,21.429176355378566]}"
972,30.0,139,2020,1,0,21.410221902883645,83.9733000338593,0.3273128,-0.15614025,2021,1990.8268260547193,"{""geodesic"":false,""type"":""Point"",""coordinates"":[83.9733000338593,21.410221902883645]}"
973,30.0,180,2020,1,0,21.511731529989152,84.11954576211396,0.45431247,-0.42312315,2021,1923.0386886510678,"{""geodesic"":false,""type"":""Point"",""coordinates"":[84.11954576211396,21.511731529989152]}"
974,10.0,141,2020,1,0,21.41318634332124,83.9860561108938,0.12517473,-0.018102372,2021,1990.8268260547193,"{""geodesic"":false,""type"":""Point"",""coordinates"":[83.9860561108938,21.41318634332124]}"
975,10.0,142,2020,1,3,21.459629243510218,83.95542355970532,0.11594788,0.032709464,2021,1988.3089408631204,"{""geodesic"":false,""type"":""Point"",""coordinates"":[83.95542355970532,21.459629243510218]}"
976,10.0,143,2020,1,0,21.440584959486884,83.98201369211526,0.05432356,0.130762,2021,1990.8268260547193,"{""geodesic"":false,""type"":""Point"",""coordinates"":[83.98201369211526,21.440584959486884]}"
977,10.0,210,2020,1,1,21.382643623661174,84.13984768753507,-0.09078725,0.120407134,2021,1986.066358042619,"{""geodesic"":false,""type"":""Point"",""coordinates"":[84.13984768753507,21.382643623661174]}"
978,0.0,188,2020,1,0,21.559162576990662,83.90071615890245,-0.13153495,0.29683587,2021,1937.2421719431877,"{""geodesic"":false,""type"":""Point"",""coordinates"":[83.90071615890245,21.559162576990662]}"
979,0.0,188,2020,1,0,21.55574897891101,83.87673114081646,-0.058605228,0.21703343,2021,1889.884452931583,"{""geodesic"":false,""type"":""Point"",""coordinates"":[83.87673114081646,21.55574897891101]}"
980,0.0,192,2020,1,0,21.59913760713398,83.92721645978398,-0.11953383,0.25254217,2021,1937.2421719431877,"{""geodesic"":false,""type"":""Point"",""coordinates"":[83.92721645978398,21.59913760713398]}"
981,22.360679774997898,144,2020,1,0,21.482805777840504,83.9356606234547,0.4251278,-0.30839238,2021,1938.3774942638702,"{""geodesic"":false,""type"":""Point"",""coordinates"":[83.9356606234547,21.482805777840504]}"
982,22.360679774997898,177,2020,1,0,21.54802346746758,84.0934946188745,0.08911268,0.022176731,2021,1924.836797689757,"{""geodesic"":false,""type"":""Point"",""coordinates"":[84.0934946188745,21.54802346746758]}"
983,0.0,198,2020,1,0,21.547394646768694,83.88876856562366,-0.005281286,0.23378967,2021,1880.7730644299008,"{""geodesic"":false,""type"":""Point"",""coordinates"":[83.88876856562366,21.547394646768694]}"
984,20.0,152,2020,1,0,21.507419616625377,84.02225821684382,0.19669308,-0.06076336,2021,1930.7376822684455,"{""geodesic"":false,""type"":""Point"",""coordinates"":[84.02225821684382,21.507419616625377]}"
985,0.0,194,2020,1,0,21.529248678029482,84.16086826518347,-0.11275375,0.24824856,2021,1884.2692036676162,"{""geodesic"":false,""type"":""Point"",""coordinates"":[84.16086826518347,21.529248678029482]}"
986,10.0,190,2020,1,1,21.576320398917346,84.10445406534076,0.17006953,-0.14694746,2021,1875.6384400060415,"{""geodesic"":false,""type"":""Point"",""coordinates"":[84.10445406534076,21.576320398917346]}"
987,22.360679774997898,201,2020,1,0,21.581800122150472,84.17209720623495,0.21382329,-0.09698266,2021,1883.2621832626537,"{""geodesic"":false,""type"":""Point"",""coordinates"":[84.17209720623495,21.581800122150472]}"
988,28.284271247461902,177,2020,1,0,21.44489687285066,83.85005117687811,0.190343,-0.11544053,2021,1962.5139900985523,"{""geodesic"":false,""type"":""Point"",""coordinates"":[83.85005117687811,21.44489687285066]}"
989,0.0,190,2020,1,0,21.598778281020333,83.92541982921574,-0.123123996,0.24831933,2021,1937.2421719431877,"{""geodesic"":false,""type"":""Point"",""coordinates"":[83.92541982921574,21.598778281020333]}"
990,10.0,161,2020,1,0,21.485141397579213,83.89487710955568,0.072655216,0.05683497,2021,1879.913869370008,"{""geodesic"":false,""type"":""Point"",""coordinates"":[83.89487710955568,21.485141397579213]}"
991,0.0,192,2020,1,0,21.553413359172296,83.93691826485247,-0.05537882,0.19530405,2021,1937.2421719431877,"{""geodesic"":false,""type"":""Point"",""coordinates"":[83.93691826485247,21.553413359172296]}"
992,0.0,200,2020,1,0,21.579913660053823,84.17074973330878,-0.19015606,0.31672236,2021,1883.2621832626537,"{""geodesic"":false,""type"":""Point"",""coordinates"":[84.17074973330878,21.579913660053823]}"
993,20.0,150,2020,1,0,21.528799520387423,83.89227199523172,0.05120955,0.07668534,2021,1880.7730644299008,"{""geodesic"":false,""type"":""Point"",""coordinates"":[83.89227199523172,21.528799520387423]}"
994,0.0,175,2020,1,0,21.42198983310561,83.91733499165866,-0.09427538,0.22142419,2021,2009.2930683225277,"{""geodesic"":false,""type"":""Point"",""coordinates"":[83.91733499165866,21.42198983310561]}"
995,22.360679774997898,148,2020,1,0,21.451903732066793,84.04264997379333,0.43298167,-0.39092782,2021,2000.2663298181142,"{""geodesic"":false,""type"":""Point"",""coordinates"":[84.04264997379333,21.451903732066793]}"
996,22.360679774997898,199,2020,1,0,21.55574897891101,83.87143108064015,0.50505626,-0.46663833,2021,1889.884452931583,"{""geodesic"":false,""type"":""Point"",""coordinates"":[83.87143108064015,21.55574897891101]}"
997,14.142135623730951,202,2020,1,0,21.35659248042171,84.11954576211396,0.2119889,-0.12739262,2021,1986.066358042619,"{""geodesic"":false,""type"":""Point"",""coordinates"":[84.11954576211396,21.35659248042171]}"
998,0.0,188,2020,1,0,21.558533756291776,83.90044666431722,-0.16401184,0.30117974,2021,1937.2421719431877,"{""geodesic"":false,""type"":""Point"",""coordinates"":[83.90044666431722,21.558533756291776]}"
999,30.0,137,2020,1,0,21.407526957031287,83.98174419753003,0.54056567,-0.52321655,2021,1990.8268260547193,"{""geodesic"":false,""type"":""Point"",""coordinates"":[83.98174419753003,21.407526957031287]}"
