system:index,Distance_From_River,Elevation,Feature_Year,Label,LandCover,Latitude,Longitude,NDVI,NDWI,Prediction_Year,Rainfall,.geo
0,0.0,188,2018,0,0,21.582788268963004,83.87753962457217,-0.19337979,0.43120393,2019,1817.8675085306168,"{""geodesic"":false,""type"":""Point"",""coordinates"":[83.87753962457217,21.582788268963004]}"
1,1060.6601717798212,177,2018,0,4,21.542453912706037,84.09232680900514,0.4609019,-0.47812712,2019,1837.575457572937,"{""geodesic"":false,""type"":""Point"",""coordinates"":[84.09232680900514,21.542453912706037]}"
2,875.956619930462,167,2018,0,4,21.46528862980017,84.03923637571368,0.47769028,-0.50083303,2019,1883.5151779651642,"{""geodesic"":false,""type"":""Point"",""coordinates"":[84.03923637571368,21.46528862980017]}"
3,0.0,188,2018,0,0,21.569313539701213,83.97312037080248,-0.25685117,0.46077368,2019,1879.656286597252,"{""geodesic"":false,""type"":""Point"",""coordinates"":[83.97312037080248,21.569313539701213]}"
4,934.3446901438462,182,2018,0,1,21.47121751067536,83.98515779560968,0.6929939,-0.64215773,2019,1864.4806005470455,"{""geodesic"":false,""type"":""Point"",""coordinates"":[83.98515779560968,21.47121751067536]}"
5,44.721359549995796,153,2018,0,4,21.399621782531035,83.9049382407378,0.15188399,-0.24733596,2019,1811.7444865852594,"{""geodesic"":false,""type"":""Point"",""coordinates"":[83.9049382407378,21.399621782531035]}"
6,389.48684188300894,189,2018,0,1,21.380308003922465,84.17137855400766,0.4506584,-0.51963645,2019,1799.8032282292843,"{""geodesic"":false,""type"":""Point"",""coordinates"":[84.17137855400766,21.380308003922465]}"
7,461.7358552246078,151,2018,0,1,21.460886884907985,83.99917151404195,0.2596554,-0.31840795,2019,1864.4806005470455,"{""geodesic"":false,""type"":""Point"",""coordinates"":[83.99917151404195,21.460886884907985]}"
8,362.3534186398688,161,2018,0,4,21.46888189093665,83.9273961228408,0.3032768,-0.3757019,2019,1824.7350696804933,"{""geodesic"":false,""type"":""Point"",""coordinates"":[83.9273961228408,21.46888189093665]}"
9,663.0987860040161,215,2018,0,1,21.48909398482934,84.18305665270121,0.7692308,-0.6513635,2019,1863.3773620426655,"{""geodesic"":false,""type"":""Point"",""coordinates"":[84.18305665270121,21.48909398482934]}"
10,630.3173803727769,218,2018,0,1,21.587369676912015,84.11217957678419,0.72925174,-0.6292591,2019,1777.1123813986778,"{""geodesic"":false,""type"":""Point"",""coordinates"":[84.11217957678419,21.587369676912015]}"
11,1280.0,169,2018,0,1,21.509126415665204,84.04795003396964,0.53261393,-0.5368217,2019,1821.555781364441,"{""geodesic"":false,""type"":""Point"",""coordinates"":[84.04795003396964,21.509126415665204]}"
12,716.9379331573969,175,2018,0,1,21.394501385411555,84.03375665248055,0.26672536,-0.41494593,2019,1750.1960060186684,"{""geodesic"":false,""type"":""Point"",""coordinates"":[84.03375665248055,21.394501385411555]}"
13,1280.0,159,2018,0,1,21.489902468585047,84.00276477517842,0.59855115,-0.5668639,2019,1883.5151779651642,"{""geodesic"":false,""type"":""Point"",""coordinates"":[84.00276477517842,21.489902468585047]}"
14,215.40659228538016,161,2018,0,5,21.477146391550548,84.08720641188566,0.34787473,-0.440526,2019,1865.214292049408,"{""geodesic"":false,""type"":""Point"",""coordinates"":[84.08720641188566,21.477146391550548]}"
15,494.06477308142496,191,2018,0,1,21.53230294999549,84.10391507617028,0.6559723,-0.6028972,2019,1877.1579506397247,"{""geodesic"":false,""type"":""Point"",""coordinates"":[84.10391507617028,21.53230294999549]}"
16,1280.0,294,2018,0,1,21.409413419127937,84.08765556952773,0.741822,-0.66734004,2019,1811.028529509902,"{""geodesic"":false,""type"":""Point"",""coordinates"":[84.08765556952773,21.409413419127937]}"
17,0.0,188,2018,0,0,21.5692237081728,83.86990394465715,-0.2170754,0.44601542,2019,1817.8675085306168,"{""geodesic"":false,""type"":""Point"",""coordinates"":[83.86990394465715,21.5692237081728]}"
18,419.7618372363071,153,2018,0,1,21.507419616625377,84.03133120121343,0.704296,-0.60592514,2019,1821.555781364441,"{""geodesic"":false,""type"":""Point"",""coordinates"":[84.03133120121343,21.507419616625377]}"
19,666.1080993352356,161,2018,0,4,21.44166293782783,84.04633306645822,0.28014505,-0.35965335,2019,1877.4567596316338,"{""geodesic"":false,""type"":""Point"",""coordinates"":[84.04633306645822,21.44166293782783]}"
20,192.09372712298546,210,2018,0,1,21.357760290291065,84.08127753101047,0.4743025,-0.52236545,2019,1748.453401837498,"{""geodesic"":false,""type"":""Point"",""coordinates"":[84.08127753101047,21.357760290291065]}"
21,315.75306807693886,201,2018,0,1,21.363419676581017,84.15422073208097,0.61924326,-0.61564744,2019,1799.8032282292843,"{""geodesic"":false,""type"":""Point"",""coordinates"":[84.15422073208097,21.363419676581017]}"
22,322.80024783137947,174,2018,0,4,21.551347234018824,84.08118769948206,0.52434915,-0.5579903,2019,1806.7297364473343,"{""geodesic"":false,""type"":""Point"",""coordinates"":[84.08118769948206,21.551347234018824]}"
23,398.4971769034255,158,2018,0,5,21.413366006378062,83.91652650790296,0.17961437,-0.31554762,2019,1830.1350152492523,"{""geodesic"":false,""type"":""Point"",""coordinates"":[83.91652650790296,21.413366006378062]}"
24,434.1658669218482,196,2018,0,4,21.55583881043942,83.97222205551836,0.31426644,-0.44628724,2019,1879.656286597252,"{""geodesic"":false,""type"":""Point"",""coordinates"":[83.97222205551836,21.55583881043942]}"
25,1280.0,324,2018,0,1,21.36575529631973,84.06241291004396,0.7221784,-0.6778162,2019,1748.453401837498,"{""geodesic"":false,""type"":""Point"",""coordinates"":[84.06241291004396,21.36575529631973]}"
26,134.53624047073708,198,2018,0,5,21.565810110093146,83.94464377629589,0.4033873,-0.45509368,2019,1841.7995253801346,"{""geodesic"":false,""type"":""Point"",""coordinates"":[83.94464377629589,21.565810110093146]}"
27,0.0,188,2018,0,0,21.531135140126132,83.86505304212291,-0.25825244,0.507732,2019,1808.5140246152878,"{""geodesic"":false,""type"":""Point"",""coordinates"":[83.86505304212291,21.531135140126132]}"
28,986.0020283954794,166,2018,0,6,21.450286764555376,84.06079594253255,0.19815364,-0.28047922,2019,1865.214292049408,"{""geodesic"":false,""type"":""Point"",""coordinates"":[84.06079594253255,21.450286764555376]}"
29,399.6248240537617,197,2018,0,1,21.366563780075435,84.14820201967738,0.68582374,-0.6210526,2019,1791.6786192953587,"{""geodesic"":false,""type"":""Point"",""coordinates"":[84.14820201967738,21.366563780075435]}"
30,644.0496875241847,167,2018,0,4,21.485231229107626,84.08864371634026,0.503305,-0.484613,2019,1865.214292049408,"{""geodesic"":false,""type"":""Point"",""coordinates"":[84.08864371634026,21.485231229107626]}"
31,1022.154587134451,158,2018,0,1,21.502299219505897,83.937906411665,0.4120735,-0.4293305,2019,1862.205259859562,"{""geodesic"":false,""type"":""Point"",""coordinates"":[83.937906411665,21.502299219505897]}"
32,742.4957912338629,187,2018,0,1,21.4068981363324,84.15844281391634,0.37545663,-0.45124912,2019,1813.083622455597,"{""geodesic"":false,""type"":""Point"",""coordinates"":[84.15844281391634,21.4068981363324]}"
33,388.9730067755345,150,2018,0,4,21.446513840362073,84.03609227221926,0.5251256,-0.523212,2019,1877.4567596316338,"{""geodesic"":false,""type"":""Point"",""coordinates"":[84.03609227221926,21.446513840362073]}"
34,436.0045871318328,176,2018,0,1,21.46106654796481,84.07975039502747,0.64300483,-0.5772411,2019,1865.214292049408,"{""geodesic"":false,""type"":""Point"",""coordinates"":[84.07975039502747,21.46106654796481]}"
35,512.2499389946279,152,2018,0,4,21.403843864366397,83.99476976914977,0.47835863,-0.5088927,2019,1843.4924929630943,"{""geodesic"":false,""type"":""Point"",""coordinates"":[83.99476976914977,21.403843864366397]}"
36,853.7564055396598,207,2018,0,1,21.53975896685368,84.18557193549675,0.70614487,-0.6577718,2019,1866.5584846138954,"{""geodesic"":false,""type"":""Point"",""coordinates"":[84.18557193549675,21.53975896685368]}"
37,710.2112361825881,163,2018,0,1,21.48406341923827,84.09933366822128,0.4358108,-0.50816184,2019,1865.214292049408,"{""geodesic"":false,""type"":""Point"",""coordinates"":[84.09933366822128,21.48406341923827]}"
38,111.80339887498948,196,2018,0,4,21.553413359172296,84.1694022603826,0.381839,-0.44734472,2019,1853.2677980661392,"{""geodesic"":false,""type"":""Point"",""coordinates"":[84.1694022603826,21.553413359172296]}"
39,890.6739021662192,180,2018,0,1,21.423606800617026,84.13984768753507,0.44257027,-0.5092437,2019,1844.913420587778,"{""geodesic"":false,""type"":""Point"",""coordinates"":[84.13984768753507,21.423606800617026]}"
40,1136.001760562016,162,2018,0,4,21.406179484105106,84.03501429387832,0.6086809,-0.55134076,2019,1877.4567596316338,"{""geodesic"":false,""type"":""Point"",""coordinates"":[84.03501429387832,21.406179484105106]}"
41,0.0,188,2018,0,0,21.574972925991165,83.90098565348768,-0.23635164,0.4337546,2019,1841.7995253801346,"{""geodesic"":false,""type"":""Point"",""coordinates"":[83.90098565348768,21.574972925991165]}"
42,234.0939982143925,179,2018,0,1,21.54577767925728,83.94590141769366,0.36586338,-0.4209054,2019,1862.205259859562,"{""geodesic"":false,""type"":""Point"",""coordinates"":[83.94590141769366,21.54577767925728]}"
43,42.426406871192846,140,2018,0,0,21.445705356606368,83.96692199534206,0.18114077,-0.12883595,2019,1843.4924929630943,"{""geodesic"":false,""type"":""Point"",""coordinates"":[83.96692199534206,21.445705356606368]}"
44,761.5773105863909,254,2018,0,1,21.356951806535356,84.07301303039658,0.68896675,-0.61432874,2019,1748.453401837498,"{""geodesic"":false,""type"":""Point"",""coordinates"":[84.07301303039658,21.356951806535356]}"
45,667.0832032063167,200,2018,0,1,21.444807041322246,83.88643294588495,0.6866417,-0.6257521,2019,1786.3003811836243,"{""geodesic"":false,""type"":""Point"",""coordinates"":[83.88643294588495,21.444807041322246]}"
46,735.7309290766564,183,2018,0,4,21.585123888701716,84.07606730236257,0.49757203,-0.4791367,2019,1806.7297364473343,"{""geodesic"":false,""type"":""Point"",""coordinates"":[84.07606730236257,21.585123888701716]}"
47,857.0297544426331,177,2018,0,4,21.44121378018577,84.16149708588235,0.38545126,-0.51585203,2019,1813.083622455597,"{""geodesic"":false,""type"":""Point"",""coordinates"":[84.16149708588235,21.44121378018577]}"
48,590.592922409336,180,2018,0,1,21.425852588827325,84.19985514851425,0.3714508,-0.48525694,2019,1813.083622455597,"{""geodesic"":false,""type"":""Point"",""coordinates"":[84.19985514851425,21.425852588827325]}"
49,0.0,188,2018,0,0,21.564821963280615,83.9018839687718,-0.21462502,0.43525514,2019,1841.7995253801346,"{""geodesic"":false,""type"":""Point"",""coordinates"":[83.9018839687718,21.564821963280615]}"
50,1040.0,182,2018,0,1,21.469959869277595,83.85526140552601,0.60339946,-0.5716765,2019,1769.5761865973473,"{""geodesic"":false,""type"":""Point"",""coordinates"":[83.85526140552601,21.469959869277595]}"
51,388.329756778952,215,2018,0,1,21.462503852419403,83.87547349941869,0.6992899,-0.63323444,2019,1769.5761865973473,"{""geodesic"":false,""type"":""Point"",""coordinates"":[83.87547349941869,21.462503852419403]}"
52,301.4962686336267,180,2018,0,1,21.394681048468378,84.07507915555004,0.36045846,-0.49308175,2019,1748.453401837498,"{""geodesic"":false,""type"":""Point"",""coordinates"":[84.07507915555004,21.394681048468378]}"
53,0.0,188,2018,0,0,21.52826053121695,83.85112915521906,-0.2361111,0.46666667,2019,1808.5140246152878,"{""geodesic"":false,""type"":""Point"",""coordinates"":[83.85112915521906,21.52826053121695]}"
54,1280.0,213,2018,0,1,21.38875216759319,84.09484209180067,0.6958614,-0.6390698,2019,1748.453401837498,"{""geodesic"":false,""type"":""Point"",""coordinates"":[84.09484209180067,21.38875216759319]}"
55,0.0,188,2018,0,0,21.525565585364593,83.86011230806025,-0.26612905,0.5146667,2019,1808.5140246152878,"{""geodesic"":false,""type"":""Point"",""coordinates"":[83.86011230806025,21.525565585364593]}"
56,680.294054067798,172,2018,0,6,21.416779604457716,83.86828697714573,0.106080204,-0.17445055,2019,1786.3003811836243,"{""geodesic"":false,""type"":""Point"",""coordinates"":[83.86828697714573,21.416779604457716]}"
57,1275.7742747053649,408,2018,0,1,21.583776415775535,84.19958565392902,0.62477696,-0.6214704,2019,1853.2677980661392,"{""geodesic"":false,""type"":""Point"",""coordinates"":[84.19958565392902,21.583776415775535]}"
58,686.804193347711,174,2018,0,4,21.532033455410254,83.95802867402928,0.47197044,-0.47727475,2019,1907.0745749771595,"{""geodesic"":false,""type"":""Point"",""coordinates"":[83.95802867402928,21.532033455410254]}"
59,560.8921464952064,167,2018,0,1,21.522870639512234,84.02989389675884,0.5319549,-0.46648672,2019,1821.555781364441,"{""geodesic"":false,""type"":""Point"",""coordinates"":[84.02989389675884,21.522870639512234]}"
60,360.0,146,2018,0,4,21.41507280541789,83.99198499176899,0.34206858,-0.4357292,2019,1843.4924929630943,"{""geodesic"":false,""type"":""Point"",""coordinates"":[83.99198499176899,21.41507280541789]}"
61,1280.0,154,2018,0,4,21.425044105071617,84.04651272951504,0.53979737,-0.54202896,2019,1877.4567596316338,"{""geodesic"":false,""type"":""Point"",""coordinates"":[84.04651272951504,21.425044105071617]}"
62,934.7726996441435,164,2018,0,1,21.498166969198945,83.93314534065917,0.48720813,-0.5034588,2019,1824.7350696804933,"{""geodesic"":false,""type"":""Point"",""coordinates"":[83.93314534065917,21.498166969198945]}"
63,101.9803902718557,193,2018,0,5,21.535716548075143,84.15458005819463,0.3700067,-0.47414473,2019,1866.5584846138954,"{""geodesic"":false,""type"":""Point"",""coordinates"":[84.15458005819463,21.535716548075143]}"
64,740.4052944165107,159,2018,0,4,21.50068225199448,83.9641372179613,0.6289985,-0.5968416,2019,1907.0745749771595,"{""geodesic"":false,""type"":""Point"",""coordinates"":[83.9641372179613,21.50068225199448]}"
65,1105.3506231056278,181,2018,0,4,21.43753068752088,84.16068860212664,0.2945852,-0.4248223,2019,1813.083622455597,"{""geodesic"":false,""type"":""Point"",""coordinates"":[84.16068860212664,21.43753068752088]}"
66,996.0923651951158,176,2018,0,1,21.57164915943992,84.01102927579232,0.5307635,-0.5147625,2019,1817.3649086654186,"{""geodesic"":false,""type"":""Point"",""coordinates"":[84.01102927579232,21.57164915943992]}"
67,912.8526715741156,165,2018,0,4,21.550359087206292,84.03717025056021,0.56237715,-0.5673544,2019,1817.3649086654186,"{""geodesic"":false,""type"":""Point"",""coordinates"":[84.03717025056021,21.550359087206292]}"
68,923.0926280715278,154,2018,0,4,21.376265585143926,83.8747548471914,0.55311817,-0.528686,2019,1779.127650797367,"{""geodesic"":false,""type"":""Point"",""coordinates"":[83.8747548471914,21.376265585143926]}"
69,577.2347875864725,183,2018,0,4,21.516492600994983,84.15772416168905,0.34899232,-0.46128476,2019,1866.5584846138954,"{""geodesic"":false,""type"":""Point"",""coordinates"":[84.15772416168905,21.516492600994983]}"
70,1280.0,160,2018,0,4,21.3580297848763,83.8559800577533,0.45600536,-0.48279387,2019,1779.127650797367,"{""geodesic"":false,""type"":""Point"",""coordinates"":[83.8559800577533,21.3580297848763]}"
71,1280.0,157,2018,0,4,21.42621191494097,84.05307043108913,0.6927536,-0.6399888,2019,1811.028529509902,"{""geodesic"":false,""type"":""Point"",""coordinates"":[84.05307043108913,21.42621191494097]}"
72,1234.8279232346504,172,2018,0,4,21.460797053379576,84.14110532893284,0.5499845,-0.5473505,2019,1838.1995061337948,"{""geodesic"":false,""type"":""Point"",""coordinates"":[84.14110532893284,21.460797053379576]}"
73,417.73197148410844,172,2018,0,4,21.45244272123726,84.09151832524944,0.5041783,-0.51738673,2019,1865.214292049408,"{""geodesic"":false,""type"":""Point"",""coordinates"":[84.09151832524944,21.45244272123726]}"
74,684.470598345904,167,2018,0,1,21.47121751067536,84.11173041914212,0.62056303,-0.5741723,2019,1838.1995061337948,"{""geodesic"":false,""type"":""Point"",""coordinates"":[84.11173041914212,21.47121751067536]}"
75,358.05027579936313,154,2018,0,1,21.47157683678901,83.93422331900011,0.5561635,-0.5145003,2019,1824.7350696804933,"{""geodesic"":false,""type"":""Point"",""coordinates"":[83.93422331900011,21.47157683678901]}"
76,558.6591089385369,144,2018,0,1,21.37779272112693,83.95120147786997,0.6708993,-0.6112944,2019,1845.9195078182966,"{""geodesic"":false,""type"":""Point"",""coordinates"":[83.95120147786997,21.37779272112693]}"
77,1280.0,375,2018,0,1,21.37545710138822,84.04372795213428,0.72987723,-0.67227167,2019,1750.1960060186684,"{""geodesic"":false,""type"":""Point"",""coordinates"":[84.04372795213428,21.37545710138822]}"
78,790.5694150420949,160,2018,0,5,21.397286162792323,83.89110418536237,0.27400216,-0.39763314,2019,1779.127650797367,"{""geodesic"":false,""type"":""Point"",""coordinates"":[83.89110418536237,21.397286162792323]}"
79,473.8143096192854,174,2018,0,1,21.460437727265926,84.110832103858,0.4431735,-0.5205414,2019,1838.1995061337948,"{""geodesic"":false,""type"":""Point"",""coordinates"":[84.110832103858,21.460437727265926]}"
80,388.329756778952,153,2018,0,1,21.485500723692862,84.01066994967869,0.47009647,-0.47961167,2019,1883.5151779651642,"{""geodesic"":false,""type"":""Point"",""coordinates"":[84.01066994967869,21.485500723692862]}"
81,1138.5077953180646,159,2018,0,4,21.50391618701731,83.95084215175632,0.46689597,-0.4932602,2019,1907.0745749771595,"{""geodesic"":false,""type"":""Point"",""coordinates"":[83.95084215175632,21.50391618701731]}"
82,810.2468759581859,148,2018,0,4,21.35847894251836,83.96368806031923,0.3174798,-0.4457896,2019,1845.9195078182966,"{""geodesic"":false,""type"":""Point"",""coordinates"":[83.96368806031923,21.35847894251836]}"
83,1280.0,153,2018,0,1,21.421271180878314,84.04821952855488,0.54331684,-0.52584887,2019,1877.4567596316338,"{""geodesic"":false,""type"":""Point"",""coordinates"":[84.04821952855488,21.421271180878314]}"
84,961.7692030835673,172,2018,0,4,21.509036584136794,84.13724257321113,0.35733098,-0.47004753,2019,1877.1579506397247,"{""geodesic"":false,""type"":""Point"",""coordinates"":[84.13724257321113,21.509036584136794]}"
85,171.17242768623692,143,2018,0,1,21.468253070237765,83.95156080398361,0.61279696,-0.5500403,2019,1864.4806005470455,"{""geodesic"":false,""type"":""Point"",""coordinates"":[83.95156080398361,21.468253070237765]}"
86,912.414379544733,172,2018,0,4,21.537153852529734,84.0018664598943,0.542238,-0.5005765,2019,1821.555781364441,"{""geodesic"":false,""type"":""Point"",""coordinates"":[84.0018664598943,21.537153852529734]}"
87,80.62257748298549,147,2018,0,5,21.51307900291533,83.90206363182863,0.15766738,-0.25456977,2019,1862.205259859562,"{""geodesic"":false,""type"":""Point"",""coordinates"":[83.90206363182863,21.51307900291533]}"
88,756.6372975210778,172,2018,0,5,21.480110831988142,83.87538366789028,0.28,-0.40370116,2019,1769.5761865973473,"{""geodesic"":false,""type"":""Point"",""coordinates"":[83.87538366789028,21.480110831988142]}"
89,247.58836806279896,194,2018,0,1,21.471397173732186,83.87349720579363,0.69782245,-0.6160714,2019,1769.5761865973473,"{""geodesic"":false,""type"":""Point"",""coordinates"":[83.87349720579363,21.471397173732186]}"
90,483.83881613611777,171,2018,0,1,21.456754634601037,83.91122644772665,0.46623018,-0.4911512,2019,1824.7350696804933,"{""geodesic"":false,""type"":""Point"",""coordinates"":[83.91122644772665,21.456754634601037]}"
91,0.0,188,2018,0,0,21.574074610707047,83.94509293393796,-0.21814467,0.42933843,2019,1841.7995253801346,"{""geodesic"":false,""type"":""Point"",""coordinates"":[83.94509293393796,21.574074610707047]}"
92,370.5401462729781,181,2018,0,1,21.411928701923472,83.9334148352444,0.5058824,-0.52033216,2019,1830.1350152492523,"{""geodesic"":false,""type"":""Point"",""coordinates"":[83.9334148352444,21.411928701923472]}"
93,67.0820393249937,200,2018,0,1,21.385428401041946,84.15278342762639,0.4794081,-0.50217235,2019,1799.8032282292843,"{""geodesic"":false,""type"":""Point"",""coordinates"":[84.15278342762639,21.385428401041946]}"
94,0.0,188,2018,0,0,21.553233696115473,83.86379540072514,-0.23713236,0.48286605,2019,1817.8675085306168,"{""geodesic"":false,""type"":""Point"",""coordinates"":[83.86379540072514,21.553233696115473]}"
95,666.1080993352356,251,2018,0,1,21.396208184451382,84.04561441423093,0.68382126,-0.6194428,2019,1750.1960060186684,"{""geodesic"":false,""type"":""Point"",""coordinates"":[84.04561441423093,21.396208184451382]}"
96,230.8679276123039,216,2018,0,1,21.554401505984828,83.87439552107774,0.6458333,-0.59014404,2019,1817.8675085306168,"{""geodesic"":false,""type"":""Point"",""coordinates"":[83.87439552107774,21.554401505984828]}"
97,588.3026432033091,172,2018,0,4,21.420013539480546,83.86667000963432,0.2959381,-0.3819182,2019,1786.3003811836243,"{""geodesic"":false,""type"":""Point"",""coordinates"":[83.86667000963432,21.420013539480546]}"
98,661.2866246946176,193,2018,0,1,21.396837005150264,84.19015334344576,0.10566893,-0.07543008,2019,1799.8032282292843,"{""geodesic"":false,""type"":""Point"",""coordinates"":[84.19015334344576,21.396837005150264]}"
99,801.1242100947892,193,2018,0,5,21.584315404946008,84.13427813277353,0.30196312,-0.4599227,2019,1777.1123813986778,"{""geodesic"":false,""type"":""Point"",""coordinates"":[84.13427813277353,21.584315404946008]}"
100,1280.0,152,2018,0,4,21.4174084251566,84.04732121327075,0.4544965,-0.5148626,2019,1877.4567596316338,"{""geodesic"":false,""type"":""Point"",""coordinates"":[84.04732121327075,21.4174084251566]}"
101,407.9215610874228,208,2018,0,1,21.552964201530237,84.18503294632627,0.6957087,-0.6506329,2019,1853.2677980661392,"{""geodesic"":false,""type"":""Point"",""coordinates"":[84.18503294632627,21.552964201530237]}"
102,1280.0,197,2018,0,1,21.36898923134256,84.17937356003632,0.71811223,-0.6360324,2019,1799.8032282292843,"{""geodesic"":false,""type"":""Point"",""coordinates"":[84.17937356003632,21.36898923134256]}"
103,389.10152916687434,201,2018,0,1,21.388572504536366,84.15350207985368,0.60450506,-0.57583493,2019,1799.8032282292843,"{""geodesic"":false,""type"":""Point"",""coordinates"":[84.15350207985368,21.388572504536366]}"
104,822.0097323024831,173,2018,0,1,21.56509145786585,84.07507915555004,0.59683985,-0.5414837,2019,1806.7297364473343,"{""geodesic"":false,""type"":""Point"",""coordinates"":[84.07507915555004,21.56509145786585]}"
105,212.13203435596427,181,2018,0,1,21.50616197522761,83.85885466666248,0.5437629,-0.5227736,2019,1808.5140246152878,"{""geodesic"":false,""type"":""Point"",""coordinates"":[83.85885466666248,21.50616197522761]}"
106,799.0619500389191,149,2018,0,5,21.386326716326067,83.90969931174365,0.3820968,-0.4693232,2019,1811.7444865852594,"{""geodesic"":false,""type"":""Point"",""coordinates"":[83.90969931174365,21.386326716326067]}"
107,674.2403132415029,181,2018,0,5,21.453341036521383,84.11945593058556,0.35916767,-0.4597571,2019,1838.1995061337948,"{""geodesic"":false,""type"":""Point"",""coordinates"":[84.11945593058556,21.453341036521383]}"
108,1034.6496991735899,155,2018,0,4,21.473732793470894,84.02441417352571,0.479921,-0.4872643,2019,1883.5151779651642,"{""geodesic"":false,""type"":""Point"",""coordinates"":[84.02441417352571,21.473732793470894]}"
109,1280.0,401,2018,0,1,21.589166307480255,84.19823818100284,0.7270173,-0.6484513,2019,1853.2677980661392,"{""geodesic"":false,""type"":""Point"",""coordinates"":[84.19823818100284,21.589166307480255]}"
110,787.4642849044012,409,2018,0,1,21.579195007826527,84.19994498004266,0.4610133,-0.49870992,2019,1853.2677980661392,"{""geodesic"":false,""type"":""Point"",""coordinates"":[84.19994498004266,21.579195007826527]}"
111,1280.0,168,2018,0,4,21.493495729721523,84.06825195939074,0.48091152,-0.5396923,2019,1865.214292049408,"{""geodesic"":false,""type"":""Point"",""coordinates"":[84.06825195939074,21.493495729721523]}"
112,1256.0254774486066,172,2018,0,1,21.420642360179432,84.12987638788134,0.45993882,-0.47664708,2019,1844.913420587778,"{""geodesic"":false,""type"":""Point"",""coordinates"":[84.12987638788134,21.420642360179432]}"
113,876.4131445842195,180,2018,0,1,21.51352816055739,84.14613589452391,0.7064951,-0.63919955,2019,1877.1579506397247,"{""geodesic"":false,""type"":""Point"",""coordinates"":[84.14613589452391,21.51352816055739]}"
114,0.0,188,2018,0,0,21.5692237081728,83.91059762702777,-0.22532895,0.44588235,2019,1841.7995253801346,"{""geodesic"":false,""type"":""Point"",""coordinates"":[83.91059762702777,21.5692237081728]}"
115,859.8837130682264,202,2018,0,1,21.545687847728868,84.17676844571238,0.39413264,-0.50085825,2019,1866.5584846138954,"{""geodesic"":false,""type"":""Point"",""coordinates"":[84.17676844571238,21.545687847728868]}"
116,487.5448697299562,152,2018,0,1,21.38650637938289,83.89775171846486,0.58226466,-0.5225942,2019,1779.127650797367,"{""geodesic"":false,""type"":""Point"",""coordinates"":[83.89775171846486,21.38650637938289]}"
117,339.7057550292606,199,2018,0,5,21.5406572821378,83.98381032268351,0.21968709,-0.33893907,2019,1907.0745749771595,"{""geodesic"":false,""type"":""Point"",""coordinates"":[83.98381032268351,21.5406572821378]}"
118,693.1810730249349,192,2018,0,1,21.50795860579585,84.18179901130345,0.38701588,-0.48464063,2019,1866.5584846138954,"{""geodesic"":false,""type"":""Point"",""coordinates"":[84.18179901130345,21.50795860579585]}"
119,237.06539182259394,170,2018,0,4,21.45181390053838,84.08639792812995,0.4090619,-0.472982,2019,1865.214292049408,"{""geodesic"":false,""type"":""Point"",""coordinates"":[84.08639792812995,21.45181390053838]}"
120,1280.0,176,2018,0,1,21.41462364777583,84.13715274168271,0.47671232,-0.51724136,2019,1844.913420587778,"{""geodesic"":false,""type"":""Point"",""coordinates"":[84.13715274168271,21.41462364777583]}"
121,930.3762679690407,192,2018,0,1,21.578206861013996,84.05298059956071,0.54033613,-0.49785495,2019,1806.7297364473343,"{""geodesic"":false,""type"":""Point"",""coordinates"":[84.05298059956071,21.578206861013996]}"
122,78.10249675906654,135,2018,0,6,21.360994225313895,83.93889455847753,0.20823483,-0.31285456,2019,1811.7444865852594,"{""geodesic"":false,""type"":""Point"",""coordinates"":[83.93889455847753,21.360994225313895]}"
123,214.7091055358389,194,2018,0,1,21.59356805237244,84.00285460670683,0.4157639,-0.4254819,2019,1817.3649086654186,"{""geodesic"":false,""type"":""Point"",""coordinates"":[84.00285460670683,21.59356805237244]}"
124,493.65980188789933,170,2018,0,1,21.453161373464557,84.0829843300503,0.6302003,-0.5732342,2019,1865.214292049408,"{""geodesic"":false,""type"":""Point"",""coordinates"":[84.0829843300503,21.453161373464557]}"
125,400.24992192379,190,2018,0,1,21.48406341923827,84.18108035907615,0.39330143,-0.47567567,2019,1863.3773620426655,"{""geodesic"":false,""type"":""Point"",""coordinates"":[84.18108035907615,21.48406341923827]}"
126,1280.0,175,2018,0,4,21.565630447036323,84.04516525658887,0.46484017,-0.46243617,2019,1817.3649086654186,"{""geodesic"":false,""type"":""Point"",""coordinates"":[84.04516525658887,21.565630447036323]}"
127,873.2124598286491,163,2018,0,4,21.535896211131966,84.04983649606629,0.30439916,-0.38778076,2019,1821.555781364441,"{""geodesic"":false,""type"":""Point"",""coordinates"":[84.04983649606629,21.535896211131966]}"
128,330.15148038438355,190,2018,0,1,21.55997106074637,84.12412717006298,0.6359486,-0.58472997,2019,1777.1123813986778,"{""geodesic"":false,""type"":""Point"",""coordinates"":[84.12412717006298,21.55997106074637]}"
129,330.15148038438355,195,2018,0,1,21.398364141133268,84.19913649628695,0.6687569,-0.61427295,2019,1799.8032282292843,"{""geodesic"":false,""type"":""Point"",""coordinates"":[84.19913649628695,21.398364141133268]}"
130,174.6424919657298,173,2018,0,4,21.4422019269983,84.17991254920679,0.33044016,-0.4600626,2019,1813.083622455597,"{""geodesic"":false,""type"":""Point"",""coordinates"":[84.17991254920679,21.4422019269983]}"
131,191.049731745428,138,2018,0,5,21.38650637938289,83.96853896285347,0.22005571,-0.28826538,2019,1845.9195078182966,"{""geodesic"":false,""type"":""Point"",""coordinates"":[83.96853896285347,21.38650637938289]}"
132,811.5417426109393,156,2018,0,6,21.390908124275075,83.90700436589128,0.42680207,-0.46629557,2019,1811.7444865852594,"{""geodesic"":false,""type"":""Point"",""coordinates"":[83.90700436589128,21.390908124275075]}"
133,1271.416532848303,152,2018,0,4,21.389560651348898,83.9927036439963,0.41632652,-0.3715415,2019,1845.9195078182966,"{""geodesic"":false,""type"":""Point"",""coordinates"":[83.9927036439963,21.389560651348898]}"
134,505.6678751908213,160,2018,0,4,21.533650422921667,83.91787398082913,0.47519952,-0.4786023,2019,1862.205259859562,"{""geodesic"":false,""type"":""Point"",""coordinates"":[83.91787398082913,21.533650422921667]}"
135,0.0,188,2018,0,0,21.56230668048508,83.90691453436287,-0.19969986,0.42059836,2019,1841.7995253801346,"{""geodesic"":false,""type"":""Point"",""coordinates"":[83.90691453436287,21.56230668048508]}"
136,1140.175425099138,146,2018,0,4,21.368719736757324,83.98488830102445,0.43742883,-0.47824275,2019,1845.9195078182966,"{""geodesic"":false,""type"":""Point"",""coordinates"":[83.98488830102445,21.368719736757324]}"
137,590.592922409336,195,2018,0,4,21.376535079729162,84.12673228438692,0.308204,-0.44740877,2019,1791.6786192953587,"{""geodesic"":false,""type"":""Point"",""coordinates"":[84.12673228438692,21.376535079729162]}"
138,699.714227381436,191,2018,0,1,21.500322925880834,84.14532741076819,0.35989085,-0.43879908,2019,1877.1579506397247,"{""geodesic"":false,""type"":""Point"",""coordinates"":[84.14532741076819,21.500322925880834]}"
139,1280.0,287,2018,0,1,21.359646752387714,84.02701928784965,0.69447803,-0.59969556,2019,1750.1960060186684,"{""geodesic"":false,""type"":""Point"",""coordinates"":[84.02701928784965,21.359646752387714]}"
140,530.0943312279428,174,2018,0,6,21.45244272123726,83.91149594231189,0.30090898,-0.37005034,2019,1824.7350696804933,"{""geodesic"":false,""type"":""Point"",""coordinates"":[83.91149594231189,21.45244272123726]}"
141,1280.0,361,2018,0,1,21.365036644092434,84.0363617668045,0.7504873,-0.6642838,2019,1750.1960060186684,"{""geodesic"":false,""type"":""Point"",""coordinates"":[84.0363617668045,21.365036644092434]}"
142,910.494371207203,251,2018,0,1,21.502119556449074,83.92335370406227,0.44376472,-0.4819665,2019,1862.205259859562,"{""geodesic"":false,""type"":""Point"",""coordinates"":[83.92335370406227,21.502119556449074]}"
143,892.6925562588724,164,2018,0,4,21.407976114673346,83.88894822868049,0.42025316,-0.4685864,2019,1786.3003811836243,"{""geodesic"":false,""type"":""Point"",""coordinates"":[83.88894822868049,21.407976114673346]}"
144,914.4397191723465,171,2018,0,6,21.39899296183215,84.03169052732707,0.16939253,-0.24116553,2019,1750.1960060186684,"{""geodesic"":false,""type"":""Point"",""coordinates"":[84.03169052732707,21.39899296183215]}"
145,183.84776310850236,206,2018,0,4,21.538591156984324,84.17272602693384,0.2567714,-0.4206981,2019,1866.5584846138954,"{""geodesic"":false,""type"":""Point"",""coordinates"":[84.17272602693384,21.538591156984324]}"
146,314.00636936215164,162,2018,0,1,21.527092721347596,83.87798878221423,0.4440843,-0.4678748,2019,1808.5140246152878,"{""geodesic"":false,""type"":""Point"",""coordinates"":[83.87798878221423,21.527092721347596]}"
147,230.0,168,2018,0,4,21.471307342203772,83.89263132134538,0.27701148,-0.4045512,2019,1769.5761865973473,"{""geodesic"":false,""type"":""Point"",""coordinates"":[83.89263132134538,21.471307342203772]}"
148,788.5429601486528,177,2018,0,1,21.56509145786585,84.0213599015597,0.5298182,-0.50599605,2019,1817.3649086654186,"{""geodesic"":false,""type"":""Point"",""coordinates"":[84.0213599015597,21.56509145786585]}"
149,1120.4017136723774,176,2018,0,5,21.469151385521887,83.85355460648617,0.3141649,-0.44289693,2019,1769.5761865973473,"{""geodesic"":false,""type"":""Point"",""coordinates"":[83.85355460648617,21.469151385521887]}"
150,371.21422386541167,172,2018,0,6,21.485141397579213,83.87879726596994,0.36821952,-0.42648038,2019,1769.5761865973473,"{""geodesic"":false,""type"":""Point"",""coordinates"":[83.87879726596994,21.485141397579213]}"
151,1233.693641063291,179,2018,0,1,21.553413359172296,84.11298806053989,0.46520483,-0.51204574,2019,1777.1123813986778,"{""geodesic"":false,""type"":""Point"",""coordinates"":[84.11298806053989,21.553413359172296]}"
152,616.1980201201559,161,2018,0,4,21.407437125502874,83.8703531022992,0.44487178,-0.4356688,2019,1786.3003811836243,"{""geodesic"":false,""type"":""Point"",""coordinates"":[83.8703531022992,21.407437125502874]}"
153,1247.397290361014,184,2018,0,1,21.468342901766178,83.85984281347501,0.47341612,-0.51340747,2019,1769.5761865973473,"{""geodesic"":false,""type"":""Point"",""coordinates"":[83.85984281347501,21.468342901766178]}"
154,613.2699242584786,188,2018,0,1,21.5774882087867,84.12394750700615,0.63510174,-0.58206743,2019,1777.1123813986778,"{""geodesic"":false,""type"":""Point"",""coordinates"":[84.12394750700615,21.5774882087867]}"
155,1077.0329614269008,165,2018,0,4,21.39153694497396,83.86163944404325,0.51209396,-0.52739966,2019,1779.127650797367,"{""geodesic"":false,""type"":""Point"",""coordinates"":[83.86163944404325,21.39153694497396]}"
156,490.40799340956914,171,2018,0,6,21.424505115901145,83.89918902291944,0.5283462,-0.5151985,2019,1786.3003811836243,"{""geodesic"":false,""type"":""Point"",""coordinates"":[83.89918902291944,21.424505115901145]}"
157,1280.0,160,2018,0,4,21.36575529631973,83.85714786762266,0.48727497,-0.4993742,2019,1779.127650797367,"{""geodesic"":false,""type"":""Point"",""coordinates"":[83.85714786762266,21.36575529631973]}"
158,729.9315036357864,196,2018,0,1,21.510024730949326,84.16823445051324,0.5577924,-0.55833334,2019,1866.5584846138954,"{""geodesic"":false,""type"":""Point"",""coordinates"":[84.16823445051324,21.510024730949326]}"
159,0.0,188,2018,0,0,21.599766427832865,83.92155707349403,-0.16422349,0.33622047,2019,1841.7995253801346,"{""geodesic"":false,""type"":""Point"",""coordinates"":[83.92155707349403,21.599766427832865]}"
160,308.05843601498725,187,2018,0,4,21.571559327911512,84.11334738665354,0.3225339,-0.45186943,2019,1777.1123813986778,"{""geodesic"":false,""type"":""Point"",""coordinates"":[84.11334738665354,21.571559327911512]}"
161,1280.0,174,2018,0,4,21.534099580563726,84.08514028673218,0.5544646,-0.5590091,2019,1837.575457572937,"{""geodesic"":false,""type"":""Point"",""coordinates"":[84.08514028673218,21.534099580563726]}"
162,1280.0,513,2018,0,1,21.359017931688832,84.04148216392397,0.737807,-0.6499179,2019,1750.1960060186684,"{""geodesic"":false,""type"":""Point"",""coordinates"":[84.04148216392397,21.359017931688832]}"
163,342.0526275297414,177,2018,0,1,21.537333515586557,83.9619812612794,0.36936072,-0.4448777,2019,1907.0745749771595,"{""geodesic"":false,""type"":""Point"",""coordinates"":[83.9619812612794,21.537333515586557]}"
164,1280.0,178,2018,0,1,21.513168834443743,83.98920021438822,0.46234912,-0.50295395,2019,1907.0745749771595,"{""geodesic"":false,""type"":""Point"",""coordinates"":[83.98920021438822,21.513168834443743]}"
165,471.6990566028302,182,2018,0,4,21.456574971544214,84.17937356003632,0.2752396,-0.40451646,2019,1863.3773620426655,"{""geodesic"":false,""type"":""Point"",""coordinates"":[84.17937356003632,21.456574971544214]}"
166,381.8376618407357,179,2018,0,4,21.435823888481053,84.18251766353075,0.24239317,-0.3964391,2019,1813.083622455597,"{""geodesic"":false,""type"":""Point"",""coordinates"":[84.18251766353075,21.435823888481053]}"
167,1020.4410811016969,396,2018,0,1,21.416510109872483,84.09035051538008,0.6288602,-0.5689562,2019,1811.028529509902,"{""geodesic"":false,""type"":""Point"",""coordinates"":[84.09035051538008,21.416510109872483]}"
168,0.0,188,2018,0,0,21.572996632366102,83.936379275682,-0.23536636,0.4515561,2019,1841.7995253801346,"{""geodesic"":false,""type"":""Point"",""coordinates"":[83.936379275682,21.572996632366102]}"
169,716.1005515987263,195,2018,0,1,21.377253731956458,84.11990508822761,0.44335744,-0.51307964,2019,1791.6786192953587,"{""geodesic"":false,""type"":""Point"",""coordinates"":[84.11990508822761,21.377253731956458]}"
170,754.3208866258443,149,2018,0,1,21.386236884797654,83.90502807226622,0.49553853,-0.524033,2019,1811.7444865852594,"{""geodesic"":false,""type"":""Point"",""coordinates"":[83.90502807226622,21.386236884797654]}"
171,1170.4699910719626,159,2018,0,4,21.3805774985077,83.9033212732264,0.39891806,-0.4438891,2019,1811.7444865852594,"{""geodesic"":false,""type"":""Point"",""coordinates"":[83.9033212732264,21.3805774985077]}"
172,254.95097567963924,172,2018,0,4,21.39998110864468,83.85642921539535,0.42089552,-0.47216496,2019,1779.127650797367,"{""geodesic"":false,""type"":""Point"",""coordinates"":[83.85642921539535,21.39998110864468]}"
173,0.0,188,2018,0,0,21.577398377258287,83.9643168810181,-0.19620447,0.39511672,2019,1879.656286597252,"{""geodesic"":false,""type"":""Point"",""coordinates"":[83.9643168810181,21.577398377258287]}"
174,1062.1205204683695,174,2018,0,4,21.56042021838843,84.11352704971037,0.58830845,-0.5663907,2019,1777.1123813986778,"{""geodesic"":false,""type"":""Point"",""coordinates"":[84.11352704971037,21.56042021838843]}"
175,1280.0,157,2018,0,1,21.39423189082632,83.94886585813126,0.45028788,-0.5247993,2019,1811.7444865852594,"{""geodesic"":false,""type"":""Point"",""coordinates"":[83.94886585813126,21.39423189082632]}"
176,1187.1394189394941,178,2018,0,1,21.55682695725195,84.10795749494882,0.28326946,-0.3790832,2019,1777.1123813986778,"{""geodesic"":false,""type"":""Point"",""coordinates"":[84.10795749494882,21.55682695725195]}"
177,443.846820423443,153,2018,0,4,21.36530613867767,83.99908168251353,0.6199123,-0.59543633,2019,1845.9195078182966,"{""geodesic"":false,""type"":""Point"",""coordinates"":[83.99908168251353,21.36530613867767]}"
178,10.0,189,2018,0,0,21.528979183444246,84.16464118937677,0.033419024,0.07373272,2019,1866.5584846138954,"{""geodesic"":false,""type"":""Point"",""coordinates"":[84.16464118937677,21.528979183444246]}"
179,886.8483523128405,184,2018,0,1,21.549281108865348,83.96171176669417,0.35642102,-0.458519,2019,1907.0745749771595,"{""geodesic"":false,""type"":""Point"",""coordinates"":[83.96171176669417,21.549281108865348]}"
180,244.13111231467406,186,2018,0,4,21.494573708062468,84.17595996195666,0.3234533,-0.46091923,2019,1863.3773620426655,"{""geodesic"":false,""type"":""Point"",""coordinates"":[84.17595996195666,21.494573708062468]}"
181,0.0,188,2018,0,0,21.574344105292283,83.91212476301077,-0.17714755,0.39692742,2019,1841.7995253801346,"{""geodesic"":false,""type"":""Point"",""coordinates"":[83.91212476301077,21.574344105292283]}"
182,0.0,188,2018,0,0,21.5940172100145,83.9273961228408,-0.16202793,0.36514023,2019,1841.7995253801346,"{""geodesic"":false,""type"":""Point"",""coordinates"":[83.9273961228408,21.5940172100145]}"
183,1209.6693763173473,223,2018,0,1,21.59257990555991,84.12825942036993,0.7209711,-0.6300708,2019,1777.1123813986778,"{""geodesic"":false,""type"":""Point"",""coordinates"":[84.12825942036993,21.59257990555991]}"
184,940.4786015641185,158,2018,0,1,21.509665404835676,83.8935296366295,0.3329609,-0.41854936,2019,1808.5140246152878,"{""geodesic"":false,""type"":""Point"",""coordinates"":[83.8935296366295,21.509665404835676]}"
185,607.4537019394976,164,2018,0,6,21.49619067557388,83.96090328293846,0.102169394,-0.16621596,2019,1864.4806005470455,"{""geodesic"":false,""type"":""Point"",""coordinates"":[83.96090328293846,21.49619067557388]}"
186,872.0091742636656,155,2018,0,1,21.461425874078458,84.02719895090648,0.51412874,-0.4976708,2019,1883.5151779651642,"{""geodesic"":false,""type"":""Point"",""coordinates"":[84.02719895090648,21.461425874078458]}"
187,796.3039620647382,166,2018,0,1,21.56230668048508,84.06861128550439,0.475891,-0.4555479,2019,1806.7297364473343,"{""geodesic"":false,""type"":""Point"",""coordinates"":[84.06861128550439,21.56230668048508]}"
188,1104.2191811411356,152,2018,0,4,21.41273718567918,84.03348715789531,0.46905088,-0.46451834,2019,1877.4567596316338,"{""geodesic"":false,""type"":""Point"",""coordinates"":[84.03348715789531,21.41273718567918]}"
189,280.0,195,2018,0,5,21.530416487898837,84.15502921583669,0.2746607,-0.3915833,2019,1866.5584846138954,"{""geodesic"":false,""type"":""Point"",""coordinates"":[84.15502921583669,21.530416487898837]}"
190,1012.4228365658294,178,2018,0,1,21.551886223189292,84.11694064779002,0.5308979,-0.554785,2019,1777.1123813986778,"{""geodesic"":false,""type"":""Point"",""coordinates"":[84.11694064779002,21.551886223189292]}"
191,1048.0935072788113,203,2018,0,1,21.36440782339355,84.17595996195666,0.61163193,-0.5819718,2019,1799.8032282292843,"{""geodesic"":false,""type"":""Point"",""coordinates"":[84.17595996195666,21.36440782339355]}"
192,411.82520563948003,168,2018,0,4,21.399082793360563,83.86235809627054,0.47677594,-0.48285323,2019,1779.127650797367,"{""geodesic"":false,""type"":""Point"",""coordinates"":[83.86235809627054,21.399082793360563]}"
193,220.0,168,2018,0,4,21.47121751067536,83.89254148981696,0.29818183,-0.41292876,2019,1769.5761865973473,"{""geodesic"":false,""type"":""Point"",""coordinates"":[83.89254148981696,21.47121751067536]}"
194,666.1080993352356,163,2018,0,1,21.413455837906476,83.89191266911808,0.5368917,-0.49808723,2019,1786.3003811836243,"{""geodesic"":false,""type"":""Point"",""coordinates"":[83.89191266911808,21.413455837906476]}"
195,705.1950084905593,197,2018,0,6,21.506970458983318,84.1686836081553,0.35692117,-0.4740391,2019,1866.5584846138954,"{""geodesic"":false,""type"":""Point"",""coordinates"":[84.1686836081553,21.506970458983318]}"
196,127.27922061357856,194,2018,0,1,21.596981650452094,84.01704798819593,0.5596196,-0.5091802,2019,1817.3649086654186,"{""geodesic"":false,""type"":""Point"",""coordinates"":[84.01704798819593,21.596981650452094]}"
197,550.8175741568165,169,2018,0,1,21.52601474300665,83.87340737426521,0.39124486,-0.47766075,2019,1808.5140246152878,"{""geodesic"":false,""type"":""Point"",""coordinates"":[83.87340737426521,21.52601474300665]}"
198,1160.5602095539896,202,2018,0,1,21.38749452619542,84.07148589441357,0.68799514,-0.6099971,2019,1748.453401837498,"{""geodesic"":false,""type"":""Point"",""coordinates"":[84.07148589441357,21.38749452619542]}"
199,537.5872022286245,275,2018,0,1,21.51406714972786,84.05881964890749,0.69499266,-0.5958231,2019,1837.575457572937,"{""geodesic"":false,""type"":""Point"",""coordinates"":[84.05881964890749,21.51406714972786]}"
200,965.6603957913983,173,2018,0,4,21.459629243510218,84.14622572605232,0.52534425,-0.5429757,2019,1838.1995061337948,"{""geodesic"":false,""type"":""Point"",""coordinates"":[84.14622572605232,21.459629243510218]}"
201,1280.0,164,2018,0,4,21.430074670662687,84.05333992567435,0.45135048,-0.50067294,2019,1811.028529509902,"{""geodesic"":false,""type"":""Point"",""coordinates"":[84.05333992567435,21.430074670662687]}"
202,467.5467891024384,175,2018,0,1,21.434566247083286,84.13463745888717,0.5051287,-0.52389383,2019,1844.913420587778,"{""geodesic"":false,""type"":""Point"",""coordinates"":[84.13463745888717,21.434566247083286]}"
203,840.0,161,2018,0,5,21.39854380419009,83.88706176658383,0.33622828,-0.45491388,2019,1779.127650797367,"{""geodesic"":false,""type"":""Point"",""coordinates"":[83.88706176658383,21.39854380419009]}"
204,802.3091673413684,156,2018,0,4,21.427110230225093,84.03968553335574,0.56050736,-0.52444744,2019,1877.4567596316338,"{""geodesic"":false,""type"":""Point"",""coordinates"":[84.03968553335574,21.427110230225093]}"
205,624.2595614005443,173,2018,0,6,21.495741517931823,83.87744979304375,0.3667426,-0.39372823,2019,1769.5761865973473,"{""geodesic"":false,""type"":""Point"",""coordinates"":[83.87744979304375,21.495741517931823]}"
206,980.0,185,2018,0,4,21.577847534900346,84.05774167056654,0.4016298,-0.46421126,2019,1806.7297364473343,"{""geodesic"":false,""type"":""Point"",""coordinates"":[84.05774167056654,21.577847534900346]}"
207,0.0,188,2018,0,0,21.56230668048508,83.91230442606759,-0.19606967,0.42654866,2019,1841.7995253801346,"{""geodesic"":false,""type"":""Point"",""coordinates"":[83.91230442606759,21.56230668048508]}"
208,1280.0,180,2018,0,5,21.5346385697342,83.93224702537505,0.26797056,-0.362988,2019,1862.205259859562,"{""geodesic"":false,""type"":""Point"",""coordinates"":[83.93224702537505,21.5346385697342]}"
209,727.8049189171504,175,2018,0,1,21.505892480642373,83.93009106869316,0.5804509,-0.53818667,2019,1862.205259859562,"{""geodesic"":false,""type"":""Point"",""coordinates"":[83.93009106869316,21.505892480642373]}"
210,0.0,188,2018,0,0,21.57694921961623,83.9026026209991,-0.18841796,0.4276413,2019,1841.7995253801346,"{""geodesic"":false,""type"":""Point"",""coordinates"":[83.9026026209991,21.57694921961623]}"
211,660.6814663663572,174,2018,0,6,21.452891878879324,83.92461134546002,0.106530346,-0.18761063,2019,1824.7350696804933,"{""geodesic"":false,""type"":""Point"",""coordinates"":[83.92461134546002,21.452891878879324]}"
212,842.9116205154606,236,2018,0,1,21.485321060636036,83.97886958862085,0.48088577,-0.5033128,2019,1864.4806005470455,"{""geodesic"":false,""type"":""Point"",""coordinates"":[83.97886958862085,21.485321060636036]}"
213,545.8937625582472,178,2018,0,1,21.475259929453898,84.14550707382502,0.7641804,-0.6584444,2019,1838.1995061337948,"{""geodesic"":false,""type"":""Point"",""coordinates"":[84.14550707382502,21.475259929453898]}"
214,1111.6204388189342,278,2018,0,1,21.582698437434594,84.19401609916747,0.740113,-0.65258217,2019,1853.2677980661392,"{""geodesic"":false,""type"":""Point"",""coordinates"":[84.19401609916747,21.582698437434594]}"
215,892.0201791439474,163,2018,0,4,21.440315464901648,84.07175538899881,0.57640415,-0.577394,2019,1811.028529509902,"{""geodesic"":false,""type"":""Point"",""coordinates"":[84.07175538899881,21.440315464901648]}"
216,1090.366910723175,167,2018,0,4,21.49834663225577,84.10499305451123,0.5876043,-0.5489873,2019,1838.1995061337948,"{""geodesic"":false,""type"":""Point"",""coordinates"":[84.10499305451123,21.49834663225577]}"
217,520.0961449578338,135,2018,0,1,21.359107763217246,83.94679973297778,0.34781745,-0.39394143,2019,1811.7444865852594,"{""geodesic"":false,""type"":""Point"",""coordinates"":[83.94679973297778,21.359107763217246]}"
218,490.9175083453431,150,2018,0,4,21.40680830480399,83.9867747631211,0.4067151,-0.4787234,2019,1843.4924929630943,"{""geodesic"":false,""type"":""Point"",""coordinates"":[83.9867747631211,21.40680830480399]}"
219,1280.0,164,2018,0,1,21.505802649113964,83.97419834914342,0.4523745,-0.49886686,2019,1907.0745749771595,"{""geodesic"":false,""type"":""Point"",""coordinates"":[83.97419834914342,21.505802649113964]}"
220,1085.5873986004074,175,2018,0,4,21.558803250877013,84.04345845754904,0.44222835,-0.48723406,2019,1817.3649086654186,"{""geodesic"":false,""type"":""Point"",""coordinates"":[84.04345845754904,21.558803250877013]}"
221,76.15773105863909,169,2018,0,4,21.4504664276122,84.09780653223827,0.31464174,-0.32454488,2019,1865.214292049408,"{""geodesic"":false,""type"":""Point"",""coordinates"":[84.09780653223827,21.4504664276122]}"
222,0.0,188,2018,0,0,21.563025332712375,83.88876856562366,-0.19720767,0.42571786,2019,1817.8675085306168,"{""geodesic"":false,""type"":""Point"",""coordinates"":[83.88876856562366,21.563025332712375]}"
223,796.3039620647382,145,2018,0,5,21.4339374263844,83.9883018991041,0.37030888,-0.43763065,2019,1843.4924929630943,"{""geodesic"":false,""type"":""Point"",""coordinates"":[83.9883018991041,21.4339374263844]}"
224,277.8488797889961,161,2018,0,4,21.481637967971146,83.91113661619823,0.45013264,-0.45226386,2019,1824.7350696804933,"{""geodesic"":false,""type"":""Point"",""coordinates"":[83.91113661619823,21.481637967971146]}"
225,810.2468759581859,161,2018,0,4,21.40438285353687,84.04830936008328,0.40656716,-0.47066167,2019,1877.4567596316338,"{""geodesic"":false,""type"":""Point"",""coordinates"":[84.04830936008328,21.40438285353687]}"
226,130.0,175,2018,0,5,21.457652949885155,83.88813974492477,0.32421178,-0.43474057,2019,1769.5761865973473,"{""geodesic"":false,""type"":""Point"",""coordinates"":[83.88813974492477,21.457652949885155]}"
227,0.0,188,2018,0,0,21.54622683689934,83.87017343924238,-0.20336135,0.43838862,2019,1808.5140246152878,"{""geodesic"":false,""type"":""Point"",""coordinates"":[83.87017343924238,21.54622683689934]}"
228,1165.0321883965266,263,2018,0,1,21.467264923425233,83.86631068352067,0.5184175,-0.5643008,2019,1769.5761865973473,"{""geodesic"":false,""type"":""Point"",""coordinates"":[83.86631068352067,21.467264923425233]}"
229,1280.0,181,2018,0,1,21.562576175070316,84.00069865002496,0.54569685,-0.53227633,2019,1817.3649086654186,"{""geodesic"":false,""type"":""Point"",""coordinates"":[84.00069865002496,21.562576175070316]}"
230,614.6543744251724,163,2018,0,1,21.419474550310078,83.90430942003893,0.45205986,-0.4345099,2019,1830.1350152492523,"{""geodesic"":false,""type"":""Point"",""coordinates"":[83.90430942003893,21.419474550310078]}"
231,644.0496875241847,155,2018,0,4,21.394591216939965,83.9079026811754,0.5017684,-0.4752784,2019,1811.7444865852594,"{""geodesic"":false,""type"":""Point"",""coordinates"":[83.9079026811754,21.394591216939965]}"
232,811.5417426109393,177,2018,0,4,21.518648557676872,83.95793884250087,0.27218065,-0.35427967,2019,1907.0745749771595,"{""geodesic"":false,""type"":""Point"",""coordinates"":[83.95793884250087,21.518648557676872]}"
233,1194.026800369238,183,2018,0,5,21.49412455042041,84.14451892701248,0.2511949,-0.40258968,2019,1838.1995061337948,"{""geodesic"":false,""type"":""Point"",""coordinates"":[84.14451892701248,21.49412455042041]}"
234,172.6267650163207,189,2018,0,5,21.559701566161134,84.12906790412563,0.24383937,-0.40888172,2019,1777.1123813986778,"{""geodesic"":false,""type"":""Point"",""coordinates"":[84.12906790412563,21.559701566161134]}"
235,421.070065428546,235,2018,0,1,21.38830300995113,84.139398529893,0.76667774,-0.6681291,2019,1791.6786192953587,"{""geodesic"":false,""type"":""Point"",""coordinates"":[84.139398529893,21.38830300995113]}"
236,1280.0,170,2018,0,1,21.406448978690342,84.06501802436792,0.3294503,-0.44063115,2019,1811.028529509902,"{""geodesic"":false,""type"":""Point"",""coordinates"":[84.06501802436792,21.406448978690342]}"
237,1280.0,322,2018,0,1,21.599227438662393,84.19060250108782,0.7450664,-0.6658768,2019,1853.2677980661392,"{""geodesic"":false,""type"":""Point"",""coordinates"":[84.19060250108782,21.599227438662393]}"
238,1280.0,158,2018,0,4,21.43294927957187,84.05567554541307,0.52501506,-0.5296252,2019,1811.028529509902,"{""geodesic"":false,""type"":""Point"",""coordinates"":[84.05567554541307,21.43294927957187]}"
239,1015.9232254457027,175,2018,0,1,21.456305476958978,84.12781026272786,0.35059935,-0.456948,2019,1838.1995061337948,"{""geodesic"":false,""type"":""Point"",""coordinates"":[84.12781026272786,21.456305476958978]}"
240,111.80339887498948,184,2018,0,6,21.525385922307766,83.96144227210893,0.3651149,-0.3823896,2019,1907.0745749771595,"{""geodesic"":false,""type"":""Point"",""coordinates"":[83.96144227210893,21.525385922307766]}"
241,1280.0,158,2018,0,6,21.486668533562217,83.95344726608026,0.4359313,-0.45454547,2019,1864.4806005470455,"{""geodesic"":false,""type"":""Point"",""coordinates"":[83.95344726608026,21.486668533562217]}"
242,902.4965373894794,213,2018,0,1,21.594915525298617,84.13805105696683,0.6700326,-0.5808138,2019,1777.1123813986778,"{""geodesic"":false,""type"":""Point"",""coordinates"":[84.13805105696683,21.594915525298617]}"
243,675.4257916307313,151,2018,0,4,21.353178882342057,83.96835929979665,0.30251274,-0.37623274,2019,1845.9195078182966,"{""geodesic"":false,""type"":""Point"",""coordinates"":[83.96835929979665,21.353178882342057]}"
244,84.85281374238569,137,2018,0,6,21.365934959376553,83.94194883044354,0.2951873,-0.35040265,2019,1811.7444865852594,"{""geodesic"":false,""type"":""Point"",""coordinates"":[83.94194883044354,21.365934959376553]}"
245,60.0,162,2018,0,6,21.490261794698693,83.93799624319341,0.39914745,-0.4453873,2019,1824.7350696804933,"{""geodesic"":false,""type"":""Point"",""coordinates"":[83.93799624319341,21.490261794698693]}"
246,0.0,188,2018,0,0,21.57892551324129,83.89083469077714,-0.18080549,0.41564792,2019,1817.8675085306168,"{""geodesic"":false,""type"":""Point"",""coordinates"":[83.89083469077714,21.57892551324129]}"
247,795.5501241279521,217,2018,0,1,21.52134350352923,84.05342975720276,0.6976307,-0.59036994,2019,1837.575457572937,"{""geodesic"":false,""type"":""Point"",""coordinates"":[84.05342975720276,21.52134350352923]}"
248,403.11288741492746,145,2018,0,1,21.363329845052608,83.95982530459752,0.4916439,-0.5061211,2019,1845.9195078182966,"{""geodesic"":false,""type"":""Point"",""coordinates"":[83.95982530459752,21.363329845052608]}"
249,0.0,188,2018,0,0,21.534458906677376,83.86047163417389,-0.1951431,0.43380108,2019,1808.5140246152878,"{""geodesic"":false,""type"":""Point"",""coordinates"":[83.86047163417389,21.534458906677376]}"
250,768.505042273634,185,2018,0,1,21.547933635939167,84.12520514840392,0.3422002,-0.47412726,2019,1877.1579506397247,"{""geodesic"":false,""type"":""Point"",""coordinates"":[84.12520514840392,21.547933635939167]}"
251,1280.0,308,2018,0,1,21.38839284147954,84.08352331922077,0.6974038,-0.6186682,2019,1748.453401837498,"{""geodesic"":false,""type"":""Point"",""coordinates"":[84.08352331922077,21.38839284147954]}"
252,200.0,190,2018,0,1,21.557904935592894,83.95623204346104,0.37911668,-0.4794499,2019,1879.656286597252,"{""geodesic"":false,""type"":""Point"",""coordinates"":[83.95623204346104,21.557904935592894]}"
253,0.0,188,2018,0,0,21.59096293804849,83.92524016615891,-0.1961608,0.41510138,2019,1841.7995253801346,"{""geodesic"":false,""type"":""Point"",""coordinates"":[83.92524016615891,21.59096293804849]}"
254,907.9647570252934,163,2018,0,4,21.509216247193617,83.95093198328473,0.4409462,-0.47661316,2019,1907.0745749771595,"{""geodesic"":false,""type"":""Point"",""coordinates"":[83.95093198328473,21.509216247193617]}"
255,473.8143096192854,168,2018,0,6,21.500502588937657,83.9995308401556,0.23002422,-0.29262087,2019,1907.0745749771595,"{""geodesic"":false,""type"":""Point"",""coordinates"":[83.9995308401556,21.500502588937657]}"
256,830.2409288875127,154,2018,0,4,21.35524500749553,83.99530875832023,0.40456316,-0.49881235,2019,1845.9195078182966,"{""geodesic"":false,""type"":""Point"",""coordinates"":[83.99530875832023,21.35524500749553]}"
257,1153.9497389401324,161,2018,0,4,21.438698497390234,84.08514028673218,0.5638367,-0.5633301,2019,1811.028529509902,"{""geodesic"":false,""type"":""Point"",""coordinates"":[84.08514028673218,21.438698497390234]}"
258,344.0930106817051,166,2018,0,5,21.53050631942725,83.91751465471549,0.3704626,-0.45707408,2019,1862.205259859562,"{""geodesic"":false,""type"":""Point"",""coordinates"":[83.91751465471549,21.53050631942725]}"
259,620.0,162,2018,0,4,21.522062155756526,84.0416618269808,0.57026625,-0.5395214,2019,1821.555781364441,"{""geodesic"":false,""type"":""Point"",""coordinates"":[84.0416618269808,21.522062155756526]}"
260,205.18284528683193,159,2018,0,1,21.400609929343567,83.9237130301759,0.43987992,-0.46995062,2019,1830.1350152492523,"{""geodesic"":false,""type"":""Point"",""coordinates"":[83.9237130301759,21.400609929343567]}"
261,762.7581530209953,179,2018,0,1,21.51164169846074,84.14451892701248,0.51095587,-0.53856105,2019,1877.1579506397247,"{""geodesic"":false,""type"":""Point"",""coordinates"":[84.14451892701248,21.51164169846074]}"
262,1207.0211265756702,196,2018,0,5,21.528440194273774,83.97464750678549,0.25339225,-0.36847547,2019,1907.0745749771595,"{""geodesic"":false,""type"":""Point"",""coordinates"":[83.97464750678549,21.528440194273774]}"
263,1079.3516572461451,159,2018,0,4,21.407167630917638,83.88409732614623,0.4304169,-0.47725895,2019,1786.3003811836243,"{""geodesic"":false,""type"":""Point"",""coordinates"":[83.88409732614623,21.407167630917638]}"
264,1097.8615577567145,201,2018,0,1,21.367551926887966,84.07265370428293,0.5704388,-0.55861163,2019,1748.453401837498,"{""geodesic"":false,""type"":""Point"",""coordinates"":[84.07265370428293,21.367551926887966]}"
265,841.486779456457,169,2018,0,4,21.464569977572875,84.13068487163704,0.54168385,-0.53783727,2019,1838.1995061337948,"{""geodesic"":false,""type"":""Point"",""coordinates"":[84.13068487163704,21.464569977572875]}"
266,1167.2617529928752,188,2018,0,1,21.360006078501364,84.02333619518477,0.707365,-0.6381909,2019,1750.1960060186684,"{""geodesic"":false,""type"":""Point"",""coordinates"":[84.02333619518477,21.360006078501364]}"
267,569.3856338194703,180,2018,0,1,21.534279243620553,84.00824449841156,0.48009223,-0.5022625,2019,1821.555781364441,"{""geodesic"":false,""type"":""Point"",""coordinates"":[84.00824449841156,21.534279243620553]}"
268,570.701322935211,169,2018,0,6,21.474271782641367,83.89146351147602,0.40347826,-0.45013478,2019,1769.5761865973473,"{""geodesic"":false,""type"":""Point"",""coordinates"":[83.89146351147602,21.474271782641367]}"
269,1006.2305898749054,157,2018,0,6,21.442920579225596,83.99755454653054,0.22291021,-0.26265317,2019,1843.4924929630943,"{""geodesic"":false,""type"":""Point"",""coordinates"":[83.99755454653054,21.442920579225596]}"
270,591.3543776789007,214,2018,0,1,21.596083335167975,84.14245280185901,0.6915367,-0.6111979,2019,1777.1123813986778,"{""geodesic"":false,""type"":""Point"",""coordinates"":[84.14245280185901,21.596083335167975]}"
271,333.7663853655727,147,2018,0,4,21.409233756071114,83.99926134557036,0.48180956,-0.49267048,2019,1843.4924929630943,"{""geodesic"":false,""type"":""Point"",""coordinates"":[83.99926134557036,21.409233756071114]}"
272,570.701322935211,167,2018,0,1,21.469870037749182,84.10095063573269,0.43271223,-0.49245146,2019,1838.1995061337948,"{""geodesic"":false,""type"":""Point"",""coordinates"":[84.10095063573269,21.469870037749182]}"
273,123.6931687685298,211,2018,0,1,21.557096451837186,83.87223956439585,0.60088694,-0.5578423,2019,1817.8675085306168,"{""geodesic"":false,""type"":""Point"",""coordinates"":[83.87223956439585,21.557096451837186]}"
274,688.1860213634102,149,2018,0,1,21.39117761886031,83.9830916704562,0.69185406,-0.618033,2019,1845.9195078182966,"{""geodesic"":false,""type"":""Point"",""coordinates"":[83.9830916704562,21.39117761886031]}"
275,1176.860229593982,176,2018,0,4,21.392614923314902,84.03007355981566,0.35364917,-0.47488838,2019,1750.1960060186684,"{""geodesic"":false,""type"":""Point"",""coordinates"":[84.03007355981566,21.392614923314902]}"
276,818.3520025025906,150,2018,0,1,21.38470974881465,83.90430942003893,0.5553426,-0.54028726,2019,1811.7444865852594,"{""geodesic"":false,""type"":""Point"",""coordinates"":[83.90430942003893,21.38470974881465]}"
277,1280.0,155,2018,0,1,21.496819496272767,83.94958451035855,0.40520447,-0.44930583,2019,1824.7350696804933,"{""geodesic"":false,""type"":""Point"",""coordinates"":[83.94958451035855,21.496819496272767]}"
278,965.6603957913983,224,2018,0,1,21.359556920859305,84.11020328315912,0.7650679,-0.65693194,2019,1791.6786192953587,"{""geodesic"":false,""type"":""Point"",""coordinates"":[84.11020328315912,21.359556920859305]}"
279,1012.4228365658294,167,2018,0,6,21.519726536017814,83.9237130301759,0.47589397,-0.4947748,2019,1862.205259859562,"{""geodesic"":false,""type"":""Point"",""coordinates"":[83.9237130301759,21.519726536017814]}"
280,438.29214001622256,164,2018,0,6,21.449747775384903,84.02908541300313,0.30839694,-0.34010947,2019,1877.4567596316338,"{""geodesic"":false,""type"":""Point"",""coordinates"":[84.02908541300313,21.449747775384903]}"
281,210.0,203,2018,0,5,21.575601746690047,83.99647656818959,0.24783961,-0.3747144,2019,1879.656286597252,"{""geodesic"":false,""type"":""Point"",""coordinates"":[83.99647656818959,21.575601746690047]}"
282,869.7700845625814,174,2018,0,4,21.45136474289632,83.85562073163965,0.50455374,-0.5105151,2019,1769.5761865973473,"{""geodesic"":false,""type"":""Point"",""coordinates"":[83.85562073163965,21.45136474289632]}"
283,191.049731745428,166,2018,0,1,21.486309207448567,83.90772301811859,0.18488838,-0.2448216,2019,1824.7350696804933,"{""geodesic"":false,""type"":""Point"",""coordinates"":[83.90772301811859,21.486309207448567]}"
284,0.0,188,2018,0,0,21.57838652407082,83.96629317464317,-0.20846696,0.41177404,2019,1879.656286597252,"{""geodesic"":false,""type"":""Point"",""coordinates"":[83.96629317464317,21.57838652407082]}"
285,1028.3968105745953,182,2018,0,1,21.499424610596712,84.08505045520377,0.71324974,-0.66740185,2019,1865.214292049408,"{""geodesic"":false,""type"":""Point"",""coordinates"":[84.08505045520377,21.499424610596712]}"
286,910.2197536858887,151,2018,0,4,21.356861975006947,83.98785274146205,0.5313783,-0.5408675,2019,1845.9195078182966,"{""geodesic"":false,""type"":""Point"",""coordinates"":[83.98785274146205,21.356861975006947]}"
287,1280.0,458,2018,0,1,21.356053491251238,84.04229064767969,0.73867595,-0.6528652,2019,1750.1960060186684,"{""geodesic"":false,""type"":""Point"",""coordinates"":[84.04229064767969,21.356053491251238]}"
288,218.40329667841556,160,2018,0,1,21.40123875004245,83.92362319864749,0.5631303,-0.55376345,2019,1830.1350152492523,"{""geodesic"":false,""type"":""Point"",""coordinates"":[83.92362319864749,21.40123875004245]}"
289,1028.0077820717117,190,2018,0,1,21.494483876534055,84.18772789217864,0.73471576,-0.65315163,2019,1863.3773620426655,"{""geodesic"":false,""type"":""Point"",""coordinates"":[84.18772789217864,21.494483876534055]}"
290,152.64337522473747,149,2018,0,1,21.432589953458223,84.03609227221926,0.52059925,-0.5104167,2019,1877.4567596316338,"{""geodesic"":false,""type"":""Point"",""coordinates"":[84.03609227221926,21.432589953458223]}"
291,911.8113840043894,154,2018,0,6,21.44911895468602,84.00492073186031,0.51411587,-0.50294983,2019,1877.4567596316338,"{""geodesic"":false,""type"":""Point"",""coordinates"":[84.00492073186031,21.44911895468602]}"
292,1280.0,184,2018,0,5,21.55350319070071,84.11020328315912,0.27456725,-0.41006628,2019,1777.1123813986778,"{""geodesic"":false,""type"":""Point"",""coordinates"":[84.11020328315912,21.55350319070071]}"
293,722.4956747275377,151,2018,0,4,21.375816427501867,84.0010579761386,0.55745935,-0.5760837,2019,1750.1960060186684,"{""geodesic"":false,""type"":""Point"",""coordinates"":[84.0010579761386,21.375816427501867]}"
294,574.2821606144493,171,2018,0,1,21.53517755890467,83.96216092433623,0.43580613,-0.47656384,2019,1907.0745749771595,"{""geodesic"":false,""type"":""Point"",""coordinates"":[83.96216092433623,21.53517755890467]}"
295,70.71067811865476,183,2018,0,4,21.411030386639354,84.12313902325045,0.38899782,-0.47493014,2019,1844.913420587778,"{""geodesic"":false,""type"":""Point"",""coordinates"":[84.12313902325045,21.411030386639354]}"
296,357.3513677041127,198,2018,0,1,21.396477679036618,84.13068487163704,0.4701463,-0.4997983,2019,1791.6786192953587,"{""geodesic"":false,""type"":""Point"",""coordinates"":[84.13068487163704,21.396477679036618]}"
297,858.0209787645055,157,2018,0,4,21.50571281758555,83.94904552118808,0.41718802,-0.45454547,2019,1862.205259859562,"{""geodesic"":false,""type"":""Point"",""coordinates"":[83.94904552118808,21.50571281758555]}"
298,10.0,158,2018,0,0,21.477415886135784,83.9176044862439,0.008709422,0.12479963,2019,1824.7350696804933,"{""geodesic"":false,""type"":""Point"",""coordinates"":[83.9176044862439,21.477415886135784]}"
299,779.3587107359485,183,2018,0,4,21.434835741668522,84.16230556963805,0.29150578,-0.41737288,2019,1813.083622455597,"{""geodesic"":false,""type"":""Point"",""coordinates"":[84.16230556963805,21.434835741668522]}"
300,368.78177829171545,139,2018,0,0,21.42603225188415,83.98381032268351,0.30416322,-0.3398764,2019,1843.4924929630943,"{""geodesic"":false,""type"":""Point"",""coordinates"":[83.98381032268351,21.42603225188415]}"
301,480.10415536631217,166,2018,0,1,21.425942420355735,83.92128757890879,0.44446716,-0.48410338,2019,1830.1350152492523,"{""geodesic"":false,""type"":""Point"",""coordinates"":[83.92128757890879,21.425942420355735]}"
302,212.13203435596427,196,2018,0,5,21.585752709400598,84.14254263338742,0.2890587,-0.4081369,2019,1777.1123813986778,"{""geodesic"":false,""type"":""Point"",""coordinates"":[84.14254263338742,21.585752709400598]}"
303,1055.367234662892,162,2018,0,4,21.409413419127937,84.052172115805,0.53940135,-0.57697123,2019,1811.028529509902,"{""geodesic"":false,""type"":""Point"",""coordinates"":[84.052172115805,21.409413419127937]}"
304,1280.0,167,2018,0,4,21.509036584136794,83.97958824084814,0.40408164,-0.4411578,2019,1907.0745749771595,"{""geodesic"":false,""type"":""Point"",""coordinates"":[83.97958824084814,21.509036584136794]}"
305,1227.1104269787622,174,2018,0,4,21.569942360400095,84.04211098462287,0.46857044,-0.47679916,2019,1817.3649086654186,"{""geodesic"":false,""type"":""Point"",""coordinates"":[84.04211098462287,21.569942360400095]}"
306,1280.0,161,2018,0,4,21.385248737985123,83.86190893862849,0.65643156,-0.6183784,2019,1779.127650797367,"{""geodesic"":false,""type"":""Point"",""coordinates"":[83.86190893862849,21.385248737985123]}"
307,475.3945729601885,194,2018,0,1,21.468702227879827,83.87385653190728,0.6726027,-0.61081797,2019,1769.5761865973473,"{""geodesic"":false,""type"":""Point"",""coordinates"":[83.87385653190728,21.468702227879827]}"
308,1232.3960402403118,162,2018,0,4,21.510473888591385,84.0408533432251,0.60060227,-0.5695829,2019,1821.555781364441,"{""geodesic"":false,""type"":""Point"",""coordinates"":[84.0408533432251,21.510473888591385]}"
309,976.3708311906906,183,2018,0,5,21.548921782751698,84.13796122543842,0.363226,-0.47797716,2019,1877.1579506397247,"{""geodesic"":false,""type"":""Point"",""coordinates"":[84.13796122543842,21.548921782751698]}"
310,1280.0,160,2018,0,6,21.48720752273269,83.95407608677915,0.683053,-0.59302056,2019,1864.4806005470455,"{""geodesic"":false,""type"":""Point"",""coordinates"":[83.95407608677915,21.48720752273269]}"
311,361.24783736376884,176,2018,0,5,21.414084658605358,84.12520514840392,0.28247893,-0.41899768,2019,1844.913420587778,"{""geodesic"":false,""type"":""Point"",""coordinates"":[84.12520514840392,21.414084658605358]}"
312,84.85281374238569,154,2018,0,6,21.467714081067296,83.96593384852953,0.41627353,-0.44911972,2019,1864.4806005470455,"{""geodesic"":false,""type"":""Point"",""coordinates"":[83.96593384852953,21.467714081067296]}"
313,951.892851112981,183,2018,0,4,21.497268653914826,84.14721387286485,0.28525123,-0.39715168,2019,1838.1995061337948,"{""geodesic"":false,""type"":""Point"",""coordinates"":[84.14721387286485,21.497268653914826]}"
314,1280.0,334,2018,0,1,21.350843262603345,84.05307043108913,0.7815293,-0.6649652,2019,1748.453401837498,"{""geodesic"":false,""type"":""Point"",""coordinates"":[84.05307043108913,21.350843262603345]}"
315,1280.0,183,2018,0,1,21.40222689685498,84.02773794007695,0.6424189,-0.55518675,2019,1877.4567596316338,"{""geodesic"":false,""type"":""Point"",""coordinates"":[84.02773794007695,21.40222689685498]}"
316,640.7027391856539,182,2018,0,1,21.420372865594196,84.18458378868422,0.46595743,-0.54385406,2019,1813.083622455597,"{""geodesic"":false,""type"":""Point"",""coordinates"":[84.18458378868422,21.420372865594196]}"
317,1280.0,263,2018,0,1,21.38390126505894,84.05468739860054,0.7445009,-0.662233,2019,1748.453401837498,"{""geodesic"":false,""type"":""Point"",""coordinates"":[84.05468739860054,21.38390126505894]}"
318,1280.0,348,2018,0,1,21.40078959240039,84.09178781983468,0.7012914,-0.6378378,2019,1811.028529509902,"{""geodesic"":false,""type"":""Point"",""coordinates"":[84.09178781983468,21.40078959240039]}"
319,563.0275304103699,198,2018,0,5,21.539579303796856,84.15260376456956,0.26442897,-0.38893884,2019,1866.5584846138954,"{""geodesic"":false,""type"":""Point"",""coordinates"":[84.15260376456956,21.539579303796856]}"
320,711.1258679024411,237,2018,0,1,21.3971064997355,84.08136736253888,0.6560675,-0.60654706,2019,1748.453401837498,"{""geodesic"":false,""type"":""Point"",""coordinates"":[84.08136736253888,21.3971064997355]}"
321,0.0,188,2018,0,0,21.542453912706037,83.86190893862849,-0.1905565,0.4292509,2019,1808.5140246152878,"{""geodesic"":false,""type"":""Point"",""coordinates"":[83.86190893862849,21.542453912706037]}"
322,640.0781202322104,186,2018,0,4,21.49232791985217,84.16778529287119,0.35648996,-0.4673698,2019,1863.3773620426655,"{""geodesic"":false,""type"":""Point"",""coordinates"":[84.16778529287119,21.49232791985217]}"
323,400.24992192379,150,2018,0,0,21.448759628572372,84.04624323492982,0.09594595,-0.12249135,2019,1877.4567596316338,"{""geodesic"":false,""type"":""Point"",""coordinates"":[84.04624323492982,21.448759628572372]}"
324,191.049731745428,202,2018,0,1,21.38650637938289,84.15332241679685,0.379994,-0.4618934,2019,1799.8032282292843,"{""geodesic"":false,""type"":""Point"",""coordinates"":[84.15332241679685,21.38650637938289]}"
325,0.0,158,2018,0,0,21.49089061539758,83.90502807226622,-0.31544867,0.5416254,2019,1824.7350696804933,"{""geodesic"":false,""type"":""Point"",""coordinates"":[83.90502807226622,21.49089061539758]}"
326,106.3014581273465,144,2018,0,3,21.49187876221011,83.92173673655084,0.2083123,-0.2761994,2019,1824.7350696804933,"{""geodesic"":false,""type"":""Point"",""coordinates"":[83.92173673655084,21.49187876221011]}"
327,667.6076692189806,170,2018,0,4,21.49879578989783,84.13005605093817,0.292858,-0.3939394,2019,1838.1995061337948,"{""geodesic"":false,""type"":""Point"",""coordinates"":[84.13005605093817,21.49879578989783]}"
328,359.02646142032484,155,2018,0,6,21.353628039984116,83.88849907103842,0.48867315,-0.51860744,2019,1779.127650797367,"{""geodesic"":false,""type"":""Point"",""coordinates"":[83.88849907103842,21.353628039984116]}"
329,784.4743462982075,171,2018,0,1,21.464120819930816,84.03977536488415,0.47563604,-0.44571188,2019,1883.5151779651642,"{""geodesic"":false,""type"":""Point"",""coordinates"":[84.03977536488415,21.464120819930816]}"
330,1280.0,171,2018,0,1,21.42198983310561,84.07202488358405,0.61675906,-0.56563246,2019,1811.028529509902,"{""geodesic"":false,""type"":""Point"",""coordinates"":[84.07202488358405,21.42198983310561]}"
331,210.2379604162864,140,2018,0,1,21.363779002694667,83.92820460659651,0.5307387,-0.5231709,2019,1811.7444865852594,"{""geodesic"":false,""type"":""Point"",""coordinates"":[83.92820460659651,21.363779002694667]}"
332,512.4451190127583,177,2018,0,4,21.57712888267305,84.07184522052722,0.4822077,-0.48815167,2019,1806.7297364473343,"{""geodesic"":false,""type"":""Point"",""coordinates"":[84.07184522052722,21.57712888267305]}"
333,1202.081528017131,317,2018,0,1,21.400879423928803,84.09762686918145,0.7680525,-0.6711479,2019,1811.028529509902,"{""geodesic"":false,""type"":""Point"",""coordinates"":[84.09762686918145,21.400879423928803]}"
334,551.5432893255071,162,2018,0,6,21.53418941209214,84.06340105685649,0.44153005,-0.46854705,2019,1837.575457572937,"{""geodesic"":false,""type"":""Point"",""coordinates"":[84.06340105685649,21.53418941209214]}"
335,142.12670403551894,175,2018,0,4,21.57856618712764,84.06816212786232,0.25299582,-0.3752032,2019,1806.7297364473343,"{""geodesic"":false,""type"":""Point"",""coordinates"":[84.06816212786232,21.57856618712764]}"
336,286.35642126552705,168,2018,0,4,21.468612396351414,84.12260003407997,0.52431595,-0.5159611,2019,1838.1995061337948,"{""geodesic"":false,""type"":""Point"",""coordinates"":[84.12260003407997,21.468612396351414]}"
337,1280.0,156,2018,0,6,21.486668533562217,83.95254895079614,0.52805656,-0.50827426,2019,1864.4806005470455,"{""geodesic"":false,""type"":""Point"",""coordinates"":[83.95254895079614,21.486668533562217]}"
338,944.0338976964757,244,2018,0,1,21.598957944077156,84.12816958884152,0.73950416,-0.6550899,2019,1777.1123813986778,"{""geodesic"":false,""type"":""Point"",""coordinates"":[84.12816958884152,21.598957944077156]}"
339,787.1467461661771,213,2018,0,1,21.561767691314607,84.14065617129077,0.56572163,-0.5779221,2019,1777.1123813986778,"{""geodesic"":false,""type"":""Point"",""coordinates"":[84.14065617129077,21.561767691314607]}"
340,0.0,188,2018,0,0,21.55673712572354,83.86684967269115,-0.25296444,0.51004535,2019,1817.8675085306168,"{""geodesic"":false,""type"":""Point"",""coordinates"":[83.86684967269115,21.55673712572354]}"
341,563.0275304103699,155,2018,0,4,21.5053534914719,84.02333619518477,0.489665,-0.46512443,2019,1821.555781364441,"{""geodesic"":false,""type"":""Point"",""coordinates"":[84.02333619518477,21.5053534914719]}"
342,126.49110640673518,169,2018,0,6,21.4707683530333,83.89972801208992,0.0983288,-0.27125505,2019,1769.5761865973473,"{""geodesic"":false,""type"":""Point"",""coordinates"":[83.89972801208992,21.4707683530333]}"
343,747.9304780526061,194,2018,0,1,21.55529982126895,84.15862247697316,0.35371444,-0.46844485,2019,1853.2677980661392,"{""geodesic"":false,""type"":""Point"",""coordinates"":[84.15862247697316,21.55529982126895]}"
344,475.3945729601885,176,2018,0,5,21.492148256795346,84.17362434221796,0.44222626,-0.52234995,2019,1863.3773620426655,"{""geodesic"":false,""type"":""Point"",""coordinates"":[84.17362434221796,21.492148256795346]}"
345,1065.6922632730332,158,2018,0,4,21.40590998951987,84.02225821684382,0.49744752,-0.52689415,2019,1877.4567596316338,"{""geodesic"":false,""type"":""Point"",""coordinates"":[84.02225821684382,21.40590998951987]}"
346,1123.0761327710602,202,2018,0,5,21.570391518042157,84.00366309046255,0.19846743,-0.31594446,2019,1817.3649086654186,"{""geodesic"":false,""type"":""Point"",""coordinates"":[84.00366309046255,21.570391518042157]}"
347,1280.0,154,2018,0,4,21.355334839023943,83.86792765103209,0.45263848,-0.48724833,2019,1779.127650797367,"{""geodesic"":false,""type"":""Point"",""coordinates"":[83.86792765103209,21.355334839023943]}"
348,670.8203932499368,171,2018,0,1,21.469510711635532,84.0972675430678,0.39322382,-0.476605,2019,1865.214292049408,"{""geodesic"":false,""type"":""Point"",""coordinates"":[84.0972675430678,21.469510711635532]}"
349,348.28149534536,136,2018,0,0,21.38192497143388,83.96377789184764,0.30201793,-0.2146418,2019,1845.9195078182966,"{""geodesic"":false,""type"":""Point"",""coordinates"":[83.96377789184764,21.38192497143388]}"
350,1280.0,268,2018,0,1,21.59257990555991,84.19329744694018,0.5276107,-0.53516483,2019,1853.2677980661392,"{""geodesic"":false,""type"":""Point"",""coordinates"":[84.19329744694018,21.59257990555991]}"
351,14.142135623730951,192,2018,0,0,21.55215571777453,83.88436682073147,0.28432956,-0.33333334,2019,1817.8675085306168,"{""geodesic"":false,""type"":""Point"",""coordinates"":[83.88436682073147,21.55215571777453]}"
352,0.0,200,2018,0,0,21.376894405842812,84.14613589452391,-0.14578006,0.2973352,2019,1791.6786192953587,"{""geodesic"":false,""type"":""Point"",""coordinates"":[84.14613589452391,21.376894405842812]}"
353,876.9264507357501,148,2018,0,4,21.359107763217246,83.98093571377433,0.47273892,-0.5024468,2019,1845.9195078182966,"{""geodesic"":false,""type"":""Point"",""coordinates"":[83.98093571377433,21.359107763217246]}"
354,1044.0306508910548,167,2018,0,4,21.49466353959088,84.03905671265686,0.49096167,-0.5122846,2019,1883.5151779651642,"{""geodesic"":false,""type"":""Point"",""coordinates"":[84.03905671265686,21.49466353959088]}"
355,483.3218389437829,196,2018,0,4,21.578206861013996,84.16589883077454,0.35871238,-0.45017612,2019,1853.2677980661392,"{""geodesic"":false,""type"":""Point"",""coordinates"":[84.16589883077454,21.578206861013996]}"
356,653.6818798161687,175,2018,0,1,21.575511915161638,84.09142849372103,0.51014745,-0.54498667,2019,1806.7297364473343,"{""geodesic"":false,""type"":""Point"",""coordinates"":[84.09142849372103,21.575511915161638]}"
357,648.8451279003334,174,2018,0,1,21.490800783869165,84.1724565323486,0.6064611,-0.5797834,2019,1863.3773620426655,"{""geodesic"":false,""type"":""Point"",""coordinates"":[84.1724565323486,21.490800783869165]}"
358,1132.651755836718,168,2018,0,4,21.523858786324766,84.0747198294364,0.49076742,-0.53819263,2019,1837.575457572937,"{""geodesic"":false,""type"":""Point"",""coordinates"":[84.0747198294364,21.523858786324766]}"
359,161.24515496597098,138,2018,0,4,21.454958004032797,83.97159323481948,0.41253406,-0.4124058,2019,1864.4806005470455,"{""geodesic"":false,""type"":""Point"",""coordinates"":[83.97159323481948,21.454958004032797]}"
360,0.0,188,2018,0,0,21.5962629982248,83.91185526842553,-0.22354004,0.4425206,2019,1841.7995253801346,"{""geodesic"":false,""type"":""Point"",""coordinates"":[83.91185526842553,21.5962629982248]}"
361,823.6504112789601,172,2018,0,1,21.573984779178634,84.07373168262387,0.55655,-0.5273453,2019,1806.7297364473343,"{""geodesic"":false,""type"":""Point"",""coordinates"":[84.07373168262387,21.573984779178634]}"
362,604.1522986797286,181,2018,0,1,21.477056560022138,84.12511531687551,0.4191907,-0.5181821,2019,1838.1995061337948,"{""geodesic"":false,""type"":""Point"",""coordinates"":[84.12511531687551,21.477056560022138]}"
363,354.682957019364,156,2018,0,1,21.477056560022138,83.9335046667728,0.4159751,-0.4889048,2019,1824.7350696804933,"{""geodesic"":false,""type"":""Point"",""coordinates"":[83.9335046667728,21.477056560022138]}"
364,1240.0,181,2018,0,1,21.468073407180942,83.85274612273047,0.43926555,-0.4897661,2019,1769.5761865973473,"{""geodesic"":false,""type"":""Point"",""coordinates"":[83.85274612273047,21.468073407180942]}"
365,1228.0065146407,152,2018,0,1,21.376085922087103,83.90269245252752,0.5509267,-0.53108805,2019,1811.7444865852594,"{""geodesic"":false,""type"":""Point"",""coordinates"":[83.90269245252752,21.376085922087103]}"
366,1062.308806327049,159,2018,0,4,21.43905782350388,84.01049028662186,0.3153527,-0.44049987,2019,1877.4567596316338,"{""geodesic"":false,""type"":""Point"",""coordinates"":[84.01049028662186,21.43905782350388]}"
367,22.360679774997898,190,2018,0,0,21.38839284147954,84.1114609245569,0.21141832,-0.3015731,2019,1791.6786192953587,"{""geodesic"":false,""type"":""Point"",""coordinates"":[84.1114609245569,21.38839284147954]}"
368,269.2582403567252,192,2018,0,4,21.398723467246914,84.19958565392902,0.29930687,-0.43254134,2019,1799.8032282292843,"{""geodesic"":false,""type"":""Point"",""coordinates"":[84.19958565392902,21.398723467246914]}"
369,202.48456731316588,175,2018,0,1,21.438698497390234,84.12520514840392,0.4108816,-0.46732,2019,1844.913420587778,"{""geodesic"":false,""type"":""Point"",""coordinates"":[84.12520514840392,21.438698497390234]}"
370,174.6424919657298,189,2018,0,4,21.485321060636036,84.18548210396834,0.22907385,-0.36688396,2019,1863.3773620426655,"{""geodesic"":false,""type"":""Point"",""coordinates"":[84.18548210396834,21.485321060636036]}"
371,1280.0,192,2018,0,1,21.374019796933627,84.07373168262387,0.647205,-0.592474,2019,1748.453401837498,"{""geodesic"":false,""type"":""Point"",""coordinates"":[84.07373168262387,21.374019796933627]}"
372,451.22056690713913,146,2018,0,4,21.36584512784814,83.9273961228408,0.53330153,-0.524256,2019,1811.7444865852594,"{""geodesic"":false,""type"":""Point"",""coordinates"":[83.9273961228408,21.36584512784814]}"
373,1280.0,149,2018,0,4,21.398633635718504,83.95713035874516,0.48971024,-0.51218206,2019,1845.9195078182966,"{""geodesic"":false,""type"":""Point"",""coordinates"":[83.95713035874516,21.398633635718504]}"
374,734.0980860893181,178,2018,0,4,21.56410331105332,84.01992259710511,0.5243684,-0.5371466,2019,1817.3649086654186,"{""geodesic"":false,""type"":""Point"",""coordinates"":[84.01992259710511,21.56410331105332]}"
375,562.9387178015028,184,2018,0,6,21.513168834443743,84.12457632770503,0.25,-0.4115822,2019,1877.1579506397247,"{""geodesic"":false,""type"":""Point"",""coordinates"":[84.12457632770503,21.513168834443743]}"
376,120.0,189,2018,0,1,21.59913760713398,84.02333619518477,0.40234593,-0.4529321,2019,1817.3649086654186,"{""geodesic"":false,""type"":""Point"",""coordinates"":[84.02333619518477,21.59913760713398]}"
377,565.8621740318043,183,2018,0,5,21.581440796036826,84.06286206768603,0.2761062,-0.42654577,2019,1806.7297364473343,"{""geodesic"":false,""type"":""Point"",""coordinates"":[84.06286206768603,21.581440796036826]}"
378,416.17304093369626,182,2018,0,6,21.549191277336934,84.08567927590266,0.43468952,-0.4505304,2019,1837.575457572937,"{""geodesic"":false,""type"":""Point"",""coordinates"":[84.08567927590266,21.549191277336934]}"
379,1280.0,426,2018,0,1,21.354706018325057,84.04264997379333,0.79064727,-0.6619718,2019,1750.1960060186684,"{""geodesic"":false,""type"":""Point"",""coordinates"":[84.04264997379333,21.354706018325057]}"
380,894.035793466906,176,2018,0,1,21.408964261485878,83.93907422153436,0.5681656,-0.54405046,2019,1830.1350152492523,"{""geodesic"":false,""type"":""Point"",""coordinates"":[83.93907422153436,21.408964261485878]}"
381,971.8538984847465,208,2018,0,1,21.352729724699994,84.09843535293716,0.5135909,-0.5035528,2019,1748.453401837498,"{""geodesic"":false,""type"":""Point"",""coordinates"":[84.09843535293716,21.352729724699994]}"
382,444.07206622349037,179,2018,0,1,21.503736523960487,84.13823072002366,0.60684705,-0.5851592,2019,1877.1579506397247,"{""geodesic"":false,""type"":""Point"",""coordinates"":[84.13823072002366,21.503736523960487]}"
383,14.142135623730951,135,2018,0,0,21.410581228997295,83.9785102625072,0.07100718,0.05966051,2019,1843.4924929630943,"{""geodesic"":false,""type"":""Point"",""coordinates"":[83.9785102625072,21.410581228997295]}"
384,707.2481884034769,190,2018,0,1,21.38237412907594,84.16697680911548,0.661321,-0.5552163,2019,1799.8032282292843,"{""geodesic"":false,""type"":""Point"",""coordinates"":[84.16697680911548,21.38237412907594]}"
385,866.8333173107735,176,2018,0,5,21.552335380831355,84.12484582229027,0.4026045,-0.49200815,2019,1777.1123813986778,"{""geodesic"":false,""type"":""Point"",""coordinates"":[84.12484582229027,21.552335380831355]}"
386,526.1178575186362,218,2018,0,1,21.410850723582527,84.10014215197698,0.72461826,-0.6167755,2019,1844.913420587778,"{""geodesic"":false,""type"":""Point"",""coordinates"":[84.10014215197698,21.410850723582527]}"
387,313.2091952673165,196,2018,0,5,21.50975523636409,84.17200737470654,0.23007198,-0.33160174,2019,1866.5584846138954,"{""geodesic"":false,""type"":""Point"",""coordinates"":[84.17200737470654,21.50975523636409]}"
388,1280.0,169,2018,0,4,21.518738389205282,84.07957073197065,0.46740764,-0.52895147,2019,1837.575457572937,"{""geodesic"":false,""type"":""Point"",""coordinates"":[84.07957073197065,21.518738389205282]}"
389,1212.1056059601408,174,2018,0,6,21.549191277336934,84.04040418558303,0.5378281,-0.5299539,2019,1821.555781364441,"{""geodesic"":false,""type"":""Point"",""coordinates"":[84.04040418558303,21.549191277336934]}"
390,72.80109889280519,139,2018,0,6,21.412916848736003,83.98012723001861,0.39192325,-0.43145835,2019,1843.4924929630943,"{""geodesic"":false,""type"":""Point"",""coordinates"":[83.98012723001861,21.412916848736003]}"
391,1280.0,263,2018,0,1,21.356053491251238,84.17380400527479,0.5289333,-0.5574388,2019,1799.8032282292843,"{""geodesic"":false,""type"":""Point"",""coordinates"":[84.17380400527479,21.356053491251238]}"
392,1280.0,172,2018,0,4,21.535536885018317,84.08379281380601,0.52314126,-0.5389953,2019,1837.575457572937,"{""geodesic"":false,""type"":""Point"",""coordinates"":[84.08379281380601,21.535536885018317]}"
393,500.09999000199946,152,2018,0,4,21.447232492589368,83.95650153804627,0.45478398,-0.4894653,2019,1843.4924929630943,"{""geodesic"":false,""type"":""Point"",""coordinates"":[83.95650153804627,21.447232492589368]}"
394,702.1395872616783,206,2018,0,1,21.511372203875503,84.06331122532808,0.71087265,-0.6212586,2019,1837.575457572937,"{""geodesic"":false,""type"":""Point"",""coordinates"":[84.06331122532808,21.511372203875503]}"
395,114.0175425099138,160,2018,0,4,21.480559989630205,84.07337235651022,0.45603752,-0.48446214,2019,1865.214292049408,"{""geodesic"":false,""type"":""Point"",""coordinates"":[84.07337235651022,21.480559989630205]}"
396,180.27756377319946,166,2018,0,1,21.467983575652532,84.11999491975602,0.4877689,-0.51181203,2019,1838.1995061337948,"{""geodesic"":false,""type"":""Point"",""coordinates"":[84.11999491975602,21.467983575652532]}"
397,1019.6568050084302,185,2018,0,5,21.587010350798366,84.06816212786232,0.282632,-0.3957704,2019,1806.7297364473343,"{""geodesic"":false,""type"":""Point"",""coordinates"":[84.06816212786232,21.587010350798366]}"
398,431.740662898458,198,2018,0,1,21.384170759644178,84.13014588246658,0.68110234,-0.642759,2019,1791.6786192953587,"{""geodesic"":false,""type"":""Point"",""coordinates"":[84.13014588246658,21.384170759644178]}"
399,942.0191080864549,197,2018,0,1,21.55907274546225,84.17524130972937,0.7052827,-0.6300496,2019,1853.2677980661392,"{""geodesic"":false,""type"":""Point"",""coordinates"":[84.17524130972937,21.55907274546225]}"
400,0.0,188,2018,0,0,21.541375934365096,83.8778091191574,-0.3404711,0.58038145,2019,1808.5140246152878,"{""geodesic"":false,""type"":""Point"",""coordinates"":[83.8778091191574,21.541375934365096]}"
401,367.6955262170047,162,2018,0,1,21.4482206394019,83.93799624319341,0.378488,-0.45029226,2019,1830.1350152492523,"{""geodesic"":false,""type"":""Point"",""coordinates"":[83.93799624319341,21.4482206394019]}"
402,122.06555615733703,159,2018,0,1,21.496100844045472,83.89945851750468,0.60899496,-0.55983984,2019,1769.5761865973473,"{""geodesic"":false,""type"":""Point"",""coordinates"":[83.89945851750468,21.496100844045472]}"
403,1247.7980605851253,240,2018,0,1,21.591412095690554,84.10436423381235,0.6617334,-0.6125608,2019,1777.1123813986778,"{""geodesic"":false,""type"":""Point"",""coordinates"":[84.10436423381235,21.591412095690554]}"
404,1280.0,163,2018,0,1,21.397645488905972,83.94958451035855,0.4067859,-0.45270672,2019,1811.7444865852594,"{""geodesic"":false,""type"":""Point"",""coordinates"":[83.94958451035855,21.397645488905972]}"
405,148.66068747318505,159,2018,0,4,21.48047015810179,84.07373168262387,0.44761905,-0.47572815,2019,1865.214292049408,"{""geodesic"":false,""type"":""Point"",""coordinates"":[84.07373168262387,21.48047015810179]}"
406,233.45235059857504,181,2018,0,6,21.44543586202113,84.11631182709114,0.2805444,-0.37885097,2019,1844.913420587778,"{""geodesic"":false,""type"":""Point"",""coordinates"":[84.11631182709114,21.44543586202113]}"
407,1172.3907198540937,169,2018,0,4,21.50202972492066,84.12538481146075,0.4437791,-0.48944688,2019,1877.1579506397247,"{""geodesic"":false,""type"":""Point"",""coordinates"":[84.12538481146075,21.50202972492066]}"
408,396.232255123179,160,2018,0,1,21.418755898082782,83.91490954039153,0.57886016,-0.56244236,2019,1830.1350152492523,"{""geodesic"":false,""type"":""Point"",""coordinates"":[83.91490954039153,21.418755898082782]}"
409,801.5609770940699,171,2018,0,1,21.396837005150264,84.06106543711779,0.38236886,-0.488643,2019,1748.453401837498,"{""geodesic"":false,""type"":""Point"",""coordinates"":[84.06106543711779,21.396837005150264]}"
410,1280.0,161,2018,0,4,21.413455837906476,84.05899931196431,0.6427029,-0.6065178,2019,1811.028529509902,"{""geodesic"":false,""type"":""Point"",""coordinates"":[84.05899931196431,21.413455837906476]}"
411,568.59475903318,170,2018,0,4,21.521074008943994,83.95488457053486,0.3565692,-0.40467972,2019,1907.0745749771595,"{""geodesic"":false,""type"":""Point"",""coordinates"":[83.95488457053486,21.521074008943994]}"
412,250.0,199,2018,0,1,21.567876235246622,84.13113402927911,0.6072595,-0.5684052,2019,1777.1123813986778,"{""geodesic"":false,""type"":""Point"",""coordinates"":[84.13113402927911,21.567876235246622]}"
413,1191.007976463634,161,2018,0,1,21.498616126841007,83.97590514818326,0.40719628,-0.451939,2019,1864.4806005470455,"{""geodesic"":false,""type"":""Point"",""coordinates"":[83.97590514818326,21.498616126841007]}"
414,702.1395872616783,308,2018,0,1,21.433757763327577,83.883827831561,0.7165076,-0.6556427,2019,1786.3003811836243,"{""geodesic"":false,""type"":""Point"",""coordinates"":[83.883827831561,21.433757763327577]}"
415,567.5385449465084,190,2018,0,5,21.5038263554889,84.17371417374638,0.32345426,-0.4550562,2019,1866.5584846138954,"{""geodesic"":false,""type"":""Point"",""coordinates"":[84.17371417374638,21.5038263554889]}"
416,1280.0,169,2018,0,6,21.47912268517561,83.99476976914977,0.55259466,-0.5221726,2019,1864.4806005470455,"{""geodesic"":false,""type"":""Point"",""coordinates"":[83.99476976914977,21.47912268517561]}"
417,782.6237921249264,189,2018,0,1,21.410132071355232,84.18862620746276,0.5813953,-0.57388103,2019,1813.083622455597,"{""geodesic"":false,""type"":""Point"",""coordinates"":[84.18862620746276,21.410132071355232]}"
418,130.384048104053,224,2018,0,6,21.54658616301299,84.19599239279253,0.41128814,-0.4528774,2019,1866.5584846138954,"{""geodesic"":false,""type"":""Point"",""coordinates"":[84.19599239279253,21.54658616301299]}"
419,1280.0,160,2018,0,4,21.3805774985077,83.86253775932737,0.47536945,-0.5154965,2019,1779.127650797367,"{""geodesic"":false,""type"":""Point"",""coordinates"":[83.86253775932737,21.3805774985077]}"
420,492.5444142409901,168,2018,0,6,21.497627980028476,83.87421585802092,0.48762968,-0.47235388,2019,1769.5761865973473,"{""geodesic"":false,""type"":""Point"",""coordinates"":[83.87421585802092,21.497627980028476]}"
421,740.2702209328698,227,2018,0,1,21.360904393785482,84.12610346368804,0.7863956,-0.6691993,2019,1791.6786192953587,"{""geodesic"":false,""type"":""Point"",""coordinates"":[84.12610346368804,21.360904393785482]}"
422,288.61739379323626,202,2018,0,4,21.538680988512738,84.1754209727862,0.45225805,-0.53494716,2019,1866.5584846138954,"{""geodesic"":false,""type"":""Point"",""coordinates"":[84.1754209727862,21.538680988512738]}"
423,143.17821063276352,184,2018,0,1,21.39791498349121,84.13472729041558,0.54320365,-0.5584283,2019,1791.6786192953587,"{""geodesic"":false,""type"":""Point"",""coordinates"":[84.13472729041558,21.39791498349121]}"
424,0.0,188,2018,0,0,21.56733724607615,83.85355460648617,-0.2184874,0.4057508,2019,1817.8675085306168,"{""geodesic"":false,""type"":""Point"",""coordinates"":[83.85355460648617,21.56733724607615]}"
425,1280.0,244,2018,0,1,21.378960530996284,84.09609973319844,0.71483475,-0.6380323,2019,1748.453401837498,"{""geodesic"":false,""type"":""Point"",""coordinates"":[84.09609973319844,21.378960530996284]}"
426,319.06112267087633,172,2018,0,6,21.395938689866146,84.07229437816927,0.53268766,-0.5424916,2019,1748.453401837498,"{""geodesic"":false,""type"":""Point"",""coordinates"":[84.07229437816927,21.395938689866146]}"
427,1280.0,168,2018,0,5,21.408335440786995,84.06573667659521,0.37345332,-0.48721072,2019,1811.028529509902,"{""geodesic"":false,""type"":""Point"",""coordinates"":[84.06573667659521,21.408335440786995]}"
428,1280.0,333,2018,0,1,21.411479544281413,84.08585893895949,0.7508786,-0.6718866,2019,1811.028529509902,"{""geodesic"":false,""type"":""Point"",""coordinates"":[84.08585893895949,21.411479544281413]}"
429,452.76925690687085,165,2018,0,6,21.539040314626384,83.91149594231189,0.52564687,-0.48133147,2019,1862.205259859562,"{""geodesic"":false,""type"":""Point"",""coordinates"":[83.91149594231189,21.539040314626384]}"
430,1172.3907198540937,177,2018,0,6,21.408335440786995,83.85085966063382,0.6213532,-0.55337495,2019,1786.3003811836243,"{""geodesic"":false,""type"":""Point"",""coordinates"":[83.85085966063382,21.408335440786995]}"
431,802.807573457052,160,2018,0,1,21.49735848544324,84.01794630348004,0.44479495,-0.49274075,2019,1883.5151779651642,"{""geodesic"":false,""type"":""Point"",""coordinates"":[84.01794630348004,21.49735848544324]}"
432,0.0,158,2018,0,0,21.48999230011346,83.89460761497044,-0.23452158,0.43096235,2019,1769.5761865973473,"{""geodesic"":false,""type"":""Point"",""coordinates"":[83.89460761497044,21.48999230011346]}"
433,1280.0,266,2018,0,1,21.595274851412267,84.19302795235494,0.50737786,-0.55121535,2019,1853.2677980661392,"{""geodesic"":false,""type"":""Point"",""coordinates"":[84.19302795235494,21.595274851412267]}"
434,1091.4210919713803,162,2018,0,4,21.385608064098772,84.01507169457086,0.5894215,-0.57898194,2019,1750.1960060186684,"{""geodesic"":false,""type"":""Point"",""coordinates"":[84.01507169457086,21.385608064098772]}"
435,965.090669315583,178,2018,0,5,21.456305476958978,84.12951706176769,0.34194192,-0.46867228,2019,1838.1995061337948,"{""geodesic"":false,""type"":""Point"",""coordinates"":[84.12951706176769,21.456305476958978]}"
436,489.18299234540035,172,2018,0,0,21.466186945084292,84.16032927601299,0.49373323,-0.45118505,2019,1863.3773620426655,"{""geodesic"":false,""type"":""Point"",""coordinates"":[84.16032927601299,21.466186945084292]}"
437,199.24858845171275,189,2018,0,1,21.579464502411764,84.09978282586333,0.49313745,-0.5240726,2019,1806.7297364473343,"{""geodesic"":false,""type"":""Point"",""coordinates"":[84.09978282586333,21.579464502411764]}"
438,1280.0,174,2018,0,1,21.492597414437405,84.1514359547002,0.60010237,-0.5757287,2019,1863.3773620426655,"{""geodesic"":false,""type"":""Point"",""coordinates"":[84.1514359547002,21.492597414437405]}"
439,585.2349955359813,160,2018,0,4,21.429356018435392,84.03977536488415,0.34595525,-0.43267176,2019,1877.4567596316338,"{""geodesic"":false,""type"":""Point"",""coordinates"":[84.03977536488415,21.429356018435392]}"
440,332.41540277189324,189,2018,0,4,21.38794368383748,84.17452265750208,0.37340012,-0.45283297,2019,1799.8032282292843,"{""geodesic"":false,""type"":""Point"",""coordinates"":[84.17452265750208,21.38794368383748]}"
441,524.9761899362675,185,2018,0,4,21.501131409636542,84.15592753112081,0.31534126,-0.44918725,2019,1866.5584846138954,"{""geodesic"":false,""type"":""Point"",""coordinates"":[84.15592753112081,21.501131409636542]}"
442,202.23748416156684,150,2018,0,1,21.424415284372735,84.0296244021736,0.27586207,-0.3327616,2019,1877.4567596316338,"{""geodesic"":false,""type"":""Point"",""coordinates"":[84.0296244021736,21.424415284372735]}"
443,958.8013350011565,169,2018,0,1,21.510653551648208,83.95497440206327,0.5113777,-0.50827366,2019,1907.0745749771595,"{""geodesic"":false,""type"":""Point"",""coordinates"":[83.95497440206327,21.510653551648208]}"
444,536.0037313302959,161,2018,0,6,21.50616197522761,84.00680719395696,0.23666814,-0.36147502,2019,1821.555781364441,"{""geodesic"":false,""type"":""Point"",""coordinates"":[84.00680719395696,21.50616197522761]}"
445,0.0,140,2018,0,0,21.46277334700464,83.96898812049554,-0.035939578,0.17740145,2019,1864.4806005470455,"{""geodesic"":false,""type"":""Point"",""coordinates"":[83.96898812049554,21.46277334700464]}"
446,712.1797525905943,155,2018,0,6,21.506341638284432,83.93745725402293,0.28703254,-0.30173156,2019,1862.205259859562,"{""geodesic"":false,""type"":""Point"",""coordinates"":[83.93745725402293,21.506341638284432]}"
447,772.3341245859851,173,2018,0,1,21.390458966633016,83.92901309035221,0.6574767,-0.5962722,2019,1811.7444865852594,"{""geodesic"":false,""type"":""Point"",""coordinates"":[83.92901309035221,21.390458966633016]}"
448,832.1658488546619,158,2018,0,1,21.392794586371725,83.90799251270381,0.5155794,-0.5075153,2019,1811.7444865852594,"{""geodesic"":false,""type"":""Point"",""coordinates"":[83.90799251270381,21.392794586371725]}"
449,1260.6347607455539,157,2018,0,4,21.40770662008811,84.04579407728775,0.19978632,-0.34089553,2019,1877.4567596316338,"{""geodesic"":false,""type"":""Point"",""coordinates"":[84.04579407728775,21.40770662008811]}"
450,536.0037313302959,166,2018,0,4,21.40590998951987,83.8597529819466,0.67018324,-0.60855615,2019,1786.3003811836243,"{""geodesic"":false,""type"":""Point"",""coordinates"":[83.8597529819466,21.40590998951987]}"
451,0.0,188,2018,0,0,21.564462637166965,83.95299810843821,-0.25061426,0.4790221,2019,1879.656286597252,"{""geodesic"":false,""type"":""Point"",""coordinates"":[83.95299810843821,21.564462637166965]}"
452,1280.0,284,2018,0,1,21.3602755730866,84.06169425781667,0.7254902,-0.6505158,2019,1748.453401837498,"{""geodesic"":false,""type"":""Point"",""coordinates"":[84.06169425781667,21.3602755730866]}"
453,1097.3149046650192,158,2018,0,4,21.43896799197547,84.06915027467485,0.51590425,-0.53496933,2019,1811.028529509902,"{""geodesic"":false,""type"":""Point"",""coordinates"":[84.06915027467485,21.43896799197547]}"
454,252.38858928247924,209,2018,0,1,21.490800783869165,83.85615972081013,0.7151424,-0.63662374,2019,1769.5761865973473,"{""geodesic"":false,""type"":""Point"",""coordinates"":[83.85615972081013,21.490800783869165]}"
455,984.1239759298622,155,2018,0,4,21.435554393895817,83.95811850555769,0.67979896,-0.60946745,2019,1843.4924929630943,"{""geodesic"":false,""type"":""Point"",""coordinates"":[83.95811850555769,21.435554393895817]}"
456,0.0,188,2018,0,0,21.58206961673571,83.86523270517972,-0.1601006,0.37218046,2019,1817.8675085306168,"{""geodesic"":false,""type"":""Point"",""coordinates"":[83.86523270517972,21.58206961673571]}"
457,482.59714048054616,152,2018,0,6,21.474720940283426,83.96620334311476,0.31517354,-0.34115225,2019,1864.4806005470455,"{""geodesic"":false,""type"":""Point"",""coordinates"":[83.96620334311476,21.474720940283426]}"
458,1280.0,174,2018,0,4,21.52682322676236,84.08621826507313,0.46503922,-0.4831421,2019,1837.575457572937,"{""geodesic"":false,""type"":""Point"",""coordinates"":[84.08621826507313,21.52682322676236]}"
459,76.15773105863909,179,2018,0,4,21.506880627454905,84.14936982954673,0.3935243,-0.4870432,2019,1877.1579506397247,"{""geodesic"":false,""type"":""Point"",""coordinates"":[84.14936982954673,21.506880627454905]}"
460,1095.9014554237986,171,2018,0,4,21.52314013409747,83.92766561742603,0.47411144,-0.46591035,2019,1862.205259859562,"{""geodesic"":false,""type"":""Point"",""coordinates"":[83.92766561742603,21.52314013409747]}"
461,444.07206622349037,224,2018,0,1,21.371414682609682,84.10643035896582,0.6956522,-0.6351542,2019,1791.6786192953587,"{""geodesic"":false,""type"":""Point"",""coordinates"":[84.10643035896582,21.371414682609682]}"
462,578.013840664737,167,2018,0,1,21.465378461328584,84.16059877059823,0.46864685,-0.51747656,2019,1863.3773620426655,"{""geodesic"":false,""type"":""Point"",""coordinates"":[84.16059877059823,21.465378461328584]}"
463,940.0,189,2018,0,4,21.57245764319563,84.15278342762639,0.3309545,-0.46159875,2019,1853.2677980661392,"{""geodesic"":false,""type"":""Point"",""coordinates"":[84.15278342762639,21.57245764319563]}"
464,1019.803902718557,161,2018,0,4,21.471037847618536,84.03438547317944,0.39930314,-0.44877344,2019,1883.5151779651642,"{""geodesic"":false,""type"":""Point"",""coordinates"":[84.03438547317944,21.471037847618536]}"
465,793.7883848986453,194,2018,0,5,21.50706029051173,84.18215833741709,0.36627105,-0.5022762,2019,1866.5584846138954,"{""geodesic"":false,""type"":""Point"",""coordinates"":[84.18215833741709,21.50706029051173]}"
466,0.0,188,2018,0,0,21.583147595076653,83.86684967269115,-0.1826522,0.3859649,2019,1817.8675085306168,"{""geodesic"":false,""type"":""Point"",""coordinates"":[83.86684967269115,21.583147595076653]}"
467,1280.0,154,2018,0,4,21.35335854539888,83.87026327077079,0.4564876,-0.4882825,2019,1779.127650797367,"{""geodesic"":false,""type"":""Point"",""coordinates"":[83.87026327077079,21.35335854539888]}"
468,0.0,188,2018,0,0,21.579464502411764,83.87529383636186,-0.22071308,0.42372882,2019,1817.8675085306168,"{""geodesic"":false,""type"":""Point"",""coordinates"":[83.87529383636186,21.579464502411764]}"
469,582.1511831131154,190,2018,0,1,21.55305403305865,83.96395755490447,0.33612674,-0.4453258,2019,1879.656286597252,"{""geodesic"":false,""type"":""Point"",""coordinates"":[83.96395755490447,21.55305403305865]}"
470,680.0735254367721,227,2018,0,1,21.546855657598226,84.18512277785469,0.7404624,-0.6557602,2019,1866.5584846138954,"{""geodesic"":false,""type"":""Point"",""coordinates"":[84.18512277785469,21.546855657598226]}"
471,996.0923651951158,182,2018,0,4,21.496819496272767,84.14757319897849,0.35321528,-0.46297228,2019,1838.1995061337948,"{""geodesic"":false,""type"":""Point"",""coordinates"":[84.14757319897849,21.496819496272767]}"
472,1280.0,163,2018,0,4,21.49008213164187,84.10598120132376,0.530175,-0.5286961,2019,1838.1995061337948,"{""geodesic"":false,""type"":""Point"",""coordinates"":[84.10598120132376,21.49008213164187]}"
473,593.6328831862331,164,2018,0,4,21.484243082295094,84.04256014226492,0.48381013,-0.5167095,2019,1883.5151779651642,"{""geodesic"":false,""type"":""Point"",""coordinates"":[84.04256014226492,21.484243082295094]}"
474,1280.0,171,2018,0,1,21.399531951002622,83.93521146581264,0.6970228,-0.6206301,2019,1811.7444865852594,"{""geodesic"":false,""type"":""Point"",""coordinates"":[83.93521146581264,21.399531951002622]}"
475,180.0,158,2018,0,6,21.45037659608379,84.04875851772535,0.4059098,-0.43321443,2019,1883.5151779651642,"{""geodesic"":false,""type"":""Point"",""coordinates"":[84.04875851772535,21.45037659608379]}"
476,50.0,195,2018,0,1,21.59446636765656,83.95919648389864,0.4516961,-0.43868202,2019,1879.656286597252,"{""geodesic"":false,""type"":""Point"",""coordinates"":[83.95919648389864,21.59446636765656]}"
477,912.1403400793104,189,2018,0,1,21.574793262934342,84.1423629703306,0.45624048,-0.5135456,2019,1777.1123813986778,"{""geodesic"":false,""type"":""Point"",""coordinates"":[84.1423629703306,21.574793262934342]}"
478,0.0,188,2018,0,0,21.552604875416588,83.8876007557543,-0.23890063,0.49509117,2019,1817.8675085306168,"{""geodesic"":false,""type"":""Point"",""coordinates"":[83.8876007557543,21.552604875416588]}"
479,20.0,189,2018,0,0,21.52134350352923,84.171019227894,0.32007954,-0.3881533,2019,1866.5584846138954,"{""geodesic"":false,""type"":""Point"",""coordinates"":[84.171019227894,21.52134350352923]}"
480,0.0,133,2018,0,0,21.366473948547025,83.95461507594962,-0.19466248,0.35907546,2019,1845.9195078182966,"{""geodesic"":false,""type"":""Point"",""coordinates"":[83.95461507594962,21.366473948547025]}"
481,323.10988842807024,189,2018,0,4,21.422618653804495,84.16571916771771,0.24639823,-0.37583253,2019,1813.083622455597,"{""geodesic"":false,""type"":""Point"",""coordinates"":[84.16571916771771,21.422618653804495]}"
482,456.17978911828175,173,2018,0,4,21.55574897891101,84.01902428182099,0.451339,-0.47665724,2019,1817.3649086654186,"{""geodesic"":false,""type"":""Point"",""coordinates"":[84.01902428182099,21.55574897891101]}"
483,250.59928172283335,147,2018,0,5,21.497088990858003,83.92011976903943,0.17265238,-0.2518925,2019,1824.7350696804933,"{""geodesic"":false,""type"":""Point"",""coordinates"":[83.92011976903943,21.497088990858003]}"
484,336.00595232822883,170,2018,0,4,21.47121751067536,84.14963932413197,0.56052536,-0.53813857,2019,1838.1995061337948,"{""geodesic"":false,""type"":""Point"",""coordinates"":[84.14963932413197,21.47121751067536]}"
485,335.26109228480425,157,2018,0,4,21.468073407180942,84.01300556941739,0.42213643,-0.47235176,2019,1883.5151779651642,"{""geodesic"":false,""type"":""Point"",""coordinates"":[84.01300556941739,21.468073407180942]}"
486,610.5735008989499,227,2018,0,1,21.360904393785482,84.16778529287119,0.713177,-0.6172161,2019,1799.8032282292843,"{""geodesic"":false,""type"":""Point"",""coordinates"":[84.16778529287119,21.360904393785482]}"
487,1280.0,159,2018,0,6,21.48226678867003,83.98812223604727,0.65886295,-0.5907528,2019,1864.4806005470455,"{""geodesic"":false,""type"":""Point"",""coordinates"":[83.98812223604727,21.48226678867003]}"
488,1280.0,175,2018,0,6,21.49843646378418,84.06456886672585,0.3720738,-0.4503639,2019,1865.214292049408,"{""geodesic"":false,""type"":""Point"",""coordinates"":[84.06456886672585,21.49843646378418]}"
489,553.1726674375732,177,2018,0,1,21.443279905339242,83.89379913121473,0.33213213,-0.42270687,2019,1786.3003811836243,"{""geodesic"":false,""type"":""Point"",""coordinates"":[83.89379913121473,21.443279905339242]}"
490,161.55494421403512,166,2018,0,4,21.47759554919261,84.03986519641256,0.44300342,-0.48978153,2019,1883.5151779651642,"{""geodesic"":false,""type"":""Point"",""coordinates"":[84.03986519641256,21.47759554919261]}"
491,150.0,168,2018,0,4,21.527092721347596,83.86756832491844,0.39871794,-0.45758182,2019,1808.5140246152878,"{""geodesic"":false,""type"":""Point"",""coordinates"":[83.86756832491844,21.527092721347596]}"
492,420.11903075200007,193,2018,0,1,21.54353189104698,83.89038553313507,0.28964692,-0.44849604,2019,1808.5140246152878,"{""geodesic"":false,""type"":""Point"",""coordinates"":[83.89038553313507,21.54353189104698]}"
493,1043.8869670610895,166,2018,0,6,21.537692841700206,83.90619588213558,0.35191217,-0.41684848,2019,1862.205259859562,"{""geodesic"":false,""type"":""Point"",""coordinates"":[83.90619588213558,21.537692841700206]}"
494,92.19544457292886,172,2018,0,4,21.418396571969133,84.11047277774436,0.42999753,-0.49937528,2019,1844.913420587778,"{""geodesic"":false,""type"":""Point"",""coordinates"":[84.11047277774436,21.418396571969133]}"
495,964.0020746865641,171,2018,0,1,21.434027257912813,83.87295821662316,0.5737483,-0.54860187,2019,1786.3003811836243,"{""geodesic"":false,""type"":""Point"",""coordinates"":[83.87295821662316,21.434027257912813]}"
496,384.70768123342685,175,2018,0,1,21.548292962052816,83.90655520824923,0.42827004,-0.44627216,2019,1862.205259859562,"{""geodesic"":false,""type"":""Point"",""coordinates"":[83.90655520824923,21.548292962052816]}"
497,560.8029957123981,164,2018,0,4,21.47669723390849,84.03402614706579,0.49166405,-0.4954273,2019,1883.5151779651642,"{""geodesic"":false,""type"":""Point"",""coordinates"":[84.03402614706579,21.47669723390849]}"
498,1280.0,156,2018,0,4,21.391087787331898,84.00680719395696,0.5137992,-0.5464907,2019,1750.1960060186684,"{""geodesic"":false,""type"":""Point"",""coordinates"":[84.00680719395696,21.391087787331898]}"
499,1090.1834707974617,266,2018,0,1,21.466905597311587,83.86738866186161,0.6168456,-0.5720594,2019,1769.5761865973473,"{""geodesic"":false,""type"":""Point"",""coordinates"":[83.86738866186161,21.466905597311587]}"
500,20.0,188,2018,1,0,21.597969797264625,83.87304804815157,0.1296205,-0.1402985,2019,1817.8675085306168,"{""geodesic"":false,""type"":""Point"",""coordinates"":[83.87304804815157,21.597969797264625]}"
501,30.0,196,2018,1,0,21.599586764776042,83.92613848144303,0.17715177,-0.11552981,2019,1841.7995253801346,"{""geodesic"":false,""type"":""Point"",""coordinates"":[83.92613848144303,21.599586764776042]}"
502,22.360679774997898,147,2018,1,0,21.517929905449577,83.89245165828855,0.17441158,-0.17441158,2019,1808.5140246152878,"{""geodesic"":false,""type"":""Point"",""coordinates"":[83.89245165828855,21.517929905449577]}"
503,0.0,192,2018,1,0,21.562037185899843,83.97383902302978,-0.25923547,0.37089074,2019,1879.656286597252,"{""geodesic"":false,""type"":""Point"",""coordinates"":[83.97383902302978,21.562037185899843]}"
504,30.0,181,2018,1,0,21.43860866586182,84.14478842159772,0.27027026,-0.18238993,2019,1844.913420587778,"{""geodesic"":false,""type"":""Point"",""coordinates"":[84.14478842159772,21.43860866586182]}"
505,22.360679774997898,196,2018,1,0,21.55997106074637,83.86909546090145,0.24461493,-0.34117648,2019,1817.8675085306168,"{""geodesic"":false,""type"":""Point"",""coordinates"":[83.86909546090145,21.55997106074637]}"
506,30.0,179,2018,1,1,21.430793322889983,84.14451892701248,0.34001407,-0.42867854,2019,1844.913420587778,"{""geodesic"":false,""type"":""Point"",""coordinates"":[84.14451892701248,21.430793322889983]}"
507,0.0,191,2018,1,0,21.552604875416588,83.92191639960767,-0.25019613,0.38581744,2019,1841.7995253801346,"{""geodesic"":false,""type"":""Point"",""coordinates"":[83.92191639960767,21.552604875416588]}"
508,0.0,192,2018,1,0,21.55817443017813,83.94967434188696,-0.07114192,0.19251506,2019,1841.7995253801346,"{""geodesic"":false,""type"":""Point"",""coordinates"":[83.94967434188696,21.55817443017813]}"
509,28.284271247461902,190,2018,1,0,21.59222057944626,83.99647656818959,0.50011563,-0.40696833,2019,1879.656286597252,"{""geodesic"":false,""type"":""Point"",""coordinates"":[83.99647656818959,21.59222057944626]}"
510,0.0,182,2018,1,4,21.581710290622063,84.08172668865254,-0.122636415,0.1628866,2019,1806.7297364473343,"{""geodesic"":false,""type"":""Point"",""coordinates"":[84.08172668865254,21.581710290622063]}"
511,30.0,162,2018,1,4,21.363868834223076,83.88822957645318,0.3506681,-0.40813252,2019,1779.127650797367,"{""geodesic"":false,""type"":""Point"",""coordinates"":[83.88822957645318,21.363868834223076]}"
512,0.0,158,2018,1,0,21.48720752273269,83.90197380030021,-0.084348574,0.21547182,2019,1824.7350696804933,"{""geodesic"":false,""type"":""Point"",""coordinates"":[83.90197380030021,21.48720752273269]}"
513,14.142135623730951,195,2018,1,0,21.5594320715759,83.87241922745268,0.291372,-0.33797398,2019,1817.8675085306168,"{""geodesic"":false,""type"":""Point"",""coordinates"":[83.87241922745268,21.5594320715759]}"
514,30.0,189,2018,1,0,21.531404634711368,84.16455135784835,0.43990666,-0.49878544,2019,1866.5584846138954,"{""geodesic"":false,""type"":""Point"",""coordinates"":[84.16455135784835,21.531404634711368]}"
515,30.0,173,2018,1,1,21.3723129978938,83.9183231384712,0.6137436,-0.5214306,2019,1811.7444865852594,"{""geodesic"":false,""type"":""Point"",""coordinates"":[83.9183231384712,21.3723129978938]}"
516,20.0,196,2018,1,0,21.548292962052816,83.91715532860184,0.37086022,-0.37570918,2019,1862.205259859562,"{""geodesic"":false,""type"":""Point"",""coordinates"":[83.91715532860184,21.548292962052816]}"
517,30.0,159,2018,1,0,21.428188208566034,83.93817590625024,0.5088757,-0.4707498,2019,1830.1350152492523,"{""geodesic"":false,""type"":""Point"",""coordinates"":[83.93817590625024,21.428188208566034]}"
518,20.0,158,2018,1,0,21.494034718891996,83.9010754850161,0.17879517,0.005691057,2019,1824.7350696804933,"{""geodesic"":false,""type"":""Point"",""coordinates"":[83.9010754850161,21.494034718891996]}"
519,22.360679774997898,184,2018,1,0,21.541465765893506,83.96593384852953,0.10085131,-0.22196946,2019,1907.0745749771595,"{""geodesic"":false,""type"":""Point"",""coordinates"":[83.96593384852953,21.541465765893506]}"
520,20.0,141,2018,1,3,21.465108966743347,83.95542355970532,0.045059167,0.10374043,2019,1864.4806005470455,"{""geodesic"":false,""type"":""Point"",""coordinates"":[83.95542355970532,21.465108966743347]}"
521,14.142135623730951,193,2018,1,0,21.5940172100145,83.9011653165445,0.20188658,-0.21134226,2019,1841.7995253801346,"{""geodesic"":false,""type"":""Point"",""coordinates"":[83.9011653165445,21.5940172100145]}"
522,10.0,161,2018,1,0,21.511372203875503,84.00806483535473,-0.043414276,0.13217624,2019,1821.555781364441,"{""geodesic"":false,""type"":""Point"",""coordinates"":[84.00806483535473,21.511372203875503]}"
523,20.0,194,2018,1,0,21.56230668048508,83.8680174825605,0.2632219,-0.32694763,2019,1817.8675085306168,"{""geodesic"":false,""type"":""Point"",""coordinates"":[83.8680174825605,21.56230668048508]}"
524,14.142135623730951,158,2018,1,0,21.486488870505394,83.8913736799476,-0.006329114,0.114245415,2019,1769.5761865973473,"{""geodesic"":false,""type"":""Point"",""coordinates"":[83.8913736799476,21.486488870505394]}"
525,10.0,192,2018,1,0,21.56365415341126,83.94482343935272,-0.05143599,0.1413464,2019,1841.7995253801346,"{""geodesic"":false,""type"":""Point"",""coordinates"":[83.94482343935272,21.56365415341126]}"
526,14.142135623730951,188,2018,1,0,21.560150723803194,83.89559576178297,0.10584251,-0.0077160494,2019,1817.8675085306168,"{""geodesic"":false,""type"":""Point"",""coordinates"":[83.89559576178297,21.560150723803194]}"
527,14.142135623730951,179,2018,1,0,21.54721498371187,83.942487819614,0.057654075,-0.014299333,2019,1862.205259859562,"{""geodesic"":false,""type"":""Point"",""coordinates"":[83.942487819614,21.54721498371187]}"
528,30.0,143,2018,1,0,21.489363479414575,83.92874359576697,0.2277378,-0.27291656,2019,1824.7350696804933,"{""geodesic"":false,""type"":""Point"",""coordinates"":[83.92874359576697,21.489363479414575]}"
529,22.360679774997898,198,2018,1,0,21.549999761092643,83.88562446212924,0.54101914,-0.51098514,2019,1808.5140246152878,"{""geodesic"":false,""type"":""Point"",""coordinates"":[83.88562446212924,21.549999761092643]}"
530,0.0,190,2018,1,0,21.551077739433588,83.92335370406227,-0.19106258,0.28844222,2019,1841.7995253801346,"{""geodesic"":false,""type"":""Point"",""coordinates"":[83.92335370406227,21.551077739433588]}"
531,22.360679774997898,174,2018,1,1,21.527631710518065,84.01102927579232,0.40071175,-0.44546455,2019,1821.555781364441,"{""geodesic"":false,""type"":""Point"",""coordinates"":[84.01102927579232,21.527631710518065]}"
532,14.142135623730951,142,2018,1,0,21.4068981363324,83.97985773543338,0.17235023,-0.033586133,2019,1843.4924929630943,"{""geodesic"":false,""type"":""Point"",""coordinates"":[83.97985773543338,21.4068981363324]}"
533,20.0,197,2018,1,0,21.54982009803582,83.91464004580631,0.30627972,-0.35490525,2019,1862.205259859562,"{""geodesic"":false,""type"":""Point"",""coordinates"":[83.91464004580631,21.54982009803582]}"
534,0.0,192,2018,1,0,21.55413201139959,83.93628944415359,-0.19386777,0.31591502,2019,1841.7995253801346,"{""geodesic"":false,""type"":""Point"",""coordinates"":[83.93628944415359,21.55413201139959]}"
535,30.0,188,2018,1,0,21.557904935592894,83.90350093628322,0.5262689,-0.49602863,2019,1841.7995253801346,"{""geodesic"":false,""type"":""Point"",""coordinates"":[83.90350093628322,21.557904935592894]}"
536,22.360679774997898,190,2018,1,0,21.59823929184986,83.99441044303612,0.17038777,-0.14893617,2019,1879.656286597252,"{""geodesic"":false,""type"":""Point"",""coordinates"":[83.99441044303612,21.59823929184986]}"
537,10.0,194,2018,1,0,21.5774882087867,83.99333246469517,0.097841725,-0.07578428,2019,1879.656286597252,"{""geodesic"":false,""type"":""Point"",""coordinates"":[83.99333246469517,21.5774882087867]}"
538,10.0,193,2018,1,0,21.55449133751324,83.91733499165866,0.04299297,0.063039646,2019,1841.7995253801346,"{""geodesic"":false,""type"":""Point"",""coordinates"":[83.91733499165866,21.55449133751324]}"
539,0.0,188,2018,1,0,21.598329123378274,84.00366309046255,-0.11610592,0.25613287,2019,1817.3649086654186,"{""geodesic"":false,""type"":""Point"",""coordinates"":[84.00366309046255,21.598329123378274]}"
540,10.0,158,2018,1,0,21.47175649984583,83.91167560536871,-0.030356357,0.13794002,2019,1824.7350696804933,"{""geodesic"":false,""type"":""Point"",""coordinates"":[83.91167560536871,21.47175649984583]}"
541,20.0,195,2018,1,0,21.500772083522893,83.85166814438952,0.35111958,-0.36938676,2019,1808.5140246152878,"{""geodesic"":false,""type"":""Point"",""coordinates"":[83.85166814438952,21.500772083522893]}"
542,20.0,147,2018,1,0,21.400879423928803,83.99099684495646,-0.036471587,0.12548114,2019,1843.4924929630943,"{""geodesic"":false,""type"":""Point"",""coordinates"":[83.99099684495646,21.400879423928803]}"
543,30.0,158,2018,1,0,21.49376522430676,83.89829070763533,0.07780248,0.06629986,2019,1769.5761865973473,"{""geodesic"":false,""type"":""Point"",""coordinates"":[83.89829070763533,21.49376522430676]}"
544,10.0,190,2018,1,0,21.598418954906684,84.01821579806528,-0.033419024,0.13264129,2019,1817.3649086654186,"{""geodesic"":false,""type"":""Point"",""coordinates"":[84.01821579806528,21.598418954906684]}"
545,20.0,172,2018,1,0,21.451095248311084,84.09825568988033,0.26105088,-0.17209302,2019,1865.214292049408,"{""geodesic"":false,""type"":""Point"",""coordinates"":[84.09825568988033,21.451095248311084]}"
546,10.0,193,2018,1,0,21.550089592621056,83.92577915532938,0.078322716,0.011149033,2019,1841.7995253801346,"{""geodesic"":false,""type"":""Point"",""coordinates"":[83.92577915532938,21.550089592621056]}"
547,28.284271247461902,193,2018,1,0,21.55628796808148,83.87574299400393,0.295725,-0.35796767,2019,1817.8675085306168,"{""geodesic"":false,""type"":""Point"",""coordinates"":[83.87574299400393,21.55628796808148]}"
548,30.0,135,2018,1,0,21.37545710138822,83.96234058739304,0.27577364,-0.18433166,2019,1845.9195078182966,"{""geodesic"":false,""type"":""Point"",""coordinates"":[83.96234058739304,21.37545710138822]}"
549,20.0,191,2018,1,0,21.565001626337438,83.95030316258585,0.1270666,-0.059345864,2019,1879.656286597252,"{""geodesic"":false,""type"":""Point"",""coordinates"":[83.95030316258585,21.565001626337438]}"
550,30.0,163,2018,1,0,21.443908726038128,83.95093198328473,0.59553105,-0.5385307,2019,1843.4924929630943,"{""geodesic"":false,""type"":""Point"",""coordinates"":[83.95093198328473,21.443908726038128]}"
551,20.0,192,2018,1,0,21.555030326683713,83.91481970886312,0.16248108,-0.11289739,2019,1841.7995253801346,"{""geodesic"":false,""type"":""Point"",""coordinates"":[83.91481970886312,21.555030326683713]}"
552,28.284271247461902,207,2018,1,0,21.352639893171585,84.14182398116013,0.43272105,-0.50223947,2019,1791.6786192953587,"{""geodesic"":false,""type"":""Point"",""coordinates"":[84.14182398116013,21.352639893171585]}"
553,22.360679774997898,142,2018,1,3,21.464030988402403,83.95686086415992,0.29938883,-0.2880096,2019,1864.4806005470455,"{""geodesic"":false,""type"":""Point"",""coordinates"":[83.95686086415992,21.464030988402403]}"
554,28.284271247461902,138,2018,1,0,21.400879423928803,83.98192386058686,0.3998785,-0.31093332,2019,1843.4924929630943,"{""geodesic"":false,""type"":""Point"",""coordinates"":[83.98192386058686,21.400879423928803]}"
555,20.0,191,2018,1,0,21.55206588624612,83.91248408912442,0.05473204,0.06988437,2019,1841.7995253801346,"{""geodesic"":false,""type"":""Point"",""coordinates"":[83.91248408912442,21.55206588624612]}"
556,20.0,193,2018,1,0,21.599586764776042,83.92524016615891,0.22285175,-0.15625,2019,1841.7995253801346,"{""geodesic"":false,""type"":""Point"",""coordinates"":[83.92524016615891,21.599586764776042]}"
557,20.0,147,2018,1,0,21.516582432523396,83.9010754850161,0.085470594,-0.006020238,2019,1862.205259859562,"{""geodesic"":false,""type"":""Point"",""coordinates"":[83.9010754850161,21.516582432523396]}"
558,22.360679774997898,144,2018,1,0,21.469241217050296,83.94401495559701,0.32969067,-0.2541129,2019,1824.7350696804933,"{""geodesic"":false,""type"":""Point"",""coordinates"":[83.94401495559701,21.469241217050296]}"
559,14.142135623730951,190,2018,1,0,21.58440523647442,83.995039263735,0.17598684,-0.12025069,2019,1879.656286597252,"{""geodesic"":false,""type"":""Point"",""coordinates"":[83.995039263735,21.58440523647442]}"
560,30.0,204,2018,1,4,21.529428341086305,84.19212963707082,0.2462406,-0.36209553,2019,1866.5584846138954,"{""geodesic"":false,""type"":""Point"",""coordinates"":[84.19212963707082,21.529428341086305]}"
561,28.284271247461902,201,2018,1,0,21.384889411871473,84.15242410151274,0.54755044,-0.5140088,2019,1799.8032282292843,"{""geodesic"":false,""type"":""Point"",""coordinates"":[84.15242410151274,21.384889411871473]}"
562,20.0,195,2018,1,4,21.393333575542197,84.13194251303482,0.33198106,-0.3733008,2019,1791.6786192953587,"{""geodesic"":false,""type"":""Point"",""coordinates"":[84.13194251303482,21.393333575542197]}"
563,14.142135623730951,194,2018,1,0,21.560240555331607,83.95802867402928,0.15395863,-0.12299248,2019,1879.656286597252,"{""geodesic"":false,""type"":""Point"",""coordinates"":[83.95802867402928,21.560240555331607]}"
564,0.0,142,2018,1,0,21.418486403497546,84.025132825753,-0.09250244,0.16337523,2019,1877.4567596316338,"{""geodesic"":false,""type"":""Point"",""coordinates"":[84.025132825753,21.418486403497546]}"
565,28.284271247461902,144,2018,1,3,21.45226305818044,83.96287957656352,0.31646967,-0.22157383,2019,1864.4806005470455,"{""geodesic"":false,""type"":""Point"",""coordinates"":[83.96287957656352,21.45226305818044]}"
566,0.0,193,2018,1,0,21.58251877437777,83.99234431788264,-0.10538373,0.15430428,2019,1879.656286597252,"{""geodesic"":false,""type"":""Point"",""coordinates"":[83.99234431788264,21.58251877437777]}"
567,10.0,145,2018,1,0,21.468612396351414,83.94464377629589,0.04114907,0.09810845,2019,1824.7350696804933,"{""geodesic"":false,""type"":""Point"",""coordinates"":[83.94464377629589,21.468612396351414]}"
568,28.284271247461902,191,2018,1,0,21.547304815240285,83.97877975709244,0.059331886,0.024109423,2019,1907.0745749771595,"{""geodesic"":false,""type"":""Point"",""coordinates"":[83.97877975709244,21.547304815240285]}"
569,0.0,190,2018,1,0,21.598059628793038,84.0183056295937,-0.045604758,0.16796312,2019,1817.3649086654186,"{""geodesic"":false,""type"":""Point"",""coordinates"":[84.0183056295937,21.598059628793038]}"
570,22.360679774997898,155,2018,1,0,21.519726536017814,83.86631068352067,0.38603425,-0.3019802,2019,1808.5140246152878,"{""geodesic"":false,""type"":""Point"",""coordinates"":[83.86631068352067,21.519726536017814]}"
571,28.284271247461902,193,2018,1,0,21.57928483935494,83.99369179080882,0.25814062,-0.32735872,2019,1879.656286597252,"{""geodesic"":false,""type"":""Point"",""coordinates"":[83.99369179080882,21.57928483935494]}"
572,28.284271247461902,201,2018,1,1,21.481009147272264,83.85786651984995,0.41234222,-0.44892088,2019,1769.5761865973473,"{""geodesic"":false,""type"":""Point"",""coordinates"":[83.85786651984995,21.481009147272264]}"
573,0.0,191,2018,1,0,21.558713419348603,83.9485065320176,-0.18695039,0.34404448,2019,1841.7995253801346,"{""geodesic"":false,""type"":""Point"",""coordinates"":[83.9485065320176,21.558713419348603]}"
574,0.0,192,2018,1,0,21.599227438662393,84.02189889073017,-0.1303669,0.27615336,2019,1817.3649086654186,"{""geodesic"":false,""type"":""Point"",""coordinates"":[84.02189889073017,21.599227438662393]}"
575,0.0,191,2018,1,0,21.583686584247125,83.9927036439963,-0.16524702,0.21974522,2019,1879.656286597252,"{""geodesic"":false,""type"":""Point"",""coordinates"":[83.9927036439963,21.583686584247125]}"
576,0.0,149,2018,1,0,21.379319857109934,83.91437055122107,-0.05887535,0.16901636,2019,1811.7444865852594,"{""geodesic"":false,""type"":""Point"",""coordinates"":[83.91437055122107,21.379319857109934]}"
577,30.0,158,2018,1,0,21.487566848846335,83.89631441401026,0.37693706,-0.3007554,2019,1769.5761865973473,"{""geodesic"":false,""type"":""Point"",""coordinates"":[83.89631441401026,21.487566848846335]}"
578,10.0,149,2018,1,0,21.524936764665707,83.89164317453285,0.20888157,-0.08327192,2019,1808.5140246152878,"{""geodesic"":false,""type"":""Point"",""coordinates"":[83.89164317453285,21.524936764665707]}"
579,0.0,192,2018,1,0,21.592490074031495,83.99135617107011,-0.119438075,0.2256566,2019,1879.656286597252,"{""geodesic"":false,""type"":""Point"",""coordinates"":[83.99135617107011,21.592490074031495]}"
580,20.0,175,2018,1,4,21.41785758279866,83.85589022622489,0.31146246,-0.283559,2019,1786.3003811836243,"{""geodesic"":false,""type"":""Point"",""coordinates"":[83.85589022622489,21.41785758279866]}"
581,0.0,193,2018,1,0,21.552245549302942,83.92577915532938,-0.24789116,0.356461,2019,1841.7995253801346,"{""geodesic"":false,""type"":""Point"",""coordinates"":[83.92577915532938,21.552245549302942]}"
582,10.0,170,2018,1,0,21.440674791015297,83.91140611078347,0.038844623,0.14121038,2019,1830.1350152492523,"{""geodesic"":false,""type"":""Point"",""coordinates"":[83.91140611078347,21.440674791015297]}"
583,10.0,223,2018,1,1,21.355424670552356,84.07966056349906,0.21808511,-0.1501758,2019,1748.453401837498,"{""geodesic"":false,""type"":""Point"",""coordinates"":[84.07966056349906,21.355424670552356]}"
584,0.0,156,2018,1,0,21.452083395123616,83.94221832502878,-0.04334057,0.17938372,2019,1824.7350696804933,"{""geodesic"":false,""type"":""Point"",""coordinates"":[83.94221832502878,21.452083395123616]}"
585,10.0,140,2018,1,0,21.46789374412412,83.9643168810181,0.0515935,0.031629976,2019,1864.4806005470455,"{""geodesic"":false,""type"":""Point"",""coordinates"":[83.9643168810181,21.46789374412412]}"
586,10.0,190,2018,1,0,21.503556860903664,83.85247662814523,0.060633484,-0.11406844,2019,1808.5140246152878,"{""geodesic"":false,""type"":""Point"",""coordinates"":[83.85247662814523,21.503556860903664]}"
587,10.0,188,2018,1,0,21.56778640371821,83.85427325871348,0.16269344,-0.2279152,2019,1817.8675085306168,"{""geodesic"":false,""type"":""Point"",""coordinates"":[83.85427325871348,21.56778640371821]}"
588,20.0,139,2018,1,0,21.405281168820988,83.98210352364367,0.09277915,-0.11874291,2019,1843.4924929630943,"{""geodesic"":false,""type"":""Point"",""coordinates"":[83.98210352364367,21.405281168820988]}"
589,0.0,191,2018,1,0,21.58386624730395,83.99261381246788,-0.22389936,0.3234649,2019,1879.656286597252,"{""geodesic"":false,""type"":""Point"",""coordinates"":[83.99261381246788,21.58386624730395]}"
590,10.0,165,2018,1,0,21.418127077383897,83.92802494353968,0.07301965,0.14016265,2019,1830.1350152492523,"{""geodesic"":false,""type"":""Point"",""coordinates"":[83.92802494353968,21.418127077383897]}"
591,10.0,162,2018,1,0,21.41597112070201,83.92631814449986,0.38282168,-0.23123798,2019,1830.1350152492523,"{""geodesic"":false,""type"":""Point"",""coordinates"":[83.92631814449986,21.41597112070201]}"
592,30.0,194,2018,1,0,21.5594320715759,83.95623204346104,0.1426087,-0.21948956,2019,1879.656286597252,"{""geodesic"":false,""type"":""Point"",""coordinates"":[83.95623204346104,21.5594320715759]}"
593,0.0,155,2018,1,0,21.485680386749685,83.97114407717741,-0.040572792,0.20483205,2019,1864.4806005470455,"{""geodesic"":false,""type"":""Point"",""coordinates"":[83.97114407717741,21.485680386749685]}"
594,14.142135623730951,172,2018,1,4,21.45361053110662,83.91850280152802,0.10229292,-0.09457529,2019,1824.7350696804933,"{""geodesic"":false,""type"":""Point"",""coordinates"":[83.91850280152802,21.45361053110662]}"
595,0.0,133,2018,1,0,21.50068225199448,83.91131627925506,-0.08123916,0.1741238,2019,1862.205259859562,"{""geodesic"":false,""type"":""Point"",""coordinates"":[83.91131627925506,21.50068225199448]}"
596,28.284271247461902,154,2018,1,0,21.46151570560687,84.05944846960637,0.11850649,-0.13884297,2019,1865.214292049408,"{""geodesic"":false,""type"":""Point"",""coordinates"":[84.05944846960637,21.46151570560687]}"
597,10.0,153,2018,1,6,21.462593683947812,83.9860561108938,0.00444367,0.043398887,2019,1864.4806005470455,"{""geodesic"":false,""type"":""Point"",""coordinates"":[83.9860561108938,21.462593683947812]}"
598,22.360679774997898,139,2018,1,0,21.4053710003494,83.98210352364367,0.1530305,-0.21055526,2019,1843.4924929630943,"{""geodesic"":false,""type"":""Point"",""coordinates"":[83.98210352364367,21.4053710003494]}"
599,28.284271247461902,194,2018,1,0,21.560599881445253,83.95497440206327,0.19961868,-0.16231526,2019,1879.656286597252,"{""geodesic"":false,""type"":""Point"",""coordinates"":[83.95497440206327,21.560599881445253]}"
600,28.284271247461902,193,2018,1,0,21.5406572821378,83.8837380000326,0.19456682,-0.2838824,2019,1808.5140246152878,"{""geodesic"":false,""type"":""Point"",""coordinates"":[83.8837380000326,21.5406572821378]}"
601,10.0,151,2018,1,0,21.37914019405311,83.9161671817893,0.13612917,-0.06383872,2019,1811.7444865852594,"{""geodesic"":false,""type"":""Point"",""coordinates"":[83.9161671817893,21.37914019405311]}"
602,20.0,159,2018,1,0,21.45405968874868,84.03196002191231,0.17028381,-0.08012327,2019,1883.5151779651642,"{""geodesic"":false,""type"":""Point"",""coordinates"":[84.03196002191231,21.45405968874868]}"
603,20.0,168,2018,1,1,21.443010410754006,84.09448276568703,0.48898265,-0.4495664,2019,1811.028529509902,"{""geodesic"":false,""type"":""Point"",""coordinates"":[84.09448276568703,21.443010410754006]}"
604,30.0,152,2018,1,1,21.463312336175107,84.05953830113478,0.4976526,-0.48027843,2019,1865.214292049408,"{""geodesic"":false,""type"":""Point"",""coordinates"":[84.05953830113478,21.463312336175107]}"
605,0.0,141,2018,1,0,21.466007282027466,83.95407608677915,-0.012608738,0.16067925,2019,1864.4806005470455,"{""geodesic"":false,""type"":""Point"",""coordinates"":[83.95407608677915,21.466007282027466]}"
606,0.0,190,2018,1,0,21.551886223189292,83.93512163428423,-0.20918836,0.36368677,2019,1841.7995253801346,"{""geodesic"":false,""type"":""Point"",""coordinates"":[83.93512163428423,21.551886223189292]}"
607,0.0,191,2018,1,0,21.552245549302942,83.93593011803993,-0.21015272,0.32845646,2019,1841.7995253801346,"{""geodesic"":false,""type"":""Point"",""coordinates"":[83.93593011803993,21.552245549302942]}"
608,28.284271247461902,192,2018,1,4,21.382643623661174,84.11137109302848,0.3368591,-0.4543711,2019,1791.6786192953587,"{""geodesic"":false,""type"":""Point"",""coordinates"":[84.11137109302848,21.382643623661174]}"
609,0.0,190,2018,1,0,21.53095547706931,84.16527001007564,-0.1838565,0.30357143,2019,1866.5584846138954,"{""geodesic"":false,""type"":""Point"",""coordinates"":[84.16527001007564,21.53095547706931]}"
610,22.360679774997898,154,2018,1,5,21.531135140126132,83.87385653190728,0.4353693,-0.4093445,2019,1808.5140246152878,"{""geodesic"":false,""type"":""Point"",""coordinates"":[83.87385653190728,21.531135140126132]}"
611,0.0,194,2018,1,0,21.56140836520096,83.97401868608661,-0.09585492,0.19770116,2019,1879.656286597252,"{""geodesic"":false,""type"":""Point"",""coordinates"":[83.97401868608661,21.56140836520096]}"
612,22.360679774997898,159,2018,1,0,21.407347293974464,83.9213774104372,0.60891217,-0.45530704,2019,1830.1350152492523,"{""geodesic"":false,""type"":""Point"",""coordinates"":[83.9213774104372,21.407347293974464]}"
613,30.0,154,2018,1,0,21.521074008943994,83.86262759085578,0.34021437,-0.35582328,2019,1808.5140246152878,"{""geodesic"":false,""type"":""Point"",""coordinates"":[83.86262759085578,21.521074008943994]}"
614,30.0,156,2018,1,0,21.460347895737513,83.9371877594377,0.11363781,0.028357547,2019,1824.7350696804933,"{""geodesic"":false,""type"":""Point"",""coordinates"":[83.9371877594377,21.460347895737513]}"
615,20.0,195,2018,1,0,21.573355958479752,83.9860561108938,0.28639975,-0.31723052,2019,1879.656286597252,"{""geodesic"":false,""type"":""Point"",""coordinates"":[83.9860561108938,21.573355958479752]}"
616,10.0,202,2018,1,0,21.356772143478533,84.1190966044719,0.13017456,-0.010254124,2019,1791.6786192953587,"{""geodesic"":false,""type"":""Point"",""coordinates"":[84.1190966044719,21.356772143478533]}"
617,0.0,194,2018,1,0,21.59913760713398,83.92793511201127,-0.07542653,0.19763313,2019,1841.7995253801346,"{""geodesic"":false,""type"":""Point"",""coordinates"":[83.92793511201127,21.59913760713398]}"
618,22.360679774997898,191,2018,1,0,21.59904777560557,84.02010226016193,0.237691,-0.15898252,2019,1817.3649086654186,"{""geodesic"":false,""type"":""Point"",""coordinates"":[84.02010226016193,21.59904777560557]}"
619,0.0,150,2018,1,0,21.462234357834166,84.05792133362337,-0.10065851,0.15547703,2019,1865.214292049408,"{""geodesic"":false,""type"":""Point"",""coordinates"":[84.05792133362337,21.462234357834166]}"
620,0.0,188,2018,1,0,21.559162576990662,83.90538739837987,-0.08508722,0.17073986,2019,1841.7995253801346,"{""geodesic"":false,""type"":""Point"",""coordinates"":[83.90538739837987,21.559162576990662]}"
621,30.0,197,2018,1,1,21.48029049504497,83.8582258459636,0.32316872,-0.40513903,2019,1769.5761865973473,"{""geodesic"":false,""type"":""Point"",""coordinates"":[83.8582258459636,21.48029049504497]}"
622,30.0,194,2018,1,0,21.562037185899843,83.95102181481315,0.27932772,-0.27050182,2019,1879.656286597252,"{""geodesic"":false,""type"":""Point"",""coordinates"":[83.95102181481315,21.562037185899843]}"
623,22.360679774997898,161,2018,1,0,21.438429002804998,83.93530129734106,-0.01618705,0.13059603,2019,1830.1350152492523,"{""geodesic"":false,""type"":""Point"",""coordinates"":[83.93530129734106,21.438429002804998]}"
624,20.0,190,2018,1,0,21.57838652407082,84.10238794018728,0.28320193,-0.28125945,2019,1777.1123813986778,"{""geodesic"":false,""type"":""Point"",""coordinates"":[84.10238794018728,21.57838652407082]}"
625,10.0,135,2018,1,0,21.360634899200246,83.92712662825556,0.102406666,0.116601884,2019,1811.7444865852594,"{""geodesic"":false,""type"":""Point"",""coordinates"":[83.92712662825556,21.360634899200246]}"
626,20.0,136,2018,1,0,21.392345428729666,83.9702457618933,0.31504938,-0.3124577,2019,1845.9195078182966,"{""geodesic"":false,""type"":""Point"",""coordinates"":[83.9702457618933,21.392345428729666]}"
627,0.0,190,2018,1,0,21.552604875416588,83.91257392065283,-0.24252898,0.3705018,2019,1841.7995253801346,"{""geodesic"":false,""type"":""Point"",""coordinates"":[83.91257392065283,21.552604875416588]}"
628,0.0,191,2018,1,0,21.562037185899843,83.97294070774566,-0.1800931,0.26057476,2019,1879.656286597252,"{""geodesic"":false,""type"":""Point"",""coordinates"":[83.97294070774566,21.562037185899843]}"
629,20.0,192,2018,1,0,21.587818834554074,84.00078848155336,0.18021548,-0.11574074,2019,1817.3649086654186,"{""geodesic"":false,""type"":""Point"",""coordinates"":[84.00078848155336,21.587818834554074]}"
630,0.0,192,2018,1,0,21.59590367211115,83.95281844538138,-0.06898585,0.19232737,2019,1879.656286597252,"{""geodesic"":false,""type"":""Point"",""coordinates"":[83.95281844538138,21.59590367211115]}"
631,20.0,200,2018,1,0,21.377702889598517,84.14496808465455,0.20398532,-0.109714836,2019,1791.6786192953587,"{""geodesic"":false,""type"":""Point"",""coordinates"":[84.14496808465455,21.377702889598517]}"
632,30.0,196,2018,1,0,21.599227438662393,83.96153210363734,0.33031374,-0.3083123,2019,1879.656286597252,"{""geodesic"":false,""type"":""Point"",""coordinates"":[83.96153210363734,21.599227438662393]}"
633,14.142135623730951,145,2018,1,0,21.464569977572875,83.95209979315409,0.08037035,0.05602313,2019,1864.4806005470455,"{""geodesic"":false,""type"":""Point"",""coordinates"":[83.95209979315409,21.464569977572875]}"
634,14.142135623730951,195,2018,1,0,21.50014326282401,84.19500424598,0.3558952,-0.28041238,2019,1866.5584846138954,"{""geodesic"":false,""type"":""Point"",""coordinates"":[84.19500424598,21.50014326282401]}"
635,10.0,192,2018,1,0,21.550359087206292,83.91347223593695,0.1321255,-0.0039184955,2019,1841.7995253801346,"{""geodesic"":false,""type"":""Point"",""coordinates"":[83.91347223593695,21.550359087206292]}"
636,28.284271247461902,158,2018,1,0,21.4730141412436,83.91329257288012,0.060195636,0.040517535,2019,1824.7350696804933,"{""geodesic"":false,""type"":""Point"",""coordinates"":[83.91329257288012,21.4730141412436]}"
637,0.0,191,2018,1,0,21.552784538473414,83.92146724196562,-0.2601908,0.41009682,2019,1841.7995253801346,"{""geodesic"":false,""type"":""Point"",""coordinates"":[83.92146724196562,21.552784538473414]}"
638,28.284271247461902,160,2018,1,0,21.476337907794843,83.92568932380097,0.45893922,-0.4339096,2019,1824.7350696804933,"{""geodesic"":false,""type"":""Point"",""coordinates"":[83.92568932380097,21.476337907794843]}"
639,20.0,160,2018,1,0,21.49098044692599,83.91652650790296,0.23217829,-0.16369483,2019,1824.7350696804933,"{""geodesic"":false,""type"":""Point"",""coordinates"":[83.91652650790296,21.49098044692599]}"
640,30.0,140,2018,1,0,21.399262456417386,83.98102554530273,0.4379128,-0.4003424,2019,1845.9195078182966,"{""geodesic"":false,""type"":""Point"",""coordinates"":[83.98102554530273,21.399262456417386]}"
641,10.0,151,2018,1,0,21.516941758637046,83.88652277741336,0.09283019,-0.026222536,2019,1808.5140246152878,"{""geodesic"":false,""type"":""Point"",""coordinates"":[83.88652277741336,21.516941758637046]}"
642,20.0,191,2018,1,0,21.56284566965555,83.94715905909143,0.021803182,0.049081437,2019,1841.7995253801346,"{""geodesic"":false,""type"":""Point"",""coordinates"":[83.94715905909143,21.56284566965555]}"
643,28.284271247461902,158,2018,1,0,21.411030386639354,83.90691453436287,0.055574313,0.011433776,2019,1830.1350152492523,"{""geodesic"":false,""type"":""Point"",""coordinates"":[83.90691453436287,21.411030386639354]}"
644,0.0,144,2018,1,0,21.469061553993473,83.9439251240686,-0.019196061,0.15538727,2019,1824.7350696804933,"{""geodesic"":false,""type"":""Point"",""coordinates"":[83.9439251240686,21.469061553993473]}"
645,10.0,151,2018,1,0,21.53095547706931,83.87709046693011,2.6102844E-4,-0.0036668412,2019,1808.5140246152878,"{""geodesic"":false,""type"":""Point"",""coordinates"":[83.87709046693011,21.53095547706931]}"
646,22.360679774997898,164,2018,1,0,21.411030386639354,83.87430568954933,0.14375988,-0.066273935,2019,1786.3003811836243,"{""geodesic"":false,""type"":""Point"",""coordinates"":[83.87430568954933,21.411030386639354]}"
647,10.0,197,2018,1,0,21.483883756181445,83.85687837303742,0.007662835,0.11447811,2019,1769.5761865973473,"{""geodesic"":false,""type"":""Point"",""coordinates"":[83.85687837303742,21.483883756181445]}"
648,10.0,159,2018,1,0,21.40447268506528,83.92110791585196,0.46078432,-0.25915492,2019,1830.1350152492523,"{""geodesic"":false,""type"":""Point"",""coordinates"":[83.92110791585196,21.40447268506528]}"
649,30.0,201,2018,1,0,21.487117691204276,83.85490207941235,0.54618335,-0.521262,2019,1769.5761865973473,"{""geodesic"":false,""type"":""Point"",""coordinates"":[83.85490207941235,21.487117691204276]}"
650,28.284271247461902,197,2018,1,4,21.393333575542197,84.1979686864176,0.41365463,-0.45454547,2019,1799.8032282292843,"{""geodesic"":false,""type"":""Point"",""coordinates"":[84.1979686864176,21.393333575542197]}"
651,10.0,188,2018,1,0,21.561588028257784,83.90386026239686,0.05077225,0.08302926,2019,1841.7995253801346,"{""geodesic"":false,""type"":""Point"",""coordinates"":[83.90386026239686,21.561588028257784]}"
652,0.0,192,2018,1,0,21.56221684895667,83.97338986538772,-0.24672008,0.36723018,2019,1879.656286597252,"{""geodesic"":false,""type"":""Point"",""coordinates"":[83.97338986538772,21.56221684895667]}"
653,28.284271247461902,135,2018,1,0,21.36207220365484,83.92847410118175,0.042859137,0.14705163,2019,1811.7444865852594,"{""geodesic"":false,""type"":""Point"",""coordinates"":[83.92847410118175,21.36207220365484]}"
654,20.0,134,2018,1,0,21.371953671780155,83.96090328293846,0.11868193,-0.019273583,2019,1845.9195078182966,"{""geodesic"":false,""type"":""Point"",""coordinates"":[83.96090328293846,21.371953671780155]}"
655,20.0,192,2018,1,0,21.591052769576905,84.00213595447954,0.10342368,-0.023283504,2019,1817.3649086654186,"{""geodesic"":false,""type"":""Point"",""coordinates"":[84.00213595447954,21.591052769576905]}"
656,0.0,192,2018,1,0,21.599227438662393,84.02198872225858,-0.12734325,0.27963117,2019,1817.3649086654186,"{""geodesic"":false,""type"":""Point"",""coordinates"":[84.02198872225858,21.599227438662393]}"
657,0.0,158,2018,1,0,21.48594988133492,83.90197380030021,-0.10373444,0.21916643,2019,1824.7350696804933,"{""geodesic"":false,""type"":""Point"",""coordinates"":[83.90197380030021,21.48594988133492]}"
658,20.0,195,2018,1,0,21.388931830650012,84.12951706176769,0.35353535,-0.30994824,2019,1791.6786192953587,"{""geodesic"":false,""type"":""Point"",""coordinates"":[84.12951706176769,21.388931830650012]}"
659,14.142135623730951,192,2018,1,0,21.56122870214414,83.94976417341537,-0.04467766,0.06978102,2019,1841.7995253801346,"{""geodesic"":false,""type"":""Point"",""coordinates"":[83.94976417341537,21.56122870214414]}"
660,0.0,191,2018,1,0,21.55574897891101,83.93557079192628,-0.2513369,0.3772242,2019,1841.7995253801346,"{""geodesic"":false,""type"":""Point"",""coordinates"":[83.93557079192628,21.55574897891101]}"
661,30.0,152,2018,1,0,21.519277378375754,83.86523270517972,0.446527,-0.44123033,2019,1808.5140246152878,"{""geodesic"":false,""type"":""Point"",""coordinates"":[83.86523270517972,21.519277378375754]}"
662,30.0,193,2018,1,4,21.38291311824641,84.11343721818196,0.3604463,-0.4744081,2019,1791.6786192953587,"{""geodesic"":false,""type"":""Point"",""coordinates"":[84.11343721818196,21.38291311824641]}"
663,30.0,198,2018,1,4,21.545687847728868,84.16607849383135,0.2091222,-0.3120112,2019,1866.5584846138954,"{""geodesic"":false,""type"":""Point"",""coordinates"":[84.16607849383135,21.545687847728868]}"
664,28.284271247461902,136,2018,1,0,21.35515517596712,83.94158950432988,0.21815643,-0.11471173,2019,1811.7444865852594,"{""geodesic"":false,""type"":""Point"",""coordinates"":[83.94158950432988,21.35515517596712]}"
665,30.0,193,2018,1,1,21.535447053489907,83.9837204911551,0.4103733,-0.46656418,2019,1907.0745749771595,"{""geodesic"":false,""type"":""Point"",""coordinates"":[83.9837204911551,21.535447053489907]}"
666,28.284271247461902,200,2018,1,1,21.485141397579213,83.85562073163965,0.43589744,-0.476082,2019,1769.5761865973473,"{""geodesic"":false,""type"":""Point"",""coordinates"":[83.85562073163965,21.485141397579213]}"
667,20.0,191,2018,1,0,21.593747715429263,83.99180532871218,0.21901964,-0.2374208,2019,1879.656286597252,"{""geodesic"":false,""type"":""Point"",""coordinates"":[83.99180532871218,21.593747715429263]}"
668,20.0,190,2018,1,0,21.58215944826412,83.99647656818959,0.26607955,-0.27526882,2019,1879.656286597252,"{""geodesic"":false,""type"":""Point"",""coordinates"":[83.99647656818959,21.58215944826412]}"
669,28.284271247461902,146,2018,1,0,21.49232791985217,83.92461134546002,0.18812862,-0.1739296,2019,1824.7350696804933,"{""geodesic"":false,""type"":""Point"",""coordinates"":[83.92461134546002,21.49232791985217]}"
670,30.0,196,2018,1,1,21.551886223189292,83.87619215164598,0.5497896,-0.5291472,2019,1817.8675085306168,"{""geodesic"":false,""type"":""Point"",""coordinates"":[83.87619215164598,21.551886223189292]}"
671,0.0,179,2018,1,0,21.45100541678267,83.88867873409525,-0.100995734,0.19387755,2019,1769.5761865973473,"{""geodesic"":false,""type"":""Point"",""coordinates"":[83.88867873409525,21.45100541678267]}"
672,20.0,142,2018,1,0,21.45729362377151,83.9641372179613,0.4450028,-0.35936666,2019,1864.4806005470455,"{""geodesic"":false,""type"":""Point"",""coordinates"":[83.9641372179613,21.45729362377151]}"
673,0.0,195,2018,1,0,21.480021000459733,83.85777668832154,-0.08460472,0.30232558,2019,1769.5761865973473,"{""geodesic"":false,""type"":""Point"",""coordinates"":[83.85777668832154,21.480021000459733]}"
674,0.0,157,2018,1,0,21.426481409526207,83.93539112886947,0.0020025487,0.19532163,2019,1830.1350152492523,"{""geodesic"":false,""type"":""Point"",""coordinates"":[83.93539112886947,21.426481409526207]}"
675,28.284271247461902,154,2018,1,0,21.515684117239278,83.87673114081646,0.1956669,-0.25248227,2019,1808.5140246152878,"{""geodesic"":false,""type"":""Point"",""coordinates"":[83.87673114081646,21.515684117239278]}"
676,30.0,186,2018,1,0,21.504185681602547,84.1596106237857,0.35309374,-0.41660202,2019,1866.5584846138954,"{""geodesic"":false,""type"":""Point"",""coordinates"":[84.1596106237857,21.504185681602547]}"
677,28.284271247461902,165,2018,1,0,21.465019135214934,83.93476230817058,0.39431652,-0.41560492,2019,1824.7350696804933,"{""geodesic"":false,""type"":""Point"",""coordinates"":[83.93476230817058,21.465019135214934]}"
678,30.0,146,2018,1,0,21.52835036274536,83.89263132134538,0.59464765,-0.51542896,2019,1808.5140246152878,"{""geodesic"":false,""type"":""Point"",""coordinates"":[83.89263132134538,21.52835036274536]}"
679,20.0,191,2018,1,0,21.55206588624612,83.91266375218125,0.22267802,-0.17567408,2019,1841.7995253801346,"{""geodesic"":false,""type"":""Point"",""coordinates"":[83.91266375218125,21.55206588624612]}"
680,10.0,189,2018,1,0,21.5940172100145,83.95910665237022,0.060204122,0.018152984,2019,1879.656286597252,"{""geodesic"":false,""type"":""Point"",""coordinates"":[83.95910665237022,21.5940172100145]}"
681,28.284271247461902,188,2018,1,0,21.567696572189796,83.85364443801458,0.3658045,-0.37970817,2019,1817.8675085306168,"{""geodesic"":false,""type"":""Point"",""coordinates"":[83.85364443801458,21.567696572189796]}"
682,14.142135623730951,158,2018,1,0,21.494304213477232,83.89092452230555,-0.034026466,0.10586177,2019,1769.5761865973473,"{""geodesic"":false,""type"":""Point"",""coordinates"":[83.89092452230555,21.494304213477232]}"
683,22.360679774997898,158,2018,1,0,21.47543959251072,83.91805364388595,0.3743091,-0.3225532,2019,1824.7350696804933,"{""geodesic"":false,""type"":""Point"",""coordinates"":[83.91805364388595,21.47543959251072]}"
684,28.284271247461902,135,2018,1,0,21.391896271087607,83.97033559342171,0.28723082,-0.20928907,2019,1845.9195078182966,"{""geodesic"":false,""type"":""Point"",""coordinates"":[83.97033559342171,21.391896271087607]}"
685,0.0,190,2018,1,0,21.583237426605066,83.99225448635423,-0.15053092,0.22374429,2019,1879.656286597252,"{""geodesic"":false,""type"":""Point"",""coordinates"":[83.99225448635423,21.583237426605066]}"
686,22.360679774997898,145,2018,1,0,21.527991036631715,83.89218216370331,0.4852018,-0.4375,2019,1808.5140246152878,"{""geodesic"":false,""type"":""Point"",""coordinates"":[83.89218216370331,21.527991036631715]}"
687,10.0,194,2018,1,0,21.480649821158615,83.85786651984995,0.16464181,-0.23555556,2019,1769.5761865973473,"{""geodesic"":false,""type"":""Point"",""coordinates"":[83.85786651984995,21.480649821158615]}"
688,10.0,193,2018,1,0,21.561677859786197,83.94922518424491,-0.039306197,0.13653508,2019,1841.7995253801346,"{""geodesic"":false,""type"":""Point"",""coordinates"":[83.94922518424491,21.561677859786197]}"
689,0.0,188,2018,1,0,21.558443924763367,83.90044666431722,-0.1537797,0.30679405,2019,1841.7995253801346,"{""geodesic"":false,""type"":""Point"",""coordinates"":[83.90044666431722,21.558443924763367]}"
690,0.0,156,2018,1,0,21.45244272123726,83.94221832502878,-0.0845649,0.25877246,2019,1824.7350696804933,"{""geodesic"":false,""type"":""Point"",""coordinates"":[83.94221832502878,21.45244272123726]}"
691,20.0,158,2018,1,0,21.48828550107363,83.90233312641386,0.2508834,-0.13721891,2019,1824.7350696804933,"{""geodesic"":false,""type"":""Point"",""coordinates"":[83.90233312641386,21.48828550107363]}"
692,14.142135623730951,158,2018,1,0,21.493944887363586,83.89856020222057,-0.00469894,0.14334086,2019,1769.5761865973473,"{""geodesic"":false,""type"":""Point"",""coordinates"":[83.89856020222057,21.493944887363586]}"
693,14.142135623730951,194,2018,1,0,21.575511915161638,83.99135617107011,0.21318822,-0.21241203,2019,1879.656286597252,"{""geodesic"":false,""type"":""Point"",""coordinates"":[83.99135617107011,21.575511915161638]}"
694,22.360679774997898,147,2018,1,0,21.48038032657338,83.9387148954207,0.4055975,-0.33863598,2019,1824.7350696804933,"{""geodesic"":false,""type"":""Point"",""coordinates"":[83.9387148954207,21.48038032657338]}"
695,0.0,191,2018,1,0,21.592849400145145,83.9928833070531,-0.10577547,0.2365651,2019,1879.656286597252,"{""geodesic"":false,""type"":""Point"",""coordinates"":[83.9928833070531,21.592849400145145]}"
696,10.0,192,2018,1,0,21.561588028257784,83.9529082769098,-0.04412043,0.11032781,2019,1879.656286597252,"{""geodesic"":false,""type"":""Point"",""coordinates"":[83.9529082769098,21.561588028257784]}"
697,10.0,155,2018,1,0,21.439147655032293,83.94437428171067,0.09623082,0.12610516,2019,1830.1350152492523,"{""geodesic"":false,""type"":""Point"",""coordinates"":[83.94437428171067,21.439147655032293]}"
698,20.0,140,2018,1,0,21.462593683947812,83.96961694119442,0.024283951,0.09569716,2019,1864.4806005470455,"{""geodesic"":false,""type"":""Point"",""coordinates"":[83.96961694119442,21.462593683947812]}"
699,0.0,194,2018,1,0,21.560689712973666,83.95793884250087,-0.2503516,0.39362913,2019,1879.656286597252,"{""geodesic"":false,""type"":""Point"",""coordinates"":[83.95793884250087,21.560689712973666]}"
700,30.0,142,2018,1,0,21.45729362377151,83.964945701717,0.27592134,-0.21519594,2019,1864.4806005470455,"{""geodesic"":false,""type"":""Point"",""coordinates"":[83.964945701717,21.45729362377151]}"
701,22.360679774997898,193,2018,1,0,21.58251877437777,83.99602741054753,0.28738374,-0.32857496,2019,1879.656286597252,"{""geodesic"":false,""type"":""Point"",""coordinates"":[83.99602741054753,21.58251877437777]}"
702,10.0,158,2018,1,0,21.48774651190316,83.89128384841919,0.01690141,0.10643564,2019,1769.5761865973473,"{""geodesic"":false,""type"":""Point"",""coordinates"":[83.89128384841919,21.48774651190316]}"
703,30.0,220,2018,1,5,21.572727137780866,84.19769919183236,0.21006893,-0.28968382,2019,1853.2677980661392,"{""geodesic"":false,""type"":""Point"",""coordinates"":[84.19769919183236,21.572727137780866]}"
704,30.0,197,2018,1,4,21.545867510785694,84.16607849383135,0.22280018,-0.33633348,2019,1866.5584846138954,"{""geodesic"":false,""type"":""Point"",""coordinates"":[84.16607849383135,21.545867510785694]}"
705,30.0,200,2018,1,0,21.54883195122329,83.88445665225989,0.30243444,-0.31785884,2019,1808.5140246152878,"{""geodesic"":false,""type"":""Point"",""coordinates"":[83.88445665225989,21.54883195122329]}"
706,0.0,159,2018,1,0,21.412108364980295,83.92416218781797,0.022183176,0.16624865,2019,1830.1350152492523,"{""geodesic"":false,""type"":""Point"",""coordinates"":[83.92416218781797,21.412108364980295]}"
707,22.360679774997898,192,2018,1,0,21.58674085621313,84.00060881849654,0.35762817,-0.32489452,2019,1817.3649086654186,"{""geodesic"":false,""type"":""Point"",""coordinates"":[84.00060881849654,21.58674085621313]}"
708,22.360679774997898,144,2018,1,3,21.46160553713528,83.95632187498944,0.44398445,-0.309856,2019,1864.4806005470455,"{""geodesic"":false,""type"":""Point"",""coordinates"":[83.95632187498944,21.46160553713528]}"
709,0.0,193,2018,1,0,21.561138870615725,83.96701182687048,-0.15587634,0.28653374,2019,1879.656286597252,"{""geodesic"":false,""type"":""Point"",""coordinates"":[83.96701182687048,21.561138870615725]}"
710,22.360679774997898,184,2018,1,0,21.538680988512738,83.98587644783699,-5.9896545E-4,0.09575813,2019,1907.0745749771595,"{""geodesic"":false,""type"":""Point"",""coordinates"":[83.98587644783699,21.538680988512738]}"
711,20.0,200,2018,1,0,21.548921782751698,83.8845464837883,0.3506192,-0.36328125,2019,1808.5140246152878,"{""geodesic"":false,""type"":""Point"",""coordinates"":[83.8845464837883,21.548921782751698]}"
712,10.0,190,2018,1,0,21.555569315854182,83.9387148954207,-0.021971377,0.09452272,2019,1841.7995253801346,"{""geodesic"":false,""type"":""Point"",""coordinates"":[83.9387148954207,21.555569315854182]}"
713,10.0,189,2018,1,0,21.560150723803194,83.95937614695545,-0.053930208,0.14286855,2019,1879.656286597252,"{""geodesic"":false,""type"":""Point"",""coordinates"":[83.95937614695545,21.560150723803194]}"
714,30.0,194,2018,1,0,21.599227438662393,83.96135244058051,0.3741209,-0.36083144,2019,1879.656286597252,"{""geodesic"":false,""type"":""Point"",""coordinates"":[83.96135244058051,21.599227438662393]}"
715,0.0,191,2018,1,0,21.58485439411648,83.99485960067817,-0.14101647,0.26289925,2019,1879.656286597252,"{""geodesic"":false,""type"":""Point"",""coordinates"":[83.99485960067817,21.58485439411648]}"
716,28.284271247461902,162,2018,1,0,21.414893142361066,83.92541982921574,0.4941894,-0.47375086,2019,1830.1350152492523,"{""geodesic"":false,""type"":""Point"",""coordinates"":[83.92541982921574,21.414893142361066]}"
717,0.0,192,2018,1,0,21.560330386860016,83.95757951638721,-0.19936034,0.3443911,2019,1879.656286597252,"{""geodesic"":false,""type"":""Point"",""coordinates"":[83.95757951638721,21.560330386860016]}"
718,30.0,160,2018,1,1,21.420013539480546,83.92883342729539,0.56779486,-0.5408306,2019,1830.1350152492523,"{""geodesic"":false,""type"":""Point"",""coordinates"":[83.92883342729539,21.420013539480546]}"
719,28.284271247461902,145,2018,1,3,21.48082948421544,83.93988270529006,0.37404156,-0.35009962,2019,1824.7350696804933,"{""geodesic"":false,""type"":""Point"",""coordinates"":[83.93988270529006,21.48082948421544]}"
720,0.0,192,2018,1,0,21.55538965279736,83.93709792790929,-0.13344385,0.23015325,2019,1841.7995253801346,"{""geodesic"":false,""type"":""Point"",""coordinates"":[83.93709792790929,21.55538965279736]}"
721,14.142135623730951,158,2018,1,0,21.48594988133492,83.89146351147602,-0.0032258064,0.10304789,2019,1769.5761865973473,"{""geodesic"":false,""type"":""Point"",""coordinates"":[83.89146351147602,21.48594988133492]}"
722,0.0,190,2018,1,0,21.55206588624612,83.92227572572132,-0.09215956,0.22261484,2019,1841.7995253801346,"{""geodesic"":false,""type"":""Point"",""coordinates"":[83.92227572572132,21.55206588624612]}"
723,20.0,165,2018,1,0,21.490621120812342,83.8965839085955,0.5773816,-0.48387095,2019,1769.5761865973473,"{""geodesic"":false,""type"":""Point"",""coordinates"":[83.8965839085955,21.490621120812342]}"
724,20.0,172,2018,1,0,21.440944285600533,83.91167560536871,0.040532365,0.14616658,2019,1830.1350152492523,"{""geodesic"":false,""type"":""Point"",""coordinates"":[83.91167560536871,21.440944285600533]}"
725,0.0,157,2018,1,0,21.426481409526207,83.93521146581264,0.024535023,0.18683994,2019,1830.1350152492523,"{""geodesic"":false,""type"":""Point"",""coordinates"":[83.93521146581264,21.426481409526207]}"
726,0.0,192,2018,1,0,21.554221842928005,83.93628944415359,-0.18460192,0.30291697,2019,1841.7995253801346,"{""geodesic"":false,""type"":""Point"",""coordinates"":[83.93628944415359,21.554221842928005]}"
727,22.360679774997898,157,2018,1,0,21.491249941511224,83.91679600248818,-0.07179044,0.14055388,2019,1824.7350696804933,"{""geodesic"":false,""type"":""Point"",""coordinates"":[83.91679600248818,21.491249941511224]}"
728,14.142135623730951,135,2018,1,0,21.360545067671836,83.92694696519874,0.3008066,-0.17421417,2019,1811.7444865852594,"{""geodesic"":false,""type"":""Point"",""coordinates"":[83.92694696519874,21.360545067671836]}"
729,22.360679774997898,195,2018,1,0,21.56149819672937,83.95281844538138,0.20174165,-0.14320779,2019,1879.656286597252,"{""geodesic"":false,""type"":""Point"",""coordinates"":[83.95281844538138,21.56149819672937]}"
730,10.0,156,2018,1,0,21.452083395123616,83.93763691707976,0.038030934,0.109650165,2019,1824.7350696804933,"{""geodesic"":false,""type"":""Point"",""coordinates"":[83.93763691707976,21.452083395123616]}"
731,0.0,190,2018,1,0,21.55628796808148,83.8785277713847,-0.13505948,0.26950353,2019,1817.8675085306168,"{""geodesic"":false,""type"":""Point"",""coordinates"":[83.8785277713847,21.55628796808148]}"
732,28.284271247461902,192,2018,1,0,21.5669779199625,83.9461709122789,0.4509074,-0.4023988,2019,1841.7995253801346,"{""geodesic"":false,""type"":""Point"",""coordinates"":[83.9461709122789,21.5669779199625]}"
733,28.284271247461902,199,2018,1,4,21.552604875416588,84.17012091260989,0.14969498,-0.2459739,2019,1853.2677980661392,"{""geodesic"":false,""type"":""Point"",""coordinates"":[84.17012091260989,21.552604875416588]}"
734,14.142135623730951,166,2018,1,1,21.43860866586182,83.92829443812492,0.21710612,-0.14146616,2019,1830.1350152492523,"{""geodesic"":false,""type"":""Point"",""coordinates"":[83.92829443812492,21.43860866586182]}"
735,22.360679774997898,207,2018,1,0,21.353089050813644,84.14254263338742,0.33723268,-0.40422264,2019,1791.6786192953587,"{""geodesic"":false,""type"":""Point"",""coordinates"":[84.14254263338742,21.353089050813644]}"
736,10.0,193,2018,1,0,21.550628581791525,83.93485213969899,0.0018259282,0.09758772,2019,1841.7995253801346,"{""geodesic"":false,""type"":""Point"",""coordinates"":[83.93485213969899,21.550628581791525]}"
737,0.0,156,2018,1,0,21.459539411981808,83.93709792790929,-0.04347826,0.21920906,2019,1824.7350696804933,"{""geodesic"":false,""type"":""Point"",""coordinates"":[83.93709792790929,21.459539411981808]}"
738,22.360679774997898,196,2018,1,0,21.59725114503733,83.96000496765434,0.3561394,-0.29577994,2019,1879.656286597252,"{""geodesic"":false,""type"":""Point"",""coordinates"":[83.96000496765434,21.59725114503733]}"
739,22.360679774997898,192,2018,1,0,21.597790134207802,84.00492073186031,0.16871305,-0.10347789,2019,1817.3649086654186,"{""geodesic"":false,""type"":""Point"",""coordinates"":[84.00492073186031,21.597790134207802]}"
740,10.0,168,2018,1,0,21.41453381624742,83.87547349941869,0.08160443,0.055555556,2019,1786.3003811836243,"{""geodesic"":false,""type"":""Point"",""coordinates"":[83.87547349941869,21.41453381624742]}"
741,0.0,155,2018,1,0,21.486578702033803,83.97105424564901,-0.014415473,0.17651501,2019,1864.4806005470455,"{""geodesic"":false,""type"":""Point"",""coordinates"":[83.97105424564901,21.486578702033803]}"
742,20.0,155,2018,1,0,21.439237486560707,83.94437428171067,0.12984133,0.06336634,2019,1830.1350152492523,"{""geodesic"":false,""type"":""Point"",""coordinates"":[83.94437428171067,21.439237486560707]}"
743,22.360679774997898,192,2018,1,0,21.59859861796351,84.01938360793464,0.22299795,-0.14670774,2019,1817.3649086654186,"{""geodesic"":false,""type"":""Point"",""coordinates"":[84.01938360793464,21.59859861796351]}"
744,0.0,190,2018,1,0,21.599227438662393,84.01803613500846,-0.09418982,0.22250904,2019,1817.3649086654186,"{""geodesic"":false,""type"":""Point"",""coordinates"":[84.01803613500846,21.599227438662393]}"
745,10.0,179,2018,1,1,21.397375994320736,84.07489949249323,0.013192612,0.04950495,2019,1748.453401837498,"{""geodesic"":false,""type"":""Point"",""coordinates"":[84.07489949249323,21.397375994320736]}"
746,30.0,156,2018,1,0,21.51262984527327,83.87592265706076,0.46140036,-0.45878136,2019,1808.5140246152878,"{""geodesic"":false,""type"":""Point"",""coordinates"":[83.87592265706076,21.51262984527327]}"
747,20.0,192,2018,1,0,21.558803250877013,83.87349720579363,0.21315372,-0.2860143,2019,1817.8675085306168,"{""geodesic"":false,""type"":""Point"",""coordinates"":[83.87349720579363,21.558803250877013]}"
748,10.0,192,2018,1,0,21.55125740249041,83.91212476301077,0.121071614,0.020261144,2019,1841.7995253801346,"{""geodesic"":false,""type"":""Point"",""coordinates"":[83.91212476301077,21.55125740249041]}"
749,28.284271247461902,140,2018,1,0,21.452622384294088,83.97213222398995,0.2645204,-0.120679796,2019,1864.4806005470455,"{""geodesic"":false,""type"":""Point"",""coordinates"":[83.97213222398995,21.452622384294088]}"
750,0.0,193,2018,1,0,21.560150723803194,83.95766934791563,-0.085220575,0.2167968,2019,1879.656286597252,"{""geodesic"":false,""type"":""Point"",""coordinates"":[83.95766934791563,21.560150723803194]}"
751,30.0,141,2018,1,3,21.460258064209103,83.95560322276215,0.5628913,-0.44539663,2019,1864.4806005470455,"{""geodesic"":false,""type"":""Point"",""coordinates"":[83.95560322276215,21.460258064209103]}"
752,20.0,199,2018,1,0,21.550718413319938,83.87538366789028,0.35136673,-0.44189578,2019,1817.8675085306168,"{""geodesic"":false,""type"":""Point"",""coordinates"":[83.87538366789028,21.550718413319938]}"
753,14.142135623730951,191,2018,1,0,21.59689181892368,84.00402241657619,0.027527347,0.09038025,2019,1817.3649086654186,"{""geodesic"":false,""type"":""Point"",""coordinates"":[84.00402241657619,21.59689181892368]}"
754,30.0,169,2018,1,0,21.36818074758685,83.91697566554501,0.59558415,-0.53017294,2019,1811.7444865852594,"{""geodesic"":false,""type"":""Point"",""coordinates"":[83.91697566554501,21.36818074758685]}"
755,28.284271247461902,169,2018,1,0,21.418935561139605,83.92883342729539,0.4771319,-0.3915219,2019,1830.1350152492523,"{""geodesic"":false,""type"":""Point"",""coordinates"":[83.92883342729539,21.418935561139605]}"
756,0.0,156,2018,1,6,21.494304213477232,83.96611351158636,-0.042735044,0.16881259,2019,1864.4806005470455,"{""geodesic"":false,""type"":""Point"",""coordinates"":[83.96611351158636,21.494304213477232]}"
757,22.360679774997898,158,2018,1,0,21.486309207448567,83.90080599043087,0.3144031,-0.22973615,2019,1824.7350696804933,"{""geodesic"":false,""type"":""Point"",""coordinates"":[83.90080599043087,21.486309207448567]}"
758,28.284271247461902,165,2018,1,0,21.513617992085802,83.85526140552601,0.46003553,-0.47708896,2019,1808.5140246152878,"{""geodesic"":false,""type"":""Point"",""coordinates"":[83.85526140552601,21.513617992085802]}"
759,28.284271247461902,136,2018,1,0,21.355514502080766,83.94194883044354,0.5243765,-0.46410137,2019,1811.7444865852594,"{""geodesic"":false,""type"":""Point"",""coordinates"":[83.94194883044354,21.355514502080766]}"
760,10.0,192,2018,1,0,21.554221842928005,83.91580785567565,0.07180385,-0.007905139,2019,1841.7995253801346,"{""geodesic"":false,""type"":""Point"",""coordinates"":[83.91580785567565,21.554221842928005]}"
761,0.0,194,2018,1,0,21.561138870615725,83.95407608677915,-0.14329593,0.30228978,2019,1879.656286597252,"{""geodesic"":false,""type"":""Point"",""coordinates"":[83.95407608677915,21.561138870615725]}"
762,0.0,155,2018,1,0,21.438429002804998,83.94464377629589,-0.014595942,0.15222052,2019,1830.1350152492523,"{""geodesic"":false,""type"":""Point"",""coordinates"":[83.94464377629589,21.438429002804998]}"
763,10.0,155,2018,1,0,21.438429002804998,83.94374546101177,0.033735685,0.14500698,2019,1830.1350152492523,"{""geodesic"":false,""type"":""Point"",""coordinates"":[83.94374546101177,21.438429002804998]}"
764,10.0,181,2018,1,0,21.403754032837984,84.12394750700615,0.09317365,0.08561507,2019,1844.913420587778,"{""geodesic"":false,""type"":""Point"",""coordinates"":[84.12394750700615,21.403754032837984]}"
765,28.284271247461902,192,2018,1,0,21.555120158212123,83.87718029845851,0.4261665,-0.44842967,2019,1817.8675085306168,"{""geodesic"":false,""type"":""Point"",""coordinates"":[83.87718029845851,21.555120158212123]}"
766,22.360679774997898,193,2018,1,0,21.555209989740536,83.87915659208358,0.32662722,-0.27676538,2019,1817.8675085306168,"{""geodesic"":false,""type"":""Point"",""coordinates"":[83.87915659208358,21.555209989740536]}"
767,10.0,194,2018,1,0,21.524128280910002,84.16976158649625,0.314034,-0.21962617,2019,1866.5584846138954,"{""geodesic"":false,""type"":""Point"",""coordinates"":[84.16976158649625,21.524128280910002]}"
768,14.142135623730951,192,2018,1,0,21.598329123378274,84.02189889073017,-0.028641824,0.1260737,2019,1817.3649086654186,"{""geodesic"":false,""type"":""Point"",""coordinates"":[84.02189889073017,21.598329123378274]}"
769,14.142135623730951,140,2018,1,0,21.460258064209103,83.96880845743871,0.18492335,-0.053835973,2019,1864.4806005470455,"{""geodesic"":false,""type"":""Point"",""coordinates"":[83.96880845743871,21.460258064209103]}"
770,30.0,134,2018,1,0,21.385338569513536,83.969527109666,0.2291024,-0.25341967,2019,1845.9195078182966,"{""geodesic"":false,""type"":""Point"",""coordinates"":[83.969527109666,21.385338569513536]}"
771,20.0,188,2018,1,0,21.501939893392247,83.85050033452016,0.5267337,-0.45362905,2019,1808.5140246152878,"{""geodesic"":false,""type"":""Point"",""coordinates"":[83.85050033452016,21.501939893392247]}"
772,0.0,192,2018,1,0,21.56086937603049,83.9679101421546,-0.08465724,0.17867604,2019,1879.656286597252,"{""geodesic"":false,""type"":""Point"",""coordinates"":[83.9679101421546,21.56086937603049]}"
773,10.0,164,2018,1,0,21.42513393660003,83.883827831561,-0.017073171,0.13704497,2019,1786.3003811836243,"{""geodesic"":false,""type"":""Point"",""coordinates"":[83.883827831561,21.42513393660003]}"
774,30.0,194,2018,1,1,21.561947354371434,83.86810731408892,0.5699313,-0.51200837,2019,1817.8675085306168,"{""geodesic"":false,""type"":""Point"",""coordinates"":[83.86810731408892,21.561947354371434]}"
775,0.0,155,2018,1,0,21.438249339748175,83.94365562948336,-0.05625,0.21669418,2019,1830.1350152492523,"{""geodesic"":false,""type"":""Point"",""coordinates"":[83.94365562948336,21.438249339748175]}"
776,0.0,191,2018,1,0,21.551796391660883,83.93431315052852,-0.20646483,0.35336673,2019,1841.7995253801346,"{""geodesic"":false,""type"":""Point"",""coordinates"":[83.93431315052852,21.551796391660883]}"
777,10.0,195,2018,1,0,21.559252408519075,83.87268872203792,0.0804331,0.0,2019,1817.8675085306168,"{""geodesic"":false,""type"":""Point"",""coordinates"":[83.87268872203792,21.559252408519075]}"
778,20.0,195,2018,1,0,21.59949693324763,83.94742855367666,0.04793704,0.03279771,2019,1841.7995253801346,"{""geodesic"":false,""type"":""Point"",""coordinates"":[83.94742855367666,21.59949693324763]}"
779,30.0,161,2018,1,0,21.45100541678267,83.93925388459118,0.09192974,0.030526353,2019,1824.7350696804933,"{""geodesic"":false,""type"":""Point"",""coordinates"":[83.93925388459118,21.45100541678267]}"
780,14.142135623730951,194,2018,1,0,21.59787996573621,83.94823703743238,0.0033783785,0.056985293,2019,1841.7995253801346,"{""geodesic"":false,""type"":""Point"",""coordinates"":[83.94823703743238,21.59787996573621]}"
781,0.0,191,2018,1,0,21.55574897891101,83.913921393579,-0.15060109,0.26201177,2019,1841.7995253801346,"{""geodesic"":false,""type"":""Point"",""coordinates"":[83.913921393579,21.55574897891101]}"
782,22.360679774997898,202,2018,1,0,21.579913660053823,84.16967175496784,0.27426416,-0.26207206,2019,1853.2677980661392,"{""geodesic"":false,""type"":""Point"",""coordinates"":[84.16967175496784,21.579913660053823]}"
783,10.0,191,2018,1,0,21.586471361627897,84.00168679683749,0.012931035,0.1360294,2019,1817.3649086654186,"{""geodesic"":false,""type"":""Point"",""coordinates"":[84.00168679683749,21.586471361627897]}"
784,28.284271247461902,171,2018,1,0,21.491609267624874,83.91517903497677,0.46398175,-0.38320357,2019,1824.7350696804933,"{""geodesic"":false,""type"":""Point"",""coordinates"":[83.91517903497677,21.491609267624874]}"
785,0.0,189,2018,1,0,21.558084598649717,83.94805737437555,-0.20024973,0.36013985,2019,1841.7995253801346,"{""geodesic"":false,""type"":""Point"",""coordinates"":[83.94805737437555,21.558084598649717]}"
786,30.0,192,2018,1,4,21.387135200081772,84.17155821706449,0.58304137,-0.5571256,2019,1799.8032282292843,"{""geodesic"":false,""type"":""Point"",""coordinates"":[84.17155821706449,21.387135200081772]}"
787,0.0,193,2018,1,0,21.558443924763367,83.96764064756935,-0.0770428,0.28219095,2019,1879.656286597252,"{""geodesic"":false,""type"":""Point"",""coordinates"":[83.96764064756935,21.558443924763367]}"
788,30.0,152,2018,1,4,21.354526355268234,83.89191266911808,0.63087004,-0.55178386,2019,1779.127650797367,"{""geodesic"":false,""type"":""Point"",""coordinates"":[83.89191266911808,21.354526355268234]}"
789,10.0,191,2018,1,0,21.55763544100766,83.94895568965967,-0.03951775,0.12382892,2019,1841.7995253801346,"{""geodesic"":false,""type"":""Point"",""coordinates"":[83.94895568965967,21.55763544100766]}"
790,20.0,188,2018,1,0,21.558713419348603,83.90098565348768,0.2095121,-0.1302682,2019,1841.7995253801346,"{""geodesic"":false,""type"":""Point"",""coordinates"":[83.90098565348768,21.558713419348603]}"
791,14.142135623730951,140,2018,1,0,21.465827618970643,83.96701182687048,0.10980502,0.055473216,2019,1864.4806005470455,"{""geodesic"":false,""type"":""Point"",""coordinates"":[83.96701182687048,21.465827618970643]}"
792,20.0,155,2018,1,0,21.437800182106116,83.94230815655719,0.22801675,-0.109353505,2019,1830.1350152492523,"{""geodesic"":false,""type"":""Point"",""coordinates"":[83.94230815655719,21.437800182106116]}"
793,30.0,193,2018,1,0,21.52951817261472,84.16095809671188,0.32065308,-0.35205927,2019,1866.5584846138954,"{""geodesic"":false,""type"":""Point"",""coordinates"":[84.16095809671188,21.52951817261472]}"
794,30.0,195,2018,1,0,21.59446636765656,83.95757951638721,0.38763362,-0.3328135,2019,1879.656286597252,"{""geodesic"":false,""type"":""Point"",""coordinates"":[83.95757951638721,21.59446636765656]}"
795,0.0,190,2018,1,0,21.542723407291273,84.11631182709114,-0.034280118,0.16227697,2019,1877.1579506397247,"{""geodesic"":false,""type"":""Point"",""coordinates"":[84.11631182709114,21.542723407291273]}"
796,0.0,194,2018,1,0,21.592400242503086,83.99216465482581,-0.118950315,0.23837858,2019,1879.656286597252,"{""geodesic"":false,""type"":""Point"",""coordinates"":[83.99216465482581,21.592400242503086]}"
797,20.0,184,2018,1,1,21.397016668207087,84.03986519641256,0.43915343,-0.45002222,2019,1750.1960060186684,"{""geodesic"":false,""type"":""Point"",""coordinates"":[84.03986519641256,21.397016668207087]}"
798,20.0,194,2018,1,0,21.554221842928005,83.91778414930072,0.24740636,-0.17178725,2019,1841.7995253801346,"{""geodesic"":false,""type"":""Point"",""coordinates"":[83.91778414930072,21.554221842928005]}"
799,22.360679774997898,175,2018,1,4,21.52969783567154,84.0055495525592,0.34011298,-0.38182423,2019,1821.555781364441,"{""geodesic"":false,""type"":""Point"",""coordinates"":[84.0055495525592,21.52969783567154]}"
800,10.0,136,2018,1,0,21.377253731956458,83.96440671254652,0.15869707,-0.092325635,2019,1845.9195078182966,"{""geodesic"":false,""type"":""Point"",""coordinates"":[83.96440671254652,21.377253731956458]}"
801,22.360679774997898,149,2018,1,0,21.377163900428048,83.91410105663583,0.204118,-0.116168104,2019,1811.7444865852594,"{""geodesic"":false,""type"":""Point"",""coordinates"":[83.91410105663583,21.377163900428048]}"
802,0.0,207,2018,1,0,21.353089050813644,84.14155448657489,-0.23642944,0.39046702,2019,1791.6786192953587,"{""geodesic"":false,""type"":""Point"",""coordinates"":[84.14155448657489,21.353089050813644]}"
803,22.360679774997898,159,2018,1,0,21.48541089216445,83.92164690502243,0.3889887,-0.38577285,2019,1824.7350696804933,"{""geodesic"":false,""type"":""Point"",""coordinates"":[83.92164690502243,21.48541089216445]}"
804,22.360679774997898,176,2018,1,7,21.45612581390215,83.91553836109043,0.11847901,-0.21670702,2019,1824.7350696804933,"{""geodesic"":false,""type"":""Point"",""coordinates"":[83.91553836109043,21.45612581390215]}"
805,0.0,192,2018,1,0,21.571918654025158,83.98551712172333,-0.13223732,0.28271788,2019,1879.656286597252,"{""geodesic"":false,""type"":""Point"",""coordinates"":[83.98551712172333,21.571918654025158]}"
806,0.0,192,2018,1,0,21.559521903104308,83.96377789184764,-0.07308782,0.17150573,2019,1879.656286597252,"{""geodesic"":false,""type"":""Point"",""coordinates"":[83.96377789184764,21.559521903104308]}"
807,14.142135623730951,156,2018,1,0,21.406359147161933,83.92200623113608,0.48278707,-0.29257926,2019,1830.1350152492523,"{""geodesic"":false,""type"":""Point"",""coordinates"":[83.92200623113608,21.406359147161933]}"
808,22.360679774997898,193,2018,1,0,21.558443924763367,83.95003366800061,0.0107438015,0.073484845,2019,1879.656286597252,"{""geodesic"":false,""type"":""Point"",""coordinates"":[83.95003366800061,21.558443924763367]}"
809,10.0,155,2018,1,0,21.43654254070835,83.94599124922208,0.030460624,0.10717734,2019,1830.1350152492523,"{""geodesic"":false,""type"":""Point"",""coordinates"":[83.94599124922208,21.43654254070835]}"
810,30.0,154,2018,1,0,21.516043443352924,83.86020213958867,0.37521815,-0.36924413,2019,1808.5140246152878,"{""geodesic"":false,""type"":""Point"",""coordinates"":[83.86020213958867,21.516043443352924]}"
811,30.0,136,2018,1,0,21.39117761886031,83.97087458259219,0.43127874,-0.43657646,2019,1845.9195078182966,"{""geodesic"":false,""type"":""Point"",""coordinates"":[83.97087458259219,21.39117761886031]}"
812,30.0,175,2018,1,1,21.42055252865102,83.89784154999327,0.39943212,-0.4469922,2019,1786.3003811836243,"{""geodesic"":false,""type"":""Point"",""coordinates"":[83.89784154999327,21.42055252865102]}"
813,30.0,138,2018,1,0,21.43753068752088,83.97383902302978,0.43868637,-0.341691,2019,1843.4924929630943,"{""geodesic"":false,""type"":""Point"",""coordinates"":[83.97383902302978,21.43753068752088]}"
814,10.0,196,2018,1,0,21.599227438662393,83.90439925156734,0.014389907,0.10725593,2019,1841.7995253801346,"{""geodesic"":false,""type"":""Point"",""coordinates"":[83.90439925156734,21.599227438662393]}"
815,14.142135623730951,198,2018,1,0,21.584495068002834,84.12044407739809,0.05872622,-0.02811245,2019,1777.1123813986778,"{""geodesic"":false,""type"":""Point"",""coordinates"":[84.12044407739809,21.584495068002834]}"
816,14.142135623730951,176,2018,1,4,21.44678333494731,83.91356206746536,0.19630842,-0.22184877,2019,1830.1350152492523,"{""geodesic"":false,""type"":""Point"",""coordinates"":[83.91356206746536,21.44678333494731]}"
817,10.0,192,2018,1,0,21.555030326683713,83.93961321070482,0.071503684,0.0019588638,2019,1841.7995253801346,"{""geodesic"":false,""type"":""Point"",""coordinates"":[83.93961321070482,21.555030326683713]}"
818,0.0,195,2018,1,0,21.59356805237244,83.95695069568833,-0.06053269,0.19756891,2019,1879.656286597252,"{""geodesic"":false,""type"":""Point"",""coordinates"":[83.95695069568833,21.59356805237244]}"
819,28.284271247461902,163,2018,1,0,21.411569375809826,83.92326387253385,0.5760599,-0.5493954,2019,1830.1350152492523,"{""geodesic"":false,""type"":""Point"",""coordinates"":[83.92326387253385,21.411569375809826]}"
820,10.0,198,2018,1,0,21.528530025802187,84.19365677305383,0.036777582,-0.04778761,2019,1866.5584846138954,"{""geodesic"":false,""type"":""Point"",""coordinates"":[84.19365677305383,21.528530025802187]}"
821,10.0,195,2018,1,0,21.57712888267305,83.99333246469517,-0.010421836,0.08321839,2019,1879.656286597252,"{""geodesic"":false,""type"":""Point"",""coordinates"":[83.99333246469517,21.57712888267305]}"
822,28.284271247461902,199,2018,1,0,21.591951084861023,84.0108496127355,0.06427543,0.040141676,2019,1817.3649086654186,"{""geodesic"":false,""type"":""Point"",""coordinates"":[84.0108496127355,21.591951084861023]}"
823,20.0,141,2018,1,0,21.45729362377151,83.96808980521142,0.065675266,0.09275862,2019,1864.4806005470455,"{""geodesic"":false,""type"":""Point"",""coordinates"":[83.96808980521142,21.45729362377151]}"
824,28.284271247461902,164,2018,1,0,21.413096511792826,83.92506050310209,0.5350224,-0.50564784,2019,1830.1350152492523,"{""geodesic"":false,""type"":""Point"",""coordinates"":[83.92506050310209,21.413096511792826]}"
825,14.142135623730951,160,2018,1,0,21.360814562257072,83.91643667637454,0.06452438,0.09151351,2019,1811.7444865852594,"{""geodesic"":false,""type"":""Point"",""coordinates"":[83.91643667637454,21.360814562257072]}"
826,0.0,189,2018,1,0,21.557904935592894,83.94823703743238,-0.16741271,0.32297987,2019,1841.7995253801346,"{""geodesic"":false,""type"":""Point"",""coordinates"":[83.94823703743238,21.557904935592894]}"
827,22.360679774997898,193,2018,1,0,21.560240555331607,83.95506423359168,0.13320999,-0.06290673,2019,1879.656286597252,"{""geodesic"":false,""type"":""Point"",""coordinates"":[83.95506423359168,21.560240555331607]}"
828,0.0,188,2018,1,0,21.552425212359765,83.91221459453918,-0.19588292,0.35691318,2019,1841.7995253801346,"{""geodesic"":false,""type"":""Point"",""coordinates"":[83.91221459453918,21.552425212359765]}"
829,28.284271247461902,156,2018,1,0,21.452622384294088,83.9387148954207,0.21615249,-0.07324511,2019,1824.7350696804933,"{""geodesic"":false,""type"":""Point"",""coordinates"":[83.9387148954207,21.452622384294088]}"
830,10.0,191,2018,1,0,21.59275956861673,83.99566808443389,0.008713838,0.053629823,2019,1879.656286597252,"{""geodesic"":false,""type"":""Point"",""coordinates"":[83.99566808443389,21.59275956861673]}"
831,28.284271247461902,140,2018,1,0,21.417947414327074,83.97985773543338,0.25797707,-0.176746,2019,1843.4924929630943,"{""geodesic"":false,""type"":""Point"",""coordinates"":[83.97985773543338,21.417947414327074]}"
832,10.0,147,2018,1,0,21.379499520166757,83.91580785567565,0.059145544,0.014614703,2019,1811.7444865852594,"{""geodesic"":false,""type"":""Point"",""coordinates"":[83.91580785567565,21.379499520166757]}"
833,28.284271247461902,197,2018,1,1,21.49960427365354,83.85391393259982,0.39791834,-0.3846154,2019,1769.5761865973473,"{""geodesic"":false,""type"":""Point"",""coordinates"":[83.85391393259982,21.49960427365354]}"
834,20.0,194,2018,1,0,21.56104903908731,83.95362692913709,0.26470104,-0.2435015,2019,1879.656286597252,"{""geodesic"":false,""type"":""Point"",""coordinates"":[83.95362692913709,21.56104903908731]}"
835,22.360679774997898,198,2018,1,0,21.562576175070316,83.86819714561732,0.31082425,-0.37095377,2019,1817.8675085306168,"{""geodesic"":false,""type"":""Point"",""coordinates"":[83.86819714561732,21.562576175070316]}"
836,28.284271247461902,172,2018,1,4,21.517929905449577,83.95084215175632,0.71585757,-0.6576089,2019,1907.0745749771595,"{""geodesic"":false,""type"":""Point"",""coordinates"":[83.95084215175632,21.517929905449577]}"
837,0.0,193,2018,1,0,21.561138870615725,83.96710165839889,-0.08584945,0.17761923,2019,1879.656286597252,"{""geodesic"":false,""type"":""Point"",""coordinates"":[83.96710165839889,21.561138870615725]}"
838,14.142135623730951,193,2018,1,4,21.416959267514542,84.16329371645058,0.09307119,-0.12776051,2019,1813.083622455597,"{""geodesic"":false,""type"":""Point"",""coordinates"":[84.16329371645058,21.416959267514542]}"
839,22.360679774997898,155,2018,1,0,21.52143333505764,83.86262759085578,0.32816538,-0.2675709,2019,1808.5140246152878,"{""geodesic"":false,""type"":""Point"",""coordinates"":[83.86262759085578,21.52143333505764]}"
840,22.360679774997898,150,2018,1,3,21.53059615095566,83.88499564143036,0.23775215,-0.18319559,2019,1808.5140246152878,"{""geodesic"":false,""type"":""Point"",""coordinates"":[83.88499564143036,21.53059615095566]}"
841,0.0,192,2018,1,0,21.555030326683713,83.93655893873881,-0.19676113,0.27617657,2019,1841.7995253801346,"{""geodesic"":false,""type"":""Point"",""coordinates"":[83.93655893873881,21.555030326683713]}"
842,10.0,158,2018,1,0,21.484422745351917,83.89343980510108,0.050183598,0.05506608,2019,1769.5761865973473,"{""geodesic"":false,""type"":""Point"",""coordinates"":[83.89343980510108,21.484422745351917]}"
843,10.0,192,2018,1,0,21.552694706945,83.9371877594377,-0.032747604,0.098623,2019,1841.7995253801346,"{""geodesic"":false,""type"":""Point"",""coordinates"":[83.9371877594377,21.552694706945]}"
844,28.284271247461902,158,2018,1,0,21.45603598237374,83.94805737437555,0.30227336,-0.23877327,2019,1824.7350696804933,"{""geodesic"":false,""type"":""Point"",""coordinates"":[83.94805737437555,21.45603598237374]}"
845,10.0,184,2018,1,0,21.538591156984324,83.98632560547904,-0.0068074707,0.13021879,2019,1907.0745749771595,"{""geodesic"":false,""type"":""Point"",""coordinates"":[83.98632560547904,21.538591156984324]}"
846,10.0,158,2018,1,0,21.486938028147453,83.89469744649885,-0.058139537,0.1262136,2019,1769.5761865973473,"{""geodesic"":false,""type"":""Point"",""coordinates"":[83.89469744649885,21.486938028147453]}"
847,20.0,159,2018,1,0,21.44588501966319,83.9499438364722,0.12575288,-0.042067915,2019,1830.1350152492523,"{""geodesic"":false,""type"":""Point"",""coordinates"":[83.9499438364722,21.44588501966319]}"
848,30.0,152,2018,1,4,21.472744646658363,84.0139038847015,0.38184005,-0.46930945,2019,1883.5151779651642,"{""geodesic"":false,""type"":""Point"",""coordinates"":[84.0139038847015,21.472744646658363]}"
849,10.0,190,2018,1,0,21.55583881043942,83.93979287376165,-0.039871383,0.13724357,2019,1841.7995253801346,"{""geodesic"":false,""type"":""Point"",""coordinates"":[83.93979287376165,21.55583881043942]}"
850,10.0,191,2018,1,0,21.55350319070071,84.14703420980803,-0.0050251256,0.12890454,2019,1777.1123813986778,"{""geodesic"":false,""type"":""Point"",""coordinates"":[84.14703420980803,21.55350319070071]}"
851,28.284271247461902,194,2018,1,0,21.596083335167975,83.96090328293846,0.38273892,-0.4127585,2019,1879.656286597252,"{""geodesic"":false,""type"":""Point"",""coordinates"":[83.96090328293846,21.596083335167975]}"
852,14.142135623730951,208,2018,1,0,21.386326716326067,84.14317145408631,0.17918314,-0.13650794,2019,1791.6786192953587,"{""geodesic"":false,""type"":""Point"",""coordinates"":[84.14317145408631,21.386326716326067]}"
853,30.0,135,2018,1,0,21.386236884797654,83.97419834914342,0.4695833,-0.42424244,2019,1845.9195078182966,"{""geodesic"":false,""type"":""Point"",""coordinates"":[83.97419834914342,21.386236884797654]}"
854,22.360679774997898,142,2018,1,0,21.411928701923472,83.99144600259852,-0.0554371,0.13980582,2019,1843.4924929630943,"{""geodesic"":false,""type"":""Point"",""coordinates"":[83.99144600259852,21.411928701923472]}"
855,14.142135623730951,190,2018,1,4,21.442022263941475,84.19778902336077,0.39978608,-0.37884533,2019,1813.083622455597,"{""geodesic"":false,""type"":""Point"",""coordinates"":[84.19778902336077,21.442022263941475]}"
856,20.0,155,2018,1,0,21.401328581570862,83.92092825279514,0.6352412,-0.5158099,2019,1830.1350152492523,"{""geodesic"":false,""type"":""Point"",""coordinates"":[83.92092825279514,21.401328581570862]}"
857,14.142135623730951,160,2018,1,0,21.462593683947812,84.04750087632758,0.09252218,0.023782559,2019,1883.5151779651642,"{""geodesic"":false,""type"":""Point"",""coordinates"":[84.04750087632758,21.462593683947812]}"
858,10.0,198,2018,1,0,21.552515043888178,84.16985141802466,-0.0015067805,0.054683786,2019,1853.2677980661392,"{""geodesic"":false,""type"":""Point"",""coordinates"":[84.16985141802466,21.552515043888178]}"
859,14.142135623730951,155,2018,1,0,21.43896799197547,83.94455394476748,0.12050932,0.0056497175,2019,1830.1350152492523,"{""geodesic"":false,""type"":""Point"",""coordinates"":[83.94455394476748,21.43896799197547]}"
860,0.0,191,2018,1,0,21.6000359224181,84.02046158627559,-0.16913946,0.27083334,2019,1734.7409273386002,"{""geodesic"":false,""type"":""Point"",""coordinates"":[84.02046158627559,21.6000359224181]}"
861,0.0,193,2018,1,0,21.561138870615725,83.95434558136438,-0.16993015,0.3162587,2019,1879.656286597252,"{""geodesic"":false,""type"":""Point"",""coordinates"":[83.95434558136438,21.561138870615725]}"
862,30.0,198,2018,1,0,21.573086463894516,83.98641543700745,0.18538885,-0.23474862,2019,1879.656286597252,"{""geodesic"":false,""type"":""Point"",""coordinates"":[83.98641543700745,21.573086463894516]}"
863,0.0,160,2018,1,0,21.43860866586182,83.93610978109676,-0.060075372,0.16699411,2019,1830.1350152492523,"{""geodesic"":false,""type"":""Point"",""coordinates"":[83.93610978109676,21.43860866586182]}"
864,22.360679774997898,150,2018,1,0,21.525116427722534,83.89236182676014,0.29411766,-0.20604914,2019,1808.5140246152878,"{""geodesic"":false,""type"":""Point"",""coordinates"":[83.89236182676014,21.525116427722534]}"
865,30.0,158,2018,1,0,21.470229363862828,83.91203493148235,0.17825595,-0.06655185,2019,1824.7350696804933,"{""geodesic"":false,""type"":""Point"",""coordinates"":[83.91203493148235,21.470229363862828]}"
866,30.0,192,2018,1,0,21.560150723803194,83.9679101421546,0.34057578,-0.27699205,2019,1879.656286597252,"{""geodesic"":false,""type"":""Point"",""coordinates"":[83.9679101421546,21.560150723803194]}"
867,30.0,201,2018,1,0,21.59275956861673,84.03699058750338,0.23563474,-0.29432625,2019,1817.3649086654186,"{""geodesic"":false,""type"":""Point"",""coordinates"":[84.03699058750338,21.59275956861673]}"
868,10.0,157,2018,1,0,21.42513393660003,83.93395382441487,0.11971916,0.05079528,2019,1830.1350152492523,"{""geodesic"":false,""type"":""Point"",""coordinates"":[83.93395382441487,21.42513393660003]}"
869,28.284271247461902,188,2018,1,0,21.558893082405426,83.90215346335704,0.25136897,-0.19333582,2019,1841.7995253801346,"{""geodesic"":false,""type"":""Point"",""coordinates"":[83.90215346335704,21.558893082405426]}"
870,0.0,190,2018,1,0,21.58889681289502,83.99980033474083,-0.13850416,0.20831566,2019,1879.656286597252,"{""geodesic"":false,""type"":""Point"",""coordinates"":[83.99980033474083,21.58889681289502]}"
871,20.0,191,2018,1,1,21.56832539288868,84.13751206779635,0.3391198,-0.4363076,2019,1777.1123813986778,"{""geodesic"":false,""type"":""Point"",""coordinates"":[84.13751206779635,21.56832539288868]}"
872,30.0,205,2018,1,0,21.358658605575183,84.15781399321746,0.09957877,-0.1764918,2019,1799.8032282292843,"{""geodesic"":false,""type"":""Point"",""coordinates"":[84.15781399321746,21.358658605575183]}"
873,22.360679774997898,143,2018,1,0,21.454508846390738,83.97042542495012,0.23713161,-0.22918002,2019,1864.4806005470455,"{""geodesic"":false,""type"":""Point"",""coordinates"":[83.97042542495012,21.454508846390738]}"
874,14.142135623730951,196,2018,1,0,21.54712515218346,83.88876856562366,0.32133996,-0.26035503,2019,1808.5140246152878,"{""geodesic"":false,""type"":""Point"",""coordinates"":[83.88876856562366,21.54712515218346]}"
875,0.0,188,2018,1,0,21.597790134207802,84.00447157421826,-0.08611213,0.2521739,2019,1817.3649086654186,"{""geodesic"":false,""type"":""Point"",""coordinates"":[84.00447157421826,21.597790134207802]}"
876,0.0,189,2018,1,0,21.556018473496245,83.939433547648,-0.11606527,0.19699343,2019,1841.7995253801346,"{""geodesic"":false,""type"":""Point"",""coordinates"":[83.939433547648,21.556018473496245]}"
877,28.284271247461902,134,2018,1,0,21.352280567057935,83.92631814449986,0.19050542,-0.085407265,2019,1811.7444865852594,"{""geodesic"":false,""type"":""Point"",""coordinates"":[83.92631814449986,21.352280567057935]}"
878,22.360679774997898,144,2018,1,0,21.420193202537373,84.01597000985498,0.05606524,0.05732484,2019,1877.4567596316338,"{""geodesic"":false,""type"":""Point"",""coordinates"":[84.01597000985498,21.420193202537373]}"
879,30.0,157,2018,1,0,21.51999603060305,83.86379540072514,0.23336291,-0.26709208,2019,1808.5140246152878,"{""geodesic"":false,""type"":""Point"",""coordinates"":[83.86379540072514,21.51999603060305]}"
880,14.142135623730951,197,2018,1,1,21.393513238599024,84.13158318692116,0.24624625,-0.17897727,2019,1791.6786192953587,"{""geodesic"":false,""type"":""Point"",""coordinates"":[84.13158318692116,21.393513238599024]}"
881,14.142135623730951,158,2018,1,0,21.494304213477232,83.89065502772031,0.038709678,0.024242423,2019,1769.5761865973473,"{""geodesic"":false,""type"":""Point"",""coordinates"":[83.89065502772031,21.494304213477232]}"
882,10.0,181,2018,1,0,21.451095248311084,83.88787025033955,-0.06941581,0.14896291,2019,1769.5761865973473,"{""geodesic"":false,""type"":""Point"",""coordinates"":[83.88787025033955,21.451095248311084]}"
883,22.360679774997898,192,2018,1,0,21.5203553567167,84.17443282597367,0.5239544,-0.5118823,2019,1866.5584846138954,"{""geodesic"":false,""type"":""Point"",""coordinates"":[84.17443282597367,21.5203553567167]}"
884,10.0,173,2018,1,4,21.521253672000817,84.0649281928395,0.046511628,0.0,2019,1837.575457572937,"{""geodesic"":false,""type"":""Point"",""coordinates"":[84.0649281928395,21.521253672000817]}"
885,22.360679774997898,194,2018,1,0,21.55817443017813,83.87062259688444,0.34924152,-0.38150087,2019,1817.8675085306168,"{""geodesic"":false,""type"":""Point"",""coordinates"":[83.87062259688444,21.55817443017813]}"
886,10.0,176,2018,1,0,21.452532552765675,84.15628685723445,-0.013804528,0.12322042,2019,1863.3773620426655,"{""geodesic"":false,""type"":""Point"",""coordinates"":[84.15628685723445,21.452532552765675]}"
887,20.0,188,2018,1,0,21.567606740661386,83.85382410107141,0.6094144,-0.5329597,2019,1817.8675085306168,"{""geodesic"":false,""type"":""Point"",""coordinates"":[83.85382410107141,21.567606740661386]}"
888,0.0,192,2018,1,0,21.589615465122314,83.99989016626924,-0.11893033,0.21208307,2019,1879.656286597252,"{""geodesic"":false,""type"":""Point"",""coordinates"":[83.99989016626924,21.589615465122314]}"
889,14.142135623730951,191,2018,1,0,21.55898291393384,83.96773047909777,0.15931462,-0.08253272,2019,1879.656286597252,"{""geodesic"":false,""type"":""Point"",""coordinates"":[83.96773047909777,21.55898291393384]}"
890,10.0,196,2018,1,0,21.492148256795346,83.85319528037253,0.23847695,-0.021487603,2019,1769.5761865973473,"{""geodesic"":false,""type"":""Point"",""coordinates"":[83.85319528037253,21.492148256795346]}"
891,28.284271247461902,156,2018,1,0,21.45935974892498,83.93655893873881,0.12722027,-0.0075216247,2019,1824.7350696804933,"{""geodesic"":false,""type"":""Point"",""coordinates"":[83.93655893873881,21.45935974892498]}"
892,14.142135623730951,142,2018,1,0,21.437710350577703,83.97276104468884,0.3266073,-0.22619048,2019,1843.4924929630943,"{""geodesic"":false,""type"":""Point"",""coordinates"":[83.97276104468884,21.437710350577703]}"
893,28.284271247461902,158,2018,1,0,21.47337346735725,83.91383156205059,0.061923582,0.004528613,2019,1824.7350696804933,"{""geodesic"":false,""type"":""Point"",""coordinates"":[83.91383156205059,21.47337346735725]}"
894,30.0,194,2018,1,0,21.59446636765656,83.89972801208992,0.39086705,-0.38582677,2019,1817.8675085306168,"{""geodesic"":false,""type"":""Point"",""coordinates"":[83.89972801208992,21.59446636765656]}"
895,10.0,159,2018,1,0,21.45280204735091,83.94958451035855,0.084879525,0.122634746,2019,1824.7350696804933,"{""geodesic"":false,""type"":""Point"",""coordinates"":[83.94958451035855,21.45280204735091]}"
896,28.284271247461902,193,2018,1,0,21.56140836520096,83.9762644742969,0.23361017,-0.30928934,2019,1879.656286597252,"{""geodesic"":false,""type"":""Point"",""coordinates"":[83.9762644742969,21.56140836520096]}"
897,20.0,185,2018,1,1,21.545059027029986,83.98982903508711,0.34862754,-0.34079215,2019,1907.0745749771595,"{""geodesic"":false,""type"":""Point"",""coordinates"":[83.98982903508711,21.545059027029986]}"
898,10.0,136,2018,1,0,21.360904393785482,83.92712662825556,0.065679535,0.12301138,2019,1811.7444865852594,"{""geodesic"":false,""type"":""Point"",""coordinates"":[83.92712662825556,21.360904393785482]}"
899,10.0,188,2018,1,0,21.555479484325772,83.93808607472182,0.086065575,-0.030126337,2019,1841.7995253801346,"{""geodesic"":false,""type"":""Point"",""coordinates"":[83.93808607472182,21.555479484325772]}"
900,0.0,193,2018,1,0,21.59222057944626,83.9545252444212,-0.1381295,0.27195382,2019,1879.656286597252,"{""geodesic"":false,""type"":""Point"",""coordinates"":[83.9545252444212,21.59222057944626]}"
901,22.360679774997898,188,2018,1,0,21.562486343541902,83.90377043086846,0.24128897,-0.16269939,2019,1841.7995253801346,"{""geodesic"":false,""type"":""Point"",""coordinates"":[83.90377043086846,21.562486343541902]}"
902,0.0,189,2018,1,0,21.551886223189292,83.92128757890879,-0.24891305,0.39332747,2019,1841.7995253801346,"{""geodesic"":false,""type"":""Point"",""coordinates"":[83.92128757890879,21.551886223189292]}"
903,0.0,191,2018,1,0,21.55170656013247,83.92353336711909,-0.22670251,0.37891328,2019,1841.7995253801346,"{""geodesic"":false,""type"":""Point"",""coordinates"":[83.92353336711909,21.55170656013247]}"
904,10.0,163,2018,1,0,21.35767045876265,83.91625701331772,0.05850323,0.12190767,2019,1811.7444865852594,"{""geodesic"":false,""type"":""Point"",""coordinates"":[83.91625701331772,21.35767045876265]}"
905,22.360679774997898,163,2018,1,0,21.35767045876265,83.91643667637454,0.24192773,-0.09314668,2019,1811.7444865852594,"{""geodesic"":false,""type"":""Point"",""coordinates"":[83.91643667637454,21.35767045876265]}"
906,20.0,155,2018,1,0,21.437710350577703,83.94230815655719,0.056052756,0.059169114,2019,1830.1350152492523,"{""geodesic"":false,""type"":""Point"",""coordinates"":[83.94230815655719,21.437710350577703]}"
907,28.284271247461902,156,2018,1,0,21.43573405695264,83.94751838520507,0.59528244,-0.5307743,2019,1830.1350152492523,"{""geodesic"":false,""type"":""Point"",""coordinates"":[83.94751838520507,21.43573405695264]}"
908,14.142135623730951,157,2018,1,0,21.36440782339355,83.88840923951001,0.14203455,-0.14203455,2019,1779.127650797367,"{""geodesic"":false,""type"":""Point"",""coordinates"":[83.88840923951001,21.36440782339355]}"
909,28.284271247461902,142,2018,1,0,21.4933160666647,83.92389269323273,0.2957582,-0.32128602,2019,1824.7350696804933,"{""geodesic"":false,""type"":""Point"",""coordinates"":[83.92389269323273,21.4933160666647]}"
910,14.142135623730951,135,2018,1,0,21.364856981035608,83.94230815655719,0.105455704,-0.0036101083,2019,1811.7444865852594,"{""geodesic"":false,""type"":""Point"",""coordinates"":[83.94230815655719,21.364856981035608]}"
911,30.0,188,2018,1,0,21.56221684895667,83.90350093628322,0.23834293,-0.18633209,2019,1841.7995253801346,"{""geodesic"":false,""type"":""Point"",""coordinates"":[83.90350093628322,21.56221684895667]}"
912,28.284271247461902,179,2018,1,0,21.452712215822498,83.88894822868049,0.25981122,-0.34179893,2019,1769.5761865973473,"{""geodesic"":false,""type"":""Point"",""coordinates"":[83.88894822868049,21.452712215822498]}"
913,14.142135623730951,197,2018,1,0,21.560150723803194,83.86882596631621,0.15566751,-0.17701386,2019,1817.8675085306168,"{""geodesic"":false,""type"":""Point"",""coordinates"":[83.86882596631621,21.560150723803194]}"
914,10.0,192,2018,1,0,21.5917714218042,84.00213595447954,-0.023319615,0.14397354,2019,1817.3649086654186,"{""geodesic"":false,""type"":""Point"",""coordinates"":[84.00213595447954,21.5917714218042]}"
915,10.0,191,2018,1,4,21.56832539288868,84.13724257321113,-0.10903808,0.095692664,2019,1777.1123813986778,"{""geodesic"":false,""type"":""Point"",""coordinates"":[84.13724257321113,21.56832539288868]}"
916,28.284271247461902,191,2018,1,0,21.560330386860016,83.97365935997296,0.36662945,-0.3489397,2019,1879.656286597252,"{""geodesic"":false,""type"":""Point"",""coordinates"":[83.97365935997296,21.560330386860016]}"
917,30.0,168,2018,1,0,21.36261119282531,83.91706549707342,0.33708975,-0.23805591,2019,1811.7444865852594,"{""geodesic"":false,""type"":""Point"",""coordinates"":[83.91706549707342,21.36261119282531]}"
918,28.284271247461902,194,2018,1,0,21.55350319070071,83.88266002169165,0.5629843,-0.4772965,2019,1817.8675085306168,"{""geodesic"":false,""type"":""Point"",""coordinates"":[83.88266002169165,21.55350319070071]}"
919,0.0,193,2018,1,0,21.559701566161134,83.95569305429056,-0.039208036,0.17828913,2019,1879.656286597252,"{""geodesic"":false,""type"":""Point"",""coordinates"":[83.95569305429056,21.559701566161134]}"
920,0.0,192,2018,1,0,21.55673712572354,83.94069118904576,-0.22591434,0.3382234,2019,1841.7995253801346,"{""geodesic"":false,""type"":""Point"",""coordinates"":[83.94069118904576,21.55673712572354]}"
921,0.0,204,2018,1,0,21.52870968885901,84.19473475139476,-0.12871288,0.17884915,2019,1866.5584846138954,"{""geodesic"":false,""type"":""Point"",""coordinates"":[84.19473475139476,21.52870968885901]}"
922,10.0,158,2018,1,0,21.47948201128926,83.92083842126672,0.01850717,0.12258473,2019,1824.7350696804933,"{""geodesic"":false,""type"":""Point"",""coordinates"":[83.92083842126672,21.47948201128926]}"
923,20.0,160,2018,1,0,21.462234357834166,84.04759070785599,-0.00243309,0.10284464,2019,1883.5151779651642,"{""geodesic"":false,""type"":""Point"",""coordinates"":[84.04759070785599,21.462234357834166]}"
924,28.284271247461902,176,2018,1,4,21.453161373464557,84.171019227894,0.35062343,-0.45142704,2019,1863.3773620426655,"{""geodesic"":false,""type"":""Point"",""coordinates"":[84.171019227894,21.453161373464557]}"
925,22.360679774997898,191,2018,1,0,21.562037185899843,83.9514709724552,0.15939087,-0.10752819,2019,1879.656286597252,"{""geodesic"":false,""type"":""Point"",""coordinates"":[83.9514709724552,21.562037185899843]}"
926,0.0,188,2018,1,0,21.551347234018824,83.93278601454551,-0.19384265,0.31259117,2019,1841.7995253801346,"{""geodesic"":false,""type"":""Point"",""coordinates"":[83.93278601454551,21.551347234018824]}"
927,30.0,157,2018,1,0,21.384170759644178,83.92155707349403,0.6920285,-0.5989823,2019,1811.7444865852594,"{""geodesic"":false,""type"":""Point"",""coordinates"":[83.92155707349403,21.384170759644178]}"
928,0.0,158,2018,1,0,21.475080266397075,83.91562819261884,-0.046898637,0.17273779,2019,1824.7350696804933,"{""geodesic"":false,""type"":""Point"",""coordinates"":[83.91562819261884,21.475080266397075]}"
929,10.0,164,2018,1,0,21.420193202537373,83.92955207952268,0.08061539,0.095156305,2019,1830.1350152492523,"{""geodesic"":false,""type"":""Point"",""coordinates"":[83.92955207952268,21.420193202537373]}"
930,20.0,202,2018,1,0,21.368809568285734,84.12933739871087,0.28319624,-0.34185302,2019,1791.6786192953587,"{""geodesic"":false,""type"":""Point"",""coordinates"":[84.12933739871087,21.368809568285734]}"
931,0.0,190,2018,1,0,21.552874370001824,83.91356206746536,-0.23619148,0.4025101,2019,1841.7995253801346,"{""geodesic"":false,""type"":""Point"",""coordinates"":[83.91356206746536,21.552874370001824]}"
932,0.0,166,2018,1,0,21.424055958259085,83.88436682073147,0.003726708,0.15569489,2019,1786.3003811836243,"{""geodesic"":false,""type"":""Point"",""coordinates"":[83.88436682073147,21.424055958259085]}"
933,14.142135623730951,160,2018,1,0,21.49286690902264,83.90377043086846,0.32652366,-0.22284997,2019,1824.7350696804933,"{""geodesic"":false,""type"":""Point"",""coordinates"":[83.90377043086846,21.49286690902264]}"
934,28.284271247461902,192,2018,1,0,21.567067751490914,83.98165436600162,0.086975336,-0.17511305,2019,1879.656286597252,"{""geodesic"":false,""type"":""Point"",""coordinates"":[83.98165436600162,21.567067751490914]}"
935,10.0,191,2018,1,0,21.586920519269956,84.00204612295113,0.025810722,0.087698646,2019,1817.3649086654186,"{""geodesic"":false,""type"":""Point"",""coordinates"":[84.00204612295113,21.586920519269956]}"
936,22.360679774997898,199,2018,1,0,21.375816427501867,84.14874100884785,0.18423855,-0.04217432,2019,1791.6786192953587,"{""geodesic"":false,""type"":""Point"",""coordinates"":[84.14874100884785,21.375816427501867]}"
937,10.0,163,2018,1,0,21.4835244300678,83.8920923321749,-0.012048192,0.10869565,2019,1769.5761865973473,"{""geodesic"":false,""type"":""Point"",""coordinates"":[83.8920923321749,21.4835244300678]}"
938,30.0,190,2018,1,0,21.550448918734702,83.93332500371599,0.11575828,-0.052827843,2019,1841.7995253801346,"{""geodesic"":false,""type"":""Point"",""coordinates"":[83.93332500371599,21.550448918734702]}"
939,22.360679774997898,154,2018,1,0,21.445705356606368,84.05253144191865,0.342246,-0.32453826,2019,1811.028529509902,"{""geodesic"":false,""type"":""Point"",""coordinates"":[84.05253144191865,21.445705356606368]}"
940,0.0,158,2018,1,0,21.48999230011346,83.90053649584563,-0.013292822,0.16328502,2019,1824.7350696804933,"{""geodesic"":false,""type"":""Point"",""coordinates"":[83.90053649584563,21.48999230011346]}"
941,10.0,146,2018,1,0,21.481458304914323,83.93988270529006,0.09493852,0.023245431,2019,1824.7350696804933,"{""geodesic"":false,""type"":""Point"",""coordinates"":[83.93988270529006,21.481458304914323]}"
942,22.360679774997898,189,2018,1,4,21.442471421583537,84.19626188737777,0.28248975,-0.39069164,2019,1813.083622455597,"{""geodesic"":false,""type"":""Point"",""coordinates"":[84.19626188737777,21.442471421583537]}"
943,0.0,191,2018,1,0,21.584584899531244,83.99324263316676,-0.09980928,0.20672269,2019,1879.656286597252,"{""geodesic"":false,""type"":""Point"",""coordinates"":[83.99324263316676,21.584584899531244]}"
944,0.0,189,2018,1,0,21.551886223189292,83.93323517218758,-0.205074,0.30831495,2019,1841.7995253801346,"{""geodesic"":false,""type"":""Point"",""coordinates"":[83.93323517218758,21.551886223189292]}"
945,0.0,136,2018,1,0,21.36440782339355,83.94194883044354,-0.018450184,0.17814456,2019,1811.7444865852594,"{""geodesic"":false,""type"":""Point"",""coordinates"":[83.94194883044354,21.36440782339355]}"
946,28.284271247461902,184,2018,1,4,21.397825151962795,84.1198152566992,0.30735826,-0.4176586,2019,1791.6786192953587,"{""geodesic"":false,""type"":""Point"",""coordinates"":[84.1198152566992,21.397825151962795]}"
947,10.0,191,2018,1,0,21.552964201530237,83.93682843332405,-0.028398005,0.11159564,2019,1841.7995253801346,"{""geodesic"":false,""type"":""Point"",""coordinates"":[83.93682843332405,21.552964201530237]}"
948,14.142135623730951,156,2018,1,0,21.451903732066793,83.93754708555134,-0.012670676,0.14416322,2019,1824.7350696804933,"{""geodesic"":false,""type"":""Point"",""coordinates"":[83.93754708555134,21.451903732066793]}"
949,0.0,190,2018,1,0,21.551976054717706,83.93512163428423,-0.24359217,0.39471287,2019,1841.7995253801346,"{""geodesic"":false,""type"":""Point"",""coordinates"":[83.93512163428423,21.551976054717706]}"
950,28.284271247461902,159,2018,1,0,21.49142960456805,83.91643667637454,0.1883236,-0.25353062,2019,1824.7350696804933,"{""geodesic"":false,""type"":""Point"",""coordinates"":[83.91643667637454,21.49142960456805]}"
951,22.360679774997898,142,2018,1,3,21.465108966743347,83.95488457053486,0.1496245,0.001917687,2019,1864.4806005470455,"{""geodesic"":false,""type"":""Point"",""coordinates"":[83.95488457053486,21.465108966743347]}"
952,10.0,192,2018,1,0,21.588357823724547,84.00015966085448,-0.056736033,0.14137587,2019,1817.3649086654186,"{""geodesic"":false,""type"":""Point"",""coordinates"":[84.00015966085448,21.588357823724547]}"
953,0.0,190,2018,1,0,21.599227438662393,84.01794630348004,-0.0461325,0.18276374,2019,1817.3649086654186,"{""geodesic"":false,""type"":""Point"",""coordinates"":[84.01794630348004,21.599227438662393]}"
954,22.360679774997898,156,2018,1,0,21.451634237481557,83.94275731419924,0.025890958,0.07995621,2019,1824.7350696804933,"{""geodesic"":false,""type"":""Point"",""coordinates"":[83.94275731419924,21.451634237481557]}"
955,20.0,158,2018,1,0,21.475619255567548,83.91661633943137,0.5022146,-0.42243558,2019,1824.7350696804933,"{""geodesic"":false,""type"":""Point"",""coordinates"":[83.91661633943137,21.475619255567548]}"
956,10.0,146,2018,1,0,21.512809508330093,83.90143481112975,0.027449006,0.055336885,2019,1862.205259859562,"{""geodesic"":false,""type"":""Point"",""coordinates"":[83.90143481112975,21.512809508330093]}"
957,22.360679774997898,165,2018,1,4,21.50202972492066,84.03339732636691,0.0072815535,0.06531531,2019,1821.555781364441,"{""geodesic"":false,""type"":""Point"",""coordinates"":[84.03339732636691,21.50202972492066]}"
958,20.0,188,2018,1,0,21.567696572189796,83.85355460648617,0.3658045,-0.37970817,2019,1817.8675085306168,"{""geodesic"":false,""type"":""Point"",""coordinates"":[83.85355460648617,21.567696572189796]}"
959,10.0,150,2018,1,0,21.524846933137297,83.89182283758967,-0.0029041627,0.06787331,2019,1808.5140246152878,"{""geodesic"":false,""type"":""Point"",""coordinates"":[83.89182283758967,21.524846933137297]}"
960,22.360679774997898,160,2018,1,0,21.363689171166254,83.91697566554501,0.030071482,0.13505122,2019,1811.7444865852594,"{""geodesic"":false,""type"":""Point"",""coordinates"":[83.91697566554501,21.363689171166254]}"
961,30.0,195,2018,1,1,21.498526295312594,83.85283595425888,0.6122449,-0.5721393,2019,1769.5761865973473,"{""geodesic"":false,""type"":""Point"",""coordinates"":[83.85283595425888,21.498526295312594]}"
962,22.360679774997898,138,2018,1,3,21.393692901655847,83.97752211569467,0.31408313,-0.22270931,2019,1845.9195078182966,"{""geodesic"":false,""type"":""Point"",""coordinates"":[83.97752211569467,21.393692901655847]}"
963,0.0,188,2018,1,0,21.504634839244606,84.15996994989935,-0.078156315,0.23429047,2019,1866.5584846138954,"{""geodesic"":false,""type"":""Point"",""coordinates"":[84.15996994989935,21.504634839244606]}"
964,10.0,161,2018,1,0,21.425493262713676,83.93368432982963,0.10322818,0.113871634,2019,1830.1350152492523,"{""geodesic"":false,""type"":""Point"",""coordinates"":[83.93368432982963,21.425493262713676]}"
965,20.0,193,2018,1,0,21.528799520387423,84.19293812082653,0.18743598,-0.26564774,2019,1866.5584846138954,"{""geodesic"":false,""type"":""Point"",""coordinates"":[84.19293812082653,21.528799520387423]}"
966,10.0,135,2018,1,0,21.350304273432872,83.92236555724973,0.06890997,0.09432818,2019,1811.7444865852594,"{""geodesic"":false,""type"":""Point"",""coordinates"":[83.92236555724973,21.350304273432872]}"
967,20.0,190,2018,1,0,21.59213074791785,83.998093535701,0.42954546,-0.32980973,2019,1879.656286597252,"{""geodesic"":false,""type"":""Point"",""coordinates"":[83.998093535701,21.59213074791785]}"
968,0.0,174,2018,1,0,21.452532552765675,84.15610719417764,-0.094925374,0.21246754,2019,1863.3773620426655,"{""geodesic"":false,""type"":""Point"",""coordinates"":[84.15610719417764,21.452532552765675]}"
969,0.0,158,2018,1,0,21.48594988133492,83.90143481112975,-0.058742225,0.1875932,2019,1824.7350696804933,"{""geodesic"":false,""type"":""Point"",""coordinates"":[83.90143481112975,21.48594988133492]}"
970,0.0,188,2018,1,0,21.56104903908731,83.90439925156734,-0.054245282,0.17659138,2019,1841.7995253801346,"{""geodesic"":false,""type"":""Point"",""coordinates"":[83.90439925156734,21.56104903908731]}"
971,10.0,194,2018,1,0,21.550718413319938,83.93584028651152,-0.022016222,0.10021322,2019,1841.7995253801346,"{""geodesic"":false,""type"":""Point"",""coordinates"":[83.93584028651152,21.550718413319938]}"
972,28.284271247461902,192,2018,1,0,21.59949693324763,83.92631814449986,0.20850678,-0.15897007,2019,1841.7995253801346,"{""geodesic"":false,""type"":""Point"",""coordinates"":[83.92631814449986,21.59949693324763]}"
973,22.360679774997898,186,2018,1,4,21.5429030703481,84.12969672482451,0.37100562,-0.3318584,2019,1877.1579506397247,"{""geodesic"":false,""type"":""Point"",""coordinates"":[84.12969672482451,21.5429030703481]}"
974,10.0,194,2018,1,0,21.55458116904165,83.94176916738671,0.026117237,0.008598131,2019,1841.7995253801346,"{""geodesic"":false,""type"":""Point"",""coordinates"":[83.94176916738671,21.55458116904165]}"
975,28.284271247461902,154,2018,1,0,21.515414622654042,83.8628072539126,0.08752117,-0.0974359,2019,1808.5140246152878,"{""geodesic"":false,""type"":""Point"",""coordinates"":[83.8628072539126,21.515414622654042]}"
976,10.0,163,2018,1,0,21.372492660950627,83.91814347541437,0.031636562,0.13164866,2019,1811.7444865852594,"{""geodesic"":false,""type"":""Point"",""coordinates"":[83.91814347541437,21.372492660950627]}"
977,10.0,142,2018,1,0,21.467354754953647,83.94626074380731,0.016224986,0.08814073,2019,1824.7350696804933,"{""geodesic"":false,""type"":""Point"",""coordinates"":[83.94626074380731,21.467354754953647]}"
978,20.0,194,2018,1,0,21.524757101608884,84.17173788012131,0.49973047,-0.42593542,2019,1866.5584846138954,"{""geodesic"":false,""type"":""Point"",""coordinates"":[84.17173788012131,21.524757101608884]}"
979,30.0,170,2018,1,0,21.441123948657356,83.91176543689711,0.020902757,0.14922862,2019,1830.1350152492523,"{""geodesic"":false,""type"":""Point"",""coordinates"":[83.91176543689711,21.441123948657356]}"
980,30.0,188,2018,1,0,21.56185752284302,83.90350093628322,0.09503215,-0.038120568,2019,1841.7995253801346,"{""geodesic"":false,""type"":""Point"",""coordinates"":[83.90350093628322,21.56185752284302]}"
981,0.0,192,2018,1,0,21.599586764776042,83.9003568327888,-0.1117717,0.23470956,2019,1841.7995253801346,"{""geodesic"":false,""type"":""Point"",""coordinates"":[83.9003568327888,21.599586764776042]}"
982,14.142135623730951,158,2018,1,0,21.488465164130456,83.89631441401026,0.03628447,0.087584786,2019,1769.5761865973473,"{""geodesic"":false,""type"":""Point"",""coordinates"":[83.89631441401026,21.488465164130456]}"
983,0.0,189,2018,1,0,21.518738389205282,84.16625815688818,-0.049327355,0.15873016,2019,1866.5584846138954,"{""geodesic"":false,""type"":""Point"",""coordinates"":[84.16625815688818,21.518738389205282]}"
984,30.0,142,2018,1,0,21.470409026919654,83.9514709724552,0.3986898,-0.38672903,2019,1864.4806005470455,"{""geodesic"":false,""type"":""Point"",""coordinates"":[83.9514709724552,21.470409026919654]}"
985,22.360679774997898,159,2018,1,4,21.385608064098772,83.88724142964065,0.42127073,-0.414433,2019,1779.127650797367,"{""geodesic"":false,""type"":""Point"",""coordinates"":[83.88724142964065,21.385608064098772]}"
986,28.284271247461902,158,2018,1,0,21.4790328536472,83.92101808432355,0.14163952,0.013782542,2019,1824.7350696804933,"{""geodesic"":false,""type"":""Point"",""coordinates"":[83.92101808432355,21.4790328536472]}"
987,20.0,145,2018,1,0,21.377972384183753,83.91437055122107,0.20984538,-0.13200863,2019,1811.7444865852594,"{""geodesic"":false,""type"":""Point"",""coordinates"":[83.91437055122107,21.377972384183753]}"
988,22.360679774997898,156,2018,1,0,21.452532552765675,83.94132000974466,0.3710692,-0.23163842,2019,1824.7350696804933,"{""geodesic"":false,""type"":""Point"",""coordinates"":[83.94132000974466,21.452532552765675]}"
989,0.0,192,2018,1,0,21.56221684895667,83.97374919150137,-0.28720516,0.42511243,2019,1879.656286597252,"{""geodesic"":false,""type"":""Point"",""coordinates"":[83.97374919150137,21.56221684895667]}"
990,0.0,192,2018,1,0,21.565181289394264,83.94302680878448,-0.116583765,0.24374285,2019,1841.7995253801346,"{""geodesic"":false,""type"":""Point"",""coordinates"":[83.94302680878448,21.565181289394264]}"
991,0.0,188,2018,1,0,21.57658989350258,83.98937987744505,-0.2180831,0.36578172,2019,1879.656286597252,"{""geodesic"":false,""type"":""Point"",""coordinates"":[83.98937987744505,21.57658989350258]}"
992,28.284271247461902,158,2018,1,0,21.405640494934637,83.92101808432355,0.60636365,-0.5321086,2019,1830.1350152492523,"{""geodesic"":false,""type"":""Point"",""coordinates"":[83.92101808432355,21.405640494934637]}"
993,0.0,188,2018,1,0,21.555569315854182,83.937906411665,-0.16749509,0.25452852,2019,1841.7995253801346,"{""geodesic"":false,""type"":""Point"",""coordinates"":[83.937906411665,21.555569315854182]}"
994,10.0,192,2018,1,0,21.558264261706544,83.96467620713176,0.047284517,0.046728972,2019,1879.656286597252,"{""geodesic"":false,""type"":""Point"",""coordinates"":[83.96467620713176,21.558264261706544]}"
995,22.360679774997898,196,2018,1,0,21.57281696930928,83.98650526853586,0.22594832,-0.2414177,2019,1879.656286597252,"{""geodesic"":false,""type"":""Point"",""coordinates"":[83.98650526853586,21.57281696930928]}"
996,0.0,188,2018,1,0,21.559521903104308,83.90538739837987,-0.08852868,0.18141097,2019,1841.7995253801346,"{""geodesic"":false,""type"":""Point"",""coordinates"":[83.90538739837987,21.559521903104308]}"
997,0.0,191,2018,1,0,21.556108305024654,83.91383156205059,-0.12980586,0.2559401,2019,1841.7995253801346,"{""geodesic"":false,""type"":""Point"",""coordinates"":[83.91383156205059,21.556108305024654]}"
998,28.284271247461902,194,2018,1,0,21.558354093234954,83.87044293382762,0.3180192,-0.35448918,2019,1817.8675085306168,"{""geodesic"":false,""type"":""Point"",""coordinates"":[83.87044293382762,21.558354093234954]}"
999,22.360679774997898,193,2018,1,0,21.56455246869538,83.9439251240686,0.11570248,-0.05986261,2019,1841.7995253801346,"{""geodesic"":false,""type"":""Point"",""coordinates"":[83.9439251240686,21.56455246869538]}"
