system:index,Distance_From_River,Elevation,Feature_Year,Label,LandCover,Latitude,Longitude,NDVI,NDWI,Prediction_Year,Rainfall,.geo
0,1280.0,169,2022,0,4,21.42782888245239,84.08621826507313,0.5416938,-0.54521316,2023,1585.277441740036,"{""geodesic"":false,""type"":""Point"",""coordinates"":[84.08621826507313,21.42782888245239]}"
1,265.70660511172844,176,2022,0,4,21.45792244447039,84.17676844571238,0.34904322,-0.4330437,2023,1591.7766270637512,"{""geodesic"":false,""type"":""Point"",""coordinates"":[84.17676844571238,21.45792244447039]}"
2,101.9803902718557,158,2022,0,5,21.483434598539386,84.07813342751605,0.36965436,-0.42996943,2023,1602.4353742599487,"{""geodesic"":false,""type"":""Point"",""coordinates"":[84.07813342751605,21.483434598539386]}"
3,0.0,190,2022,0,0,21.56086937603049,83.97482716984231,-0.1288624,0.34213686,2023,1532.3917932510376,"{""geodesic"":false,""type"":""Point"",""coordinates"":[83.97482716984231,21.56086937603049]}"
4,604.4005294504631,196,2022,0,4,21.371414682609682,84.16320388492217,0.34583285,-0.42497978,2023,1588.8062154054642,"{""geodesic"":false,""type"":""Point"",""coordinates"":[84.16320388492217,21.371414682609682]}"
5,318.27660925679095,167,2022,0,4,21.468522564823,84.12215087643791,0.4916148,-0.5030995,2023,1608.0899786949158,"{""geodesic"":false,""type"":""Point"",""coordinates"":[84.12215087643791,21.468522564823]}"
6,1013.1633629380802,208,2022,0,1,21.373031650121096,84.07669612306147,0.62512594,-0.557505,2023,1537.6186023950577,"{""geodesic"":false,""type"":""Point"",""coordinates"":[84.07669612306147,21.373031650121096]}"
7,1270.6297651164953,154,2022,0,4,21.38839284147954,83.90880099645952,0.58365756,-0.5685447,2023,1593.592208623886,"{""geodesic"":false,""type"":""Point"",""coordinates"":[83.90880099645952,21.38839284147954]}"
8,1280.0,174,2022,0,4,21.427110230225093,84.10041164656222,0.46786714,-0.49265984,2023,1612.698834657669,"{""geodesic"":false,""type"":""Point"",""coordinates"":[84.10041164656222,21.427110230225093]}"
9,1280.0,159,2022,0,4,21.370696030382387,83.8657716943502,0.45079842,-0.45066643,2023,1583.5447580814362,"{""geodesic"":false,""type"":""Point"",""coordinates"":[83.8657716943502,21.370696030382387]}"
10,313.8470965295043,176,2022,0,1,21.460886884907985,84.08460129756172,0.45084393,-0.48389393,2023,1602.4353742599487,"{""geodesic"":false,""type"":""Point"",""coordinates"":[84.08460129756172,21.460886884907985]}"
11,380.78865529319546,174,2022,0,6,21.45280204735091,83.92254522030656,0.10513668,-0.14485763,2023,1540.8635561466217,"{""geodesic"":false,""type"":""Point"",""coordinates"":[83.92254522030656,21.45280204735091]}"
12,162.78820596099706,157,2022,0,1,21.42558309424209,83.95174046704044,0.45334706,-0.47423843,2023,1600.8621512344107,"{""geodesic"":false,""type"":""Point"",""coordinates"":[83.95174046704044,21.42558309424209]}"
13,1041.2012293500234,172,2022,0,4,21.496460170159118,84.08496062367536,0.5448106,-0.5323829,2023,1602.4353742599487,"{""geodesic"":false,""type"":""Point"",""coordinates"":[84.08496062367536,21.496460170159118]}"
14,161.55494421403512,185,2022,0,1,21.52143333505764,84.13230183914847,0.5203396,-0.5224938,2023,1495.7589523792267,"{""geodesic"":false,""type"":""Point"",""coordinates"":[84.13230183914847,21.52143333505764]}"
15,205.91260281974002,195,2022,0,5,21.546945489126635,84.1656293361893,0.4015804,-0.45359117,2023,1491.7797845602036,"{""geodesic"":false,""type"":""Point"",""coordinates"":[84.1656293361893,21.546945489126635]}"
16,385.8756276314948,202,2022,0,1,21.558803250877013,84.18072103296251,0.5032258,-0.5374197,2023,1431.8467383384705,"{""geodesic"":false,""type"":""Point"",""coordinates"":[84.18072103296251,21.558803250877013]}"
17,1280.0,167,2022,0,1,21.350483936489695,84.0175869773664,0.55914867,-0.5487572,2023,1556.5259022712708,"{""geodesic"":false,""type"":""Point"",""coordinates"":[84.0175869773664,21.350483936489695]}"
18,1034.6496991735899,147,2022,0,1,21.372492660950627,83.93548096039787,0.56010664,-0.53940487,2023,1593.592208623886,"{""geodesic"":false,""type"":""Point"",""coordinates"":[83.93548096039787,21.372492660950627]}"
19,378.549864614954,194,2022,0,5,21.584225573417598,84.08936236856755,0.26404512,-0.39744613,2023,1430.2445055246353,"{""geodesic"":false,""type"":""Point"",""coordinates"":[84.08936236856755,21.584225573417598]}"
20,0.0,188,2022,0,0,21.56688808843409,83.86828697714573,-0.2339833,0.44350758,2023,1531.0154056549072,"{""geodesic"":false,""type"":""Point"",""coordinates"":[83.86828697714573,21.56688808843409]}"
21,41.23105625617661,164,2022,0,0,21.51487563348357,83.85589022622489,0.47358388,-0.47051075,2023,1517.3875867128372,"{""geodesic"":false,""type"":""Point"",""coordinates"":[83.85589022622489,21.51487563348357]}"
22,1280.0,174,2022,0,1,21.510653551648208,84.13652392098382,0.4799223,-0.48589697,2023,1495.7589523792267,"{""geodesic"":false,""type"":""Point"",""coordinates"":[84.13652392098382,21.510653551648208]}"
23,354.400902933387,182,2022,0,4,21.551077739433588,84.08531994978901,0.37452775,-0.4143458,2023,1430.2445055246353,"{""geodesic"":false,""type"":""Point"",""coordinates"":[84.08531994978901,21.551077739433588]}"
24,380.78865529319546,160,2022,0,4,21.513617992085802,83.94140984127307,0.5291662,-0.5014966,2023,1546.614536702633,"{""geodesic"":false,""type"":""Point"",""coordinates"":[83.94140984127307,21.513617992085802]}"
25,272.9468812791236,154,2022,0,6,21.46061739032275,84.01120893884915,0.1261574,-0.18130311,2023,1583.1036818027496,"{""geodesic"":false,""type"":""Point"",""coordinates"":[84.01120893884915,21.46061739032275]}"
26,560.8921464952064,163,2022,0,4,21.52835036274536,84.05756200750972,0.46132228,-0.4964029,2023,1505.147863149643,"{""geodesic"":false,""type"":""Point"",""coordinates"":[84.05756200750972,21.52835036274536]}"
27,1015.1354589413178,165,2022,0,4,21.446154514248427,84.10310659241458,0.5820446,-0.58529896,2023,1612.698834657669,"{""geodesic"":false,""type"":""Point"",""coordinates"":[84.10310659241458,21.446154514248427]}"
28,162.78820596099706,183,2022,0,1,21.52583507994983,83.99171549718376,0.3373133,-0.4013693,2023,1573.282821893692,"{""geodesic"":false,""type"":""Point"",""coordinates"":[83.99171549718376,21.52583507994983]}"
29,1016.070863670443,149,2022,0,4,21.390458966633016,83.91185526842553,0.5496914,-0.5483296,2023,1593.592208623886,"{""geodesic"":false,""type"":""Point"",""coordinates"":[83.91185526842553,21.390458966633016]}"
30,1280.0,160,2022,0,1,21.504994165358255,84.00617837325808,0.5637149,-0.513683,2023,1511.856633424759,"{""geodesic"":false,""type"":""Point"",""coordinates"":[84.00617837325808,21.504994165358255]}"
31,1030.1941564578979,174,2022,0,4,21.53930980921162,83.9476980482619,0.50361854,-0.5350589,2023,1546.614536702633,"{""geodesic"":false,""type"":""Point"",""coordinates"":[83.9476980482619,21.53930980921162]}"
32,0.0,188,2022,0,0,21.570391518042157,83.94482343935272,-0.20609823,0.41829953,2023,1531.6997517347336,"{""geodesic"":false,""type"":""Point"",""coordinates"":[83.94482343935272,21.570391518042157]}"
33,477.59815745038213,187,2022,0,1,21.522062155756526,84.13751206779635,0.4827728,-0.4994678,2023,1495.7589523792267,"{""geodesic"":false,""type"":""Point"",""coordinates"":[84.13751206779635,21.522062155756526]}"
34,104.40306508910551,182,2022,0,4,21.42657124105462,84.1746124890305,0.40294898,-0.4670947,2023,1594.0544555187225,"{""geodesic"":false,""type"":""Point"",""coordinates"":[84.1746124890305,21.42657124105462]}"
35,134.1640786499874,138,2022,0,4,21.418486403497546,83.97527632748437,0.29899484,-0.26584846,2023,1600.8621512344107,"{""geodesic"":false,""type"":""Point"",""coordinates"":[83.97527632748437,21.418486403497546]}"
36,1184.0608092492548,162,2022,0,1,21.4564851400158,84.06636549729409,0.5542741,-0.5417228,2023,1602.4353742599487,"{""geodesic"":false,""type"":""Point"",""coordinates"":[84.06636549729409,21.4564851400158]}"
37,389.48684188300894,158,2022,0,1,21.467714081067296,83.90799251270381,0.70022,-0.58683056,2023,1540.8635561466217,"{""geodesic"":false,""type"":""Point"",""coordinates"":[83.90799251270381,21.467714081067296]}"
38,870.976463516667,156,2022,0,1,21.454149520277088,84.05908914349273,0.5729167,-0.5417996,2023,1602.4353742599487,"{""geodesic"":false,""type"":""Point"",""coordinates"":[84.05908914349273,21.454149520277088]}"
39,472.9693436154187,143,2022,0,1,21.372133334836978,83.90987897480046,0.6827312,-0.5830159,2023,1593.592208623886,"{""geodesic"":false,""type"":""Point"",""coordinates"":[83.90987897480046,21.372133334836978]}"
40,761.5773105863909,191,2022,0,4,21.505443323000314,84.18108035907615,0.43957862,-0.4974953,2023,1491.7797845602036,"{""geodesic"":false,""type"":""Point"",""coordinates"":[84.18108035907615,21.505443323000314]}"
41,376.56340767525467,184,2022,0,5,21.530236824842014,83.9988121879283,0.3382134,-0.4117647,2023,1573.282821893692,"{""geodesic"":false,""type"":""Point"",""coordinates"":[83.9988121879283,21.530236824842014]}"
42,632.8506932918696,246,2022,0,1,21.457203792243096,83.87349720579363,0.6265717,-0.5652216,2023,1515.590425491333,"{""geodesic"":false,""type"":""Point"",""coordinates"":[83.87349720579363,21.457203792243096]}"
43,318.9043743820395,149,2022,0,1,21.392255597201256,83.97985773543338,0.66653967,-0.61510867,2023,1596.223125219345,"{""geodesic"":false,""type"":""Point"",""coordinates"":[83.97985773543338,21.392255597201256]}"
44,924.7702417357514,196,2022,0,1,21.35156191483064,84.10148962490317,0.3526648,-0.41318372,2023,1588.8768920898438,"{""geodesic"":false,""type"":""Point"",""coordinates"":[84.10148962490317,21.35156191483064]}"
45,0.0,188,2022,0,0,21.57829669254241,83.88894822868049,-0.18501171,0.38297874,2023,1531.0154056549072,"{""geodesic"":false,""type"":""Point"",""coordinates"":[83.88894822868049,21.57829669254241]}"
46,1280.0,482,2022,0,1,21.3580297848763,84.04803986549805,0.76536745,-0.6718256,2023,1556.5259022712708,"{""geodesic"":false,""type"":""Point"",""coordinates"":[84.04803986549805,21.3580297848763]}"
47,291.20439557122074,141,2022,0,0,21.440225633373238,83.97689329499579,0.4326265,-0.3457768,2023,1600.8621512344107,"{""geodesic"":false,""type"":""Point"",""coordinates"":[83.97689329499579,21.440225633373238]}"
48,10.0,156,2022,0,0,21.452622384294088,83.93781658013658,0.04828372,0.07719864,2023,1540.8635561466217,"{""geodesic"":false,""type"":""Point"",""coordinates"":[83.93781658013658,21.452622384294088]}"
49,490.3060268852505,161,2022,0,4,21.394950543053614,83.88903806020889,0.32667157,-0.4207866,2023,1583.5447580814362,"{""geodesic"":false,""type"":""Point"",""coordinates"":[83.88903806020889,21.394950543053614]}"
50,1280.0,162,2022,0,4,21.498885621426243,84.0062682047865,0.3675334,-0.425119,2023,1583.1036818027496,"{""geodesic"":false,""type"":""Point"",""coordinates"":[84.0062682047865,21.498885621426243]}"
51,457.0557952810576,181,2022,0,4,21.44552569354954,84.17353451068955,0.30167452,-0.3941432,2023,1594.0544555187225,"{""geodesic"":false,""type"":""Point"",""coordinates"":[84.17353451068955,21.44552569354954]}"
52,878.4645695758026,199,2022,0,1,21.53832166239909,84.14065617129077,0.5355747,-0.52919805,2023,1495.7589523792267,"{""geodesic"":false,""type"":""Point"",""coordinates"":[84.14065617129077,21.53832166239909]}"
53,406.07881008493905,179,2022,0,5,21.560959207558902,84.08487079214696,0.19271877,-0.30088758,2023,1430.2445055246353,"{""geodesic"":false,""type"":""Point"",""coordinates"":[84.08487079214696,21.560959207558902]}"
54,0.0,188,2022,0,0,21.56967286581486,83.90044666431722,-0.15843563,0.36428982,2023,1531.6997517347336,"{""geodesic"":false,""type"":""Point"",""coordinates"":[83.90044666431722,21.56967286581486]}"
55,799.2496481075234,181,2022,0,4,21.545508184672045,84.0958302386132,0.2548475,-0.34922323,2023,1505.147863149643,"{""geodesic"":false,""type"":""Point"",""coordinates"":[84.0958302386132,21.545508184672045]}"
56,172.04650534085255,161,2022,0,6,21.491699099153287,83.95946597848386,0.37357184,-0.3760832,2023,1580.9598841071129,"{""geodesic"":false,""type"":""Point"",""coordinates"":[83.95946597848386,21.491699099153287]}"
57,659.2419889539804,151,2022,0,4,21.42962551302063,83.96934744660918,0.59887797,-0.55334514,2023,1600.8621512344107,"{""geodesic"":false,""type"":""Point"",""coordinates"":[83.96934744660918,21.42962551302063]}"
58,570.087712549569,169,2022,0,1,21.469870037749182,84.1304153770518,0.42831707,-0.479937,2023,1608.0899786949158,"{""geodesic"":false,""type"":""Point"",""coordinates"":[84.1304153770518,21.469870037749182]}"
59,210.2379604162864,168,2022,0,1,21.443998557566537,84.09277596664721,0.57251906,-0.51359296,2023,1585.277441740036,"{""geodesic"":false,""type"":""Point"",""coordinates"":[84.09277596664721,21.443998557566537]}"
60,1206.731121667126,165,2022,0,4,21.528979183444246,83.9356606234547,0.60860217,-0.5620525,2023,1546.614536702633,"{""geodesic"":false,""type"":""Point"",""coordinates"":[83.9356606234547,21.528979183444246]}"
61,641.3267497929586,170,2022,0,6,21.49924494753989,83.89191266911808,0.63937014,-0.5689152,2023,1515.590425491333,"{""geodesic"":false,""type"":""Point"",""coordinates"":[83.89191266911808,21.49924494753989]}"
62,237.06539182259394,151,2022,0,6,21.45459867791915,84.00060881849654,0.4223706,-0.44996595,2023,1583.1036818027496,"{""geodesic"":false,""type"":""Point"",""coordinates"":[84.00060881849654,21.45459867791915]}"
63,1280.0,180,2022,0,6,21.50894675260838,84.07894191127177,0.41822243,-0.48632592,2023,1505.147863149643,"{""geodesic"":false,""type"":""Point"",""coordinates"":[84.07894191127177,21.50894675260838]}"
64,578.013840664737,160,2022,0,4,21.378870699467875,84.01363439011628,0.5965619,-0.5783324,2023,1556.5259022712708,"{""geodesic"":false,""type"":""Point"",""coordinates"":[84.01363439011628,21.378870699467875]}"
65,70.71067811865476,205,2022,0,1,21.557904935592894,83.87861760291311,0.5091839,-0.49390817,2023,1531.0154056549072,"{""geodesic"":false,""type"":""Point"",""coordinates"":[83.87861760291311,21.557904935592894]}"
66,0.0,188,2022,0,0,21.575781409746874,83.9529082769098,-0.21194702,0.46462226,2023,1532.3917932510376,"{""geodesic"":false,""type"":""Point"",""coordinates"":[83.9529082769098,21.575781409746874]}"
67,53.85164807134504,192,2022,0,0,21.562576175070316,83.9499438364722,0.12040657,-0.07882255,2023,1531.6997517347336,"{""geodesic"":false,""type"":""Point"",""coordinates"":[83.9499438364722,21.562576175070316]}"
68,845.2810183601664,223,2022,0,1,21.36395866575149,84.12843908342674,0.6052724,-0.57274866,2023,1588.8768920898438,"{""geodesic"":false,""type"":""Point"",""coordinates"":[84.12843908342674,21.36395866575149]}"
69,1280.0,379,2022,0,1,21.36907906287097,84.05432807248688,0.66020066,-0.5889885,2023,1537.6186023950577,"{""geodesic"":false,""type"":""Point"",""coordinates"":[84.05432807248688,21.36907906287097]}"
70,456.0701700396552,195,2022,0,1,21.39423189082632,84.14936982954673,0.67757267,-0.6107406,2023,1588.8768920898438,"{""geodesic"":false,""type"":""Point"",""coordinates"":[84.14936982954673,21.39423189082632]}"
71,1280.0,199,2022,0,1,21.436003551537876,83.88858890256684,0.62756735,-0.5743445,2023,1602.8384928703308,"{""geodesic"":false,""type"":""Point"",""coordinates"":[83.88858890256684,21.436003551537876]}"
72,697.7822009767805,198,2022,0,4,21.52682322676236,84.18242783200233,0.35353535,-0.42819077,2023,1491.7797845602036,"{""geodesic"":false,""type"":""Point"",""coordinates"":[84.18242783200233,21.52682322676236]}"
73,1280.0,163,2022,0,4,21.48451257688033,84.04184149003763,0.619979,-0.56592566,2023,1583.1036818027496,"{""geodesic"":false,""type"":""Point"",""coordinates"":[84.04184149003763,21.48451257688033]}"
74,340.0,159,2022,0,1,21.53059615095566,84.05235177886182,0.4337357,-0.45475313,2023,1505.147863149643,"{""geodesic"":false,""type"":""Point"",""coordinates"":[84.05235177886182,21.53059615095566]}"
75,674.1661516273269,186,2022,0,1,21.524487607023648,84.12331868630727,0.46349367,-0.48185113,2023,1495.7589523792267,"{""geodesic"":false,""type"":""Point"",""coordinates"":[84.12331868630727,21.524487607023648]}"
76,0.0,188,2022,0,0,21.56814572983186,83.85184780744635,-0.13855422,0.30201343,2023,1531.0154056549072,"{""geodesic"":false,""type"":""Point"",""coordinates"":[83.85184780744635,21.56814572983186]}"
77,841.486779456457,195,2022,0,5,21.374738449160922,84.16616832535976,0.33327255,-0.4197495,2023,1588.8062154054642,"{""geodesic"":false,""type"":""Point"",""coordinates"":[84.16616832535976,21.374738449160922]}"
78,210.2379604162864,162,2022,0,6,21.495292360289763,83.90565689296511,0.13720988,-0.16078156,2023,1540.8635561466217,"{""geodesic"":false,""type"":""Point"",""coordinates"":[83.90565689296511,21.495292360289763]}"
79,28.284271247461902,137,2022,0,0,21.377163900428048,83.96530502783064,0.4287739,-0.38041672,2023,1596.223125219345,"{""geodesic"":false,""type"":""Point"",""coordinates"":[83.96530502783064,21.377163900428048]}"
80,0.0,188,2022,0,0,21.5774882087867,83.95946597848386,-0.20074067,0.42454582,2023,1532.3917932510376,"{""geodesic"":false,""type"":""Point"",""coordinates"":[83.95946597848386,21.5774882087867]}"
81,290.0,152,2022,0,1,21.445795188134777,84.0461534034014,0.50540733,-0.50323975,2023,1604.141280889511,"{""geodesic"":false,""type"":""Point"",""coordinates"":[84.0461534034014,21.445795188134777]}"
82,622.6556030423238,141,2022,0,0,21.43474591014011,83.98398998574032,0.66664755,-0.5475284,2023,1600.8621512344107,"{""geodesic"":false,""type"":""Point"",""coordinates"":[83.98398998574032,21.43474591014011]}"
83,720.0694410957876,153,2022,0,4,21.402496391440216,83.95739985333039,0.52978057,-0.51809955,2023,1600.8621512344107,"{""geodesic"":false,""type"":""Point"",""coordinates"":[83.95739985333039,21.402496391440216]}"
84,1280.0,160,2022,0,4,21.444627378265423,84.0176768088948,0.3672848,-0.4226062,2023,1604.141280889511,"{""geodesic"":false,""type"":""Point"",""coordinates"":[84.0176768088948,21.444627378265423]}"
85,1280.0,155,2022,0,4,21.436362877651522,83.99566808443389,0.34799483,-0.42000544,2023,1600.8621512344107,"{""geodesic"":false,""type"":""Point"",""coordinates"":[83.99566808443389,21.436362877651522]}"
86,358.4689665786984,152,2022,0,1,21.45459867791915,83.9559625488758,0.5498545,-0.52736753,2023,1580.9598841071129,"{""geodesic"":false,""type"":""Point"",""coordinates"":[83.9559625488758,21.45459867791915]}"
87,1068.8779163215975,158,2022,0,1,21.49735848544324,83.96737115298411,0.63927823,-0.57007796,2023,1580.9598841071129,"{""geodesic"":false,""type"":""Point"",""coordinates"":[83.96737115298411,21.49735848544324]}"
88,778.84529914483,175,2022,0,4,21.553772685285946,84.00869365605362,0.60674155,-0.5681099,2023,1465.7138321995735,"{""geodesic"":false,""type"":""Point"",""coordinates"":[84.00869365605362,21.553772685285946]}"
89,1280.0,166,2022,0,4,21.54020812449574,84.06959943231692,0.48824254,-0.48751125,2023,1505.147863149643,"{""geodesic"":false,""type"":""Point"",""coordinates"":[84.06959943231692,21.54020812449574]}"
90,1214.3310915891102,192,2022,0,5,21.492597414437405,84.19742969724713,0.36148062,-0.44846684,2023,1591.7766270637512,"{""geodesic"":false,""type"":""Point"",""coordinates"":[84.19742969724713,21.492597414437405]}"
91,1228.087944733601,151,2022,0,6,21.491339773039638,83.94922518424491,0.4557652,-0.49266198,2023,1540.8635561466217,"{""geodesic"":false,""type"":""Point"",""coordinates"":[83.94922518424491,21.491339773039638]}"
92,514.78150704935,183,2022,0,1,21.49592118098865,84.1716480485929,0.5762185,-0.537165,2023,1591.7766270637512,"{""geodesic"":false,""type"":""Point"",""coordinates"":[84.1716480485929,21.49592118098865]}"
93,1043.5037134576953,179,2022,0,4,21.434206920969636,84.16518017854723,0.3629097,-0.44362316,2023,1594.0544555187225,"{""geodesic"":false,""type"":""Point"",""coordinates"":[84.16518017854723,21.434206920969636]}"
94,1169.3160394008114,153,2022,0,4,21.404652348122106,83.96135244058051,0.5409249,-0.5277604,2023,1600.8621512344107,"{""geodesic"":false,""type"":""Point"",""coordinates"":[83.96135244058051,21.404652348122106]}"
95,0.0,190,2022,0,0,21.552425212359765,83.88481597837354,-0.15610711,0.3095832,2023,1531.0154056549072,"{""geodesic"":false,""type"":""Point"",""coordinates"":[83.88481597837354,21.552425212359765]}"
96,806.0397012554654,151,2022,0,4,21.505892480642373,84.02630063562236,0.43086419,-0.45542067,2023,1511.856633424759,"{""geodesic"":false,""type"":""Point"",""coordinates"":[84.02630063562236,21.505892480642373]}"
97,199.24858845171275,175,2022,0,4,21.51218068763121,84.11631182709114,0.46987253,-0.49778607,2023,1495.7589523792267,"{""geodesic"":false,""type"":""Point"",""coordinates"":[84.11631182709114,21.51218068763121]}"
98,879.6590248499699,177,2022,0,1,21.40860493537223,84.11271856595465,0.43179598,-0.4827216,2023,1612.698834657669,"{""geodesic"":false,""type"":""Point"",""coordinates"":[84.11271856595465,21.40860493537223]}"
99,360.5551275463989,163,2022,0,6,21.451903732066793,84.03061254898613,0.15203935,-0.18803743,2023,1583.1036818027496,"{""geodesic"":false,""type"":""Point"",""coordinates"":[84.03061254898613,21.451903732066793]}"
100,140.356688476182,153,2022,0,1,21.443279905339242,84.03968553335574,0.5805277,-0.50715834,2023,1604.141280889511,"{""geodesic"":false,""type"":""Point"",""coordinates"":[84.03968553335574,21.443279905339242]}"
101,555.6977595779922,185,2022,0,5,21.58036281769588,84.06223324698713,0.32706565,-0.42355445,2023,1430.2445055246353,"{""geodesic"":false,""type"":""Point"",""coordinates"":[84.06223324698713,21.58036281769588]}"
102,174.6424919657298,196,2022,0,5,21.538680988512738,84.16850394509848,0.33440545,-0.4226929,2023,1491.7797845602036,"{""geodesic"":false,""type"":""Point"",""coordinates"":[84.16850394509848,21.538680988512738]}"
103,1096.038320497965,178,2022,0,1,21.403843864366397,84.1370629101543,0.4401215,-0.46812376,2023,1612.698834657669,"{""geodesic"":false,""type"":""Point"",""coordinates"":[84.1370629101543,21.403843864366397]}"
104,348.8552708502482,151,2022,0,4,21.358568774046773,83.89326014204426,0.5586297,-0.5479045,2023,1583.5447580814362,"{""geodesic"":false,""type"":""Point"",""coordinates"":[83.89326014204426,21.358568774046773]}"
105,1280.0,169,2022,0,4,21.497717811556885,84.06690448646457,0.4957614,-0.5,2023,1602.4353742599487,"{""geodesic"":false,""type"":""Point"",""coordinates"":[84.06690448646457,21.497717811556885]}"
106,1101.635148313633,168,2022,0,1,21.398184478076445,84.06690448646457,0.5296343,-0.52291274,2023,1537.6186023950577,"{""geodesic"":false,""type"":""Point"",""coordinates"":[84.06690448646457,21.398184478076445]}"
107,898.0534505250787,192,2022,0,4,21.509306078722027,84.19015334344576,0.38694736,-0.45739314,2023,1491.7797845602036,"{""geodesic"":false,""type"":""Point"",""coordinates"":[84.19015334344576,21.509306078722027]}"
108,511.9570294468082,184,2022,0,1,21.385877558684005,83.92649780755669,0.65479416,-0.5924533,2023,1593.592208623886,"{""geodesic"":false,""type"":""Point"",""coordinates"":[83.92649780755669,21.385877558684005]}"
109,610.0,186,2022,0,5,21.510473888591385,84.15916146614363,0.36300495,-0.4173832,2023,1491.7797845602036,"{""geodesic"":false,""type"":""Point"",""coordinates"":[84.15916146614363,21.510473888591385]}"
110,997.2462083156797,226,2022,0,1,21.359646752387714,84.10445406534076,0.6413519,-0.55861807,2023,1588.8768920898438,"{""geodesic"":false,""type"":""Point"",""coordinates"":[84.10445406534076,21.359646752387714]}"
111,1218.5236969382254,174,2022,0,4,21.534997895847848,83.96296940809194,0.5225866,-0.515751,2023,1573.282821893692,"{""geodesic"":false,""type"":""Point"",""coordinates"":[83.96296940809194,21.534997895847848]}"
112,390.1281840626232,215,2022,0,1,21.363419676581017,84.16688697758707,0.4811704,-0.51641107,2023,1588.8062154054642,"{""geodesic"":false,""type"":""Point"",""coordinates"":[84.16688697758707,21.363419676581017]}"
113,111.80339887498948,157,2022,0,5,21.516133274881337,83.90951964868682,0.32917225,-0.4134115,2023,1546.614536702633,"{""geodesic"":false,""type"":""Point"",""coordinates"":[83.90951964868682,21.516133274881337]}"
114,907.9647570252934,334,2022,0,1,21.59356805237244,84.19707037113348,0.618206,-0.5691624,2023,1431.8467383384705,"{""geodesic"":false,""type"":""Point"",""coordinates"":[84.19707037113348,21.59356805237244]}"
115,10.0,158,2022,0,0,21.48307527242574,83.91347223593695,-0.004718465,0.14192732,2023,1540.8635561466217,"{""geodesic"":false,""type"":""Point"",""coordinates"":[83.91347223593695,21.48307527242574]}"
116,546.44304369257,185,2022,0,5,21.395489532224087,84.11280839748306,0.34313512,-0.44798067,2023,1588.8768920898438,"{""geodesic"":false,""type"":""Point"",""coordinates"":[84.11280839748306,21.395489532224087]}"
117,164.92422502470643,170,2022,0,4,21.47112767914695,84.13867987766571,0.5617884,-0.5274308,2023,1608.0899786949158,"{""geodesic"":false,""type"":""Point"",""coordinates"":[84.13867987766571,21.47112767914695]}"
118,80.62257748298549,159,2022,0,4,21.441483274771006,84.04354828907745,0.3303226,-0.3866846,2023,1604.141280889511,"{""geodesic"":false,""type"":""Point"",""coordinates"":[84.04354828907745,21.441483274771006]}"
119,0.0,188,2022,0,0,21.591501927218964,83.8957754248398,-0.20957597,0.39122257,2023,1531.0154056549072,"{""geodesic"":false,""type"":""Point"",""coordinates"":[83.8957754248398,21.591501927218964]}"
120,190.26297590440447,174,2022,0,4,21.430523828304747,84.14209347574537,0.3976401,-0.42068964,2023,1612.698834657669,"{""geodesic"":false,""type"":""Point"",""coordinates"":[84.14209347574537,21.430523828304747]}"
121,1049.3807697875925,204,2022,0,1,21.350483936489695,84.19248896318447,0.59158474,-0.56523204,2023,1588.8062154054642,"{""geodesic"":false,""type"":""Point"",""coordinates"":[84.19248896318447,21.350483936489695]}"
122,730.0684899377592,154,2022,0,4,21.432769616515046,84.04381778366269,0.51160187,-0.51136,2023,1604.141280889511,"{""geodesic"":false,""type"":""Point"",""coordinates"":[84.04381778366269,21.432769616515046]}"
123,1280.0,175,2022,0,1,21.49412455042041,84.08172668865254,0.7266707,-0.6397942,2023,1602.4353742599487,"{""geodesic"":false,""type"":""Point"",""coordinates"":[84.08172668865254,21.49412455042041]}"
124,0.0,188,2022,0,0,21.55637779960989,83.8530156173157,-0.21834983,0.39585978,2023,1531.0154056549072,"{""geodesic"":false,""type"":""Point"",""coordinates"":[83.8530156173157,21.55637779960989]}"
125,113.13708498984761,193,2022,0,3,21.592310410974672,84.00303426976366,0.47655562,-0.45128587,2023,1465.7138321995735,"{""geodesic"":false,""type"":""Point"",""coordinates"":[84.00303426976366,21.592310410974672]}"
126,0.0,188,2022,0,0,21.576410230445756,83.94419461865384,-0.17555596,0.4056696,2023,1531.6997517347336,"{""geodesic"":false,""type"":""Point"",""coordinates"":[83.94419461865384,21.576410230445756]}"
127,1280.0,162,2022,0,4,21.351022925660168,84.00716652007061,0.4349901,-0.49247894,2023,1556.5259022712708,"{""geodesic"":false,""type"":""Point"",""coordinates"":[84.00716652007061,21.351022925660168]}"
128,384.70768123342685,153,2022,0,1,21.504185681602547,83.9168858340166,0.49941763,-0.49839264,2023,1546.614536702633,"{""geodesic"":false,""type"":""Point"",""coordinates"":[83.9168858340166,21.504185681602547]}"
129,751.065909225016,249,2022,0,1,21.376085922087103,84.10355575005664,0.7208103,-0.63872325,2023,1588.8768920898438,"{""geodesic"":false,""type"":""Point"",""coordinates"":[84.10355575005664,21.376085922087103]}"
130,300.0,202,2022,0,1,21.560599881445253,84.18656008230928,0.5462012,-0.5660312,2023,1431.8467383384705,"{""geodesic"":false,""type"":""Point"",""coordinates"":[84.18656008230928,21.560599881445253]}"
131,100.0,139,2022,0,4,21.418037245855484,83.97743228416626,0.25320655,-0.28810555,2023,1600.8621512344107,"{""geodesic"":false,""type"":""Point"",""coordinates"":[83.97743228416626,21.418037245855484]}"
132,1158.3177456984763,172,2022,0,1,21.425762757298912,84.13302049137576,0.33688918,-0.42730737,2023,1612.698834657669,"{""geodesic"":false,""type"":""Point"",""coordinates"":[84.13302049137576,21.425762757298912]}"
133,0.0,188,2022,0,0,21.599766427832865,83.89002620702142,-0.2006228,0.40974873,2023,1531.0154056549072,"{""geodesic"":false,""type"":""Point"",""coordinates"":[83.89002620702142,21.599766427832865]}"
134,804.5495634204271,177,2022,0,4,21.48029049504497,84.15556820500716,0.46772856,-0.4691681,2023,1591.7766270637512,"{""geodesic"":false,""type"":""Point"",""coordinates"":[84.15556820500716,21.48029049504497]}"
135,1280.0,343,2022,0,1,21.35524500749553,84.03582277763402,0.7452084,-0.6763409,2023,1556.5259022712708,"{""geodesic"":false,""type"":""Point"",""coordinates"":[84.03582277763402,21.35524500749553]}"
136,1171.7508267545622,157,2022,0,4,21.407526957031287,83.87906676055518,0.42171192,-0.4531943,2023,1602.8384928703308,"{""geodesic"":false,""type"":""Point"",""coordinates"":[83.87906676055518,21.407526957031287]}"
137,1280.0,158,2022,0,4,21.38515890645671,84.00042915543972,0.5066313,-0.5118446,2023,1556.5259022712708,"{""geodesic"":false,""type"":""Point"",""coordinates"":[84.00042915543972,21.38515890645671]}"
138,544.0588203494177,154,2022,0,1,21.39611835292297,83.90233312641386,0.5753498,-0.5416415,2023,1593.592208623886,"{""geodesic"":false,""type"":""Point"",""coordinates"":[83.90233312641386,21.39611835292297]}"
139,1280.0,326,2022,0,1,21.37042653579715,84.03573294610561,0.72446555,-0.6537585,2023,1556.5259022712708,"{""geodesic"":false,""type"":""Point"",""coordinates"":[84.03573294610561,21.37042653579715]}"
140,0.0,188,2022,0,0,21.590513780406432,83.88185153793594,-0.17232783,0.39219585,2023,1531.0154056549072,"{""geodesic"":false,""type"":""Point"",""coordinates"":[83.88185153793594,21.590513780406432]}"
141,1065.1291001564082,185,2022,0,5,21.39099795580349,84.03384648400896,0.43244976,-0.4669929,2023,1556.5259022712708,"{""geodesic"":false,""type"":""Point"",""coordinates"":[84.03384648400896,21.39099795580349]}"
142,814.1252974819048,193,2022,0,6,21.544250543274277,83.99117650801328,0.07315754,-0.12593994,2023,1573.282821893692,"{""geodesic"":false,""type"":""Point"",""coordinates"":[83.99117650801328,21.544250543274277]}"
143,1123.7882362794157,162,2022,0,4,21.479661674346083,84.0243243419973,0.56119543,-0.5467122,2023,1583.1036818027496,"{""geodesic"":false,""type"":""Point"",""coordinates"":[84.0243243419973,21.479661674346083]}"
144,361.38621999185307,179,2022,0,4,21.424594947429558,83.85014100840652,0.45208228,-0.46334064,2023,1602.8384928703308,"{""geodesic"":false,""type"":""Point"",""coordinates"":[83.85014100840652,21.424594947429558]}"
145,917.877987534291,147,2022,0,5,21.426391577997798,84.0183056295937,0.4091506,-0.45091513,2023,1604.141280889511,"{""geodesic"":false,""type"":""Point"",""coordinates"":[84.0183056295937,21.426391577997798]}"
146,772.0103626247512,295,2022,0,1,21.58036281769588,84.19509407750841,0.60687023,-0.5585377,2023,1431.8467383384705,"{""geodesic"":false,""type"":""Point"",""coordinates"":[84.19509407750841,21.58036281769588]}"
147,94.86832980505139,204,2022,0,1,21.378960530996284,84.19410593069588,0.5194805,-0.5259709,2023,1588.8062154054642,"{""geodesic"":false,""type"":""Point"",""coordinates"":[84.19410593069588,21.378960530996284]}"
148,1076.1505470890213,157,2022,0,4,21.396208184451382,83.880773559595,0.55203414,-0.53103864,2023,1583.5447580814362,"{""geodesic"":false,""type"":""Point"",""coordinates"":[83.880773559595,21.396208184451382]}"
149,1280.0,153,2022,0,4,21.358748437103596,83.99512909526341,0.52726233,-0.49734116,2023,1596.223125219345,"{""geodesic"":false,""type"":""Point"",""coordinates"":[83.99512909526341,21.358748437103596]}"
150,1280.0,178,2022,0,4,21.454868172504387,83.86774798797526,0.5749745,-0.59116375,2023,1515.590425491333,"{""geodesic"":false,""type"":""Point"",""coordinates"":[83.86774798797526,21.454868172504387]}"
151,100.4987562112089,137,2022,0,4,21.38390126505894,83.97159323481948,0.30459672,-0.3445547,2023,1596.223125219345,"{""geodesic"":false,""type"":""Point"",""coordinates"":[83.97159323481948,21.38390126505894]}"
152,604.0695324215583,232,2022,0,1,21.374738449160922,84.10382524464187,0.71085286,-0.64289767,2023,1588.8768920898438,"{""geodesic"":false,""type"":""Point"",""coordinates"":[84.10382524464187,21.374738449160922]}"
153,728.9718787443039,188,2022,0,1,21.463222504646698,84.19850767558808,0.45122817,-0.5145588,2023,1591.7766270637512,"{""geodesic"":false,""type"":""Point"",""coordinates"":[84.19850767558808,21.463222504646698]}"
154,1136.001760562016,212,2022,0,5,21.35946708933089,84.12152205573902,0.40719342,-0.4670582,2023,1588.8768920898438,"{""geodesic"":false,""type"":""Point"",""coordinates"":[84.12152205573902,21.35946708933089]}"
155,0.0,188,2022,0,0,21.578835681712878,83.96036429376798,-0.19109948,0.4033597,2023,1532.3917932510376,"{""geodesic"":false,""type"":""Point"",""coordinates"":[83.96036429376798,21.578835681712878]}"
156,1280.0,192,2022,0,1,21.576230567388933,84.01561068374134,0.54320705,-0.49905577,2023,1465.7138321995735,"{""geodesic"":false,""type"":""Point"",""coordinates"":[84.01561068374134,21.576230567388933]}"
157,740.607858451421,176,2022,0,4,21.47031919539124,84.16607849383135,0.41291866,-0.44207057,2023,1591.7766270637512,"{""geodesic"":false,""type"":""Point"",""coordinates"":[84.16607849383135,21.47031919539124]}"
158,594.138031100518,185,2022,0,1,21.568954213587563,83.99467993762136,0.39496335,-0.4220104,2023,1532.3917932510376,"{""geodesic"":false,""type"":""Point"",""coordinates"":[83.99467993762136,21.568954213587563]}"
159,785.4934754662193,201,2022,0,5,21.39629801597979,84.16050893906981,0.46827638,-0.4826215,2023,1588.8062154054642,"{""geodesic"":false,""type"":""Point"",""coordinates"":[84.16050893906981,21.39629801597979]}"
160,1280.0,159,2022,0,4,21.402945549082276,84.0326786741396,0.55932206,-0.519764,2023,1604.141280889511,"{""geodesic"":false,""type"":""Point"",""coordinates"":[84.0326786741396,21.402945549082276]}"
161,214.00934559032694,134,2022,0,0,21.35434669221141,83.92470117698844,0.5537856,-0.44516778,2023,1593.592208623886,"{""geodesic"":false,""type"":""Point"",""coordinates"":[83.92470117698844,21.35434669221141]}"
162,313.8470965295043,194,2022,0,1,21.585034057173303,84.09223697747673,0.5567759,-0.544464,2023,1430.2445055246353,"{""geodesic"":false,""type"":""Point"",""coordinates"":[84.09223697747673,21.585034057173303]}"
163,380.0,149,2022,0,5,21.38246396060435,83.91544852956201,0.35159492,-0.42398092,2023,1593.592208623886,"{""geodesic"":false,""type"":""Point"",""coordinates"":[83.91544852956201,21.38246396060435]}"
164,836.4807230295269,195,2022,0,1,21.521972324228113,83.9739288545582,0.35119003,-0.43124256,2023,1573.282821893692,"{""geodesic"":false,""type"":""Point"",""coordinates"":[83.9739288545582,21.521972324228113]}"
165,286.0069929215018,179,2022,0,1,21.5075992796822,83.85813601443519,0.38760033,-0.466254,2023,1517.3875867128372,"{""geodesic"":false,""type"":""Point"",""coordinates"":[83.85813601443519,21.5075992796822]}"
166,148.66068747318505,156,2022,0,4,21.499424610596712,84.01884461876416,0.42580396,-0.46559766,2023,1583.1036818027496,"{""geodesic"":false,""type"":""Point"",""coordinates"":[84.01884461876416,21.499424610596712]}"
167,701.78344238091,171,2022,0,4,21.467264923425233,84.14173414963172,0.52517986,-0.49559084,2023,1608.0899786949158,"{""geodesic"":false,""type"":""Point"",""coordinates"":[84.14173414963172,21.467264923425233]}"
168,1280.0,217,2022,0,1,21.597790134207802,84.07750460681717,0.56453305,-0.5532939,2023,1430.2445055246353,"{""geodesic"":false,""type"":""Point"",""coordinates"":[84.07750460681717,21.597790134207802]}"
169,0.0,188,2022,0,0,21.596712155866857,83.9755458220696,-0.22727107,0.42294383,2023,1532.3917932510376,"{""geodesic"":false,""type"":""Point"",""coordinates"":[83.9755458220696,21.596712155866857]}"
170,937.7632963600144,200,2022,0,1,21.566079604678382,84.1318526815064,0.49434486,-0.529991,2023,1431.9922362565994,"{""geodesic"":false,""type"":""Point"",""coordinates"":[84.1318526815064,21.566079604678382]}"
171,1280.0,170,2022,0,4,21.56284566965555,84.03420581012261,0.52726144,-0.53642386,2023,1465.7138321995735,"{""geodesic"":false,""type"":""Point"",""coordinates"":[84.03420581012261,21.56284566965555]}"
172,470.10637094172637,171,2022,0,4,21.435823888481053,84.12322885477886,0.5337842,-0.520529,2023,1612.698834657669,"{""geodesic"":false,""type"":""Point"",""coordinates"":[84.12322885477886,21.435823888481053]}"
173,1280.0,187,2022,0,1,21.50104157810813,84.13652392098382,0.6360035,-0.5717919,2023,1495.7589523792267,"{""geodesic"":false,""type"":""Point"",""coordinates"":[84.13652392098382,21.50104157810813]}"
174,1280.0,167,2022,0,4,21.548113298995993,84.04507542506046,0.6064933,-0.55063355,2023,1511.856633424759,"{""geodesic"":false,""type"":""Point"",""coordinates"":[84.04507542506046,21.548113298995993]}"
175,1280.0,427,2022,0,1,21.358209447933124,84.03483463082149,0.7153408,-0.63676405,2023,1556.5259022712708,"{""geodesic"":false,""type"":""Point"",""coordinates"":[84.03483463082149,21.358209447933124]}"
176,898.8882021697692,191,2022,0,1,21.387135200081772,84.18206850588868,0.6505395,-0.59020793,2023,1588.8062154054642,"{""geodesic"":false,""type"":""Point"",""coordinates"":[84.18206850588868,21.387135200081772]}"
177,268.70057685088807,191,2022,0,4,21.525655416893002,84.13059504010863,0.27600384,-0.37820768,2023,1495.7589523792267,"{""geodesic"":false,""type"":""Point"",""coordinates"":[84.13059504010863,21.525655416893002]}"
178,1280.0,151,2022,0,1,21.377613058070107,83.93655893873881,0.55967504,-0.5346704,2023,1593.592208623886,"{""geodesic"":false,""type"":""Point"",""coordinates"":[83.93655893873881,21.377613058070107]}"
179,1280.0,171,2022,0,4,21.553772685285946,84.04453643588998,0.53721946,-0.5226333,2023,1465.7138321995735,"{""geodesic"":false,""type"":""Point"",""coordinates"":[84.04453643588998,21.553772685285946]}"
180,646.2197768561405,179,2022,0,4,21.442561253111947,84.15637668876286,0.3677172,-0.45099127,2023,1594.0544555187225,"{""geodesic"":false,""type"":""Point"",""coordinates"":[84.15637668876286,21.442561253111947]}"
181,424.38190347845887,216,2022,0,1,21.552964201530237,84.18880587051957,0.51323044,-0.5504095,2023,1431.8467383384705,"{""geodesic"":false,""type"":""Point"",""coordinates"":[84.18880587051957,21.552964201530237]}"
182,1258.7692401707313,177,2022,0,4,21.493405898193114,84.13526627958606,0.43880597,-0.4718919,2023,1608.0899786949158,"{""geodesic"":false,""type"":""Point"",""coordinates"":[84.13526627958606,21.493405898193114]}"
183,766.550715869472,167,2022,0,4,21.432679784986632,83.90907049104476,0.6110891,-0.5632626,2023,1620.52530169487,"{""geodesic"":false,""type"":""Point"",""coordinates"":[83.90907049104476,21.432679784986632]}"
184,524.9761899362675,174,2022,0,1,21.42612208341256,84.1423629703306,0.4978097,-0.5182949,2023,1612.698834657669,"{""geodesic"":false,""type"":""Point"",""coordinates"":[84.1423629703306,21.42612208341256]}"
185,740.0675644831356,196,2022,0,1,21.384170759644178,84.18656008230928,0.6770904,-0.61391264,2023,1588.8062154054642,"{""geodesic"":false,""type"":""Point"",""coordinates"":[84.18656008230928,21.384170759644178]}"
186,275.13632984395207,148,2022,0,6,21.4542393518055,83.99791387264418,0.16289856,-0.19976076,2023,1580.9598841071129,"{""geodesic"":false,""type"":""Point"",""coordinates"":[83.99791387264418,21.4542393518055]}"
187,389.48684188300894,152,2022,0,4,21.356053491251238,83.96826946826823,0.33777776,-0.37560698,2023,1596.223125219345,"{""geodesic"":false,""type"":""Point"",""coordinates"":[83.96826946826823,21.356053491251238]}"
188,1087.8419002777932,175,2022,0,1,21.407526957031287,84.12260003407997,0.49388644,-0.5047267,2023,1612.698834657669,"{""geodesic"":false,""type"":""Point"",""coordinates"":[84.12260003407997,21.407526957031287]}"
189,560.0892785976179,161,2022,0,4,21.52080451435876,84.02989389675884,0.55724347,-0.5499656,2023,1511.856633424759,"{""geodesic"":false,""type"":""Point"",""coordinates"":[84.02989389675884,21.52080451435876]}"
190,910.494371207203,174,2022,0,4,21.45370036263503,83.85067999757699,0.5008531,-0.5212242,2023,1515.590425491333,"{""geodesic"":false,""type"":""Point"",""coordinates"":[83.85067999757699,21.45370036263503]}"
191,253.17977802344328,184,2022,0,1,21.50436534465937,84.1566461833481,0.45785657,-0.5067459,2023,1491.7797845602036,"{""geodesic"":false,""type"":""Point"",""coordinates"":[84.1566461833481,21.50436534465937]}"
192,1014.3470806385751,153,2022,0,4,21.370336704268738,83.89029570160666,0.5039382,-0.5246704,2023,1583.5447580814362,"{""geodesic"":false,""type"":""Point"",""coordinates"":[83.89029570160666,21.370336704268738]}"
193,0.0,188,2022,0,0,21.561318533672548,83.94464377629589,-0.18432511,0.4077977,2023,1531.6997517347336,"{""geodesic"":false,""type"":""Point"",""coordinates"":[83.94464377629589,21.561318533672548]}"
194,408.0441152620633,167,2022,0,4,21.4647496406297,84.04381778366269,0.44311687,-0.47061938,2023,1583.1036818027496,"{""geodesic"":false,""type"":""Point"",""coordinates"":[84.04381778366269,21.4647496406297]}"
195,1280.0,184,2022,0,1,21.421361012406727,84.09214714594832,0.69190603,-0.57377046,2023,1585.277441740036,"{""geodesic"":false,""type"":""Point"",""coordinates"":[84.09214714594832,21.421361012406727]}"
196,1267.517258265149,174,2022,0,4,21.516043443352924,84.1055320436817,0.5647868,-0.53067815,2023,1495.7589523792267,"{""geodesic"":false,""type"":""Point"",""coordinates"":[84.1055320436817,21.516043443352924]}"
197,1012.4228365658294,154,2022,0,4,21.371055356496033,83.89002620702142,0.5169443,-0.5377897,2023,1583.5447580814362,"{""geodesic"":false,""type"":""Point"",""coordinates"":[83.89002620702142,21.371055356496033]}"
198,0.0,188,2022,0,0,21.572727137780866,83.8965839085955,-0.16673395,0.38971022,2023,1531.0154056549072,"{""geodesic"":false,""type"":""Point"",""coordinates"":[83.8965839085955,21.572727137780866]}"
199,604.4005294504631,220,2022,0,1,21.539579303796856,84.19931615934378,0.5945252,-0.5758549,2023,1491.7797845602036,"{""geodesic"":false,""type"":""Point"",""coordinates"":[84.19931615934378,21.539579303796856]}"
200,560.357029044876,204,2022,0,5,21.523948617853176,84.18718890300816,0.41098052,-0.47623417,2023,1491.7797845602036,"{""geodesic"":false,""type"":""Point"",""coordinates"":[84.18718890300816,21.523948617853176]}"
201,1071.8675291284833,178,2022,0,4,21.564282974110142,84.00653769937173,0.5409599,-0.52078706,2023,1465.7138321995735,"{""geodesic"":false,""type"":""Point"",""coordinates"":[84.00653769937173,21.564282974110142]}"
202,1280.0,160,2022,0,4,21.377702889598517,83.86217843321373,0.6097392,-0.5681455,2023,1583.5447580814362,"{""geodesic"":false,""type"":""Point"",""coordinates"":[83.86217843321373,21.377702889598517]}"
203,758.9466384404111,195,2022,0,1,21.53194362388184,83.97842043097879,0.52752644,-0.52428335,2023,1573.282821893692,"{""geodesic"":false,""type"":""Point"",""coordinates"":[83.97842043097879,21.53194362388184]}"
204,451.7742799230607,153,2022,0,6,21.482626114783677,83.96638300617158,0.33905372,-0.37543643,2023,1580.9598841071129,"{""geodesic"":false,""type"":""Point"",""coordinates"":[83.96638300617158,21.482626114783677]}"
205,150.33296378372907,156,2022,0,4,21.40815577773017,83.91751465471549,0.5749203,-0.5510204,2023,1620.52530169487,"{""geodesic"":false,""type"":""Point"",""coordinates"":[83.91751465471549,21.40815577773017]}"
206,701.78344238091,177,2022,0,4,21.543801385632218,83.93089955244886,0.5343068,-0.56330633,2023,1546.614536702633,"{""geodesic"":false,""type"":""Point"",""coordinates"":[83.93089955244886,21.543801385632218]}"
207,1280.0,178,2022,0,4,21.572727137780866,84.03438547317944,0.50127053,-0.4868296,2023,1465.7138321995735,"{""geodesic"":false,""type"":""Point"",""coordinates"":[84.03438547317944,21.572727137780866]}"
208,58.309518948453004,138,2022,0,0,21.413006680264417,83.97958824084814,0.037211195,0.09362625,2023,1600.8621512344107,"{""geodesic"":false,""type"":""Point"",""coordinates"":[83.97958824084814,21.413006680264417]}"
209,1280.0,157,2022,0,4,21.439506981145943,84.06277223615761,0.44980752,-0.48139182,2023,1585.277441740036,"{""geodesic"":false,""type"":""Point"",""coordinates"":[84.06277223615761,21.439506981145943]}"
210,925.7429448826495,149,2022,0,4,21.383362275888473,83.87735996151534,0.56870496,-0.5594553,2023,1583.5447580814362,"{""geodesic"":false,""type"":""Point"",""coordinates"":[83.87735996151534,21.383362275888473]}"
211,246.98178070456936,164,2022,0,5,21.46609711355588,84.11819828918779,0.3584575,-0.4336269,2023,1608.0899786949158,"{""geodesic"":false,""type"":""Point"",""coordinates"":[84.11819828918779,21.46609711355588]}"
212,1174.4360348695027,147,2022,0,4,21.377523226541694,83.94464377629589,0.44541314,-0.48552054,2023,1593.592208623886,"{""geodesic"":false,""type"":""Point"",""coordinates"":[83.94464377629589,21.377523226541694]}"
213,1167.304587500623,169,2022,0,1,21.400070940173094,84.06681465493615,0.5714559,-0.5219566,2023,1585.277441740036,"{""geodesic"":false,""type"":""Point"",""coordinates"":[84.06681465493615,21.400070940173094]}"
214,852.8774824088158,179,2022,0,1,21.538680988512738,83.96539485935905,0.6329175,-0.5584921,2023,1573.282821893692,"{""geodesic"":false,""type"":""Point"",""coordinates"":[83.96539485935905,21.538680988512738]}"
215,524.9761899362675,174,2022,0,1,21.53050631942725,84.00734618312744,0.45165238,-0.4840901,2023,1511.856633424759,"{""geodesic"":false,""type"":""Point"",""coordinates"":[84.00734618312744,21.53050631942725]}"
216,346.6987164671943,146,2022,0,4,21.414803310832653,84.00132747072384,0.45900446,-0.47914034,2023,1604.141280889511,"{""geodesic"":false,""type"":""Point"",""coordinates"":[84.00132747072384,21.414803310832653]}"
217,1280.0,181,2022,0,1,21.43672220376517,83.8770006354017,0.65320116,-0.55439967,2023,1602.8384928703308,"{""geodesic"":false,""type"":""Point"",""coordinates"":[83.8770006354017,21.43672220376517]}"
218,590.3388857258177,149,2022,0,4,21.459808906567044,84.00375292199095,0.4909091,-0.48399073,2023,1583.1036818027496,"{""geodesic"":false,""type"":""Point"",""coordinates"":[84.00375292199095,21.459808906567044]}"
219,855.6284240252892,177,2022,0,4,21.56374398493967,83.98875105674617,0.5272181,-0.50046134,2023,1532.3917932510376,"{""geodesic"":false,""type"":""Point"",""coordinates"":[83.98875105674617,21.56374398493967]}"
220,352.2782990761707,185,2022,0,5,21.4910702784544,84.1596106237857,0.33040836,-0.4053476,2023,1591.7766270637512,"{""geodesic"":false,""type"":""Point"",""coordinates"":[84.1596106237857,21.4910702784544]}"
221,464.00431032480725,151,2022,0,4,21.399262456417386,83.95775917944404,0.6031579,-0.59131277,2023,1596.223125219345,"{""geodesic"":false,""type"":""Point"",""coordinates"":[83.95775917944404,21.399262456417386]}"
222,1280.0,174,2022,0,4,21.512899339858507,84.07876224821494,0.62761146,-0.5824,2023,1505.147863149643,"{""geodesic"":false,""type"":""Point"",""coordinates"":[84.07876224821494,21.512899339858507]}"
223,0.0,188,2022,0,0,21.559521903104308,83.9199401059826,-0.20111302,0.41378862,2023,1531.6997517347336,"{""geodesic"":false,""type"":""Point"",""coordinates"":[83.9199401059826,21.559521903104308]}"
224,254.95097567963924,175,2022,0,4,21.420642360179432,84.11155075608531,0.48417255,-0.5041421,2023,1612.698834657669,"{""geodesic"":false,""type"":""Point"",""coordinates"":[84.11155075608531,21.420642360179432]}"
225,50.99019513592785,143,2022,0,0,21.479571842817673,83.93593011803993,0.3077563,-0.11082184,2023,1540.8635561466217,"{""geodesic"":false,""type"":""Point"",""coordinates"":[83.93593011803993,21.479571842817673]}"
226,807.7747210701756,146,2022,0,4,21.359556920859305,83.96287957656352,0.53123105,-0.51803607,2023,1596.223125219345,"{""geodesic"":false,""type"":""Point"",""coordinates"":[83.96287957656352,21.359556920859305]}"
227,845.3401682163222,197,2022,0,1,21.53095547706931,84.11406603888084,0.5425161,-0.5231372,2023,1495.7589523792267,"{""geodesic"":false,""type"":""Point"",""coordinates"":[84.11406603888084,21.53095547706931]}"
228,1280.0,170,2022,0,4,21.547394646768694,84.04525508811729,0.5286701,-0.51464975,2023,1511.856633424759,"{""geodesic"":false,""type"":""Point"",""coordinates"":[84.04525508811729,21.547394646768694]}"
229,210.2379604162864,173,2022,0,1,21.463132673118285,83.89703306623755,0.4889353,-0.4408081,2023,1515.590425491333,"{""geodesic"":false,""type"":""Point"",""coordinates"":[83.89703306623755,21.463132673118285]}"
230,1280.0,188,2022,0,5,21.495472023346586,84.18152951671821,0.34389895,-0.44075125,2023,1591.7766270637512,"{""geodesic"":false,""type"":""Point"",""coordinates"":[84.18152951671821,21.495472023346586]}"
231,1125.3888216967503,180,2022,0,4,21.571289833326276,84.04318896296381,0.53083646,-0.51335925,2023,1465.7138321995735,"{""geodesic"":false,""type"":""Point"",""coordinates"":[84.04318896296381,21.571289833326276]}"
232,594.0538696111659,194,2022,0,6,21.533560591393254,84.10643035896582,0.611148,-0.55591154,2023,1495.7589523792267,"{""geodesic"":false,""type"":""Point"",""coordinates"":[84.10643035896582,21.533560591393254]}"
233,844.3340571124678,217,2022,0,1,21.597161313508916,84.18170917977504,0.3126075,-0.43747845,2023,1431.8467383384705,"{""geodesic"":false,""type"":""Point"",""coordinates"":[84.18170917977504,21.597161313508916]}"
234,120.41594578792296,149,2022,0,1,21.451993563595202,84.04929750689581,0.23991694,-0.15566422,2023,1583.1036818027496,"{""geodesic"":false,""type"":""Point"",""coordinates"":[84.04929750689581,21.451993563595202]}"
235,0.0,188,2022,0,0,21.585483214815365,83.8801447388961,-0.1787666,0.37714624,2023,1531.0154056549072,"{""geodesic"":false,""type"":""Point"",""coordinates"":[83.8801447388961,21.585483214815365]}"
236,463.24939287601876,162,2022,0,1,21.525296090779356,83.87727012998693,0.350132,-0.45355898,2023,1517.3875867128372,"{""geodesic"":false,""type"":""Point"",""coordinates"":[83.87727012998693,21.525296090779356]}"
237,133.41664064126334,183,2022,0,5,21.451634237481557,83.89020587007825,0.35108712,-0.40656146,2023,1515.590425491333,"{""geodesic"":false,""type"":""Point"",""coordinates"":[83.89020587007825,21.451634237481557]}"
238,1266.254318847521,178,2022,0,6,21.462234357834166,84.1430816225579,0.46249685,-0.47099262,2023,1608.0899786949158,"{""geodesic"":false,""type"":""Point"",""coordinates"":[84.1430816225579,21.462234357834166]}"
239,254.95097567963924,187,2022,0,1,21.456305476958978,84.11658132167636,0.33827683,-0.4053954,2023,1608.0899786949158,"{""geodesic"":false,""type"":""Point"",""coordinates"":[84.11658132167636,21.456305476958978]}"
240,524.6903848937962,151,2022,0,4,21.356053491251238,83.88526513601559,0.6462478,-0.610213,2023,1583.5447580814362,"{""geodesic"":false,""type"":""Point"",""coordinates"":[83.88526513601559,21.356053491251238]}"
241,500.89919145472777,187,2022,0,6,21.535536885018317,84.10427440228393,0.2557587,-0.3617412,2023,1495.7589523792267,"{""geodesic"":false,""type"":""Point"",""coordinates"":[84.10427440228393,21.535536885018317]}"
242,202.48456731316588,192,2022,0,1,21.471846331374245,83.87367686885045,0.65220326,-0.5760992,2023,1515.590425491333,"{""geodesic"":false,""type"":""Point"",""coordinates"":[83.87367686885045,21.471846331374245]}"
243,856.0373823613078,175,2022,0,1,21.382553792132764,84.02360568977,0.4201878,-0.47112462,2023,1556.5259022712708,"{""geodesic"":false,""type"":""Point"",""coordinates"":[84.02360568977,21.382553792132764]}"
244,362.3534186398688,168,2022,0,4,21.403754032837984,83.85966315041819,0.52707374,-0.5312193,2023,1602.8384928703308,"{""geodesic"":false,""type"":""Point"",""coordinates"":[83.85966315041819,21.403754032837984]}"
245,868.3317338436964,167,2022,0,4,21.398723467246914,83.86388523225355,0.4197925,-0.44462377,2023,1583.5447580814362,"{""geodesic"":false,""type"":""Point"",""coordinates"":[83.86388523225355,21.398723467246914]}"
246,711.7583859709698,193,2022,0,1,21.540926776723037,84.13975785600665,0.60762334,-0.58608824,2023,1495.7589523792267,"{""geodesic"":false,""type"":""Point"",""coordinates"":[84.13975785600665,21.540926776723037]}"
247,1280.0,216,2022,0,1,21.358748437103596,84.1956330666789,0.6973673,-0.6318939,2023,1588.8062154054642,"{""geodesic"":false,""type"":""Point"",""coordinates"":[84.1956330666789,21.358748437103596]}"
248,240.83189157584593,163,2022,0,3,21.46843273329459,83.91203493148235,0.3656631,-0.42277592,2023,1540.8635561466217,"{""geodesic"":false,""type"":""Point"",""coordinates"":[83.91203493148235,21.46843273329459]}"
249,304.63092423455635,152,2022,0,6,21.35569416513759,83.97015593036488,0.45268768,-0.50121945,2023,1596.223125219345,"{""geodesic"":false,""type"":""Point"",""coordinates"":[83.97015593036488,21.35569416513759]}"
250,270.1851217221259,183,2022,0,4,21.453520699578206,84.15152578622862,0.3613575,-0.43045285,2023,1591.7766270637512,"{""geodesic"":false,""type"":""Point"",""coordinates"":[84.15152578622862,21.453520699578206]}"
251,1280.0,157,2022,0,1,21.50292804020478,84.00833432993997,0.5866283,-0.54470694,2023,1511.856633424759,"{""geodesic"":false,""type"":""Point"",""coordinates"":[84.00833432993997,21.50292804020478]}"
252,0.0,188,2022,0,0,21.57793736642876,83.90727386047652,-0.20255591,0.39966327,2023,1531.6997517347336,"{""geodesic"":false,""type"":""Point"",""coordinates"":[83.90727386047652,21.57793736642876]}"
253,0.0,188,2022,0,0,21.568684719002327,83.85041050299175,-0.19890541,0.36723882,2023,1531.0154056549072,"{""geodesic"":false,""type"":""Point"",""coordinates"":[83.85041050299175,21.568684719002327]}"
254,214.00934559032694,182,2022,0,1,21.54703532065505,83.91580785567565,0.4076902,-0.44363847,2023,1546.614536702633,"{""geodesic"":false,""type"":""Point"",""coordinates"":[83.91580785567565,21.54703532065505]}"
255,292.0616373302047,159,2022,0,6,21.488375332602043,83.96386772337605,0.595109,-0.55408955,2023,1580.9598841071129,"{""geodesic"":false,""type"":""Point"",""coordinates"":[83.96386772337605,21.488375332602043]}"
256,841.7244204607586,167,2022,0,1,21.52179266117129,83.94922518424491,0.6359014,-0.5704056,2023,1546.614536702633,"{""geodesic"":false,""type"":""Point"",""coordinates"":[83.94922518424491,21.52179266117129]}"
257,1187.0130580579137,183,2022,0,4,21.58629169857107,84.07894191127177,0.304421,-0.40702644,2023,1430.2445055246353,"{""geodesic"":false,""type"":""Point"",""coordinates"":[84.07894191127177,21.58629169857107]}"
258,1280.0,358,2022,0,1,21.353897534569352,84.05998745877685,0.6929638,-0.64510876,2023,1537.6186023950577,"{""geodesic"":false,""type"":""Point"",""coordinates"":[84.05998745877685,21.353897534569352]}"
259,681.1754546370561,183,2022,0,1,21.41776775127025,84.1800023807352,0.33333334,-0.29319853,2023,1594.0544555187225,"{""geodesic"":false,""type"":""Point"",""coordinates"":[84.1800023807352,21.41776775127025]}"
260,720.0694410957876,177,2022,0,1,21.410042239826822,84.11262873442624,0.38600138,-0.42877555,2023,1612.698834657669,"{""geodesic"":false,""type"":""Point"",""coordinates"":[84.11262873442624,21.410042239826822]}"
261,1280.0,203,2022,0,1,21.364856981035608,84.17946339156474,0.67608106,-0.62399507,2023,1588.8062154054642,"{""geodesic"":false,""type"":""Point"",""coordinates"":[84.17946339156474,21.364856981035608]}"
262,570.7889277132134,242,2022,0,1,21.39899296183215,84.10319642394299,0.7439726,-0.6141277,2023,1588.8768920898438,"{""geodesic"":false,""type"":""Point"",""coordinates"":[84.10319642394299,21.39899296183215]}"
263,972.5224933131367,180,2022,0,4,21.526553732177124,84.09906417363604,0.32523745,-0.3923699,2023,1505.147863149643,"{""geodesic"":false,""type"":""Point"",""coordinates"":[84.09906417363604,21.526553732177124]}"
264,626.0990336999412,157,2022,0,1,21.497178822386413,83.9289232588238,0.56305367,-0.54570735,2023,1540.8635561466217,"{""geodesic"":false,""type"":""Point"",""coordinates"":[83.9289232588238,21.497178822386413]}"
265,777.946013551069,178,2022,0,1,21.423427137560203,84.14963932413197,0.57882667,-0.5357829,2023,1612.698834657669,"{""geodesic"":false,""type"":""Point"",""coordinates"":[84.14963932413197,21.423427137560203]}"
266,250.79872407968907,177,2022,0,1,21.525296090779356,83.99539858984865,0.40564913,-0.42818648,2023,1573.282821893692,"{""geodesic"":false,""type"":""Point"",""coordinates"":[83.99539858984865,21.525296090779356]}"
267,1138.859078200635,158,2022,0,4,21.37276215553586,84.0085139929968,0.6522195,-0.6249839,2023,1556.5259022712708,"{""geodesic"":false,""type"":""Point"",""coordinates"":[84.0085139929968,21.37276215553586]}"
268,367.1511950137164,165,2022,0,6,21.538950483097974,83.89595508789661,0.15984695,-0.26442713,2023,1517.3875867128372,"{""geodesic"":false,""type"":""Point"",""coordinates"":[83.89595508789661,21.538950483097974]}"
269,1280.0,166,2022,0,6,21.51487563348357,84.00860382452521,0.49133748,-0.40210664,2023,1511.856633424759,"{""geodesic"":false,""type"":""Point"",""coordinates"":[84.00860382452521,21.51487563348357]}"
270,553.1726674375732,155,2022,0,4,21.44130361171418,84.04983649606629,0.34131053,-0.41268253,2023,1604.141280889511,"{""geodesic"":false,""type"":""Point"",""coordinates"":[84.04983649606629,21.44130361171418]}"
271,1280.0,167,2022,0,4,21.496370338630708,84.0558552084699,0.526506,-0.5169111,2023,1602.4353742599487,"{""geodesic"":false,""type"":""Point"",""coordinates"":[84.0558552084699,21.496370338630708]}"
272,956.3472172804186,193,2022,0,5,21.542453912706037,83.96503553324541,0.17512953,-0.2808735,2023,1573.282821893692,"{""geodesic"":false,""type"":""Point"",""coordinates"":[83.96503553324541,21.542453912706037]}"
273,552.268050859363,169,2022,0,1,21.46115637949322,83.91275358370964,0.32143304,-0.38133514,2023,1540.8635561466217,"{""geodesic"":false,""type"":""Point"",""coordinates"":[83.91275358370964,21.46115637949322]}"
274,283.0194339616981,196,2022,0,4,21.504994165358255,84.19895683323013,0.34949702,-0.4145638,2023,1491.7797845602036,"{""geodesic"":false,""type"":""Point"",""coordinates"":[84.19895683323013,21.504994165358255]}"
275,1280.0,153,2022,0,4,21.357939953347888,84.00375292199095,0.5229847,-0.5265442,2023,1556.5259022712708,"{""geodesic"":false,""type"":""Point"",""coordinates"":[84.00375292199095,21.357939953347888]}"
276,651.2296062065974,267,2022,0,1,21.518199400034813,84.05567554541307,0.6500446,-0.58219546,2023,1505.147863149643,"{""geodesic"":false,""type"":""Point"",""coordinates"":[84.05567554541307,21.518199400034813]}"
277,1280.0,160,2022,0,4,21.40626931563352,83.8762819831744,0.59783643,-0.54868555,2023,1602.8384928703308,"{""geodesic"":false,""type"":""Point"",""coordinates"":[83.8762819831744,21.40626931563352]}"
278,456.0701700396552,193,2022,0,1,21.537333515586557,84.11505418569337,0.68538916,-0.59172416,2023,1495.7589523792267,"{""geodesic"":false,""type"":""Point"",""coordinates"":[84.11505418569337,21.537333515586557]}"
279,1280.0,174,2022,0,4,21.395040374582024,84.03160069579866,0.3747204,-0.4352231,2023,1556.5259022712708,"{""geodesic"":false,""type"":""Point"",""coordinates"":[84.03160069579866,21.395040374582024]}"
280,0.0,188,2022,0,0,21.55359302222912,83.90601621907875,-0.25571114,0.47241268,2023,1531.6997517347336,"{""geodesic"":false,""type"":""Point"",""coordinates"":[83.90601621907875,21.55359302222912]}"
281,373.36309405188945,171,2022,0,1,21.473463298885658,84.1422731388022,0.72619116,-0.63292086,2023,1608.0899786949158,"{""geodesic"":false,""type"":""Point"",""coordinates"":[84.1422731388022,21.473463298885658]}"
282,465.2956049652737,186,2022,0,1,21.505443323000314,83.85867500360565,0.5464393,-0.5257802,2023,1517.3875867128372,"{""geodesic"":false,""type"":""Point"",""coordinates"":[83.85867500360565,21.505443323000314]}"
283,230.8679276123039,187,2022,0,5,21.5714694963831,84.11244907136943,0.33377662,-0.4290979,2023,1431.9922362565994,"{""geodesic"":false,""type"":""Point"",""coordinates"":[84.11244907136943,21.5714694963831]}"
284,880.2272433866154,169,2022,0,4,21.482626114783677,84.14595623146708,0.5119911,-0.522606,2023,1608.0899786949158,"{""geodesic"":false,""type"":""Point"",""coordinates"":[84.14595623146708,21.482626114783677]}"
285,1070.420478129973,183,2022,0,1,21.46969037469236,83.85615972081013,0.67180765,-0.6001803,2023,1515.590425491333,"{""geodesic"":false,""type"":""Point"",""coordinates"":[83.85615972081013,21.46969037469236]}"
286,356.93136595149497,188,2022,0,6,21.541825092007155,83.9853374586665,0.21930923,-0.31646284,2023,1573.282821893692,"{""geodesic"":false,""type"":""Point"",""coordinates"":[83.9853374586665,21.541825092007155]}"
287,1151.0864433221338,167,2022,0,4,21.547304815240285,84.01480219998562,0.6311073,-0.5654828,2023,1511.856633424759,"{""geodesic"":false,""type"":""Point"",""coordinates"":[84.01480219998562,21.547304815240285]}"
288,1280.0,165,2022,0,4,21.427649219395565,84.07795376445924,0.5272281,-0.52063835,2023,1585.277441740036,"{""geodesic"":false,""type"":""Point"",""coordinates"":[84.07795376445924,21.427649219395565]}"
289,0.0,188,2022,0,0,21.596622324338444,83.99324263316676,-0.20307785,0.39554843,2023,1532.3917932510376,"{""geodesic"":false,""type"":""Point"",""coordinates"":[83.99324263316676,21.596622324338444]}"
290,1280.0,155,2022,0,4,21.4422019269983,84.00644786784332,0.34027374,-0.4190137,2023,1604.141280889511,"{""geodesic"":false,""type"":""Point"",""coordinates"":[84.00644786784332,21.4422019269983]}"
291,870.0,182,2022,0,5,21.48864482718728,84.17883457086586,0.3859371,-0.44637883,2023,1591.7766270637512,"{""geodesic"":false,""type"":""Point"",""coordinates"":[84.17883457086586,21.48864482718728]}"
292,1280.0,172,2022,0,4,21.544070880217454,84.00447157421826,0.5881699,-0.5676414,2023,1511.856633424759,"{""geodesic"":false,""type"":""Point"",""coordinates"":[84.00447157421826,21.544070880217454]}"
293,1280.0,151,2022,0,4,21.363329845052608,83.86981411312874,0.6413834,-0.56731015,2023,1583.5447580814362,"{""geodesic"":false,""type"":""Point"",""coordinates"":[83.86981411312874,21.363329845052608]}"
294,1280.0,153,2022,0,4,21.39198610261602,84.00096814461018,0.52766687,-0.52288884,2023,1556.5259022712708,"{""geodesic"":false,""type"":""Point"",""coordinates"":[84.00096814461018,21.39198610261602]}"
295,237.69728648009425,151,2022,0,4,21.35057376801811,83.98686459464952,0.5899141,-0.5697611,2023,1596.223125219345,"{""geodesic"":false,""type"":""Point"",""coordinates"":[83.98686459464952,21.35057376801811]}"
296,615.5485358604958,192,2022,0,1,21.502389051034307,84.17173788012131,0.55634636,-0.554748,2023,1491.7797845602036,"{""geodesic"":false,""type"":""Point"",""coordinates"":[84.17173788012131,21.502389051034307]}"
297,596.657355607052,175,2022,0,1,21.520624851301935,84.11388637582401,0.6963171,-0.6154476,2023,1495.7589523792267,"{""geodesic"":false,""type"":""Point"",""coordinates"":[84.11388637582401,21.520624851301935]}"
298,1280.0,180,2022,0,4,21.5752424205764,84.03142103274185,0.5905803,-0.51937073,2023,1465.7138321995735,"{""geodesic"":false,""type"":""Point"",""coordinates"":[84.03142103274185,21.5752424205764]}"
299,1280.0,177,2022,0,4,21.565181289394264,84.05001615912312,0.26978523,-0.35425165,2023,1430.2445055246353,"{""geodesic"":false,""type"":""Point"",""coordinates"":[84.05001615912312,21.565181289394264]}"
300,506.0632371551998,160,2022,0,4,21.522960471040644,84.03887704960003,0.47868338,-0.49912602,2023,1511.856633424759,"{""geodesic"":false,""type"":""Point"",""coordinates"":[84.03887704960003,21.522960471040644]}"
301,0.0,188,2022,0,0,21.591412095690554,83.85984281347501,-0.22749819,0.4684321,2023,1531.0154056549072,"{""geodesic"":false,""type"":""Point"",""coordinates"":[83.85984281347501,21.591412095690554]}"
302,574.8912940721924,182,2022,0,0,21.401508244627685,84.12349834936408,0.3507378,-0.24737945,2023,1612.698834657669,"{""geodesic"":false,""type"":""Point"",""coordinates"":[84.12349834936408,21.401508244627685]}"
303,0.0,196,2022,0,0,21.599317270190806,83.95353709760867,-0.123338394,0.27399844,2023,1532.3917932510376,"{""geodesic"":false,""type"":""Point"",""coordinates"":[83.95353709760867,21.599317270190806]}"
304,1280.0,351,2022,0,1,21.374019796933627,84.0454347511741,0.7022929,-0.6215313,2023,1556.5259022712708,"{""geodesic"":false,""type"":""Point"",""coordinates"":[84.0454347511741,21.374019796933627]}"
305,241.86773244895647,195,2022,0,1,21.58260860590618,84.12852891495515,0.5023596,-0.47449806,2023,1431.9922362565994,"{""geodesic"":false,""type"":""Point"",""coordinates"":[84.12852891495515,21.58260860590618]}"
306,0.0,188,2022,0,0,21.58808832913931,83.94051152598894,-0.16330084,0.38400263,2023,1531.6997517347336,"{""geodesic"":false,""type"":""Point"",""coordinates"":[83.94051152598894,21.58808832913931]}"
307,1280.0,189,2022,0,1,21.496460170159118,84.19051266955941,0.36801857,-0.43421617,2023,1591.7766270637512,"{""geodesic"":false,""type"":""Point"",""coordinates"":[84.19051266955941,21.496460170159118]}"
308,813.4494452638098,177,2022,0,1,21.56284566965555,84.11550334333543,0.39132914,-0.2785029,2023,1431.9922362565994,"{""geodesic"":false,""type"":""Point"",""coordinates"":[84.11550334333543,21.56284566965555]}"
309,613.5144660071187,175,2022,0,4,21.54335222799016,83.94967434188696,0.64734733,-0.55121744,2023,1546.614536702633,"{""geodesic"":false,""type"":""Point"",""coordinates"":[83.94967434188696,21.54335222799016]}"
310,1280.0,177,2022,0,1,21.55637779960989,84.0987048475224,0.45126787,-0.48336497,2023,1430.2445055246353,"{""geodesic"":false,""type"":""Point"",""coordinates"":[84.0987048475224,21.55637779960989]}"
311,1280.0,160,2022,0,1,21.489363479414575,84.05720268139606,0.6135553,-0.5660704,2023,1602.4353742599487,"{""geodesic"":false,""type"":""Point"",""coordinates"":[84.05720268139606,21.489363479414575]}"
312,1280.0,171,2022,0,4,21.505443323000314,84.06070611100414,0.6075342,-0.55379015,2023,1505.147863149643,"{""geodesic"":false,""type"":""Point"",""coordinates"":[84.06070611100414,21.505443323000314]}"
313,0.0,188,2022,0,0,21.578206861013996,83.8799650758393,-0.14537445,0.35819548,2023,1531.0154056549072,"{""geodesic"":false,""type"":""Point"",""coordinates"":[83.8799650758393,21.578206861013996]}"
314,1250.9996003196804,183,2022,0,1,21.40662864174717,83.94626074380731,0.435479,-0.5,2023,1620.52530169487,"{""geodesic"":false,""type"":""Point"",""coordinates"":[83.94626074380731,21.40662864174717]}"
315,848.999411071645,179,2022,0,1,21.50894675260838,84.12834925189834,0.42016685,-0.4665995,2023,1495.7589523792267,"{""geodesic"":false,""type"":""Point"",""coordinates"":[84.12834925189834,21.50894675260838]}"
316,1240.0,170,2022,0,4,21.494483876534055,84.07507915555004,0.4902884,-0.52163464,2023,1602.4353742599487,"{""geodesic"":false,""type"":""Point"",""coordinates"":[84.07507915555004,21.494483876534055]}"
317,799.2496481075234,222,2022,0,1,21.377882552655343,84.09017085232325,0.6358124,-0.57630616,2023,1537.6186023950577,"{""geodesic"":false,""type"":""Point"",""coordinates"":[84.09017085232325,21.377882552655343]}"
318,1280.0,383,2022,0,1,21.372133334836978,84.0468720556287,0.6847458,-0.60893494,2023,1556.5259022712708,"{""geodesic"":false,""type"":""Point"",""coordinates"":[84.0468720556287,21.372133334836978]}"
319,830.0602387778854,195,2022,0,4,21.594735862241794,84.16697680911548,0.2954099,-0.40867522,2023,1431.8467383384705,"{""geodesic"":false,""type"":""Point"",""coordinates"":[84.16697680911548,21.594735862241794]}"
320,1280.0,165,2022,0,6,21.44552569354954,84.06852145397598,0.36806494,-0.39834026,2023,1585.277441740036,"{""geodesic"":false,""type"":""Point"",""coordinates"":[84.06852145397598,21.44552569354954]}"
321,408.166632639171,164,2022,0,4,21.359107763217246,83.85202747050317,0.33638826,-0.4065683,2023,1583.5447580814362,"{""geodesic"":false,""type"":""Point"",""coordinates"":[83.85202747050317,21.359107763217246]}"
322,884.5903006477066,168,2022,0,5,21.36261119282531,83.85472241635553,0.35655326,-0.43649903,2023,1583.5447580814362,"{""geodesic"":false,""type"":""Point"",""coordinates"":[83.85472241635553,21.36261119282531]}"
323,0.0,190,2022,0,0,21.549101445808525,83.9229045464202,-0.24255319,0.4517454,2023,1546.614536702633,"{""geodesic"":false,""type"":""Point"",""coordinates"":[83.9229045464202,21.549101445808525]}"
324,148.66068747318505,150,2022,0,6,21.451634237481557,83.9845289749108,0.18882227,-0.25607386,2023,1580.9598841071129,"{""geodesic"":false,""type"":""Point"",""coordinates"":[83.9845289749108,21.451634237481557]}"
325,222.03603311174518,187,2022,0,6,21.526643563705534,83.98237301822891,0.35978547,-0.38679186,2023,1573.282821893692,"{""geodesic"":false,""type"":""Point"",""coordinates"":[83.98237301822891,21.526643563705534]}"
326,0.0,198,2022,0,0,21.591951084861023,84.03752957667385,-0.18121563,0.29741436,2023,1465.7138321995735,"{""geodesic"":false,""type"":""Point"",""coordinates"":[84.03752957667385,21.591951084861023]}"
327,0.0,188,2022,0,0,21.582249279792535,83.86810731408892,-0.2139423,0.40419072,2023,1531.0154056549072,"{""geodesic"":false,""type"":""Point"",""coordinates"":[83.86810731408892,21.582249279792535]}"
328,462.3851208678757,189,2022,0,4,21.575961072803697,84.15341224832527,0.45889068,-0.49186817,2023,1431.8467383384705,"{""geodesic"":false,""type"":""Point"",""coordinates"":[84.15341224832527,21.575961072803697]}"
329,0.0,158,2022,0,0,21.486219375920157,83.91877229611325,-0.062330622,0.20322394,2023,1540.8635561466217,"{""geodesic"":false,""type"":""Point"",""coordinates"":[83.91877229611325,21.486219375920157]}"
330,680.0735254367721,180,2022,0,5,21.454958004032797,84.18251766353075,0.38514286,-0.45993313,2023,1591.7766270637512,"{""geodesic"":false,""type"":""Point"",""coordinates"":[84.18251766353075,21.454958004032797]}"
331,237.69728648009425,138,2022,0,4,21.38192497143388,83.9716830663479,0.32679597,-0.37684503,2023,1596.223125219345,"{""geodesic"":false,""type"":""Point"",""coordinates"":[83.9716830663479,21.38192497143388]}"
332,300.66592756745814,163,2022,0,1,21.47481077181184,84.10301676088616,0.51960623,-0.5176143,2023,1608.0899786949158,"{""geodesic"":false,""type"":""Point"",""coordinates"":[84.10301676088616,21.47481077181184]}"
333,344.0930106817051,141,2022,0,5,21.45001726997014,83.96916778355235,0.38681182,-0.4225219,2023,1580.9598841071129,"{""geodesic"":false,""type"":""Point"",""coordinates"":[83.96916778355235,21.45001726997014]}"
334,1280.0,160,2022,0,4,21.432320458872987,84.05639419764036,0.52090394,-0.50631493,2023,1585.277441740036,"{""geodesic"":false,""type"":""Point"",""coordinates"":[84.05639419764036,21.432320458872987]}"
335,236.00847442411893,175,2022,0,4,21.512719676801684,84.11505418569337,0.5810378,-0.5425,2023,1495.7589523792267,"{""geodesic"":false,""type"":""Point"",""coordinates"":[84.11505418569337,21.512719676801684]}"
336,766.6159403508382,153,2022,0,6,21.45693429765786,84.01614967291181,0.21992663,-0.22477464,2023,1583.1036818027496,"{""geodesic"":false,""type"":""Point"",""coordinates"":[84.01614967291181,21.45693429765786]}"
337,1091.146186356347,186,2022,0,1,21.551616728604056,84.10454389686917,0.3699201,-0.43405145,2023,1431.9922362565994,"{""geodesic"":false,""type"":""Point"",""coordinates"":[84.10454389686917,21.551616728604056]}"
338,172.6267650163207,152,2022,0,1,21.481188810329087,84.07112656829992,0.51979434,-0.48492968,2023,1602.4353742599487,"{""geodesic"":false,""type"":""Point"",""coordinates"":[84.07112656829992,21.481188810329087]}"
339,1176.4352935882193,181,2022,0,6,21.56643893079203,84.05657386069718,0.57966924,-0.55181295,2023,1430.2445055246353,"{""geodesic"":false,""type"":""Point"",""coordinates"":[84.05657386069718,21.56643893079203]}"
340,1102.5878649794763,163,2022,0,4,21.535267390433084,84.04579407728775,0.55471814,-0.5212782,2023,1511.856633424759,"{""geodesic"":false,""type"":""Point"",""coordinates"":[84.04579407728775,21.535267390433084]}"
341,50.0,190,2022,0,0,21.523499460211116,84.13391880665988,0.4700162,-0.44657096,2023,1495.7589523792267,"{""geodesic"":false,""type"":""Point"",""coordinates"":[84.13391880665988,21.523499460211116]}"
342,1280.0,164,2022,0,1,21.426840735639857,84.07732494376035,0.64972544,-0.57451516,2023,1585.277441740036,"{""geodesic"":false,""type"":""Point"",""coordinates"":[84.07732494376035,21.426840735639857]}"
343,92.19544457292886,167,2022,0,4,21.54712515218346,84.02459383658253,0.54605836,-0.5218874,2023,1511.856633424759,"{""geodesic"":false,""type"":""Point"",""coordinates"":[84.02459383658253,21.54712515218346]}"
344,399.2492955535426,181,2022,0,7,21.460078401152277,83.92299437794861,0.054856986,-0.1164204,2023,1540.8635561466217,"{""geodesic"":false,""type"":""Point"",""coordinates"":[83.92299437794861,21.460078401152277]}"
345,430.8131845707603,201,2022,0,1,21.552964201530237,84.14218330727378,0.4409135,-0.48655257,2023,1431.9922362565994,"{""geodesic"":false,""type"":""Point"",""coordinates"":[84.14218330727378,21.552964201530237]}"
346,1139.9122773266372,168,2022,0,4,21.514156981256274,84.01174792801962,0.5611838,-0.5449169,2023,1511.856633424759,"{""geodesic"":false,""type"":""Point"",""coordinates"":[84.01174792801962,21.514156981256274]}"
347,439.31765272977594,166,2022,0,5,21.521253672000817,83.87223956439585,0.33242506,-0.39262137,2023,1517.3875867128372,"{""geodesic"":false,""type"":""Point"",""coordinates"":[83.87223956439585,21.521253672000817]}"
348,890.2246907382428,201,2022,0,1,21.584495068002834,84.13966802447824,0.46330953,-0.46159655,2023,1431.9922362565994,"{""geodesic"":false,""type"":""Point"",""coordinates"":[84.13966802447824,21.584495068002834]}"
349,356.08987629529713,153,2022,0,1,21.450107101498553,83.9807560507175,0.61202556,-0.5564662,2023,1580.9598841071129,"{""geodesic"":false,""type"":""Point"",""coordinates"":[83.9807560507175,21.450107101498553]}"
350,607.4537019394976,145,2022,0,1,21.36440782339355,83.91212476301077,0.44002742,-0.4918175,2023,1593.592208623886,"{""geodesic"":false,""type"":""Point"",""coordinates"":[83.91212476301077,21.36440782339355]}"
351,310.16124838541646,141,2022,0,0,21.35299921928523,83.91365189899378,0.2883472,-0.18674698,2023,1593.592208623886,"{""geodesic"":false,""type"":""Point"",""coordinates"":[83.91365189899378,21.35299921928523]}"
352,241.66091947189145,175,2022,0,4,21.511911193045975,84.11595250097749,0.43734792,-0.46952736,2023,1495.7589523792267,"{""geodesic"":false,""type"":""Point"",""coordinates"":[84.11595250097749,21.511911193045975]}"
353,1016.366075781753,176,2022,0,4,21.559521903104308,83.9928833070531,0.5673229,-0.5656695,2023,1532.3917932510376,"{""geodesic"":false,""type"":""Point"",""coordinates"":[83.9928833070531,21.559521903104308]}"
354,359.02646142032484,171,2022,0,1,21.462324189362576,83.9145502142779,0.43137634,-0.4781188,2023,1540.8635561466217,"{""geodesic"":false,""type"":""Point"",""coordinates"":[83.9145502142779,21.462324189362576]}"
355,1280.0,158,2022,0,1,21.50427551313096,84.00519022644555,0.62191427,-0.5483204,2023,1511.856633424759,"{""geodesic"":false,""type"":""Point"",""coordinates"":[84.00519022644555,21.50427551313096]}"
356,247.3863375370596,160,2022,0,5,21.421001686293078,83.92829443812492,0.38050577,-0.4340836,2023,1620.52530169487,"{""geodesic"":false,""type"":""Point"",""coordinates"":[83.92829443812492,21.421001686293078]}"
357,1280.0,302,2022,0,1,21.35255006164317,84.04040418558303,0.75941545,-0.67315775,2023,1556.5259022712708,"{""geodesic"":false,""type"":""Point"",""coordinates"":[84.04040418558303,21.35255006164317]}"
358,910.0,147,2022,0,1,21.417588088213424,83.96530502783064,0.6248968,-0.585457,2023,1600.8621512344107,"{""geodesic"":false,""type"":""Point"",""coordinates"":[83.96530502783064,21.417588088213424]}"
359,1280.0,159,2022,0,1,21.54209458659239,84.0618739208735,0.71538043,-0.6297452,2023,1505.147863149643,"{""geodesic"":false,""type"":""Point"",""coordinates"":[84.0618739208735,21.54209458659239]}"
360,1280.0,218,2022,0,1,21.44552569354954,83.8770006354017,0.68212366,-0.6072346,2023,1602.8384928703308,"{""geodesic"":false,""type"":""Point"",""coordinates"":[83.8770006354017,21.44552569354954]}"
361,152.64337522473747,165,2022,0,1,21.538052167813852,83.88400749461783,0.6547281,-0.60325855,2023,1517.3875867128372,"{""geodesic"":false,""type"":""Point"",""coordinates"":[83.88400749461783,21.538052167813852]}"
362,600.832755431992,178,2022,0,1,21.477505717664197,84.12394750700615,0.3293479,-0.38886034,2023,1608.0899786949158,"{""geodesic"":false,""type"":""Point"",""coordinates"":[84.12394750700615,21.477505717664197]}"
363,1273.1064370271638,160,2022,0,4,21.421271180878314,84.05962813266319,0.5262661,-0.54522294,2023,1585.277441740036,"{""geodesic"":false,""type"":""Point"",""coordinates"":[84.05962813266319,21.421271180878314]}"
364,80.62257748298549,134,2022,0,0,21.36261119282531,83.94302680878448,0.5896457,-0.49209902,2023,1593.592208623886,"{""geodesic"":false,""type"":""Point"",""coordinates"":[83.94302680878448,21.36261119282531]}"
365,575.6735185849702,200,2022,0,1,21.585932372457425,84.0957404070848,0.5841584,-0.54604614,2023,1430.2445055246353,"{""geodesic"":false,""type"":""Point"",""coordinates"":[84.0957404070848,21.585932372457425]}"
366,1280.0,150,2022,0,1,21.37500794374616,83.93431315052852,0.5654163,-0.5393021,2023,1593.592208623886,"{""geodesic"":false,""type"":""Point"",""coordinates"":[83.93431315052852,21.37500794374616]}"
367,509.9019513592785,159,2022,0,4,21.493855055835173,84.02189889073017,0.60339946,-0.5588708,2023,1583.1036818027496,"{""geodesic"":false,""type"":""Point"",""coordinates"":[84.02189889073017,21.493855055835173]}"
368,801.3114251026251,198,2022,0,1,21.53787250475703,84.13966802447824,0.5221374,-0.5256312,2023,1495.7589523792267,"{""geodesic"":false,""type"":""Point"",""coordinates"":[84.13966802447824,21.53787250475703]}"
369,1238.1033882515628,172,2022,0,4,21.39306408095696,83.85247662814523,0.5695046,-0.5321243,2023,1583.5447580814362,"{""geodesic"":false,""type"":""Point"",""coordinates"":[83.85247662814523,21.39306408095696]}"
370,522.0153254455274,151,2022,0,6,21.477865043777847,83.95120147786997,0.38311255,-0.38265,2023,1580.9598841071129,"{""geodesic"":false,""type"":""Point"",""coordinates"":[83.95120147786997,21.477865043777847]}"
371,760.2631123499284,213,2022,0,4,21.591591758747377,84.18278715811599,0.48833942,-0.51099247,2023,1431.8467383384705,"{""geodesic"":false,""type"":""Point"",""coordinates"":[84.18278715811599,21.591591758747377]}"
372,456.17978911828175,163,2022,0,4,21.486668533562217,84.07867241668653,0.5368558,-0.52393275,2023,1602.4353742599487,"{""geodesic"":false,""type"":""Point"",""coordinates"":[84.07867241668653,21.486668533562217]}"
373,1280.0,170,2022,0,4,21.502658545619543,84.12933739871087,0.6051733,-0.5658021,2023,1495.7589523792267,"{""geodesic"":false,""type"":""Point"",""coordinates"":[84.12933739871087,21.502658545619543]}"
374,682.4954212300622,169,2022,0,4,21.46385132534558,83.88796008186796,0.61812145,-0.5656005,2023,1515.590425491333,"{""geodesic"":false,""type"":""Point"",""coordinates"":[83.88796008186796,21.46385132534558]}"
375,947.6286192385708,152,2022,0,4,21.460797053379576,84.02198872225858,0.4809756,-0.48629242,2023,1583.1036818027496,"{""geodesic"":false,""type"":""Point"",""coordinates"":[84.02198872225858,21.460797053379576]}"
376,481.04053883222775,158,2022,0,4,21.45459867791915,84.03860755501479,0.52670807,-0.52639204,2023,1583.1036818027496,"{""geodesic"":false,""type"":""Point"",""coordinates"":[84.03860755501479,21.45459867791915]}"
377,961.0411021387171,204,2022,0,1,21.583327258133476,84.13894937225095,0.4159053,-0.46236056,2023,1431.9922362565994,"{""geodesic"":false,""type"":""Point"",""coordinates"":[84.13894937225095,21.583327258133476]}"
378,605.3924347066124,212,2022,0,1,21.538950483097974,84.19886700170171,0.34775898,-0.42200887,2023,1491.7797845602036,"{""geodesic"":false,""type"":""Point"",""coordinates"":[84.19886700170171,21.538950483097974]}"
379,622.8964600958975,185,2022,0,1,21.515234959597215,83.91868246458483,0.5285505,-0.49187258,2023,1546.614536702633,"{""geodesic"":false,""type"":""Point"",""coordinates"":[83.91868246458483,21.515234959597215]}"
380,965.6603957913983,160,2022,0,4,21.364677317978785,83.85337494342934,0.67243135,-0.5945508,2023,1583.5447580814362,"{""geodesic"":false,""type"":""Point"",""coordinates"":[83.85337494342934,21.364677317978785]}"
381,1280.0,174,2022,0,1,21.499424610596712,84.07238420969769,0.50348836,-0.52117646,2023,1602.4353742599487,"{""geodesic"":false,""type"":""Point"",""coordinates"":[84.07238420969769,21.499424610596712]}"
382,724.7068372797376,146,2022,0,4,21.38066733003611,83.97671363193896,0.35714287,-0.42367476,2023,1596.223125219345,"{""geodesic"":false,""type"":""Point"",""coordinates"":[83.97671363193896,21.38066733003611]}"
383,456.17978911828175,142,2022,0,4,21.4459748511916,83.98057638766068,0.4112992,-0.44933218,2023,1600.8621512344107,"{""geodesic"":false,""type"":""Point"",""coordinates"":[83.98057638766068,21.4459748511916]}"
384,1231.0158406779337,180,2022,0,1,21.552964201530237,84.11721014237526,0.43128252,-0.4780318,2023,1431.9922362565994,"{""geodesic"":false,""type"":""Point"",""coordinates"":[84.11721014237526,21.552964201530237]}"
385,626.4982043070834,179,2022,0,5,21.489453310942988,84.16778529287119,0.26530612,-0.38136575,2023,1591.7766270637512,"{""geodesic"":false,""type"":""Point"",""coordinates"":[84.16778529287119,21.489453310942988]}"
386,110.0,156,2022,0,6,21.489453310942988,83.93691826485247,0.38827285,-0.4537732,2023,1540.8635561466217,"{""geodesic"":false,""type"":""Point"",""coordinates"":[83.93691826485247,21.489453310942988]}"
387,1280.0,168,2022,0,4,21.549640434978993,84.01327506400263,0.57547307,-0.5419957,2023,1511.856633424759,"{""geodesic"":false,""type"":""Point"",""coordinates"":[84.01327506400263,21.549640434978993]}"
388,294.10882339705483,165,2022,0,5,21.48038032657338,84.07615713389099,0.32234675,-0.41766784,2023,1602.4353742599487,"{""geodesic"":false,""type"":""Point"",""coordinates"":[84.07615713389099,21.48038032657338]}"
389,562.2277118748239,148,2022,0,4,21.40222689685498,83.9867747631211,0.5511471,-0.5168105,2023,1600.8621512344107,"{""geodesic"":false,""type"":""Point"",""coordinates"":[83.9867747631211,21.40222689685498]}"
390,355.10561809129405,151,2022,0,4,21.463312336175107,84.00923264522409,0.5811413,-0.5387485,2023,1583.1036818027496,"{""geodesic"":false,""type"":""Point"",""coordinates"":[84.00923264522409,21.463312336175107]}"
391,28.284271247461902,166,2022,0,0,21.46196486324893,83.937906411665,0.6742552,-0.57480377,2023,1540.8635561466217,"{""geodesic"":false,""type"":""Point"",""coordinates"":[83.937906411665,21.46196486324893]}"
392,0.0,188,2022,0,0,21.58997479123596,83.91652650790296,-0.16239527,0.38384846,2023,1531.6997517347336,"{""geodesic"":false,""type"":""Point"",""coordinates"":[83.91652650790296,21.58997479123596]}"
393,774.6612162745726,176,2022,0,1,21.44534603049272,83.92964191105109,0.6298531,-0.53366286,2023,1620.52530169487,"{""geodesic"":false,""type"":""Point"",""coordinates"":[83.92964191105109,21.44534603049272]}"
394,1280.0,152,2022,0,1,21.378511373354225,83.93736742249453,0.40420088,-0.4461834,2023,1593.592208623886,"{""geodesic"":false,""type"":""Point"",""coordinates"":[83.93736742249453,21.378511373354225]}"
395,990.4039579888603,164,2022,0,6,21.468792059408237,83.98812223604727,0.5755226,-0.53813106,2023,1580.9598841071129,"{""geodesic"":false,""type"":""Point"",""coordinates"":[83.98812223604727,21.468792059408237]}"
396,824.6211251235321,172,2022,0,1,21.491699099153287,84.17227686929178,0.5461978,-0.547869,2023,1591.7766270637512,"{""geodesic"":false,""type"":""Point"",""coordinates"":[84.17227686929178,21.491699099153287]}"
397,1280.0,153,2022,0,4,21.386416547854477,83.99611724207594,0.5801634,-0.55756146,2023,1596.223125219345,"{""geodesic"":false,""type"":""Point"",""coordinates"":[83.99611724207594,21.386416547854477]}"
398,1280.0,163,2022,0,4,21.418127077383897,83.87268872203792,0.51596814,-0.4858594,2023,1602.8384928703308,"{""geodesic"":false,""type"":""Point"",""coordinates"":[83.87268872203792,21.418127077383897]}"
399,1280.0,172,2022,0,4,21.422438990747672,83.85957331888977,0.54187965,-0.50915074,2023,1602.8384928703308,"{""geodesic"":false,""type"":""Point"",""coordinates"":[83.85957331888977,21.422438990747672]}"
400,710.6335201775947,174,2022,0,4,21.456574971544214,84.0770554491751,0.3951613,-0.45786518,2023,1602.4353742599487,"{""geodesic"":false,""type"":""Point"",""coordinates"":[84.0770554491751,21.456574971544214]}"
401,572.0139858430036,154,2022,0,4,21.434476415554872,83.95281844538138,0.55877715,-0.50735235,2023,1600.8621512344107,"{""geodesic"":false,""type"":""Point"",""coordinates"":[83.95281844538138,21.434476415554872]}"
402,324.49961479175903,170,2022,0,6,21.476337907794843,83.8988296968058,0.31784236,-0.39453506,2023,1515.590425491333,"{""geodesic"":false,""type"":""Point"",""coordinates"":[83.8988296968058,21.476337907794843]}"
403,0.0,188,2022,0,0,21.582339111320945,83.96853896285347,-0.20456733,0.40545118,2023,1532.3917932510376,"{""geodesic"":false,""type"":""Point"",""coordinates"":[83.96853896285347,21.582339111320945]}"
404,1280.0,286,2022,0,1,21.350933094131758,84.04094317475351,0.7204748,-0.6245447,2023,1556.5259022712708,"{""geodesic"":false,""type"":""Point"",""coordinates"":[84.04094317475351,21.350933094131758]}"
405,912.6883367283708,185,2022,0,0,21.574344105292283,84.0430991314354,0.17195925,-0.13905047,2023,1465.7138321995735,"{""geodesic"":false,""type"":""Point"",""coordinates"":[84.0430991314354,21.574344105292283]}"
406,756.6372975210778,175,2022,0,4,21.431511975117278,83.85103932369064,0.48568907,-0.52622825,2023,1602.8384928703308,"{""geodesic"":false,""type"":""Point"",""coordinates"":[83.85103932369064,21.431511975117278]}"
407,1280.0,164,2022,0,1,21.38569789562718,83.93359449830122,0.66065466,-0.6127149,2023,1593.592208623886,"{""geodesic"":false,""type"":""Point"",""coordinates"":[83.93359449830122,21.38569789562718]}"
408,778.2030583337487,165,2022,0,1,21.53374025445008,84.01399371622992,0.53542066,-0.49555087,2023,1511.856633424759,"{""geodesic"":false,""type"":""Point"",""coordinates"":[84.01399371622992,21.53374025445008]}"
409,84.85281374238569,199,2022,0,1,21.597969797264625,83.9597354730691,0.50690335,-0.4862528,2023,1532.3917932510376,"{""geodesic"":false,""type"":""Point"",""coordinates"":[83.9597354730691,21.597969797264625]}"
410,344.81879299133334,179,2022,0,4,21.475978581681193,83.87421585802092,0.21627103,-0.30413172,2023,1515.590425491333,"{""geodesic"":false,""type"":""Point"",""coordinates"":[83.87421585802092,21.475978581681193]}"
411,412.31056256176606,161,2022,0,4,21.45136474289632,84.0326786741396,0.5569994,-0.5330038,2023,1583.1036818027496,"{""geodesic"":false,""type"":""Point"",""coordinates"":[84.0326786741396,21.45136474289632]}"
412,1280.0,166,2022,0,5,21.432320458872987,84.11065244080118,0.30496743,-0.38400087,2023,1612.698834657669,"{""geodesic"":false,""type"":""Point"",""coordinates"":[84.11065244080118,21.432320458872987]}"
413,70.0,163,2022,0,5,21.39117761886031,83.88867873409525,0.36355436,-0.45726877,2023,1583.5447580814362,"{""geodesic"":false,""type"":""Point"",""coordinates"":[83.88867873409525,21.39117761886031]}"
414,360.69377593742865,156,2022,0,4,21.46528862980017,84.06016712183366,0.39628252,-0.45920745,2023,1602.4353742599487,"{""geodesic"":false,""type"":""Point"",""coordinates"":[84.06016712183366,21.46528862980017]}"
415,737.6313442364011,186,2022,0,1,21.57694921961623,84.05657386069718,0.5693711,-0.53168815,2023,1430.2445055246353,"{""geodesic"":false,""type"":""Point"",""coordinates"":[84.05657386069718,21.57694921961623]}"
416,733.3484846919641,195,2022,0,1,21.377253731956458,84.0656468450668,0.65048546,-0.6154276,2023,1537.6186023950577,"{""geodesic"":false,""type"":""Point"",""coordinates"":[84.0656468450668,21.377253731956458]}"
417,1061.5083607772478,184,2022,0,5,21.4076167885597,84.18215833741709,0.3799031,-0.42764753,2023,1594.0544555187225,"{""geodesic"":false,""type"":""Point"",""coordinates"":[84.18215833741709,21.4076167885597]}"
418,404.5985664828782,154,2022,0,6,21.463941156873993,83.99387145386564,0.3586473,-0.40749845,2023,1580.9598841071129,"{""geodesic"":false,""type"":""Point"",""coordinates"":[83.99387145386564,21.463941156873993]}"
419,1280.0,169,2022,0,4,21.540836945194624,84.00258511212161,0.52998435,-0.49761796,2023,1511.856633424759,"{""geodesic"":false,""type"":""Point"",""coordinates"":[84.00258511212161,21.540836945194624]}"
420,1280.0,175,2022,0,4,21.51406714972786,83.96153210363734,0.5816106,-0.5512963,2023,1573.282821893692,"{""geodesic"":false,""type"":""Point"",""coordinates"":[83.96153210363734,21.51406714972786]}"
421,1280.0,183,2022,0,5,21.459808906567044,83.86226826474213,0.4094601,-0.50101763,2023,1515.590425491333,"{""geodesic"":false,""type"":""Point"",""coordinates"":[83.86226826474213,21.459808906567044]}"
422,326.9556544854363,210,2022,0,4,21.57982382852541,84.18269732658757,0.51923555,-0.49602836,2023,1431.8467383384705,"{""geodesic"":false,""type"":""Point"",""coordinates"":[84.18269732658757,21.57982382852541]}"
423,420.4759208325728,184,2022,0,6,21.40168790768451,84.12107289809697,0.33868593,-0.40505618,2023,1612.698834657669,"{""geodesic"":false,""type"":""Point"",""coordinates"":[84.12107289809697,21.40168790768451]}"
424,0.0,188,2022,0,0,21.561767691314607,83.96135244058051,-0.2547617,0.50241804,2023,1532.3917932510376,"{""geodesic"":false,""type"":""Point"",""coordinates"":[83.96135244058051,21.561767691314607]}"
425,400.0,239,2022,0,1,21.36719260077432,84.12511531687551,0.6568435,-0.5957111,2023,1588.8768920898438,"{""geodesic"":false,""type"":""Point"",""coordinates"":[84.12511531687551,21.36719260077432]}"
426,1160.9048195265623,197,2022,0,1,21.372043503308564,84.1783854132238,0.62217796,-0.59438735,2023,1588.8062154054642,"{""geodesic"":false,""type"":""Point"",""coordinates"":[84.1783854132238,21.372043503308564]}"
427,910.9335870413386,154,2022,0,4,21.37168417719492,83.88248035863482,0.5804498,-0.55242735,2023,1583.5447580814362,"{""geodesic"":false,""type"":""Point"",""coordinates"":[83.88248035863482,21.37168417719492]}"
428,692.6037828369117,166,2022,0,6,21.47256498360154,83.9987223563999,0.4041543,-0.43480897,2023,1580.9598841071129,"{""geodesic"":false,""type"":""Point"",""coordinates"":[83.9987223563999,21.47256498360154]}"
429,566.4803615307419,173,2022,0,1,21.42737972481033,84.18215833741709,0.5345097,-0.5315165,2023,1594.0544555187225,"{""geodesic"":false,""type"":""Point"",""coordinates"":[84.18215833741709,21.42737972481033]}"
430,1280.0,331,2022,0,1,21.35335854539888,84.02701928784965,0.7499656,-0.64251673,2023,1556.5259022712708,"{""geodesic"":false,""type"":""Point"",""coordinates"":[84.02701928784965,21.35335854539888]}"
431,1280.0,219,2022,0,1,21.358568774046773,84.19653138196301,0.6917716,-0.64487565,2023,1588.8062154054642,"{""geodesic"":false,""type"":""Point"",""coordinates"":[84.19653138196301,21.358568774046773]}"
432,0.0,188,2022,0,0,21.591052769576905,83.85283595425888,-0.1939545,0.37885904,2023,1531.0154056549072,"{""geodesic"":false,""type"":""Point"",""coordinates"":[83.85283595425888,21.591052769576905]}"
433,0.0,158,2022,0,0,21.4910702784544,83.9017941372434,-0.1747676,0.3883836,2023,1540.8635561466217,"{""geodesic"":false,""type"":""Point"",""coordinates"":[83.9017941372434,21.4910702784544]}"
434,718.6793443532381,181,2022,0,1,21.54622683689934,83.94185899891512,0.5393934,-0.5065288,2023,1546.614536702633,"{""geodesic"":false,""type"":""Point"",""coordinates"":[83.94185899891512,21.54622683689934]}"
435,786.0025445251433,156,2022,0,6,21.481009147272264,83.96171176669417,0.36249623,-0.34769017,2023,1580.9598841071129,"{""geodesic"":false,""type"":""Point"",""coordinates"":[83.96171176669417,21.481009147272264]}"
436,1280.0,164,2022,0,1,21.386596210911303,83.858315677492,0.66013074,-0.6037282,2023,1583.5447580814362,"{""geodesic"":false,""type"":""Point"",""coordinates"":[83.858315677492,21.386596210911303]}"
437,1280.0,175,2022,0,1,21.40402352742322,83.94383529254019,0.61269385,-0.56822866,2023,1620.52530169487,"{""geodesic"":false,""type"":""Point"",""coordinates"":[83.94383529254019,21.40402352742322]}"
438,761.6429609731846,153,2022,0,4,21.44813080787349,84.03222951649755,0.5245131,-0.5093085,2023,1604.141280889511,"{""geodesic"":false,""type"":""Point"",""coordinates"":[84.03222951649755,21.44813080787349]}"
439,0.0,188,2022,0,0,21.582698437434594,83.93907422153436,-0.17564182,0.39425406,2023,1531.6997517347336,"{""geodesic"":false,""type"":""Point"",""coordinates"":[83.93907422153436,21.582698437434594]}"
440,342.0526275297414,189,2022,0,5,21.550987907905174,84.14847151426261,0.31658024,-0.42824173,2023,1431.9922362565994,"{""geodesic"":false,""type"":""Point"",""coordinates"":[84.14847151426261,21.550987907905174]}"
441,263.0589287593181,142,2022,0,1,21.500502588937657,83.91077729008458,0.44269663,-0.42508325,2023,1546.614536702633,"{""geodesic"":false,""type"":""Point"",""coordinates"":[83.91077729008458,21.500502588937657]}"
442,696.56299069072,152,2022,0,4,21.35255006164317,83.98282217587098,0.4270413,-0.45567414,2023,1596.223125219345,"{""geodesic"":false,""type"":""Point"",""coordinates"":[83.98282217587098,21.35255006164317]}"
443,1264.6343345014795,169,2022,0,4,21.49619067557388,84.03905671265686,0.5000973,-0.52432114,2023,1583.1036818027496,"{""geodesic"":false,""type"":""Point"",""coordinates"":[84.03905671265686,21.49619067557388]}"
444,1280.0,163,2022,0,1,21.398364141133268,84.02127007003129,0.47559276,-0.46183074,2023,1556.5259022712708,"{""geodesic"":false,""type"":""Point"",""coordinates"":[84.02127007003129,21.398364141133268]}"
445,1231.6655390161732,154,2022,0,5,21.430523828304747,84.01857512417894,0.38660508,-0.4448901,2023,1604.141280889511,"{""geodesic"":false,""type"":""Point"",""coordinates"":[84.01857512417894,21.430523828304747]}"
446,439.31765272977594,166,2022,0,4,21.49619067557388,84.09933366822128,0.5619196,-0.5406404,2023,1602.4353742599487,"{""geodesic"":false,""type"":""Point"",""coordinates"":[84.09933366822128,21.49619067557388]}"
447,492.44289008980525,166,2022,0,1,21.401328581570862,83.92613848144303,0.6275323,-0.55404854,2023,1620.52530169487,"{""geodesic"":false,""type"":""Point"",""coordinates"":[83.92613848144303,21.401328581570862]}"
448,632.5345840347388,185,2022,0,4,21.53966913532527,84.09609973319844,0.31939676,-0.39161128,2023,1505.147863149643,"{""geodesic"":false,""type"":""Point"",""coordinates"":[84.09609973319844,21.53966913532527]}"
449,714.2128534267638,178,2022,0,1,21.45001726997014,83.92416218781797,0.32078716,-0.38414562,2023,1540.8635561466217,"{""geodesic"":false,""type"":""Point"",""coordinates"":[83.92416218781797,21.45001726997014]}"
450,533.3854141237834,155,2022,0,6,21.480200663516555,83.96557452241588,0.20388697,-0.2693882,2023,1580.9598841071129,"{""geodesic"":false,""type"":""Point"",""coordinates"":[83.96557452241588,21.480200663516555]}"
451,862.670273047588,166,2022,0,4,21.485860049806508,83.88221086404958,0.4788929,-0.49325427,2023,1515.590425491333,"{""geodesic"":false,""type"":""Point"",""coordinates"":[83.88221086404958,21.485860049806508]}"
452,698.1403870282825,222,2022,0,1,21.36306035046737,84.17173788012131,0.6636825,-0.609608,2023,1588.8062154054642,"{""geodesic"":false,""type"":""Point"",""coordinates"":[84.17173788012131,21.36306035046737]}"
453,275.13632984395207,189,2022,0,1,21.392884417900138,84.17434299444525,0.45818266,-0.49563983,2023,1588.8062154054642,"{""geodesic"":false,""type"":""Point"",""coordinates"":[84.17434299444525,21.392884417900138]}"
454,1280.0,174,2022,0,4,21.5301469933136,83.92874359576697,0.5319543,-0.545313,2023,1546.614536702633,"{""geodesic"":false,""type"":""Point"",""coordinates"":[83.92874359576697,21.5301469933136]}"
455,1051.189802081432,183,2022,0,5,21.531404634711368,83.96782031062618,0.35233247,-0.41272947,2023,1573.282821893692,"{""geodesic"":false,""type"":""Point"",""coordinates"":[83.96782031062618,21.531404634711368]}"
456,1280.0,347,2022,0,1,21.36575529631973,84.04004485946939,0.7651822,-0.66990095,2023,1556.5259022712708,"{""geodesic"":false,""type"":""Point"",""coordinates"":[84.04004485946939,21.36575529631973]}"
457,1280.0,167,2022,0,1,21.53706402100132,84.02046158627559,0.5057187,-0.4857349,2023,1511.856633424759,"{""geodesic"":false,""type"":""Point"",""coordinates"":[84.02046158627559,21.53706402100132]}"
458,314.00636936215164,197,2022,0,1,21.58036281769588,84.11442536499449,0.44307417,-0.47713137,2023,1431.9922362565994,"{""geodesic"":false,""type"":""Point"",""coordinates"":[84.11442536499449,21.58036281769588]}"
459,1006.2305898749054,279,2022,0,1,21.36800108453003,84.06932993773168,0.70392084,-0.6230366,2023,1537.6186023950577,"{""geodesic"":false,""type"":""Point"",""coordinates"":[84.06932993773168,21.36800108453003]}"
460,1280.0,161,2022,0,4,21.4174084251566,83.89038553313507,0.5705293,-0.5462939,2023,1602.8384928703308,"{""geodesic"":false,""type"":""Point"",""coordinates"":[83.89038553313507,21.4174084251566]}"
461,1280.0,166,2022,0,6,21.500053431295598,84.00078848155336,0.30741882,-0.37077534,2023,1511.856633424759,"{""geodesic"":false,""type"":""Point"",""coordinates"":[84.00078848155336,21.500053431295598]}"
462,1272.8707711311467,160,2022,0,4,21.490171963170283,84.02836676077584,0.46485528,-0.5048544,2023,1583.1036818027496,"{""geodesic"":false,""type"":""Point"",""coordinates"":[84.02836676077584,21.490171963170283]}"
463,684.470598345904,183,2022,0,5,21.397286162792323,84.1694022603826,0.36968073,-0.4504258,2023,1588.8062154054642,"{""geodesic"":false,""type"":""Point"",""coordinates"":[84.1694022603826,21.397286162792323]}"
464,435.6604182158393,212,2022,0,1,21.375277438331395,84.11568300639225,0.71649486,-0.6412603,2023,1588.8768920898438,"{""geodesic"":false,""type"":""Point"",""coordinates"":[84.11568300639225,21.375277438331395]}"
465,1280.0,171,2022,0,1,21.42432545284432,84.08091820489683,0.7637549,-0.6835922,2023,1585.277441740036,"{""geodesic"":false,""type"":""Point"",""coordinates"":[84.08091820489683,21.42432545284432]}"
466,458.0392996239515,175,2022,0,1,21.440944285600533,83.92766561742603,0.2960499,-0.36328515,2023,1620.52530169487,"{""geodesic"":false,""type"":""Point"",""coordinates"":[83.92766561742603,21.440944285600533]}"
467,530.0,163,2022,0,4,21.543711554103805,84.02261754295746,0.53250253,-0.5031384,2023,1511.856633424759,"{""geodesic"":false,""type"":""Point"",""coordinates"":[84.02261754295746,21.543711554103805]}"
468,825.4089895318564,158,2022,0,4,21.415791457645184,84.05837049126542,0.572717,-0.56171286,2023,1585.277441740036,"{""geodesic"":false,""type"":""Point"",""coordinates"":[84.05837049126542,21.415791457645184]}"
469,444.1846462902562,211,2022,0,1,21.57793736642876,84.17560063584303,0.31657067,-0.3906634,2023,1431.8467383384705,"{""geodesic"":false,""type"":""Point"",""coordinates"":[84.17560063584303,21.57793736642876]}"
470,1127.2089424769483,187,2022,0,1,21.40582015799146,83.93826573777865,0.6117149,-0.5757728,2023,1620.52530169487,"{""geodesic"":false,""type"":""Point"",""coordinates"":[83.93826573777865,21.40582015799146]}"
471,232.59406699226017,169,2022,0,1,21.425044105071617,83.90511790379463,0.5081996,-0.49107754,2023,1620.52530169487,"{""geodesic"":false,""type"":""Point"",""coordinates"":[83.90511790379463,21.425044105071617]}"
472,322.49030993194197,171,2022,0,4,21.552515043888178,84.00132747072384,0.55476594,-0.49728483,2023,1465.7138321995735,"{""geodesic"":false,""type"":""Point"",""coordinates"":[84.00132747072384,21.552515043888178]}"
473,1120.714058089752,166,2022,0,1,21.53751317864338,84.01129877037756,0.58491707,-0.5530594,2023,1511.856633424759,"{""geodesic"":false,""type"":""Point"",""coordinates"":[84.01129877037756,21.53751317864338]}"
474,0.0,188,2022,0,0,21.58997479123596,83.86918529242985,-0.20894893,0.42638507,2023,1531.0154056549072,"{""geodesic"":false,""type"":""Point"",""coordinates"":[83.86918529242985,21.58997479123596]}"
475,791.580697086532,189,2022,0,5,21.582428942849358,84.16005978142776,0.35271496,-0.44490814,2023,1431.8467383384705,"{""geodesic"":false,""type"":""Point"",""coordinates"":[84.16005978142776,21.582428942849358]}"
476,265.70660511172844,143,2022,0,1,21.35066359954652,83.9537167606655,0.62621194,-0.56033176,2023,1596.223125219345,"{""geodesic"":false,""type"":""Point"",""coordinates"":[83.9537167606655,21.35066359954652]}"
477,0.0,188,2022,0,0,21.558713419348603,83.92946224799428,-0.21558441,0.42977026,2023,1531.6997517347336,"{""geodesic"":false,""type"":""Point"",""coordinates"":[83.92946224799428,21.558713419348603]}"
478,632.4555320336758,138,2022,0,3,21.43717136140723,83.98282217587098,0.41199416,-0.2702073,2023,1600.8621512344107,"{""geodesic"":false,""type"":""Point"",""coordinates"":[83.98282217587098,21.43717136140723]}"
479,1280.0,169,2022,0,4,21.52044518824511,83.9551540651201,0.51555574,-0.51156664,2023,1573.282821893692,"{""geodesic"":false,""type"":""Point"",""coordinates"":[83.9551540651201,21.52044518824511]}"
480,192.09372712298546,168,2022,0,1,21.42657124105462,83.94338613489813,0.6525379,-0.5841584,2023,1620.52530169487,"{""geodesic"":false,""type"":""Point"",""coordinates"":[83.94338613489813,21.42657124105462]}"
481,658.0273550544841,147,2022,0,5,21.517211253222282,83.89802121305009,0.2877118,-0.34529456,2023,1517.3875867128372,"{""geodesic"":false,""type"":""Point"",""coordinates"":[83.89802121305009,21.517211253222282]}"
482,1280.0,190,2022,0,1,21.59356805237244,84.06438920366902,0.27992576,-0.37463665,2023,1430.2445055246353,"{""geodesic"":false,""type"":""Point"",""coordinates"":[84.06438920366902,21.59356805237244]}"
483,0.0,188,2022,0,0,21.59222057944626,83.90395009392527,-0.16727386,0.3811471,2023,1531.6997517347336,"{""geodesic"":false,""type"":""Point"",""coordinates"":[83.90395009392527,21.59222057944626]}"
484,1280.0,425,2022,0,1,21.356951806535356,84.0499263275947,0.69738877,-0.6418733,2023,1556.5259022712708,"{""geodesic"":false,""type"":""Point"",""coordinates"":[84.0499263275947,21.356951806535356]}"
485,1280.0,150,2022,0,4,21.359736583916128,83.8703531022992,0.6653621,-0.5929379,2023,1583.5447580814362,"{""geodesic"":false,""type"":""Point"",""coordinates"":[83.8703531022992,21.359736583916128]}"
486,425.79337712087533,174,2022,0,1,21.46483947215811,84.15934112920046,0.746667,-0.6736202,2023,1591.7766270637512,"{""geodesic"":false,""type"":""Point"",""coordinates"":[84.15934112920046,21.46483947215811]}"
487,759.2759709091287,160,2022,0,5,21.403394706724338,83.95281844538138,0.37184173,-0.4425184,2023,1600.8621512344107,"{""geodesic"":false,""type"":""Point"",""coordinates"":[83.95281844538138,21.403394706724338]}"
488,1280.0,163,2022,0,4,21.504455176187783,83.97015593036488,0.29574275,-0.407725,2023,1573.282821893692,"{""geodesic"":false,""type"":""Point"",""coordinates"":[83.97015593036488,21.504455176187783]}"
489,460.10868281309365,163,2022,0,4,21.501311072693365,84.02324636365636,0.558,-0.538874,2023,1511.856633424759,"{""geodesic"":false,""type"":""Point"",""coordinates"":[84.02324636365636,21.501311072693365]}"
490,237.69728648009425,135,2022,0,5,21.370516367325564,83.95560322276215,0.42644158,-0.44911137,2023,1596.223125219345,"{""geodesic"":false,""type"":""Point"",""coordinates"":[83.95560322276215,21.370516367325564]}"
491,120.83045973594572,181,2022,0,4,21.446064682720014,84.18781772370704,0.28470206,-0.3825,2023,1594.0544555187225,"{""geodesic"":false,""type"":""Point"",""coordinates"":[84.18781772370704,21.446064682720014]}"
492,506.35955604688655,170,2022,0,1,21.45693429765786,83.91113661619823,0.55408096,-0.5377544,2023,1540.8635561466217,"{""geodesic"":false,""type"":""Point"",""coordinates"":[83.91113661619823,21.45693429765786]}"
493,380.1315561749642,199,2022,0,6,21.575961072803697,84.1612275912971,0.35692105,-0.4249759,2023,1431.8467383384705,"{""geodesic"":false,""type"":""Point"",""coordinates"":[84.1612275912971,21.575961072803697]}"
494,1032.4727599312246,158,2022,0,4,21.477775212249433,84.00528005797396,0.510902,-0.5253378,2023,1583.1036818027496,"{""geodesic"":false,""type"":""Point"",""coordinates"":[84.00528005797396,21.477775212249433]}"
495,110.0,159,2022,0,5,21.52044518824511,83.87789895068582,0.37231398,-0.432222,2023,1517.3875867128372,"{""geodesic"":false,""type"":""Point"",""coordinates"":[83.87789895068582,21.52044518824511]}"
496,403.11288741492746,190,2022,0,1,21.554850663626887,84.13355948054623,0.4607541,-0.50307447,2023,1431.9922362565994,"{""geodesic"":false,""type"":""Point"",""coordinates"":[84.13355948054623,21.554850663626887]}"
497,800.812087820857,203,2022,0,1,21.372582492479037,84.1874583975934,0.534411,-0.53215796,2023,1588.8062154054642,"{""geodesic"":false,""type"":""Point"",""coordinates"":[84.1874583975934,21.372582492479037]}"
498,920.4890004774636,206,2022,0,1,21.37554693291663,84.06654516035091,0.709694,-0.62610227,2023,1537.6186023950577,"{""geodesic"":false,""type"":""Point"",""coordinates"":[84.06654516035091,21.37554693291663]}"
499,245.96747752497689,173,2022,0,4,21.443369736867655,84.17254636387702,0.30573964,-0.41260734,2023,1594.0544555187225,"{""geodesic"":false,""type"":""Point"",""coordinates"":[84.17254636387702,21.443369736867655]}"
500,20.0,193,2022,1,0,21.58665102468472,84.00222578600795,0.22411832,-0.15616046,2023,1465.7138321995735,"{""geodesic"":false,""type"":""Point"",""coordinates"":[84.00222578600795,21.58665102468472]}"
501,10.0,164,2022,1,0,21.486578702033803,83.91850280152802,-0.0016963528,0.14368862,2023,1540.8635561466217,"{""geodesic"":false,""type"":""Point"",""coordinates"":[83.91850280152802,21.486578702033803]}"
502,28.284271247461902,133,2022,1,0,21.36315018199578,83.93593011803993,0.13315013,-0.016470589,2023,1593.592208623886,"{""geodesic"":false,""type"":""Point"",""coordinates"":[83.93593011803993,21.36315018199578]}"
503,28.284271247461902,158,2022,1,0,21.486129544391744,83.89370929968632,0.24412903,-0.15625374,2023,1515.590425491333,"{""geodesic"":false,""type"":""Point"",""coordinates"":[83.89370929968632,21.486129544391744]}"
504,22.360679774997898,158,2022,1,0,21.440135801844825,83.94446411323906,0.03862926,0.0965315,2023,1620.52530169487,"{""geodesic"":false,""type"":""Point"",""coordinates"":[83.94446411323906,21.440135801844825]}"
505,10.0,191,2022,1,0,21.565630447036323,83.94895568965967,-0.101968326,0.14356688,2023,1531.6997517347336,"{""geodesic"":false,""type"":""Point"",""coordinates"":[83.94895568965967,21.565630447036323]}"
506,20.0,158,2022,1,0,21.52736221593283,83.88086339112341,0.27208912,-0.30436602,2023,1517.3875867128372,"{""geodesic"":false,""type"":""Point"",""coordinates"":[83.88086339112341,21.52736221593283]}"
507,14.142135623730951,192,2022,1,0,21.584584899531244,83.99360195928041,0.13733076,-0.06137184,2023,1532.3917932510376,"{""geodesic"":false,""type"":""Point"",""coordinates"":[83.99360195928041,21.584584899531244]}"
508,28.284271247461902,188,2022,1,0,21.395848858337732,84.14424943242726,0.36635274,-0.43347964,2023,1588.8768920898438,"{""geodesic"":false,""type"":""Point"",""coordinates"":[84.14424943242726,21.395848858337732]}"
509,28.284271247461902,178,2022,1,0,21.55592864196783,84.00195629142272,0.55585706,-0.4694575,2023,1465.7138321995735,"{""geodesic"":false,""type"":""Point"",""coordinates"":[84.00195629142272,21.55592864196783]}"
510,30.0,193,2022,1,0,21.593927378486086,83.95650153804627,0.16390137,-0.10253656,2023,1532.3917932510376,"{""geodesic"":false,""type"":""Point"",""coordinates"":[83.95650153804627,21.593927378486086]}"
511,0.0,193,2022,1,0,21.59904777560557,83.92766561742603,-0.07932124,0.22276773,2023,1531.6997517347336,"{""geodesic"":false,""type"":""Point"",""coordinates"":[83.92766561742603,21.59904777560557]}"
512,22.360679774997898,190,2022,1,0,21.396567510565028,84.1454172422966,0.17902185,-0.19879308,2023,1588.8768920898438,"{""geodesic"":false,""type"":""Point"",""coordinates"":[84.1454172422966,21.396567510565028]}"
513,20.0,193,2022,1,0,21.503107703261605,83.85229696508841,0.1844114,-0.18847007,2023,1517.3875867128372,"{""geodesic"":false,""type"":""Point"",""coordinates"":[83.85229696508841,21.503107703261605]}"
514,22.360679774997898,188,2022,1,0,21.49879578989783,83.85211730203159,0.29638764,-0.26196864,2023,1515.590425491333,"{""geodesic"":false,""type"":""Point"",""coordinates"":[83.85211730203159,21.49879578989783]}"
515,20.0,194,2022,1,0,21.55413201139959,83.91679600248818,0.062320963,-0.023050515,2023,1531.6997517347336,"{""geodesic"":false,""type"":""Point"",""coordinates"":[83.91679600248818,21.55413201139959]}"
516,22.360679774997898,193,2022,1,0,21.49619067557388,83.85265629120205,0.42662674,-0.3942103,2023,1515.590425491333,"{""geodesic"":false,""type"":""Point"",""coordinates"":[83.85265629120205,21.49619067557388]}"
517,20.0,158,2022,1,0,21.45504783556121,83.94428445018225,0.2004104,-0.09322574,2023,1540.8635561466217,"{""geodesic"":false,""type"":""Point"",""coordinates"":[83.94428445018225,21.45504783556121]}"
518,28.284271247461902,194,2022,1,0,21.554221842928005,83.91679600248818,0.19397363,-0.17770898,2023,1531.6997517347336,"{""geodesic"":false,""type"":""Point"",""coordinates"":[83.91679600248818,21.554221842928005]}"
519,0.0,191,2022,1,0,21.55125740249041,83.92398252476114,-0.2073633,0.32319704,2023,1531.6997517347336,"{""geodesic"":false,""type"":""Point"",""coordinates"":[83.92398252476114,21.55125740249041]}"
520,0.0,193,2022,1,0,21.59913760713398,83.9273961228408,-0.08926732,0.19657326,2023,1531.6997517347336,"{""geodesic"":false,""type"":""Point"",""coordinates"":[83.9273961228408,21.59913760713398]}"
521,0.0,191,2022,1,0,21.55961173463272,83.94922518424491,-0.10851609,0.1973673,2023,1531.6997517347336,"{""geodesic"":false,""type"":""Point"",""coordinates"":[83.94922518424491,21.55961173463272]}"
522,0.0,192,2022,1,0,21.551526897075647,83.92317404100544,-0.22393021,0.3809445,2023,1531.6997517347336,"{""geodesic"":false,""type"":""Point"",""coordinates"":[83.92317404100544,21.551526897075647]}"
523,30.0,190,2022,1,0,21.4790328536472,83.85580039469647,0.21105187,-0.28753638,2023,1515.590425491333,"{""geodesic"":false,""type"":""Point"",""coordinates"":[83.85580039469647,21.4790328536472]}"
524,0.0,196,2022,1,0,21.580272986167472,84.1206237404549,-0.050890584,0.17508294,2023,1431.9922362565994,"{""geodesic"":false,""type"":""Point"",""coordinates"":[84.1206237404549,21.580272986167472]}"
525,20.0,177,2022,1,4,21.44911895468602,84.19069233261624,0.28507596,-0.28997535,2023,1594.0544555187225,"{""geodesic"":false,""type"":""Point"",""coordinates"":[84.19069233261624,21.44911895468602]}"
526,22.360679774997898,182,2022,1,4,21.4910702784544,84.15655635181969,0.25556117,-0.38029733,2023,1591.7766270637512,"{""geodesic"":false,""type"":""Point"",""coordinates"":[84.15655635181969,21.4910702784544]}"
527,22.360679774997898,190,2022,1,0,21.582249279792535,83.99629690513277,0.29820627,-0.37122557,2023,1532.3917932510376,"{""geodesic"":false,""type"":""Point"",""coordinates"":[83.99629690513277,21.582249279792535]}"
528,22.360679774997898,222,2022,1,1,21.578206861013996,84.18853637593435,0.3483278,-0.44535878,2023,1431.8467383384705,"{""geodesic"":false,""type"":""Point"",""coordinates"":[84.18853637593435,21.578206861013996]}"
529,22.360679774997898,136,2022,1,0,21.372941818592686,83.9612626090521,0.06465956,0.05906324,2023,1596.223125219345,"{""geodesic"":false,""type"":""Point"",""coordinates"":[83.9612626090521,21.372941818592686]}"
530,30.0,197,2022,1,0,21.49843646378418,83.85014100840652,0.60689396,-0.5655442,2023,1515.590425491333,"{""geodesic"":false,""type"":""Point"",""coordinates"":[83.85014100840652,21.49843646378418]}"
531,0.0,194,2022,1,0,21.599227438662393,83.92793511201127,-0.0819556,0.20843092,2023,1531.6997517347336,"{""geodesic"":false,""type"":""Point"",""coordinates"":[83.92793511201127,21.599227438662393]}"
532,10.0,161,2022,1,6,21.53742334711497,83.88274985322006,0.01693899,0.071448125,2023,1517.3875867128372,"{""geodesic"":false,""type"":""Point"",""coordinates"":[83.88274985322006,21.53742334711497]}"
533,30.0,156,2022,1,0,21.451724069009966,83.93961321070482,-0.006649348,0.14558065,2023,1540.8635561466217,"{""geodesic"":false,""type"":""Point"",""coordinates"":[83.93961321070482,21.451724069009966]}"
534,0.0,192,2022,1,0,21.555120158212123,83.93539112886947,-0.2304975,0.4232127,2023,1531.6997517347336,"{""geodesic"":false,""type"":""Point"",""coordinates"":[83.93539112886947,21.555120158212123]}"
535,28.284271247461902,202,2022,1,0,21.59096293804849,84.03609227221926,0.32204494,-0.3607608,2023,1465.7138321995735,"{""geodesic"":false,""type"":""Point"",""coordinates"":[84.03609227221926,21.59096293804849]}"
536,30.0,176,2022,1,1,21.420911854764668,84.14245280185901,0.39631474,-0.4479926,2023,1612.698834657669,"{""geodesic"":false,""type"":""Point"",""coordinates"":[84.14245280185901,21.420911854764668]}"
537,0.0,193,2022,1,0,21.59859861796351,83.96063378835322,-0.101261176,0.2604534,2023,1532.3917932510376,"{""geodesic"":false,""type"":""Point"",""coordinates"":[83.96063378835322,21.59859861796351]}"
538,10.0,158,2022,1,0,21.4857702182781,83.91985027445419,0.019003801,0.10990739,2023,1540.8635561466217,"{""geodesic"":false,""type"":""Point"",""coordinates"":[83.91985027445419,21.4857702182781]}"
539,30.0,159,2022,1,4,21.390279303576193,83.88813974492477,0.25147754,-0.32015562,2023,1583.5447580814362,"{""geodesic"":false,""type"":""Point"",""coordinates"":[83.88813974492477,21.390279303576193]}"
540,22.360679774997898,216,2022,1,0,21.54838279358123,84.19716020266189,0.42537996,-0.41591632,2023,1491.7797845602036,"{""geodesic"":false,""type"":""Point"",""coordinates"":[84.19716020266189,21.54838279358123]}"
541,30.0,158,2022,1,0,21.48136847338591,83.91419088816424,0.14117804,-0.006258833,2023,1540.8635561466217,"{""geodesic"":false,""type"":""Point"",""coordinates"":[83.91419088816424,21.48136847338591]}"
542,28.284271247461902,154,2022,1,1,21.42055252865102,83.95793884250087,0.6362255,-0.5671338,2023,1600.8621512344107,"{""geodesic"":false,""type"":""Point"",""coordinates"":[83.95793884250087,21.42055252865102]}"
543,14.142135623730951,158,2022,1,0,21.487027859675866,83.90916032257317,0.043824703,0.092562124,2023,1540.8635561466217,"{""geodesic"":false,""type"":""Point"",""coordinates"":[83.90916032257317,21.487027859675866]}"
544,30.0,199,2022,1,0,21.55574897891101,83.87143108064015,0.40083322,-0.4230658,2023,1531.0154056549072,"{""geodesic"":false,""type"":""Point"",""coordinates"":[83.87143108064015,21.55574897891101]}"
545,14.142135623730951,151,2022,1,0,21.37375030234839,83.91553836109043,0.020459702,-0.13941842,2023,1593.592208623886,"{""geodesic"":false,""type"":""Point"",""coordinates"":[83.91553836109043,21.37375030234839]}"
546,30.0,150,2022,1,3,21.375816427501867,83.91553836109043,0.6529154,-0.56911,2023,1593.592208623886,"{""geodesic"":false,""type"":""Point"",""coordinates"":[83.91553836109043,21.375816427501867]}"
547,30.0,140,2022,1,0,21.42702039869668,83.97689329499579,0.18360695,-0.15682444,2023,1600.8621512344107,"{""geodesic"":false,""type"":""Point"",""coordinates"":[83.97689329499579,21.42702039869668]}"
548,22.360679774997898,160,2022,1,4,21.39854380419009,83.89182283758967,0.06939138,-0.09584098,2023,1583.5447580814362,"{""geodesic"":false,""type"":""Point"",""coordinates"":[83.89182283758967,21.39854380419009]}"
549,0.0,192,2022,1,0,21.551437065547233,83.93431315052852,-0.13823164,0.30171543,2023,1531.6997517347336,"{""geodesic"":false,""type"":""Point"",""coordinates"":[83.93431315052852,21.551437065547233]}"
550,10.0,166,2022,1,0,21.46843273329459,83.9213774104372,0.019384563,0.06491508,2023,1540.8635561466217,"{""geodesic"":false,""type"":""Point"",""coordinates"":[83.9213774104372,21.46843273329459]}"
551,0.0,188,2022,1,0,21.558893082405426,83.91248408912442,-0.14719127,0.25926435,2023,1531.6997517347336,"{""geodesic"":false,""type"":""Point"",""coordinates"":[83.91248408912442,21.558893082405426]}"
552,30.0,191,2022,1,0,21.553323527643887,83.91437055122107,0.65567195,-0.54851484,2023,1531.6997517347336,"{""geodesic"":false,""type"":""Point"",""coordinates"":[83.91437055122107,21.553323527643887]}"
553,20.0,179,2022,1,0,21.554221842928005,84.08469112909013,0.0037994853,0.10687023,2023,1430.2445055246353,"{""geodesic"":false,""type"":""Point"",""coordinates"":[84.08469112909013,21.554221842928005]}"
554,30.0,154,2022,1,4,21.374289291518863,83.9161671817893,0.15451011,-0.28919217,2023,1593.592208623886,"{""geodesic"":false,""type"":""Point"",""coordinates"":[83.9161671817893,21.374289291518863]}"
555,28.284271247461902,152,2022,1,0,21.516582432523396,83.88140238029388,0.059008863,0.04335452,2023,1517.3875867128372,"{""geodesic"":false,""type"":""Point"",""coordinates"":[83.88140238029388,21.516582432523396]}"
556,0.0,171,2022,1,0,21.43753068752088,84.12718144202898,-0.034835566,0.16956612,2023,1612.698834657669,"{""geodesic"":false,""type"":""Point"",""coordinates"":[84.12718144202898,21.43753068752088]}"
557,30.0,196,2022,1,0,21.59904777560557,83.94742855367666,0.23942713,-0.2779153,2023,1531.6997517347336,"{""geodesic"":false,""type"":""Point"",""coordinates"":[83.94742855367666,21.59904777560557]}"
558,10.0,191,2022,1,0,21.559701566161134,83.96332873420558,-0.04477612,0.09717868,2023,1532.3917932510376,"{""geodesic"":false,""type"":""Point"",""coordinates"":[83.96332873420558,21.559701566161134]}"
559,22.360679774997898,194,2022,1,0,21.550359087206292,83.93575045498311,0.17609459,-0.13022113,2023,1531.6997517347336,"{""geodesic"":false,""type"":""Point"",""coordinates"":[83.93575045498311,21.550359087206292]}"
560,30.0,188,2022,1,0,21.57236781166722,83.9101484693857,0.3549884,-0.3643894,2023,1531.6997517347336,"{""geodesic"":false,""type"":""Point"",""coordinates"":[83.9101484693857,21.57236781166722]}"
561,22.360679774997898,190,2022,1,0,21.598059628793038,83.99459010609294,0.20059435,-0.12597547,2023,1532.3917932510376,"{""geodesic"":false,""type"":""Point"",""coordinates"":[83.99459010609294,21.598059628793038]}"
562,20.0,193,2022,1,0,21.575601746690047,83.9891103828598,0.10995239,-0.123773456,2023,1532.3917932510376,"{""geodesic"":false,""type"":""Point"",""coordinates"":[83.9891103828598,21.575601746690047]}"
563,0.0,190,2022,1,0,21.58665102468472,84.00168679683749,-0.15591007,0.3493572,2023,1465.7138321995735,"{""geodesic"":false,""type"":""Point"",""coordinates"":[84.00168679683749,21.58665102468472]}"
564,0.0,185,2022,1,0,21.3993522879458,84.10867614717611,-0.06425712,0.19062792,2023,1588.8768920898438,"{""geodesic"":false,""type"":""Point"",""coordinates"":[84.10867614717611,21.3993522879458]}"
565,10.0,195,2022,1,0,21.582339111320945,84.0018664598943,0.080763586,0.04512037,2023,1465.7138321995735,"{""geodesic"":false,""type"":""Point"",""coordinates"":[84.0018664598943,21.582339111320945]}"
566,22.360679774997898,163,2022,1,4,21.394142059297906,83.89317031051584,0.499782,-0.50024766,2023,1583.5447580814362,"{""geodesic"":false,""type"":""Point"",""coordinates"":[83.89317031051584,21.394142059297906]}"
567,20.0,203,2022,1,4,21.35659248042171,84.14757319897849,0.22849306,-0.24178684,2023,1588.8768920898438,"{""geodesic"":false,""type"":""Point"",""coordinates"":[84.14757319897849,21.35659248042171]}"
568,10.0,147,2022,1,0,21.369348557456206,83.9153586980336,-0.07467532,0.055062167,2023,1593.592208623886,"{""geodesic"":false,""type"":""Point"",""coordinates"":[83.9153586980336,21.369348557456206]}"
569,28.284271247461902,188,2022,1,0,21.59222057944626,84.00159696530908,0.4127844,-0.34479204,2023,1465.7138321995735,"{""geodesic"":false,""type"":""Point"",""coordinates"":[84.00159696530908,21.59222057944626]}"
570,30.0,141,2022,1,0,21.44588501966319,83.96710165839889,0.18379888,-0.12997325,2023,1600.8621512344107,"{""geodesic"":false,""type"":""Point"",""coordinates"":[83.96710165839889,21.44588501966319]}"
571,28.284271247461902,194,2022,1,0,21.49619067557388,83.85184780744635,0.5969777,-0.5234598,2023,1515.590425491333,"{""geodesic"":false,""type"":""Point"",""coordinates"":[83.85184780744635,21.49619067557388]}"
572,22.360679774997898,172,2022,1,1,21.46295301006146,84.11442536499449,0.39046115,-0.39755213,2023,1608.0899786949158,"{""geodesic"":false,""type"":""Point"",""coordinates"":[84.11442536499449,21.46295301006146]}"
573,28.284271247461902,191,2022,1,0,21.58386624730395,83.99530875832023,0.19490957,-0.19437626,2023,1532.3917932510376,"{""geodesic"":false,""type"":""Point"",""coordinates"":[83.99530875832023,21.58386624730395]}"
574,14.142135623730951,191,2022,1,1,21.383541938945296,84.1070591796647,0.2287355,-0.2255846,2023,1588.8768920898438,"{""geodesic"":false,""type"":""Point"",""coordinates"":[84.1070591796647,21.383541938945296]}"
575,30.0,177,2022,1,0,21.57712888267305,84.06690448646457,0.45552173,-0.44120514,2023,1430.2445055246353,"{""geodesic"":false,""type"":""Point"",""coordinates"":[84.06690448646457,21.57712888267305]}"
576,20.0,194,2022,1,0,21.550179424149466,83.92820460659651,0.07122272,0.021878054,2023,1531.6997517347336,"{""geodesic"":false,""type"":""Point"",""coordinates"":[83.92820460659651,21.550179424149466]}"
577,0.0,188,2022,1,0,21.551347234018824,83.93260635148869,-0.21195212,0.3884531,2023,1531.6997517347336,"{""geodesic"":false,""type"":""Point"",""coordinates"":[83.93260635148869,21.551347234018824]}"
578,22.360679774997898,188,2022,1,0,21.558354093234954,83.90520773532305,-0.0036374433,0.10317179,2023,1531.6997517347336,"{""geodesic"":false,""type"":""Point"",""coordinates"":[83.90520773532305,21.558354093234954]}"
579,20.0,194,2022,1,0,21.529428341086305,84.16068860212664,0.23279925,-0.23547748,2023,1491.7797845602036,"{""geodesic"":false,""type"":""Point"",""coordinates"":[84.16068860212664,21.529428341086305]}"
580,10.0,188,2022,1,0,21.558713419348603,83.90053649584563,-0.052913595,0.12924333,2023,1531.6997517347336,"{""geodesic"":false,""type"":""Point"",""coordinates"":[83.90053649584563,21.558713419348603]}"
581,28.284271247461902,191,2022,1,0,21.599407101719216,83.92658763908508,0.005745947,0.10890909,2023,1531.6997517347336,"{""geodesic"":false,""type"":""Point"",""coordinates"":[83.92658763908508,21.599407101719216]}"
582,20.0,173,2022,1,1,21.526104574535065,84.00141730225225,0.121360414,-0.10585624,2023,1511.856633424759,"{""geodesic"":false,""type"":""Point"",""coordinates"":[84.00141730225225,21.526104574535065]}"
583,0.0,188,2022,1,0,21.56086937603049,83.90152464265816,-0.062176164,0.22066738,2023,1531.6997517347336,"{""geodesic"":false,""type"":""Point"",""coordinates"":[83.90152464265816,21.56086937603049]}"
584,20.0,195,2022,1,0,21.59770030267939,83.96036429376798,0.27055642,-0.3096178,2023,1532.3917932510376,"{""geodesic"":false,""type"":""Point"",""coordinates"":[83.96036429376798,21.59770030267939]}"
585,0.0,191,2022,1,0,21.554850663626887,83.93601994956835,-0.1953025,0.3746574,2023,1531.6997517347336,"{""geodesic"":false,""type"":""Point"",""coordinates"":[83.93601994956835,21.554850663626887]}"
586,10.0,191,2022,1,0,21.593029063201968,83.95533372817691,-0.0057394924,0.13412638,2023,1532.3917932510376,"{""geodesic"":false,""type"":""Point"",""coordinates"":[83.95533372817691,21.593029063201968]}"
587,0.0,188,2022,1,0,21.555569315854182,83.93781658013658,-0.16387032,0.30619866,2023,1531.6997517347336,"{""geodesic"":false,""type"":""Point"",""coordinates"":[83.93781658013658,21.555569315854182]}"
588,20.0,195,2022,1,0,21.587369676912015,84.04040418558303,-0.02284451,0.104313426,2023,1465.7138321995735,"{""geodesic"":false,""type"":""Point"",""coordinates"":[84.04040418558303,21.587369676912015]}"
589,30.0,137,2022,1,0,21.397196331263913,83.97842043097879,0.3418363,-0.2842734,2023,1596.223125219345,"{""geodesic"":false,""type"":""Point"",""coordinates"":[83.97842043097879,21.397196331263913]}"
590,22.360679774997898,175,2022,1,6,21.465019135214934,83.89820087610691,0.3931058,-0.42271158,2023,1515.590425491333,"{""geodesic"":false,""type"":""Point"",""coordinates"":[83.89820087610691,21.465019135214934]}"
591,0.0,189,2022,1,0,21.55583881043942,83.93826573777865,-0.21235083,0.3987854,2023,1531.6997517347336,"{""geodesic"":false,""type"":""Point"",""coordinates"":[83.93826573777865,21.55583881043942]}"
592,10.0,146,2022,1,4,21.36988754662668,83.91544852956201,0.10308183,-0.16712666,2023,1593.592208623886,"{""geodesic"":false,""type"":""Point"",""coordinates"":[83.91544852956201,21.36988754662668]}"
593,10.0,194,2022,1,0,21.595185019883854,83.94679973297778,-0.08061998,0.10362401,2023,1531.6997517347336,"{""geodesic"":false,""type"":""Point"",""coordinates"":[83.94679973297778,21.595185019883854]}"
594,0.0,207,2022,1,0,21.367102769245907,84.16688697758707,-0.016291162,0.15106192,2023,1588.8062154054642,"{""geodesic"":false,""type"":""Point"",""coordinates"":[84.16688697758707,21.367102769245907]}"
595,14.142135623730951,158,2022,1,0,21.44004597031641,83.94437428171067,0.08625868,0.10760904,2023,1620.52530169487,"{""geodesic"":false,""type"":""Point"",""coordinates"":[83.94437428171067,21.44004597031641]}"
596,30.0,185,2022,1,4,21.442112095469888,84.1958127297357,0.46191198,-0.4724605,2023,1594.0544555187225,"{""geodesic"":false,""type"":""Point"",""coordinates"":[84.1958127297357,21.442112095469888]}"
597,22.360679774997898,194,2022,1,0,21.5571862833656,83.87843793985628,0.27381396,-0.20061967,2023,1531.0154056549072,"{""geodesic"":false,""type"":""Point"",""coordinates"":[83.87843793985628,21.5571862833656]}"
598,30.0,188,2022,1,0,21.5038263554889,83.85032067146335,0.62045705,-0.5609864,2023,1517.3875867128372,"{""geodesic"":false,""type"":""Point"",""coordinates"":[83.85032067146335,21.5038263554889]}"
599,28.284271247461902,150,2022,1,0,21.37186384025174,83.91464004580631,0.28980678,-0.3025342,2023,1593.592208623886,"{""geodesic"":false,""type"":""Point"",""coordinates"":[83.91464004580631,21.37186384025174]}"
600,22.360679774997898,179,2022,1,0,21.522690976455408,84.1498189871888,0.21682546,-0.15844029,2023,1495.7589523792267,"{""geodesic"":false,""type"":""Point"",""coordinates"":[84.1498189871888,21.522690976455408]}"
601,28.284271247461902,194,2022,1,0,21.562127017428256,83.9769831265242,0.24107793,-0.29115364,2023,1532.3917932510376,"{""geodesic"":false,""type"":""Point"",""coordinates"":[83.9769831265242,21.562127017428256]}"
602,20.0,152,2022,1,0,21.516851927108632,83.88059389653817,0.12514351,-0.02617801,2023,1517.3875867128372,"{""geodesic"":false,""type"":""Point"",""coordinates"":[83.88059389653817,21.516851927108632]}"
603,28.284271247461902,160,2022,1,0,21.46205469477734,84.04714155021394,0.15533715,-0.011956002,2023,1583.1036818027496,"{""geodesic"":false,""type"":""Point"",""coordinates"":[84.04714155021394,21.46205469477734]}"
604,28.284271247461902,199,2022,1,0,21.508317931909495,83.85319528037253,0.46966293,-0.45575958,2023,1517.3875867128372,"{""geodesic"":false,""type"":""Point"",""coordinates"":[83.85319528037253,21.508317931909495]}"
605,22.360679774997898,193,2022,1,0,21.57928483935494,83.99360195928041,0.17623875,-0.2036877,2023,1532.3917932510376,"{""geodesic"":false,""type"":""Point"",""coordinates"":[83.99360195928041,21.57928483935494]}"
606,0.0,201,2022,1,0,21.537333515586557,84.1702107441383,0.0068895128,0.16203016,2023,1491.7797845602036,"{""geodesic"":false,""type"":""Point"",""coordinates"":[84.1702107441383,21.537333515586557]}"
607,22.360679774997898,172,2022,1,0,21.442740916168773,84.16949209191101,0.6148423,-0.52247685,2023,1594.0544555187225,"{""geodesic"":false,""type"":""Point"",""coordinates"":[84.16949209191101,21.442740916168773]}"
608,10.0,192,2022,1,0,21.592490074031495,83.99180532871218,0.027143136,0.10601232,2023,1532.3917932510376,"{""geodesic"":false,""type"":""Point"",""coordinates"":[83.99180532871218,21.592490074031495]}"
609,0.0,195,2022,1,0,21.391806439559193,84.13212217609164,-0.17880248,0.2420277,2023,1588.8768920898438,"{""geodesic"":false,""type"":""Point"",""coordinates"":[84.13212217609164,21.391806439559193]}"
610,0.0,191,2022,1,0,21.555209989740536,83.93557079192628,-0.22036418,0.42060205,2023,1531.6997517347336,"{""geodesic"":false,""type"":""Point"",""coordinates"":[83.93557079192628,21.555209989740536]}"
611,0.0,201,2022,1,0,21.582428942849358,84.12268986560838,-0.0925136,0.2569609,2023,1431.9922362565994,"{""geodesic"":false,""type"":""Point"",""coordinates"":[84.12268986560838,21.582428942849358]}"
612,28.284271247461902,167,2022,1,0,21.507329785096964,84.0446262674184,0.60084283,-0.5134806,2023,1511.856633424759,"{""geodesic"":false,""type"":""Point"",""coordinates"":[84.0446262674184,21.507329785096964]}"
613,20.0,158,2022,1,0,21.48316510395415,83.92308420947703,0.27560553,-0.18264207,2023,1540.8635561466217,"{""geodesic"":false,""type"":""Point"",""coordinates"":[83.92308420947703,21.48316510395415]}"
614,28.284271247461902,188,2022,1,0,21.558264261706544,83.90511790379463,0.070039496,-0.019798283,2023,1531.6997517347336,"{""geodesic"":false,""type"":""Point"",""coordinates"":[83.90511790379463,21.558264261706544]}"
615,0.0,193,2022,1,0,21.55125740249041,83.93628944415359,-0.046340846,0.1771903,2023,1531.6997517347336,"{""geodesic"":false,""type"":""Point"",""coordinates"":[83.93628944415359,21.55125740249041]}"
616,20.0,197,2022,1,0,21.580542480752705,84.17137855400766,0.41229385,-0.44227824,2023,1431.8467383384705,"{""geodesic"":false,""type"":""Point"",""coordinates"":[84.17137855400766,21.580542480752705]}"
617,0.0,190,2022,1,0,21.552604875416588,83.92712662825556,-0.17446296,0.30774412,2023,1531.6997517347336,"{""geodesic"":false,""type"":""Point"",""coordinates"":[83.92712662825556,21.552604875416588]}"
618,28.284271247461902,189,2022,1,0,21.473732793470894,84.19841784405966,0.15624388,-0.04537398,2023,1591.7766270637512,"{""geodesic"":false,""type"":""Point"",""coordinates"":[84.19841784405966,21.473732793470894]}"
619,0.0,189,2022,1,0,21.551886223189292,83.93323517218758,-0.21358897,0.3584854,2023,1531.6997517347336,"{""geodesic"":false,""type"":""Point"",""coordinates"":[83.93323517218758,21.551886223189292]}"
620,14.142135623730951,165,2022,1,0,21.468073407180942,83.92110791585196,0.31259245,-0.2637969,2023,1540.8635561466217,"{""geodesic"":false,""type"":""Point"",""coordinates"":[83.92110791585196,21.468073407180942]}"
621,20.0,191,2022,1,0,21.56284566965555,83.94724889061985,0.0058183656,0.09734835,2023,1531.6997517347336,"{""geodesic"":false,""type"":""Point"",""coordinates"":[83.94724889061985,21.56284566965555]}"
622,10.0,193,2022,1,0,21.577847534900346,83.99342229622359,-0.05027523,0.042899407,2023,1532.3917932510376,"{""geodesic"":false,""type"":""Point"",""coordinates"":[83.99342229622359,21.577847534900346]}"
623,10.0,192,2022,1,0,21.58440523647442,83.99324263316676,0.0017053206,0.10756609,2023,1532.3917932510376,"{""geodesic"":false,""type"":""Point"",""coordinates"":[83.99324263316676,21.58440523647442]}"
624,20.0,197,2022,1,0,21.55089807637676,83.90969931174365,0.27264994,-0.27048832,2023,1531.6997517347336,"{""geodesic"":false,""type"":""Point"",""coordinates"":[83.90969931174365,21.55089807637676]}"
625,0.0,185,2022,1,0,21.399262456417386,84.10867614717611,-0.065790914,0.19205008,2023,1588.8768920898438,"{""geodesic"":false,""type"":""Point"",""coordinates"":[84.10867614717611,21.399262456417386]}"
626,20.0,160,2022,1,0,21.46277334700464,84.0468720556287,0.0518847,0.100492984,2023,1583.1036818027496,"{""geodesic"":false,""type"":""Point"",""coordinates"":[84.0468720556287,21.46277334700464]}"
627,14.142135623730951,151,2022,1,0,21.37132485108127,83.91490954039153,0.09108089,-0.16578676,2023,1593.592208623886,"{""geodesic"":false,""type"":""Point"",""coordinates"":[83.91490954039153,21.37132485108127]}"
628,30.0,192,2022,1,0,21.59275956861673,83.9988121879283,0.37783802,-0.34410447,2023,1532.3917932510376,"{""geodesic"":false,""type"":""Point"",""coordinates"":[83.9988121879283,21.59275956861673]}"
629,30.0,134,2022,1,0,21.36431799186514,83.94042169446054,0.361932,-0.3528855,2023,1593.592208623886,"{""geodesic"":false,""type"":""Point"",""coordinates"":[83.94042169446054,21.36431799186514]}"
630,0.0,195,2022,1,0,21.59464603071338,83.9529082769098,-0.00614363,0.16343184,2023,1532.3917932510376,"{""geodesic"":false,""type"":""Point"",""coordinates"":[83.9529082769098,21.59464603071338]}"
631,22.360679774997898,134,2022,1,0,21.36539597020608,83.95578288581898,0.17074883,-0.0649943,2023,1596.223125219345,"{""geodesic"":false,""type"":""Point"",""coordinates"":[83.95578288581898,21.36539597020608]}"
632,0.0,191,2022,1,0,21.556018473496245,83.9401521998753,-0.061723407,0.17248753,2023,1531.6997517347336,"{""geodesic"":false,""type"":""Point"",""coordinates"":[83.9401521998753,21.556018473496245]}"
633,22.360679774997898,189,2022,1,1,21.57506275751958,84.10256760324411,0.24454354,-0.25470248,2023,1431.9922362565994,"{""geodesic"":false,""type"":""Point"",""coordinates"":[84.10256760324411,21.57506275751958]}"
634,0.0,192,2022,1,0,21.55458116904165,83.936379275682,-0.17276984,0.29357484,2023,1531.6997517347336,"{""geodesic"":false,""type"":""Point"",""coordinates"":[83.936379275682,21.55458116904165]}"
635,10.0,194,2022,1,0,21.580272986167472,84.1212525611538,0.07310514,0.050903544,2023,1431.9922362565994,"{""geodesic"":false,""type"":""Point"",""coordinates"":[84.1212525611538,21.580272986167472]}"
636,30.0,170,2022,1,6,21.4707683530333,83.89856020222057,0.35682023,-0.41298214,2023,1515.590425491333,"{""geodesic"":false,""type"":""Point"",""coordinates"":[83.89856020222057,21.4707683530333]}"
637,28.284271247461902,179,2022,1,4,21.525296090779356,83.99333246469517,0.28572533,-0.37738815,2023,1573.282821893692,"{""geodesic"":false,""type"":""Point"",""coordinates"":[83.99333246469517,21.525296090779356]}"
638,0.0,194,2022,1,0,21.554760832098477,83.91940111681214,-0.03732001,0.15978456,2023,1531.6997517347336,"{""geodesic"":false,""type"":""Point"",""coordinates"":[83.91940111681214,21.554760832098477]}"
639,20.0,191,2022,1,0,21.554401505984828,83.91526886650519,-0.0120019205,0.08573967,2023,1531.6997517347336,"{""geodesic"":false,""type"":""Point"",""coordinates"":[83.91526886650519,21.554401505984828]}"
640,30.0,136,2022,1,0,21.366563780075435,83.95102181481315,0.4023686,-0.29501083,2023,1596.223125219345,"{""geodesic"":false,""type"":""Point"",""coordinates"":[83.95102181481315,21.366563780075435]}"
641,20.0,193,2022,1,0,21.593388389315617,83.95380659219391,0.12026984,-0.12070299,2023,1532.3917932510376,"{""geodesic"":false,""type"":""Point"",""coordinates"":[83.95380659219391,21.593388389315617]}"
642,0.0,172,2022,1,6,21.46241402089099,84.11397620735242,-0.17924035,0.17855273,2023,1608.0899786949158,"{""geodesic"":false,""type"":""Point"",""coordinates"":[84.11397620735242,21.46241402089099]}"
643,0.0,191,2022,1,0,21.56185752284302,83.94823703743238,-0.11439114,0.2724333,2023,1531.6997517347336,"{""geodesic"":false,""type"":""Point"",""coordinates"":[83.94823703743238,21.56185752284302]}"
644,0.0,191,2022,1,0,21.551347234018824,83.92398252476114,-0.1749842,0.33984837,2023,1531.6997517347336,"{""geodesic"":false,""type"":""Point"",""coordinates"":[83.92398252476114,21.551347234018824]}"
645,30.0,136,2022,1,0,21.384799580343063,83.97195256093313,0.1856205,-0.2524105,2023,1596.223125219345,"{""geodesic"":false,""type"":""Point"",""coordinates"":[83.97195256093313,21.384799580343063]}"
646,0.0,190,2022,1,0,21.55206588624612,83.92227572572132,-0.16377237,0.28587726,2023,1531.6997517347336,"{""geodesic"":false,""type"":""Point"",""coordinates"":[83.92227572572132,21.55206588624612]}"
647,22.360679774997898,198,2022,1,4,21.587010350798366,84.16661748300183,0.30481014,-0.33571762,2023,1431.8467383384705,"{""geodesic"":false,""type"":""Point"",""coordinates"":[84.16661748300183,21.587010350798366]}"
648,20.0,195,2022,1,0,21.55080824484835,83.91059762702777,0.25399047,-0.2689147,2023,1531.6997517347336,"{""geodesic"":false,""type"":""Point"",""coordinates"":[83.91059762702777,21.55080824484835]}"
649,0.0,192,2022,1,0,21.56185752284302,83.97356952844454,-0.18038969,0.34274194,2023,1532.3917932510376,"{""geodesic"":false,""type"":""Point"",""coordinates"":[83.97356952844454,21.56185752284302]}"
650,20.0,213,2022,1,4,21.544969195501572,84.19302795235494,0.13966917,-0.20324533,2023,1491.7797845602036,"{""geodesic"":false,""type"":""Point"",""coordinates"":[84.19302795235494,21.544969195501572]}"
651,0.0,151,2022,1,0,21.37267232400745,83.91437055122107,-0.101165436,0.20729013,2023,1593.592208623886,"{""geodesic"":false,""type"":""Point"",""coordinates"":[83.91437055122107,21.37267232400745]}"
652,14.142135623730951,185,2022,1,0,21.41129988122459,84.15988011837094,0.03237598,-0.059485532,2023,1594.0544555187225,"{""geodesic"":false,""type"":""Point"",""coordinates"":[84.15988011837094,21.41129988122459]}"
653,0.0,194,2022,1,0,21.58665102468472,84.04049401711144,-0.05100212,0.1505251,2023,1465.7138321995735,"{""geodesic"":false,""type"":""Point"",""coordinates"":[84.04049401711144,21.58665102468472]}"
654,10.0,191,2022,1,0,21.56006089227478,83.94949467883013,-0.06783254,0.12713997,2023,1531.6997517347336,"{""geodesic"":false,""type"":""Point"",""coordinates"":[83.94949467883013,21.56006089227478]}"
655,22.360679774997898,191,2022,1,0,21.59311889473038,83.9551540651201,0.20770271,-0.1598697,2023,1532.3917932510376,"{""geodesic"":false,""type"":""Point"",""coordinates"":[83.9551540651201,21.59311889473038]}"
656,20.0,190,2022,1,0,21.474181951112953,84.1987771701733,0.47221768,-0.40960452,2023,1591.7766270637512,"{""geodesic"":false,""type"":""Point"",""coordinates"":[84.1987771701733,21.474181951112953]}"
657,0.0,192,2022,1,0,21.552964201530237,83.92757578589762,-0.238499,0.40248433,2023,1531.6997517347336,"{""geodesic"":false,""type"":""Point"",""coordinates"":[83.92757578589762,21.552964201530237]}"
658,0.0,219,2022,1,0,21.368809568285734,84.10301676088616,-0.07568883,0.1830784,2023,1588.8768920898438,"{""geodesic"":false,""type"":""Point"",""coordinates"":[84.10301676088616,21.368809568285734]}"
659,20.0,161,2022,1,0,21.462503852419403,84.04660256104346,0.04255319,0.107061505,2023,1583.1036818027496,"{""geodesic"":false,""type"":""Point"",""coordinates"":[84.04660256104346,21.462503852419403]}"
660,28.284271247461902,184,2022,1,4,21.51954687296099,84.12026441434126,0.4057587,-0.42795622,2023,1495.7589523792267,"{""geodesic"":false,""type"":""Point"",""coordinates"":[84.12026441434126,21.51954687296099]}"
661,14.142135623730951,189,2022,1,0,21.474092119584544,84.19868733864489,0.11260015,-0.054462623,2023,1591.7766270637512,"{""geodesic"":false,""type"":""Point"",""coordinates"":[84.19868733864489,21.474092119584544]}"
662,20.0,188,2022,1,0,21.562127017428256,83.90143481112975,0.12551308,-0.047095865,2023,1531.6997517347336,"{""geodesic"":false,""type"":""Point"",""coordinates"":[83.90143481112975,21.562127017428256]}"
663,10.0,190,2022,1,0,21.55089807637676,83.9243418508748,-0.025267666,0.06414474,2023,1531.6997517347336,"{""geodesic"":false,""type"":""Point"",""coordinates"":[83.9243418508748,21.55089807637676]}"
664,0.0,155,2022,1,0,21.438698497390234,83.94257765114241,-0.046846066,0.21003135,2023,1620.52530169487,"{""geodesic"":false,""type"":""Point"",""coordinates"":[83.94257765114241,21.438698497390234]}"
665,10.0,193,2022,1,0,21.550179424149466,83.92910292188063,0.017914562,0.11021883,2023,1531.6997517347336,"{""geodesic"":false,""type"":""Point"",""coordinates"":[83.92910292188063,21.550179424149466]}"
666,30.0,171,2022,1,4,21.423247474503377,83.92191639960767,0.26438826,-0.32924578,2023,1620.52530169487,"{""geodesic"":false,""type"":""Point"",""coordinates"":[83.92191639960767,21.423247474503377]}"
667,0.0,191,2022,1,0,21.552964201530237,83.936379275682,-0.055229645,0.1868477,2023,1531.6997517347336,"{""geodesic"":false,""type"":""Point"",""coordinates"":[83.936379275682,21.552964201530237]}"
668,0.0,191,2022,1,0,21.593747715429263,83.99692572583164,0.03597944,0.16433038,2023,1532.3917932510376,"{""geodesic"":false,""type"":""Point"",""coordinates"":[83.99692572583164,21.593747715429263]}"
669,0.0,194,2022,1,0,21.59311889473038,83.95578288581898,-0.027659774,0.20431511,2023,1532.3917932510376,"{""geodesic"":false,""type"":""Point"",""coordinates"":[83.95578288581898,21.59311889473038]}"
670,0.0,192,2022,1,0,21.564193142581733,83.94437428171067,-0.039202355,0.18099286,2023,1531.6997517347336,"{""geodesic"":false,""type"":""Point"",""coordinates"":[83.94437428171067,21.564193142581733]}"
671,0.0,188,2022,1,0,21.558893082405426,83.90565689296511,-0.069784,0.25185436,2023,1531.6997517347336,"{""geodesic"":false,""type"":""Point"",""coordinates"":[83.90565689296511,21.558893082405426]}"
672,20.0,154,2022,1,0,21.466546271197938,83.97644413735372,0.05023998,0.041923318,2023,1580.9598841071129,"{""geodesic"":false,""type"":""Point"",""coordinates"":[83.97644413735372,21.466546271197938]}"
673,30.0,191,2022,1,0,21.59823929184986,84.00563938408762,0.2222987,-0.19495374,2023,1465.7138321995735,"{""geodesic"":false,""type"":""Point"",""coordinates"":[84.00563938408762,21.59823929184986]}"
674,28.284271247461902,214,2022,1,4,21.53652503183085,84.1881770498207,0.3478261,-0.4736387,2023,1491.7797845602036,"{""geodesic"":false,""type"":""Point"",""coordinates"":[84.1881770498207,21.53652503183085]}"
675,20.0,192,2022,1,0,21.558893082405426,83.96620334311476,0.062730625,-0.016204914,2023,1532.3917932510376,"{""geodesic"":false,""type"":""Point"",""coordinates"":[83.96620334311476,21.558893082405426]}"
676,10.0,188,2022,1,0,21.595993503639562,83.9529082769098,0.0019974525,0.1248072,2023,1532.3917932510376,"{""geodesic"":false,""type"":""Point"",""coordinates"":[83.9529082769098,21.595993503639562]}"
677,14.142135623730951,192,2022,1,0,21.565001626337438,83.94338613489813,0.20989625,-0.09221902,2023,1531.6997517347336,"{""geodesic"":false,""type"":""Point"",""coordinates"":[83.94338613489813,21.565001626337438]}"
678,20.0,154,2022,1,0,21.477415886135784,83.969527109666,-0.0022102937,0.066883214,2023,1580.9598841071129,"{""geodesic"":false,""type"":""Point"",""coordinates"":[83.969527109666,21.477415886135784]}"
679,30.0,189,2022,1,0,21.55997106074637,83.9597354730691,0.28293064,-0.26374158,2023,1532.3917932510376,"{""geodesic"":false,""type"":""Point"",""coordinates"":[83.9597354730691,21.55997106074637]}"
680,30.0,217,2022,1,1,21.58251877437777,84.18179901130345,0.40986377,-0.4683238,2023,1431.8467383384705,"{""geodesic"":false,""type"":""Point"",""coordinates"":[84.18179901130345,21.58251877437777]}"
681,30.0,165,2022,1,0,21.37590625903028,84.0183056295937,0.16878402,-0.1017964,2023,1556.5259022712708,"{""geodesic"":false,""type"":""Point"",""coordinates"":[84.0183056295937,21.37590625903028]}"
682,0.0,191,2022,1,0,21.55529982126895,83.94006236834689,-0.102163464,0.28161564,2023,1531.6997517347336,"{""geodesic"":false,""type"":""Point"",""coordinates"":[83.94006236834689,21.55529982126895]}"
683,0.0,192,2022,1,0,21.59257990555991,83.99971050321243,-0.012547418,0.18484022,2023,1532.3917932510376,"{""geodesic"":false,""type"":""Point"",""coordinates"":[83.99971050321243,21.59257990555991]}"
684,14.142135623730951,152,2022,1,0,21.373929965405218,83.91446038274948,0.08624559,-0.14769648,2023,1593.592208623886,"{""geodesic"":false,""type"":""Point"",""coordinates"":[83.91446038274948,21.373929965405218]}"
685,0.0,191,2022,1,0,21.55215571777453,83.92793511201127,-0.1363212,0.2568623,2023,1531.6997517347336,"{""geodesic"":false,""type"":""Point"",""coordinates"":[83.92793511201127,21.55215571777453]}"
686,30.0,195,2022,1,0,21.59635282975321,84.04732121327075,0.5288541,-0.5091916,2023,1465.7138321995735,"{""geodesic"":false,""type"":""Point"",""coordinates"":[84.04732121327075,21.59635282975321]}"
687,14.142135623730951,154,2022,1,3,21.51406714972786,83.85903432971931,0.2507078,-0.18672636,2023,1517.3875867128372,"{""geodesic"":false,""type"":""Point"",""coordinates"":[83.85903432971931,21.51406714972786]}"
688,30.0,175,2022,1,0,21.57712888267305,84.06717398104979,0.43703118,-0.40866873,2023,1430.2445055246353,"{""geodesic"":false,""type"":""Point"",""coordinates"":[84.06717398104979,21.57712888267305]}"
689,14.142135623730951,196,2022,1,0,21.38929115676366,84.12924756718246,-0.023629626,0.073776476,2023,1588.8768920898438,"{""geodesic"":false,""type"":""Point"",""coordinates"":[84.12924756718246,21.38929115676366]}"
690,28.284271247461902,180,2022,1,4,21.45971907503863,84.17856507628062,0.3672264,-0.43475196,2023,1591.7766270637512,"{""geodesic"":false,""type"":""Point"",""coordinates"":[84.17856507628062,21.45971907503863]}"
691,10.0,154,2022,1,0,21.48684819661904,83.96593384852953,-0.028032117,0.13609615,2023,1580.9598841071129,"{""geodesic"":false,""type"":""Point"",""coordinates"":[83.96593384852953,21.48684819661904]}"
692,20.0,158,2022,1,0,21.47867352753355,83.92047909515308,0.1329062,0.036467794,2023,1540.8635561466217,"{""geodesic"":false,""type"":""Point"",""coordinates"":[83.92047909515308,21.47867352753355]}"
693,10.0,179,2022,1,0,21.517929905449577,84.06160442628826,-0.0034567902,-0.038386334,2023,1505.147863149643,"{""geodesic"":false,""type"":""Point"",""coordinates"":[84.06160442628826,21.517929905449577]}"
694,30.0,200,2022,1,0,21.519816367546227,84.18458378868422,0.4801595,-0.49289832,2023,1491.7797845602036,"{""geodesic"":false,""type"":""Point"",""coordinates"":[84.18458378868422,21.519816367546227]}"
695,10.0,174,2022,1,0,21.577847534900346,84.0672638125782,-0.0029547336,0.13423645,2023,1430.2445055246353,"{""geodesic"":false,""type"":""Point"",""coordinates"":[84.0672638125782,21.577847534900346]}"
696,10.0,194,2022,1,0,21.586561193156307,84.00024949238289,0.05869365,0.086884074,2023,1465.7138321995735,"{""geodesic"":false,""type"":""Point"",""coordinates"":[84.00024949238289,21.586561193156307]}"
697,10.0,192,2022,1,0,21.550089592621056,83.93054022633521,-0.040224507,0.13709,2023,1531.6997517347336,"{""geodesic"":false,""type"":""Point"",""coordinates"":[83.93054022633521,21.550089592621056]}"
698,0.0,192,2022,1,0,21.562127017428256,83.97347969691613,-0.22015916,0.408153,2023,1532.3917932510376,"{""geodesic"":false,""type"":""Point"",""coordinates"":[83.97347969691613,21.562127017428256]}"
699,10.0,207,2022,1,0,21.367102769245907,84.16697680911548,0.16474982,-0.06312202,2023,1588.8062154054642,"{""geodesic"":false,""type"":""Point"",""coordinates"":[84.16697680911548,21.367102769245907]}"
700,30.0,190,2022,1,0,21.529248678029482,84.1596106237857,0.25759932,-0.23704414,2023,1491.7797845602036,"{""geodesic"":false,""type"":""Point"",""coordinates"":[84.1596106237857,21.529248678029482]}"
701,30.0,188,2022,1,0,21.498077137670535,83.85346477495776,0.62029517,-0.5815141,2023,1515.590425491333,"{""geodesic"":false,""type"":""Point"",""coordinates"":[83.85346477495776,21.498077137670535]}"
702,20.0,143,2022,1,0,21.41318634332124,83.98722392076316,-0.00231818,0.119434044,2023,1600.8621512344107,"{""geodesic"":false,""type"":""Point"",""coordinates"":[83.98722392076316,21.41318634332124]}"
703,0.0,188,2022,1,0,21.504095850074137,83.85283595425888,-0.06960316,0.19166757,2023,1517.3875867128372,"{""geodesic"":false,""type"":""Point"",""coordinates"":[83.85283595425888,21.504095850074137]}"
704,20.0,195,2022,1,0,21.59437653612815,83.95731002180197,0.25606522,-0.26675686,2023,1532.3917932510376,"{""geodesic"":false,""type"":""Point"",""coordinates"":[83.95731002180197,21.59437653612815]}"
705,0.0,192,2022,1,0,21.553772685285946,83.91562819261884,-0.08836959,0.20347336,2023,1531.6997517347336,"{""geodesic"":false,""type"":""Point"",""coordinates"":[83.91562819261884,21.553772685285946]}"
706,30.0,187,2022,1,1,21.574793262934342,84.10283709782934,0.35506636,-0.45060664,2023,1431.9922362565994,"{""geodesic"":false,""type"":""Point"",""coordinates"":[84.10283709782934,21.574793262934342]}"
707,20.0,182,2022,1,0,21.4609767164364,83.87834810832787,0.10153804,-0.0866434,2023,1515.590425491333,"{""geodesic"":false,""type"":""Point"",""coordinates"":[83.87834810832787,21.4609767164364]}"
708,30.0,137,2022,1,0,21.375636764445044,83.96602368005794,0.19285874,-0.1546379,2023,1596.223125219345,"{""geodesic"":false,""type"":""Point"",""coordinates"":[83.96602368005794,21.375636764445044]}"
709,22.360679774997898,179,2022,1,0,21.454958004032797,83.91544852956201,-0.0025823617,0.0016448657,2023,1540.8635561466217,"{""geodesic"":false,""type"":""Point"",""coordinates"":[83.91544852956201,21.454958004032797]}"
710,0.0,192,2022,1,0,21.599317270190806,84.0176768088948,0.016270338,0.15062761,2023,1465.7138321995735,"{""geodesic"":false,""type"":""Point"",""coordinates"":[84.0176768088948,21.599317270190806]}"
711,30.0,189,2022,1,0,21.523768954796353,84.13194251303482,0.32605243,-0.33624837,2023,1495.7589523792267,"{""geodesic"":false,""type"":""Point"",""coordinates"":[84.13194251303482,21.523768954796353]}"
712,20.0,184,2022,1,0,21.442740916168773,84.19527374056524,0.5208243,-0.48094437,2023,1594.0544555187225,"{""geodesic"":false,""type"":""Point"",""coordinates"":[84.19527374056524,21.442740916168773]}"
713,10.0,188,2022,1,0,21.558803250877013,83.9010754850161,0.0022573364,0.068764046,2023,1531.6997517347336,"{""geodesic"":false,""type"":""Point"",""coordinates"":[83.9010754850161,21.558803250877013]}"
714,10.0,194,2022,1,0,21.556916788780363,83.94796754284714,5.417118E-4,0.106704555,2023,1531.6997517347336,"{""geodesic"":false,""type"":""Point"",""coordinates"":[83.94796754284714,21.556916788780363]}"
715,0.0,190,2022,1,0,21.552784538473414,83.93700809638088,-0.053634085,0.15336323,2023,1531.6997517347336,"{""geodesic"":false,""type"":""Point"",""coordinates"":[83.93700809638088,21.552784538473414]}"
716,22.360679774997898,191,2022,1,0,21.58440523647442,83.99476976914977,0.18428014,-0.1371553,2023,1532.3917932510376,"{""geodesic"":false,""type"":""Point"",""coordinates"":[83.99476976914977,21.58440523647442]}"
717,28.284271247461902,203,2022,1,0,21.362701024353722,84.16239540116646,0.26578072,-0.3025641,2023,1588.8062154054642,"{""geodesic"":false,""type"":""Point"",""coordinates"":[84.16239540116646,21.362701024353722]}"
718,0.0,191,2022,1,0,21.551976054717706,83.92335370406227,-0.2602199,0.42981312,2023,1531.6997517347336,"{""geodesic"":false,""type"":""Point"",""coordinates"":[83.92335370406227,21.551976054717706]}"
719,0.0,192,2022,1,0,21.551976054717706,83.93628944415359,-0.13794482,0.29908973,2023,1531.6997517347336,"{""geodesic"":false,""type"":""Point"",""coordinates"":[83.93628944415359,21.551976054717706]}"
720,0.0,190,2022,1,0,21.552515043888178,83.9273961228408,-0.17475729,0.31897846,2023,1531.6997517347336,"{""geodesic"":false,""type"":""Point"",""coordinates"":[83.9273961228408,21.552515043888178]}"
721,30.0,199,2022,1,0,21.51909771531893,84.18413463104216,0.5296264,-0.4890156,2023,1491.7797845602036,"{""geodesic"":false,""type"":""Point"",""coordinates"":[84.18413463104216,21.51909771531893]}"
722,0.0,195,2022,1,0,21.57245764319563,83.98587644783699,-0.11385968,0.30210254,2023,1532.3917932510376,"{""geodesic"":false,""type"":""Point"",""coordinates"":[83.98587644783699,21.57245764319563]}"
723,30.0,142,2022,1,3,21.478943022118788,83.93610978109676,0.24912316,-0.23643994,2023,1540.8635561466217,"{""geodesic"":false,""type"":""Point"",""coordinates"":[83.93610978109676,21.478943022118788]}"
724,20.0,205,2022,1,1,21.560599881445253,84.18404479951374,0.4592,-0.50229436,2023,1431.8467383384705,"{""geodesic"":false,""type"":""Point"",""coordinates"":[84.18404479951374,21.560599881445253]}"
725,10.0,178,2022,1,0,21.514336644313097,84.11676098473319,0.026369167,0.11916567,2023,1495.7589523792267,"{""geodesic"":false,""type"":""Point"",""coordinates"":[84.11676098473319,21.514336644313097]}"
726,22.360679774997898,134,2022,1,0,21.365575633262903,83.95614221193263,0.32114333,-0.27152586,2023,1596.223125219345,"{""geodesic"":false,""type"":""Point"",""coordinates"":[83.95614221193263,21.365575633262903]}"
727,10.0,171,2022,1,0,21.44076462254371,84.17290568999067,0.27444795,-0.20861587,2023,1594.0544555187225,"{""geodesic"":false,""type"":""Point"",""coordinates"":[84.17290568999067,21.44076462254371]}"
728,20.0,195,2022,1,0,21.583147595076653,84.12152205573902,-0.026974952,0.01688518,2023,1431.9922362565994,"{""geodesic"":false,""type"":""Point"",""coordinates"":[84.12152205573902,21.583147595076653]}"
729,0.0,189,2022,1,0,21.599766427832865,83.92775544895444,-0.07495287,0.19808397,2023,1531.6997517347336,"{""geodesic"":false,""type"":""Point"",""coordinates"":[83.92775544895444,21.599766427832865]}"
730,14.142135623730951,191,2022,1,0,21.566618593848855,83.94724889061985,-0.04138208,0.06565723,2023,1531.6997517347336,"{""geodesic"":false,""type"":""Point"",""coordinates"":[83.94724889061985,21.566618593848855]}"
731,22.360679774997898,177,2022,1,0,21.460347895737513,84.17874473933745,0.38408267,-0.39775887,2023,1591.7766270637512,"{""geodesic"":false,""type"":""Point"",""coordinates"":[84.17874473933745,21.460347895737513]}"
732,20.0,138,2022,1,0,21.367102769245907,83.95209979315409,0.14660013,0.031101739,2023,1596.223125219345,"{""geodesic"":false,""type"":""Point"",""coordinates"":[83.95209979315409,21.367102769245907]}"
733,30.0,136,2022,1,0,21.40483201117893,83.98030689307544,0.2720924,-0.25900045,2023,1600.8621512344107,"{""geodesic"":false,""type"":""Point"",""coordinates"":[83.98030689307544,21.40483201117893]}"
734,10.0,156,2022,1,0,21.460797053379576,83.93817590625024,0.078772075,0.08182281,2023,1540.8635561466217,"{""geodesic"":false,""type"":""Point"",""coordinates"":[83.93817590625024,21.460797053379576]}"
735,0.0,192,2022,1,0,21.552604875416588,83.92227572572132,-0.21337792,0.3836478,2023,1531.6997517347336,"{""geodesic"":false,""type"":""Point"",""coordinates"":[83.92227572572132,21.552604875416588]}"
736,10.0,193,2022,1,0,21.593029063201968,83.95542355970532,-0.016766366,0.1398753,2023,1532.3917932510376,"{""geodesic"":false,""type"":""Point"",""coordinates"":[83.95542355970532,21.593029063201968]}"
737,0.0,188,2022,1,0,21.598868112548743,83.99441044303612,-0.06270943,0.23084982,2023,1532.3917932510376,"{""geodesic"":false,""type"":""Point"",""coordinates"":[83.99441044303612,21.598868112548743]}"
738,10.0,180,2022,1,4,21.43438658402646,84.14092566587601,0.03162843,-0.05645963,2023,1612.698834657669,"{""geodesic"":false,""type"":""Point"",""coordinates"":[84.14092566587601,21.43438658402646]}"
739,14.142135623730951,180,2022,1,0,21.450825753725848,83.8891278917373,-0.021119481,0.12524746,2023,1515.590425491333,"{""geodesic"":false,""type"":""Point"",""coordinates"":[83.8891278917373,21.450825753725848]}"
740,0.0,188,2022,1,0,21.561767691314607,83.90377043086846,0.005378835,0.18651868,2023,1531.6997517347336,"{""geodesic"":false,""type"":""Point"",""coordinates"":[83.90377043086846,21.561767691314607]}"
741,30.0,190,2022,1,0,21.590603611934846,84.04956700148105,0.2723157,-0.23552124,2023,1465.7138321995735,"{""geodesic"":false,""type"":""Point"",""coordinates"":[84.04956700148105,21.590603611934846]}"
742,22.360679774997898,199,2022,1,4,21.53661486335926,84.15898180308682,0.34746,-0.32899654,2023,1491.7797845602036,"{""geodesic"":false,""type"":""Point"",""coordinates"":[84.15898180308682,21.53661486335926]}"
743,0.0,189,2022,1,0,21.585393383286952,83.99360195928041,-0.20431115,0.3718091,2023,1532.3917932510376,"{""geodesic"":false,""type"":""Point"",""coordinates"":[83.99360195928041,21.585393383286952]}"
744,28.284271247461902,194,2022,1,0,21.59446636765656,83.99683589430323,0.38334146,-0.37439507,2023,1532.3917932510376,"{""geodesic"":false,""type"":""Point"",""coordinates"":[83.99683589430323,21.59446636765656]}"
745,20.0,191,2022,1,0,21.566708425377264,83.94679973297778,0.0047393367,0.010732618,2023,1531.6997517347336,"{""geodesic"":false,""type"":""Point"",""coordinates"":[83.94679973297778,21.566708425377264]}"
746,22.360679774997898,188,2022,1,0,21.567696572189796,83.85427325871348,0.33723053,-0.36567163,2023,1531.0154056549072,"{""geodesic"":false,""type"":""Point"",""coordinates"":[83.85427325871348,21.567696572189796]}"
747,0.0,191,2022,1,0,21.561767691314607,83.97312037080248,-0.15132606,0.25767568,2023,1532.3917932510376,"{""geodesic"":false,""type"":""Point"",""coordinates"":[83.97312037080248,21.561767691314607]}"
748,10.0,188,2022,1,0,21.55862358782019,83.90520773532305,0.029626032,0.08099126,2023,1531.6997517347336,"{""geodesic"":false,""type"":""Point"",""coordinates"":[83.90520773532305,21.55862358782019]}"
749,22.360679774997898,158,2022,1,0,21.476787065436902,83.91185526842553,0.067532465,0.050259966,2023,1540.8635561466217,"{""geodesic"":false,""type"":""Point"",""coordinates"":[83.91185526842553,21.476787065436902]}"
750,22.360679774997898,165,2022,1,0,21.406538810218755,83.86145978098642,0.25249946,-0.18805489,2023,1602.8384928703308,"{""geodesic"":false,""type"":""Point"",""coordinates"":[83.86145978098642,21.406538810218755]}"
751,28.284271247461902,159,2022,1,0,21.48999230011346,83.89101435383395,0.5341189,-0.4492626,2023,1515.590425491333,"{""geodesic"":false,""type"":""Point"",""coordinates"":[83.89101435383395,21.48999230011346]}"
752,30.0,218,2022,1,0,21.369618052041442,84.10310659241458,0.44309762,-0.30549,2023,1588.8768920898438,"{""geodesic"":false,""type"":""Point"",""coordinates"":[84.10310659241458,21.369618052041442]}"
753,22.360679774997898,156,2022,1,0,21.460258064209103,83.93754708555134,0.1718164,-0.015174787,2023,1540.8635561466217,"{""geodesic"":false,""type"":""Point"",""coordinates"":[83.93754708555134,21.460258064209103]}"
754,0.0,190,2022,1,0,21.598418954906684,84.0183056295937,-0.03801794,0.20085166,2023,1465.7138321995735,"{""geodesic"":false,""type"":""Point"",""coordinates"":[84.0183056295937,21.598418954906684]}"
755,30.0,148,2022,1,0,21.353089050813644,83.96566435394429,0.23431848,-0.15839091,2023,1596.223125219345,"{""geodesic"":false,""type"":""Point"",""coordinates"":[83.96566435394429,21.353089050813644]}"
756,10.0,192,2022,1,0,21.550179424149466,83.92946224799428,0.012987013,0.13516368,2023,1531.6997517347336,"{""geodesic"":false,""type"":""Point"",""coordinates"":[83.92946224799428,21.550179424149466]}"
757,0.0,165,2022,1,0,21.46843273329459,83.92101808432355,-0.017502986,0.16052455,2023,1540.8635561466217,"{""geodesic"":false,""type"":""Point"",""coordinates"":[83.92101808432355,21.46843273329459]}"
758,10.0,196,2022,1,4,21.569313539701213,84.15080713400133,0.065765984,-0.05296277,2023,1431.8467383384705,"{""geodesic"":false,""type"":""Point"",""coordinates"":[84.15080713400133,21.569313539701213]}"
759,28.284271247461902,191,2022,1,0,21.584495068002834,83.9943206115077,0.23938507,-0.20827882,2023,1532.3917932510376,"{""geodesic"":false,""type"":""Point"",""coordinates"":[83.9943206115077,21.584495068002834]}"
760,14.142135623730951,188,2022,1,0,21.598059628793038,84.00510039491714,0.20012659,-0.038832955,2023,1465.7138321995735,"{""geodesic"":false,""type"":""Point"",""coordinates"":[84.00510039491714,21.598059628793038]}"
761,22.360679774997898,191,2022,1,0,21.555120158212123,83.9395233791764,0.080518164,0.019906,2023,1531.6997517347336,"{""geodesic"":false,""type"":""Point"",""coordinates"":[83.9395233791764,21.555120158212123]}"
762,28.284271247461902,212,2022,1,0,21.386326716326067,84.14380027478519,0.21840194,-0.2160464,2023,1588.8768920898438,"{""geodesic"":false,""type"":""Point"",""coordinates"":[84.14380027478519,21.386326716326067]}"
763,20.0,196,2022,1,0,21.598957944077156,83.95362692913709,0.14183089,-0.094818495,2023,1532.3917932510376,"{""geodesic"":false,""type"":""Point"",""coordinates"":[83.95362692913709,21.598957944077156]}"
764,0.0,191,2022,1,0,21.571828822496748,83.98515779560968,-0.1162734,0.28978825,2023,1532.3917932510376,"{""geodesic"":false,""type"":""Point"",""coordinates"":[83.98515779560968,21.571828822496748]}"
765,10.0,148,2022,1,0,21.36943838898462,83.9145502142779,0.063870214,-0.06632485,2023,1593.592208623886,"{""geodesic"":false,""type"":""Point"",""coordinates"":[83.9145502142779,21.36943838898462]}"
766,14.142135623730951,191,2022,1,0,21.599317270190806,83.99566808443389,0.023861172,0.11539491,2023,1532.3917932510376,"{""geodesic"":false,""type"":""Point"",""coordinates"":[83.99566808443389,21.599317270190806]}"
767,28.284271247461902,133,2022,1,0,21.366923106189084,83.95883715778498,0.40893367,-0.30376694,2023,1596.223125219345,"{""geodesic"":false,""type"":""Point"",""coordinates"":[83.95883715778498,21.366923106189084]}"
768,22.360679774997898,142,2022,1,0,21.449657943856494,83.96368806031923,0.48109427,-0.4154192,2023,1600.8621512344107,"{""geodesic"":false,""type"":""Point"",""coordinates"":[83.96368806031923,21.449657943856494]}"
769,20.0,184,2022,1,0,21.44265108464036,84.19114149025829,0.21668598,-0.14130434,2023,1594.0544555187225,"{""geodesic"":false,""type"":""Point"",""coordinates"":[84.19114149025829,21.44265108464036]}"
770,14.142135623730951,195,2022,1,0,21.560330386860016,83.9582981686145,0.070859954,-0.022050334,2023,1532.3917932510376,"{""geodesic"":false,""type"":""Point"",""coordinates"":[83.9582981686145,21.560330386860016]}"
771,0.0,191,2022,1,0,21.551077739433588,83.92461134546002,-0.1005291,0.20699708,2023,1531.6997517347336,"{""geodesic"":false,""type"":""Point"",""coordinates"":[83.92461134546002,21.551077739433588]}"
772,20.0,193,2022,1,0,21.59949693324763,83.92506050310209,-0.01023154,0.10094507,2023,1531.6997517347336,"{""geodesic"":false,""type"":""Point"",""coordinates"":[83.92506050310209,21.59949693324763]}"
773,10.0,159,2022,1,0,21.462503852419403,84.04723138174235,-3.3681374E-4,0.11640369,2023,1583.1036818027496,"{""geodesic"":false,""type"":""Point"",""coordinates"":[84.04723138174235,21.462503852419403]}"
774,10.0,193,2022,1,0,21.599227438662393,83.92613848144303,-0.038658213,0.13488087,2023,1531.6997517347336,"{""geodesic"":false,""type"":""Point"",""coordinates"":[83.92613848144303,21.599227438662393]}"
775,20.0,158,2022,1,0,21.486039712863334,83.91958077986897,0.034692634,0.1017964,2023,1540.8635561466217,"{""geodesic"":false,""type"":""Point"",""coordinates"":[83.91958077986897,21.486039712863334]}"
776,14.142135623730951,192,2022,1,0,21.586471361627897,84.00024949238289,0.08029951,0.045184847,2023,1465.7138321995735,"{""geodesic"":false,""type"":""Point"",""coordinates"":[84.00024949238289,21.586471361627897]}"
777,22.360679774997898,191,2022,1,0,21.59823929184986,84.00536988950238,0.16733387,-0.13943341,2023,1465.7138321995735,"{""geodesic"":false,""type"":""Point"",""coordinates"":[84.00536988950238,21.59823929184986]}"
778,22.360679774997898,178,2022,1,4,21.525745248421416,83.99324263316676,0.35264766,-0.41184378,2023,1573.282821893692,"{""geodesic"":false,""type"":""Point"",""coordinates"":[83.99324263316676,21.525745248421416]}"
779,0.0,191,2022,1,0,21.598418954906684,84.01884461876416,-0.064993165,0.2150849,2023,1465.7138321995735,"{""geodesic"":false,""type"":""Point"",""coordinates"":[84.01884461876416,21.598418954906684]}"
780,28.284271247461902,193,2022,1,0,21.523858786324766,83.8612801179296,0.1732401,-0.21984603,2023,1517.3875867128372,"{""geodesic"":false,""type"":""Point"",""coordinates"":[83.8612801179296,21.523858786324766]}"
781,20.0,178,2022,1,0,21.554221842928005,84.08388264533443,0.30113485,-0.18424213,2023,1430.2445055246353,"{""geodesic"":false,""type"":""Point"",""coordinates"":[84.08388264533443,21.554221842928005]}"
782,0.0,191,2022,1,0,21.5549404951553,83.93628944415359,-0.2175,0.3468962,2023,1531.6997517347336,"{""geodesic"":false,""type"":""Point"",""coordinates"":[83.93628944415359,21.5549404951553]}"
783,10.0,193,2022,1,0,21.597790134207802,83.996566399718,0.030977443,0.12862226,2023,1532.3917932510376,"{""geodesic"":false,""type"":""Point"",""coordinates"":[83.996566399718,21.597790134207802]}"
784,10.0,191,2022,1,0,21.599227438662393,84.0175869773664,0.045766592,0.090029866,2023,1465.7138321995735,"{""geodesic"":false,""type"":""Point"",""coordinates"":[84.0175869773664,21.599227438662393]}"
785,10.0,158,2022,1,0,21.486219375920157,83.9033212732264,0.04418438,0.12079367,2023,1540.8635561466217,"{""geodesic"":false,""type"":""Point"",""coordinates"":[83.9033212732264,21.486219375920157]}"
786,22.360679774997898,199,2022,1,4,21.53194362388184,84.17182771164973,0.38638544,-0.47651464,2023,1491.7797845602036,"{""geodesic"":false,""type"":""Point"",""coordinates"":[84.17182771164973,21.53194362388184]}"
787,30.0,191,2022,1,0,21.55583881043942,83.87619215164598,0.4766988,-0.41114587,2023,1531.0154056549072,"{""geodesic"":false,""type"":""Point"",""coordinates"":[83.87619215164598,21.55583881043942]}"
788,0.0,192,2022,1,0,21.55125740249041,83.93503180275582,-0.13054037,0.30095193,2023,1531.6997517347336,"{""geodesic"":false,""type"":""Point"",""coordinates"":[83.93503180275582,21.55125740249041]}"
789,0.0,192,2022,1,0,21.555030326683713,83.93673860179564,-0.14244299,0.28090435,2023,1531.6997517347336,"{""geodesic"":false,""type"":""Point"",""coordinates"":[83.93673860179564,21.555030326683713]}"
790,30.0,185,2022,1,0,21.442561253111947,84.19060250108782,0.26811406,-0.13086075,2023,1594.0544555187225,"{""geodesic"":false,""type"":""Point"",""coordinates"":[84.19060250108782,21.442561253111947]}"
791,14.142135623730951,152,2022,1,0,21.375367269859808,83.91553836109043,0.15502428,-0.122934446,2023,1593.592208623886,"{""geodesic"":false,""type"":""Point"",""coordinates"":[83.91553836109043,21.375367269859808]}"
792,0.0,177,2022,1,0,21.458191939055627,84.08352331922077,-0.17320575,0.24299066,2023,1602.4353742599487,"{""geodesic"":false,""type"":""Point"",""coordinates"":[84.08352331922077,21.458191939055627]}"
793,10.0,191,2022,1,0,21.59689181892368,84.0041122481046,0.053333335,0.101705626,2023,1465.7138321995735,"{""geodesic"":false,""type"":""Point"",""coordinates"":[84.0041122481046,21.59689181892368]}"
794,0.0,191,2022,1,0,21.55305403305865,83.9364691072104,-0.049792532,0.16802907,2023,1531.6997517347336,"{""geodesic"":false,""type"":""Point"",""coordinates"":[83.9364691072104,21.55305403305865]}"
795,10.0,189,2022,1,0,21.593298557787204,83.9927036439963,0.02936226,0.09384261,2023,1532.3917932510376,"{""geodesic"":false,""type"":""Point"",""coordinates"":[83.9927036439963,21.593298557787204]}"
796,10.0,192,2022,1,0,21.582698437434594,84.00177662836589,0.055359244,0.08037719,2023,1465.7138321995735,"{""geodesic"":false,""type"":""Point"",""coordinates"":[84.00177662836589,21.582698437434594]}"
797,0.0,191,2022,1,0,21.557545609479245,83.91338240440854,-0.092921644,0.20174314,2023,1531.6997517347336,"{""geodesic"":false,""type"":""Point"",""coordinates"":[83.91338240440854,21.557545609479245]}"
798,28.284271247461902,157,2022,1,0,21.439686644202766,83.94374546101177,0.36833978,-0.23183872,2023,1620.52530169487,"{""geodesic"":false,""type"":""Point"",""coordinates"":[83.94374546101177,21.439686644202766]}"
799,14.142135623730951,194,2022,1,0,21.576679725030992,83.99378162233724,-0.02373835,0.012451085,2023,1532.3917932510376,"{""geodesic"":false,""type"":""Point"",""coordinates"":[83.99378162233724,21.576679725030992]}"
800,0.0,191,2022,1,0,21.5895256335939,83.99989016626924,-0.04782342,0.211475,2023,1532.3917932510376,"{""geodesic"":false,""type"":""Point"",""coordinates"":[83.99989016626924,21.5895256335939]}"
801,0.0,183,2022,1,0,21.517570579335928,84.06205358393032,-0.23512362,0.21394779,2023,1505.147863149643,"{""geodesic"":false,""type"":""Point"",""coordinates"":[84.06205358393032,21.517570579335928]}"
802,20.0,193,2022,1,0,21.564462637166965,83.9439251240686,0.1327323,-0.01587725,2023,1531.6997517347336,"{""geodesic"":false,""type"":""Point"",""coordinates"":[83.9439251240686,21.564462637166965]}"
803,20.0,191,2022,1,0,21.59725114503733,84.00348342740573,0.18939275,-0.116347566,2023,1465.7138321995735,"{""geodesic"":false,""type"":""Point"",""coordinates"":[84.00348342740573,21.59725114503733]}"
804,10.0,192,2022,1,0,21.59266973708832,83.99261381246788,0.027816756,0.13226481,2023,1532.3917932510376,"{""geodesic"":false,""type"":""Point"",""coordinates"":[83.99261381246788,21.59266973708832]}"
805,22.360679774997898,193,2022,1,0,21.556198136553068,83.91679600248818,0.117248155,-0.14735568,2023,1531.6997517347336,"{""geodesic"":false,""type"":""Point"",""coordinates"":[83.91679600248818,21.556198136553068]}"
806,0.0,191,2022,1,0,21.555030326683713,83.9145502142779,-0.07830854,0.20122159,2023,1531.6997517347336,"{""geodesic"":false,""type"":""Point"",""coordinates"":[83.9145502142779,21.555030326683713]}"
807,10.0,197,2022,1,0,21.563025332712375,84.16580899924612,-0.043160833,0.13976835,2023,1431.8467383384705,"{""geodesic"":false,""type"":""Point"",""coordinates"":[84.16580899924612,21.563025332712375]}"
808,20.0,171,2022,1,0,21.44543586202113,84.16697680911548,0.3702235,-0.28727457,2023,1594.0544555187225,"{""geodesic"":false,""type"":""Point"",""coordinates"":[84.16697680911548,21.44543586202113]}"
809,20.0,160,2022,1,0,21.457203792243096,83.939433547648,0.3242622,-0.11565906,2023,1540.8635561466217,"{""geodesic"":false,""type"":""Point"",""coordinates"":[83.939433547648,21.457203792243096]}"
810,10.0,190,2022,1,0,21.550538750263115,83.9243418508748,-0.00657277,0.11377914,2023,1531.6997517347336,"{""geodesic"":false,""type"":""Point"",""coordinates"":[83.9243418508748,21.550538750263115]}"
811,30.0,155,2022,1,0,21.440225633373238,83.94904552118808,0.19382258,-0.06538462,2023,1620.52530169487,"{""geodesic"":false,""type"":""Point"",""coordinates"":[83.94904552118808,21.440225633373238]}"
812,10.0,188,2022,1,0,21.598059628793038,84.00348342740573,0.14233072,-0.016393442,2023,1465.7138321995735,"{""geodesic"":false,""type"":""Point"",""coordinates"":[84.00348342740573,21.598059628793038]}"
813,14.142135623730951,201,2022,1,0,21.519277378375754,84.18395496798533,0.35759783,-0.24731782,2023,1491.7797845602036,"{""geodesic"":false,""type"":""Point"",""coordinates"":[84.18395496798533,21.519277378375754]}"
814,0.0,192,2022,1,0,21.565810110093146,83.94895568965967,-0.15031417,0.29708117,2023,1531.6997517347336,"{""geodesic"":false,""type"":""Point"",""coordinates"":[83.94895568965967,21.565810110093146]}"
815,14.142135623730951,169,2022,1,0,21.438339171276585,83.93089955244886,-0.021289237,0.028749509,2023,1620.52530169487,"{""geodesic"":false,""type"":""Point"",""coordinates"":[83.93089955244886,21.438339171276585]}"
816,14.142135623730951,142,2022,1,0,21.4790328536472,83.93575045498311,0.067056865,0.023118794,2023,1540.8635561466217,"{""geodesic"":false,""type"":""Point"",""coordinates"":[83.93575045498311,21.4790328536472]}"
817,14.142135623730951,192,2022,1,0,21.599766427832865,83.92398252476114,0.028982148,0.077338874,2023,1531.6997517347336,"{""geodesic"":false,""type"":""Point"",""coordinates"":[83.92398252476114,21.599766427832865]}"
818,20.0,197,2022,1,0,21.53832166239909,84.15916146614363,0.091536336,-0.12678063,2023,1491.7797845602036,"{""geodesic"":false,""type"":""Point"",""coordinates"":[84.15916146614363,21.53832166239909]}"
819,22.360679774997898,175,2022,1,0,21.48828550107363,83.91679600248818,0.069556266,0.033073682,2023,1540.8635561466217,"{""geodesic"":false,""type"":""Point"",""coordinates"":[83.91679600248818,21.48828550107363]}"
820,28.284271247461902,190,2022,1,1,21.56958303428645,84.11208974525577,0.32834634,-0.4060062,2023,1431.9922362565994,"{""geodesic"":false,""type"":""Point"",""coordinates"":[84.11208974525577,21.56958303428645]}"
821,28.284271247461902,192,2022,1,0,21.584674731059657,83.99414094845088,0.241014,-0.18042226,2023,1532.3917932510376,"{""geodesic"":false,""type"":""Point"",""coordinates"":[83.99414094845088,21.584674731059657]}"
822,22.360679774997898,169,2022,1,0,21.46115637949322,84.1588919715584,0.15251727,-0.0883244,2023,1591.7766270637512,"{""geodesic"":false,""type"":""Point"",""coordinates"":[84.1588919715584,21.46115637949322]}"
823,28.284271247461902,163,2022,1,0,21.487477017317925,83.9176943177723,0.09095249,0.01918702,2023,1540.8635561466217,"{""geodesic"":false,""type"":""Point"",""coordinates"":[83.9176943177723,21.487477017317925]}"
824,28.284271247461902,192,2022,1,0,21.59823929184986,83.99530875832023,0.084716156,-0.015812432,2023,1532.3917932510376,"{""geodesic"":false,""type"":""Point"",""coordinates"":[83.99530875832023,21.59823929184986]}"
825,28.284271247461902,190,2022,1,0,21.528619857330597,83.86765815644685,0.15649948,-0.21506567,2023,1517.3875867128372,"{""geodesic"":false,""type"":""Point"",""coordinates"":[83.86765815644685,21.528619857330597]}"
826,0.0,191,2022,1,0,21.560779544502076,83.96746098451253,-0.13980263,0.30243415,2023,1532.3917932510376,"{""geodesic"":false,""type"":""Point"",""coordinates"":[83.96746098451253,21.560779544502076]}"
827,22.360679774997898,188,2022,1,0,21.39575902680932,84.14442909548407,0.36426568,-0.42380163,2023,1588.8768920898438,"{""geodesic"":false,""type"":""Point"",""coordinates"":[84.14442909548407,21.39575902680932]}"
828,20.0,192,2022,1,0,21.55592864196783,83.87834810832787,0.082811415,-0.06414991,2023,1531.0154056549072,"{""geodesic"":false,""type"":""Point"",""coordinates"":[83.87834810832787,21.55592864196783]}"
829,0.0,193,2022,1,0,21.56149819672937,83.94904552118808,-0.06541282,0.21190526,2023,1531.6997517347336,"{""geodesic"":false,""type"":""Point"",""coordinates"":[83.94904552118808,21.56149819672937]}"
830,0.0,193,2022,1,0,21.59770030267939,83.99638673666118,-0.061419398,0.22539313,2023,1532.3917932510376,"{""geodesic"":false,""type"":""Point"",""coordinates"":[83.99638673666118,21.59770030267939]}"
831,28.284271247461902,169,2022,1,6,21.446873166475722,84.16625815688818,0.16400258,-0.24918196,2023,1594.0544555187225,"{""geodesic"":false,""type"":""Point"",""coordinates"":[84.16625815688818,21.446873166475722]}"
832,0.0,191,2022,1,0,21.550718413319938,83.9326961830171,-0.014908579,0.21859427,2023,1531.6997517347336,"{""geodesic"":false,""type"":""Point"",""coordinates"":[83.9326961830171,21.550718413319938]}"
833,22.360679774997898,170,2022,1,0,21.446154514248427,84.166437819945,0.014109229,0.10008387,2023,1594.0544555187225,"{""geodesic"":false,""type"":""Point"",""coordinates"":[84.166437819945,21.446154514248427]}"
834,20.0,194,2022,1,0,21.599946090889688,83.94904552118808,0.2630248,-0.22232419,2023,1531.6997517347336,"{""geodesic"":false,""type"":""Point"",""coordinates"":[83.94904552118808,21.599946090889688]}"
835,22.360679774997898,142,2022,1,0,21.407347293974464,83.98246284975733,0.20004015,-0.06400872,2023,1600.8621512344107,"{""geodesic"":false,""type"":""Point"",""coordinates"":[83.98246284975733,21.407347293974464]}"
836,10.0,190,2022,1,0,21.560689712973666,83.97213222398995,0.10682865,-0.013943968,2023,1532.3917932510376,"{""geodesic"":false,""type"":""Point"",""coordinates"":[83.97213222398995,21.560689712973666]}"
837,30.0,197,2022,1,0,21.585123888701716,84.00501056338872,0.0690941,-0.1546115,2023,1465.7138321995735,"{""geodesic"":false,""type"":""Point"",""coordinates"":[84.00501056338872,21.585123888701716]}"
838,30.0,171,2022,1,0,21.43762051904929,84.12682211591533,0.30904183,-0.23454122,2023,1612.698834657669,"{""geodesic"":false,""type"":""Point"",""coordinates"":[84.12682211591533,21.43762051904929]}"
839,20.0,195,2022,1,0,21.552335380831355,83.93709792790929,0.15839565,-0.11372549,2023,1531.6997517347336,"{""geodesic"":false,""type"":""Point"",""coordinates"":[83.93709792790929,21.552335380831355]}"
840,0.0,191,2022,1,0,21.55538965279736,83.93557079192628,-0.21087664,0.39866176,2023,1531.6997517347336,"{""geodesic"":false,""type"":""Point"",""coordinates"":[83.93557079192628,21.55538965279736]}"
841,20.0,208,2022,1,1,21.568954213587563,84.19006351191734,0.3229726,-0.4002592,2023,1431.8467383384705,"{""geodesic"":false,""type"":""Point"",""coordinates"":[84.19006351191734,21.568954213587563]}"
842,28.284271247461902,134,2022,1,0,21.370696030382387,83.96063378835322,0.1494058,-0.11215977,2023,1596.223125219345,"{""geodesic"":false,""type"":""Point"",""coordinates"":[83.96063378835322,21.370696030382387]}"
843,0.0,165,2022,1,0,21.562576175070316,84.07238420969769,-0.103165254,0.20283155,2023,1430.2445055246353,"{""geodesic"":false,""type"":""Point"",""coordinates"":[84.07238420969769,21.562576175070316]}"
844,10.0,197,2022,1,0,21.59213074791785,84.03501429387832,-0.0037149612,0.14402814,2023,1465.7138321995735,"{""geodesic"":false,""type"":""Point"",""coordinates"":[84.03501429387832,21.59213074791785]}"
845,22.360679774997898,197,2022,1,0,21.596981650452094,83.94805737437555,0.5716106,-0.47854245,2023,1531.6997517347336,"{""geodesic"":false,""type"":""Point"",""coordinates"":[83.94805737437555,21.596981650452094]}"
846,14.142135623730951,192,2022,1,0,21.554671000570064,83.93979287376165,0.08268839,-0.029833399,2023,1531.6997517347336,"{""geodesic"":false,""type"":""Point"",""coordinates"":[83.93979287376165,21.554671000570064]}"
847,0.0,188,2022,1,0,21.598508786435097,83.99414094845088,-0.056648776,0.2199211,2023,1532.3917932510376,"{""geodesic"":false,""type"":""Point"",""coordinates"":[83.99414094845088,21.598508786435097]}"
848,28.284271247461902,202,2022,1,0,21.59257990555991,84.03779907125909,0.22070135,-0.29425305,2023,1465.7138321995735,"{""geodesic"":false,""type"":""Point"",""coordinates"":[84.03779907125909,21.59257990555991]}"
849,10.0,192,2022,1,0,21.599227438662393,83.92712662825556,-0.029029028,0.14554174,2023,1531.6997517347336,"{""geodesic"":false,""type"":""Point"",""coordinates"":[83.92712662825556,21.599227438662393]}"
850,28.284271247461902,175,2022,1,4,21.555209989740536,84.00150713378066,0.53341836,-0.5106859,2023,1465.7138321995735,"{""geodesic"":false,""type"":""Point"",""coordinates"":[84.00150713378066,21.555209989740536]}"
851,0.0,192,2022,1,0,21.559521903104308,83.96395755490447,-0.15940262,0.34937486,2023,1532.3917932510376,"{""geodesic"":false,""type"":""Point"",""coordinates"":[83.96395755490447,21.559521903104308]}"
852,30.0,202,2022,1,4,21.598329123378274,84.15601736264922,0.16804086,-0.27458683,2023,1431.8467383384705,"{""geodesic"":false,""type"":""Point"",""coordinates"":[84.15601736264922,21.598329123378274]}"
853,20.0,158,2022,1,0,21.44552569354954,83.95030316258585,0.08074534,0.05743906,2023,1600.8621512344107,"{""geodesic"":false,""type"":""Point"",""coordinates"":[83.95030316258585,21.44552569354954]}"
854,14.142135623730951,188,2022,1,0,21.550628581791525,83.93278601454551,0.10003059,0.06983963,2023,1531.6997517347336,"{""geodesic"":false,""type"":""Point"",""coordinates"":[83.93278601454551,21.550628581791525]}"
855,28.284271247461902,193,2022,1,0,21.550179424149466,83.91338240440854,0.38795575,-0.3731424,2023,1531.6997517347336,"{""geodesic"":false,""type"":""Point"",""coordinates"":[83.91338240440854,21.550179424149466]}"
856,14.142135623730951,152,2022,1,0,21.374019796933627,83.91580785567565,0.005388249,-0.12959673,2023,1593.592208623886,"{""geodesic"":false,""type"":""Point"",""coordinates"":[83.91580785567565,21.374019796933627]}"
857,30.0,188,2022,1,0,21.571918654025158,83.91338240440854,0.59503376,-0.5497998,2023,1531.6997517347336,"{""geodesic"":false,""type"":""Point"",""coordinates"":[83.91338240440854,21.571918654025158]}"
858,0.0,191,2022,1,0,21.55997106074637,83.96216092433623,-0.12807128,0.2745462,2023,1532.3917932510376,"{""geodesic"":false,""type"":""Point"",""coordinates"":[83.96216092433623,21.55997106074637]}"
859,20.0,164,2022,1,0,21.421630506991963,83.91787398082913,-0.012658228,0.13258754,2023,1620.52530169487,"{""geodesic"":false,""type"":""Point"",""coordinates"":[83.91787398082913,21.421630506991963]}"
860,30.0,197,2022,1,6,21.596173166696385,84.04660256104346,0.39113823,-0.44182414,2023,1465.7138321995735,"{""geodesic"":false,""type"":""Point"",""coordinates"":[84.04660256104346,21.596173166696385]}"
861,20.0,193,2022,1,0,21.551077739433588,83.93377416135804,-0.04225076,0.11254428,2023,1531.6997517347336,"{""geodesic"":false,""type"":""Point"",""coordinates"":[83.93377416135804,21.551077739433588]}"
862,10.0,180,2022,1,1,21.464120819930816,84.17560063584303,-0.045949213,0.14625789,2023,1591.7766270637512,"{""geodesic"":false,""type"":""Point"",""coordinates"":[84.17560063584303,21.464120819930816]}"
863,30.0,158,2022,1,4,21.400520097815154,83.90520773532305,0.19856268,-0.26073045,2023,1620.52530169487,"{""geodesic"":false,""type"":""Point"",""coordinates"":[83.90520773532305,21.400520097815154]}"
864,0.0,218,2022,1,0,21.369168894399383,84.10301676088616,-0.07310047,0.1525926,2023,1588.8768920898438,"{""geodesic"":false,""type"":""Point"",""coordinates"":[84.10301676088616,21.369168894399383]}"
865,0.0,149,2022,1,0,21.37366047081998,83.91472987733471,-0.26575083,0.20395455,2023,1593.592208623886,"{""geodesic"":false,""type"":""Point"",""coordinates"":[83.91472987733471,21.37366047081998]}"
866,14.142135623730951,155,2022,1,0,21.437710350577703,83.94563192310842,0.118716575,0.05626331,2023,1620.52530169487,"{""geodesic"":false,""type"":""Point"",""coordinates"":[83.94563192310842,21.437710350577703]}"
867,20.0,181,2022,1,1,21.46016823268069,83.87861760291311,0.34736347,-0.41543636,2023,1515.590425491333,"{""geodesic"":false,""type"":""Point"",""coordinates"":[83.87861760291311,21.46016823268069]}"
868,0.0,188,2022,1,0,21.55997106074637,83.90134497960133,-0.020330274,0.2064917,2023,1531.6997517347336,"{""geodesic"":false,""type"":""Point"",""coordinates"":[83.90134497960133,21.55997106074637]}"
869,28.284271247461902,188,2022,1,0,21.503646692432074,83.85005117687811,0.5985431,-0.52603924,2023,1517.3875867128372,"{""geodesic"":false,""type"":""Point"",""coordinates"":[83.85005117687811,21.503646692432074]}"
870,30.0,189,2022,1,1,21.575422083633224,84.10283709782934,0.54561543,-0.5169711,2023,1431.9922362565994,"{""geodesic"":false,""type"":""Point"",""coordinates"":[84.10283709782934,21.575422083633224]}"
871,10.0,171,2022,1,0,21.44543586202113,84.16670731453024,0.025893431,0.077011935,2023,1594.0544555187225,"{""geodesic"":false,""type"":""Point"",""coordinates"":[84.16670731453024,21.44543586202113]}"
872,28.284271247461902,157,2022,1,0,21.485500723692862,83.92128757890879,0.3745004,-0.3042364,2023,1540.8635561466217,"{""geodesic"":false,""type"":""Point"",""coordinates"":[83.92128757890879,21.485500723692862]}"
873,10.0,157,2022,1,0,21.445615525077955,83.95003366800061,0.02324255,0.13382152,2023,1600.8621512344107,"{""geodesic"":false,""type"":""Point"",""coordinates"":[83.95003366800061,21.445615525077955]}"
874,10.0,194,2022,1,0,21.561947354371434,83.86792765103209,0.07614213,-0.12657005,2023,1531.0154056549072,"{""geodesic"":false,""type"":""Point"",""coordinates"":[83.86792765103209,21.561947354371434]}"
875,30.0,161,2022,1,4,21.393692901655847,83.89370929968632,0.48503828,-0.49155438,2023,1583.5447580814362,"{""geodesic"":false,""type"":""Point"",""coordinates"":[83.89370929968632,21.393692901655847]}"
876,28.284271247461902,188,2022,1,0,21.52691305829077,83.86532253670813,0.21269332,-0.24682143,2023,1517.3875867128372,"{""geodesic"":false,""type"":""Point"",""coordinates"":[83.86532253670813,21.52691305829077]}"
877,14.142135623730951,188,2022,1,0,21.560330386860016,83.90502807226622,-0.02686916,0.080890976,2023,1531.6997517347336,"{""geodesic"":false,""type"":""Point"",""coordinates"":[83.90502807226622,21.560330386860016]}"
878,22.360679774997898,196,2022,1,1,21.392704754843315,84.13158318692116,0.4878456,-0.47797236,2023,1588.8768920898438,"{""geodesic"":false,""type"":""Point"",""coordinates"":[84.13158318692116,21.392704754843315]}"
879,30.0,161,2022,1,4,21.498256800727358,84.02046158627559,0.49039465,-0.48167887,2023,1583.1036818027496,"{""geodesic"":false,""type"":""Point"",""coordinates"":[84.02046158627559,21.498256800727358]}"
880,22.360679774997898,193,2022,1,0,21.574972925991165,83.99467993762136,0.22705314,-0.25328946,2023,1532.3917932510376,"{""geodesic"":false,""type"":""Point"",""coordinates"":[83.99467993762136,21.574972925991165]}"
881,0.0,192,2022,1,0,21.562396512013493,83.94742855367666,-0.098015636,0.24395162,2023,1531.6997517347336,"{""geodesic"":false,""type"":""Point"",""coordinates"":[83.94742855367666,21.562396512013493]}"
882,0.0,192,2022,1,0,21.55628796808148,83.91383156205059,-0.098559074,0.21327968,2023,1531.6997517347336,"{""geodesic"":false,""type"":""Point"",""coordinates"":[83.91383156205059,21.55628796808148]}"
883,10.0,192,2022,1,0,21.554042179871182,83.93682843332405,-0.04761905,0.13770181,2023,1531.6997517347336,"{""geodesic"":false,""type"":""Point"",""coordinates"":[83.93682843332405,21.554042179871182]}"
884,0.0,170,2022,1,0,21.42252882227608,83.92074858973831,-0.08784667,0.1817116,2023,1620.52530169487,"{""geodesic"":false,""type"":""Point"",""coordinates"":[83.92074858973831,21.42252882227608]}"
885,0.0,190,2022,1,0,21.551796391660883,83.92182656807925,-0.07156309,0.19378577,2023,1531.6997517347336,"{""geodesic"":false,""type"":""Point"",""coordinates"":[83.92182656807925,21.551796391660883]}"
886,20.0,189,2022,1,0,21.575781409746874,83.9905476873144,0.0576,-0.039444372,2023,1532.3917932510376,"{""geodesic"":false,""type"":""Point"",""coordinates"":[83.9905476873144,21.575781409746874]}"
887,22.360679774997898,191,2022,1,0,21.565181289394264,83.94967434188696,0.14121646,-0.09182644,2023,1531.6997517347336,"{""geodesic"":false,""type"":""Point"",""coordinates"":[83.94967434188696,21.565181289394264]}"
888,20.0,134,2022,1,0,21.38003850933723,83.96737115298411,0.0553328,0.022126816,2023,1596.223125219345,"{""geodesic"":false,""type"":""Point"",""coordinates"":[83.96737115298411,21.38003850933723]}"
889,0.0,158,2022,1,0,21.492597414437405,83.91410105663583,-0.08844197,0.26213592,2023,1540.8635561466217,"{""geodesic"":false,""type"":""Point"",""coordinates"":[83.91410105663583,21.492597414437405]}"
890,28.284271247461902,218,2022,1,0,21.549550603450584,84.19689070807665,0.36316022,-0.39963078,2023,1491.7797845602036,"{""geodesic"":false,""type"":""Point"",""coordinates"":[84.19689070807665,21.549550603450584]}"
891,10.0,171,2022,1,0,21.423427137560203,83.92191639960767,-0.023361588,-0.0041983314,2023,1620.52530169487,"{""geodesic"":false,""type"":""Point"",""coordinates"":[83.92191639960767,21.423427137560203]}"
892,10.0,193,2022,1,0,21.562396512013493,83.9507523202279,-0.07106599,0.13051225,2023,1532.3917932510376,"{""geodesic"":false,""type"":""Point"",""coordinates"":[83.9507523202279,21.562396512013493]}"
893,28.284271247461902,180,2022,1,0,21.547843804410757,83.9845289749108,0.005970359,-0.005687803,2023,1573.282821893692,"{""geodesic"":false,""type"":""Point"",""coordinates"":[83.9845289749108,21.547843804410757]}"
894,0.0,219,2022,1,0,21.36898923134256,84.10292692935775,-0.106088564,0.17846546,2023,1588.8768920898438,"{""geodesic"":false,""type"":""Point"",""coordinates"":[84.10292692935775,21.36898923134256]}"
895,20.0,192,2022,1,0,21.5549404951553,83.87735996151534,0.16531792,-0.119585335,2023,1531.0154056549072,"{""geodesic"":false,""type"":""Point"",""coordinates"":[83.87735996151534,21.5549404951553]}"
896,0.0,192,2022,1,0,21.583776415775535,83.9927934755247,-0.06060103,0.15690657,2023,1532.3917932510376,"{""geodesic"":false,""type"":""Point"",""coordinates"":[83.9927934755247,21.583776415775535]}"
897,10.0,191,2022,1,0,21.56275583812714,83.94679973297778,0.014349074,0.12616122,2023,1531.6997517347336,"{""geodesic"":false,""type"":""Point"",""coordinates"":[83.94679973297778,21.56275583812714]}"
898,0.0,192,2022,1,0,21.55206588624612,83.92775544895444,-0.0779319,0.1793122,2023,1531.6997517347336,"{""geodesic"":false,""type"":""Point"",""coordinates"":[83.92775544895444,21.55206588624612]}"
899,14.142135623730951,161,2022,1,0,21.510563720119794,83.94266748267083,-0.02021773,0.13540713,2023,1546.614536702633,"{""geodesic"":false,""type"":""Point"",""coordinates"":[83.94266748267083,21.510563720119794]}"
900,14.142135623730951,192,2022,1,0,21.55907274546225,83.91302307829488,-0.010773751,0.08844765,2023,1531.6997517347336,"{""geodesic"":false,""type"":""Point"",""coordinates"":[83.91302307829488,21.55907274546225]}"
901,28.284271247461902,164,2022,1,1,21.418396571969133,83.9469793960346,0.55874807,-0.5177479,2023,1620.52530169487,"{""geodesic"":false,""type"":""Point"",""coordinates"":[83.9469793960346,21.418396571969133]}"
902,30.0,155,2022,1,0,21.439147655032293,83.94518276546637,0.33708823,-0.16196974,2023,1620.52530169487,"{""geodesic"":false,""type"":""Point"",""coordinates"":[83.94518276546637,21.439147655032293]}"
903,0.0,192,2022,1,0,21.55125740249041,83.9335046667728,-0.077734634,0.18545361,2023,1531.6997517347336,"{""geodesic"":false,""type"":""Point"",""coordinates"":[83.9335046667728,21.55125740249041]}"
904,0.0,191,2022,1,0,21.554221842928005,83.93610978109676,-0.17079645,0.35122037,2023,1531.6997517347336,"{""geodesic"":false,""type"":""Point"",""coordinates"":[83.93610978109676,21.554221842928005]}"
905,14.142135623730951,191,2022,1,0,21.591501927218964,84.00204612295113,0.16477273,-0.037099496,2023,1465.7138321995735,"{""geodesic"":false,""type"":""Point"",""coordinates"":[84.00204612295113,21.591501927218964]}"
906,14.142135623730951,133,2022,1,0,21.368899399814147,83.96018463071117,0.10795406,-0.025956122,2023,1596.223125219345,"{""geodesic"":false,""type"":""Point"",""coordinates"":[83.96018463071117,21.368899399814147]}"
907,10.0,216,2022,1,0,21.54838279358123,84.19751952877554,0.025474956,0.072446786,2023,1491.7797845602036,"{""geodesic"":false,""type"":""Point"",""coordinates"":[84.19751952877554,21.54838279358123]}"
908,20.0,192,2022,1,0,21.557994767121308,83.87421585802092,0.11566992,-0.14049034,2023,1531.0154056549072,"{""geodesic"":false,""type"":""Point"",""coordinates"":[83.87421585802092,21.557994767121308]}"
909,22.360679774997898,171,2022,1,0,21.44265108464036,84.16976158649625,0.1683196,-0.034508348,2023,1594.0544555187225,"{""geodesic"":false,""type"":""Point"",""coordinates"":[84.16976158649625,21.44265108464036]}"
910,20.0,189,2022,1,0,21.59275956861673,83.99602741054753,0.14344807,0.014012739,2023,1532.3917932510376,"{""geodesic"":false,""type"":""Point"",""coordinates"":[83.99602741054753,21.59275956861673]}"
911,20.0,153,2022,1,0,21.375367269859808,83.91517903497677,0.24072826,-0.22241087,2023,1593.592208623886,"{""geodesic"":false,""type"":""Point"",""coordinates"":[83.91517903497677,21.375367269859808]}"
912,22.360679774997898,188,2022,1,0,21.59868844949192,83.94787771131872,0.18438037,-0.24638927,2023,1531.6997517347336,"{""geodesic"":false,""type"":""Point"",""coordinates"":[83.94787771131872,21.59868844949192]}"
913,22.360679774997898,152,2022,1,0,21.37545710138822,83.91580785567565,0.271315,-0.34622455,2023,1593.592208623886,"{""geodesic"":false,""type"":""Point"",""coordinates"":[83.91580785567565,21.37545710138822]}"
914,22.360679774997898,192,2022,1,0,21.49834663225577,83.8530156173157,0.12760834,0.060985796,2023,1515.590425491333,"{""geodesic"":false,""type"":""Point"",""coordinates"":[83.8530156173157,21.49834663225577]}"
915,14.142135623730951,135,2022,1,0,21.393153912485374,83.97680346346738,0.15631332,-0.06717471,2023,1596.223125219345,"{""geodesic"":false,""type"":""Point"",""coordinates"":[83.97680346346738,21.393153912485374]}"
916,0.0,194,2022,1,0,21.55026925567788,83.92838426965334,-0.06336291,0.18534648,2023,1531.6997517347336,"{""geodesic"":false,""type"":""Point"",""coordinates"":[83.92838426965334,21.55026925567788]}"
917,20.0,190,2022,1,0,21.558264261706544,83.87394636343569,0.10001403,-0.050220974,2023,1531.0154056549072,"{""geodesic"":false,""type"":""Point"",""coordinates"":[83.87394636343569,21.558264261706544]}"
918,20.0,198,2022,1,0,21.572996632366102,83.98578661630857,0.22101337,-0.19968237,2023,1532.3917932510376,"{""geodesic"":false,""type"":""Point"",""coordinates"":[83.98578661630857,21.572996632366102]}"
919,0.0,192,2022,1,0,21.56374398493967,83.94446411323906,-0.10735969,0.26684505,2023,1531.6997517347336,"{""geodesic"":false,""type"":""Point"",""coordinates"":[83.94446411323906,21.56374398493967]}"
920,28.284271247461902,156,2022,1,0,21.390458966633016,83.92227572572132,0.39245668,-0.24720384,2023,1593.592208623886,"{""geodesic"":false,""type"":""Point"",""coordinates"":[83.92227572572132,21.390458966633016]}"
921,22.360679774997898,212,2022,1,0,21.36530613867767,84.09026068385167,0.15217832,-0.19078533,2023,1537.6186023950577,"{""geodesic"":false,""type"":""Point"",""coordinates"":[84.09026068385167,21.36530613867767]}"
922,22.360679774997898,171,2022,1,0,21.55089807637676,84.07804359598764,0.29549414,-0.25715667,2023,1430.2445055246353,"{""geodesic"":false,""type"":""Point"",""coordinates"":[84.07804359598764,21.55089807637676]}"
923,0.0,191,2022,1,0,21.552245549302942,83.93619961262517,-0.18177874,0.3605154,2023,1531.6997517347336,"{""geodesic"":false,""type"":""Point"",""coordinates"":[83.93619961262517,21.552245549302942]}"
924,30.0,195,2022,1,1,21.389470819820485,84.12888824106881,0.6111441,-0.5687702,2023,1588.8768920898438,"{""geodesic"":false,""type"":""Point"",""coordinates"":[84.12888824106881,21.389470819820485]}"
925,0.0,190,2022,1,0,21.552425212359765,83.92748595436922,-0.14768726,0.27916598,2023,1531.6997517347336,"{""geodesic"":false,""type"":""Point"",""coordinates"":[83.92748595436922,21.552425212359765]}"
926,0.0,191,2022,1,0,21.592490074031495,84.00123763919542,0.002714171,0.16023691,2023,1465.7138321995735,"{""geodesic"":false,""type"":""Point"",""coordinates"":[84.00123763919542,21.592490074031495]}"
927,0.0,196,2022,1,0,21.392884417900138,84.13176284997799,-0.1486784,0.19937856,2023,1588.8768920898438,"{""geodesic"":false,""type"":""Point"",""coordinates"":[84.13176284997799,21.392884417900138]}"
928,10.0,156,2022,1,0,21.452622384294088,83.9371877594377,0.05122235,0.12129945,2023,1540.8635561466217,"{""geodesic"":false,""type"":""Point"",""coordinates"":[83.9371877594377,21.452622384294088]}"
929,10.0,192,2022,1,0,21.579015344769704,83.99360195928041,-0.021475257,0.11784512,2023,1532.3917932510376,"{""geodesic"":false,""type"":""Point"",""coordinates"":[83.99360195928041,21.579015344769704]}"
930,0.0,190,2022,1,0,21.599407101719216,84.01803613500846,-0.14603616,0.29908675,2023,1465.7138321995735,"{""geodesic"":false,""type"":""Point"",""coordinates"":[84.01803613500846,21.599407101719216]}"
931,30.0,192,2022,1,0,21.5549404951553,83.87727012998693,0.30834752,-0.30955595,2023,1531.0154056549072,"{""geodesic"":false,""type"":""Point"",""coordinates"":[83.87727012998693,21.5549404951553]}"
932,22.360679774997898,192,2022,1,0,21.5060721436992,83.85346477495776,0.29597592,-0.32725638,2023,1517.3875867128372,"{""geodesic"":false,""type"":""Point"",""coordinates"":[83.85346477495776,21.5060721436992]}"
933,22.360679774997898,144,2022,1,0,21.373390976234745,83.91437055122107,0.12684453,-0.21623212,2023,1593.592208623886,"{""geodesic"":false,""type"":""Point"",""coordinates"":[83.91437055122107,21.373390976234745]}"
934,0.0,191,2022,1,0,21.557455777950835,83.91338240440854,-0.10202117,0.2086514,2023,1531.6997517347336,"{""geodesic"":false,""type"":""Point"",""coordinates"":[83.91338240440854,21.557455777950835]}"
935,20.0,164,2022,1,0,21.562576175070316,84.07265370428293,0.13792561,-0.09936897,2023,1430.2445055246353,"{""geodesic"":false,""type"":""Point"",""coordinates"":[84.07265370428293,21.562576175070316]}"
936,20.0,167,2022,1,4,21.43851883433341,83.93125887856252,0.33219227,-0.32597807,2023,1620.52530169487,"{""geodesic"":false,""type"":""Point"",""coordinates"":[83.93125887856252,21.43851883433341]}"
937,10.0,141,2022,1,0,21.413994827076948,83.9853374586665,0.030828517,0.05768384,2023,1600.8621512344107,"{""geodesic"":false,""type"":""Point"",""coordinates"":[83.9853374586665,21.413994827076948]}"
938,22.360679774997898,192,2022,1,0,21.58162045909365,83.99710538888847,0.38369963,-0.38671562,2023,1532.3917932510376,"{""geodesic"":false,""type"":""Point"",""coordinates"":[83.99710538888847,21.58162045909365]}"
939,0.0,193,2022,1,0,21.593298557787204,83.95659136957468,-0.045310937,0.22752336,2023,1532.3917932510376,"{""geodesic"":false,""type"":""Point"",""coordinates"":[83.95659136957468,21.593298557787204]}"
940,0.0,216,2022,1,0,21.368540073700498,84.10319642394299,-0.04621393,0.17523453,2023,1588.8768920898438,"{""geodesic"":false,""type"":""Point"",""coordinates"":[84.10319642394299,21.368540073700498]}"
941,0.0,193,2022,1,0,21.58404591036077,83.99297313858152,-0.063043475,0.17274472,2023,1532.3917932510376,"{""geodesic"":false,""type"":""Point"",""coordinates"":[83.99297313858152,21.58404591036077]}"
942,30.0,137,2022,1,0,21.37348080776316,83.96135244058051,0.19499096,-0.17541517,2023,1596.223125219345,"{""geodesic"":false,""type"":""Point"",""coordinates"":[83.96135244058051,21.37348080776316]}"
943,10.0,191,2022,1,0,21.56006089227478,83.95757951638721,-0.007959462,0.13692762,2023,1532.3917932510376,"{""geodesic"":false,""type"":""Point"",""coordinates"":[83.95757951638721,21.56006089227478]}"
944,22.360679774997898,191,2022,1,0,21.551616728604056,83.91248408912442,0.28533334,-0.2766521,2023,1531.6997517347336,"{""geodesic"":false,""type"":""Point"",""coordinates"":[83.91248408912442,21.551616728604056]}"
945,20.0,160,2022,1,4,21.39854380419009,83.89200250064648,0.21154772,-0.2692954,2023,1583.5447580814362,"{""geodesic"":false,""type"":""Point"",""coordinates"":[83.89200250064648,21.39854380419009]}"
946,0.0,192,2022,1,0,21.551167570961997,83.92416218781797,-0.15991472,0.24388294,2023,1531.6997517347336,"{""geodesic"":false,""type"":""Point"",""coordinates"":[83.92416218781797,21.551167570961997]}"
947,10.0,181,2022,1,0,21.51775024239275,84.06169425781667,-0.054455444,0.002460704,2023,1505.147863149643,"{""geodesic"":false,""type"":""Point"",""coordinates"":[84.06169425781667,21.51775024239275]}"
948,20.0,194,2022,1,0,21.566708425377264,83.94419461865384,0.2536232,-0.17865254,2023,1531.6997517347336,"{""geodesic"":false,""type"":""Point"",""coordinates"":[83.94419461865384,21.566708425377264]}"
949,20.0,158,2022,1,0,21.493495729721523,83.90538739837987,0.0391363,0.08624513,2023,1540.8635561466217,"{""geodesic"":false,""type"":""Point"",""coordinates"":[83.90538739837987,21.493495729721523]}"
950,0.0,188,2022,1,0,21.559162576990662,83.89775171846486,-0.13261649,0.25576627,2023,1531.0154056549072,"{""geodesic"":false,""type"":""Point"",""coordinates"":[83.89775171846486,21.559162576990662]}"
951,28.284271247461902,188,2022,1,0,21.558264261706544,83.90071615890245,-0.06276151,0.12156863,2023,1531.6997517347336,"{""geodesic"":false,""type"":""Point"",""coordinates"":[83.90071615890245,21.558264261706544]}"
952,30.0,191,2022,1,0,21.58997479123596,84.04929750689581,0.43003225,-0.39395797,2023,1465.7138321995735,"{""geodesic"":false,""type"":""Point"",""coordinates"":[84.04929750689581,21.58997479123596]}"
953,28.284271247461902,195,2022,1,0,21.596083335167975,83.95308793996662,0.008053351,0.034369398,2023,1532.3917932510376,"{""geodesic"":false,""type"":""Point"",""coordinates"":[83.95308793996662,21.596083335167975]}"
954,0.0,188,2022,1,0,21.558084598649717,83.94787771131872,-0.18507682,0.39897493,2023,1531.6997517347336,"{""geodesic"":false,""type"":""Point"",""coordinates"":[83.94787771131872,21.558084598649717]}"
955,30.0,139,2022,1,0,21.450825753725848,83.97258138163201,0.38000372,-0.35237506,2023,1580.9598841071129,"{""geodesic"":false,""type"":""Point"",""coordinates"":[83.97258138163201,21.450825753725848]}"
956,0.0,193,2022,1,0,21.55583881043942,83.91778414930072,-0.041296393,0.17374982,2023,1531.6997517347336,"{""geodesic"":false,""type"":""Point"",""coordinates"":[83.91778414930072,21.55583881043942]}"
957,10.0,146,2022,1,0,21.36943838898462,83.91410105663583,0.019673973,0.067671746,2023,1593.592208623886,"{""geodesic"":false,""type"":""Point"",""coordinates"":[83.91410105663583,21.36943838898462]}"
958,20.0,188,2022,1,0,21.560689712973666,83.90215346335704,0.12044568,0.0045732614,2023,1531.6997517347336,"{""geodesic"":false,""type"":""Point"",""coordinates"":[83.90215346335704,21.560689712973666]}"
959,10.0,211,2022,1,0,21.360185741558187,84.07957073197065,0.03433658,0.08139118,2023,1537.6186023950577,"{""geodesic"":false,""type"":""Point"",""coordinates"":[84.07957073197065,21.360185741558187]}"
960,14.142135623730951,191,2022,1,4,21.383362275888473,84.1070591796647,0.15588775,-0.16278675,2023,1588.8768920898438,"{""geodesic"":false,""type"":""Point"",""coordinates"":[84.1070591796647,21.383362275888473]}"
961,0.0,191,2022,1,0,21.55125740249041,83.92389269323273,-0.20036374,0.33423066,2023,1531.6997517347336,"{""geodesic"":false,""type"":""Point"",""coordinates"":[83.92389269323273,21.55125740249041]}"
962,0.0,208,2022,1,0,21.37132485108127,84.08648775965837,-0.007841087,0.150783,2023,1537.6186023950577,"{""geodesic"":false,""type"":""Point"",""coordinates"":[84.08648775965837,21.37132485108127]}"
963,20.0,193,2022,1,0,21.559521903104308,83.97150340329107,0.26013666,-0.28452012,2023,1532.3917932510376,"{""geodesic"":false,""type"":""Point"",""coordinates"":[83.97150340329107,21.559521903104308]}"
964,0.0,193,2022,1,0,21.561318533672548,83.96710165839889,-0.0659192,0.24711747,2023,1532.3917932510376,"{""geodesic"":false,""type"":""Point"",""coordinates"":[83.96710165839889,21.561318533672548]}"
965,20.0,144,2022,1,0,21.478404032948315,83.93691826485247,0.16562815,-0.10631886,2023,1540.8635561466217,"{""geodesic"":false,""type"":""Point"",""coordinates"":[83.93691826485247,21.478404032948315]}"
966,30.0,189,2022,1,0,21.521612998114467,84.1731751845759,0.597741,-0.5307072,2023,1491.7797845602036,"{""geodesic"":false,""type"":""Point"",""coordinates"":[84.1731751845759,21.521612998114467]}"
967,22.360679774997898,197,2022,1,0,21.548113298995993,83.92416218781797,0.38416013,-0.37651858,2023,1546.614536702633,"{""geodesic"":false,""type"":""Point"",""coordinates"":[83.92416218781797,21.548113298995993]}"
968,22.360679774997898,193,2022,1,0,21.586471361627897,84.04031435405463,0.119195506,-0.03218767,2023,1465.7138321995735,"{""geodesic"":false,""type"":""Point"",""coordinates"":[84.04031435405463,21.586471361627897]}"
969,30.0,195,2022,1,0,21.593927378486086,83.90044666431722,0.44805765,-0.46359998,2023,1531.6997517347336,"{""geodesic"":false,""type"":""Point"",""coordinates"":[83.90044666431722,21.593927378486086]}"
970,22.360679774997898,158,2022,1,0,21.473103972772012,83.91185526842553,-0.0019159247,0.116167665,2023,1540.8635561466217,"{""geodesic"":false,""type"":""Point"",""coordinates"":[83.91185526842553,21.473103972772012]}"
971,0.0,193,2022,1,0,21.56122870214414,83.96755081604094,-0.14599878,0.30204692,2023,1532.3917932510376,"{""geodesic"":false,""type"":""Point"",""coordinates"":[83.96755081604094,21.56122870214414]}"
972,30.0,194,2022,1,0,21.498077137670535,83.85364443801458,0.5679113,-0.5493018,2023,1515.590425491333,"{""geodesic"":false,""type"":""Point"",""coordinates"":[83.85364443801458,21.498077137670535]}"
973,28.284271247461902,197,2022,1,4,21.393333575542197,84.1979686864176,0.35771587,-0.42211783,2023,1588.8062154054642,"{""geodesic"":false,""type"":""Point"",""coordinates"":[84.1979686864176,21.393333575542197]}"
974,10.0,192,2022,1,0,21.57614073586052,83.98866122521775,-0.07540057,0.14135668,2023,1532.3917932510376,"{""geodesic"":false,""type"":""Point"",""coordinates"":[83.98866122521775,21.57614073586052]}"
975,20.0,210,2022,1,4,21.544699700916336,84.1927584577697,0.29416028,-0.36609933,2023,1491.7797845602036,"{""geodesic"":false,""type"":""Point"",""coordinates"":[84.1927584577697,21.544699700916336]}"
976,22.360679774997898,192,2022,1,0,21.59967659630445,84.02100057544605,0.20933914,-0.1742104,2023,1465.7138321995735,"{""geodesic"":false,""type"":""Point"",""coordinates"":[84.02100057544605,21.59967659630445]}"
977,20.0,193,2022,1,0,21.55413201139959,83.9161671817893,0.06916192,-0.024002494,2023,1531.6997517347336,"{""geodesic"":false,""type"":""Point"",""coordinates"":[83.9161671817893,21.55413201139959]}"
978,20.0,188,2022,1,0,21.56042021838843,83.89640424553868,0.17217085,-0.23297822,2023,1531.0154056549072,"{""geodesic"":false,""type"":""Point"",""coordinates"":[83.89640424553868,21.56042021838843]}"
979,30.0,135,2022,1,0,21.39162677650237,83.97033559342171,0.3039777,-0.19136383,2023,1596.223125219345,"{""geodesic"":false,""type"":""Point"",""coordinates"":[83.97033559342171,21.39162677650237]}"
980,10.0,197,2022,1,0,21.580991638394767,84.12017458281285,-0.0021691974,0.06504065,2023,1431.9922362565994,"{""geodesic"":false,""type"":""Point"",""coordinates"":[84.12017458281285,21.580991638394767]}"
981,0.0,191,2022,1,0,21.590603611934846,84.00096814461018,-0.10696518,0.24579832,2023,1465.7138321995735,"{""geodesic"":false,""type"":""Point"",""coordinates"":[84.00096814461018,21.590603611934846]}"
982,28.284271247461902,166,2022,1,0,21.485860049806508,83.92038926362467,0.38767955,-0.3272131,2023,1540.8635561466217,"{""geodesic"":false,""type"":""Point"",""coordinates"":[83.92038926362467,21.485860049806508]}"
983,0.0,158,2022,1,0,21.48496173452239,83.91005863785729,0.02596271,0.1877759,2023,1540.8635561466217,"{""geodesic"":false,""type"":""Point"",""coordinates"":[83.91005863785729,21.48496173452239]}"
984,0.0,197,2022,1,0,21.599586764776042,83.96180159822258,-0.064311706,0.2011849,2023,1532.3917932510376,"{""geodesic"":false,""type"":""Point"",""coordinates"":[83.96180159822258,21.599586764776042]}"
985,22.360679774997898,191,2022,1,0,21.55089807637676,83.9334148352444,0.1264026,-0.020678166,2023,1531.6997517347336,"{""geodesic"":false,""type"":""Point"",""coordinates"":[83.9334148352444,21.55089807637676]}"
986,14.142135623730951,195,2022,1,0,21.572996632366102,83.9867747631211,-0.0075734626,0.1109905,2023,1532.3917932510376,"{""geodesic"":false,""type"":""Point"",""coordinates"":[83.9867747631211,21.572996632366102]}"
987,30.0,193,2022,1,0,21.59770030267939,84.0033037643489,0.26018396,-0.22909324,2023,1465.7138321995735,"{""geodesic"":false,""type"":""Point"",""coordinates"":[84.0033037643489,21.59770030267939]}"
988,20.0,190,2022,1,0,21.560689712973666,83.97222205551836,0.18595825,-0.16264649,2023,1532.3917932510376,"{""geodesic"":false,""type"":""Point"",""coordinates"":[83.97222205551836,21.560689712973666]}"
989,20.0,151,2022,1,0,21.37500794374616,83.91562819261884,0.16008905,-0.2294958,2023,1593.592208623886,"{""geodesic"":false,""type"":""Point"",""coordinates"":[83.91562819261884,21.37500794374616]}"
990,20.0,210,2022,1,0,21.363689171166254,84.08927253703914,0.37575477,-0.3618391,2023,1537.6186023950577,"{""geodesic"":false,""type"":""Point"",""coordinates"":[84.08927253703914,21.363689171166254]}"
991,22.360679774997898,191,2022,1,0,21.556198136553068,83.87601248858917,0.12068965,-0.11622202,2023,1531.0154056549072,"{""geodesic"":false,""type"":""Point"",""coordinates"":[83.87601248858917,21.556198136553068]}"
992,14.142135623730951,190,2022,1,0,21.59770030267939,83.9943206115077,0.09629415,0.048836723,2023,1532.3917932510376,"{""geodesic"":false,""type"":""Point"",""coordinates"":[83.9943206115077,21.59770030267939]}"
993,22.360679774997898,185,2022,1,0,21.399531951002622,84.10948463093183,0.17809376,-0.06807352,2023,1588.8768920898438,"{""geodesic"":false,""type"":""Point"",""coordinates"":[84.10948463093183,21.399531951002622]}"
994,10.0,182,2022,1,4,21.49142960456805,84.15655635181969,0.17423312,-0.15929739,2023,1591.7766270637512,"{""geodesic"":false,""type"":""Point"",""coordinates"":[84.15655635181969,21.49142960456805]}"
995,10.0,192,2022,1,0,21.563564321882847,83.94464377629589,0.008797654,0.11777471,2023,1531.6997517347336,"{""geodesic"":false,""type"":""Point"",""coordinates"":[83.94464377629589,21.563564321882847]}"
996,14.142135623730951,188,2022,1,0,21.598149460321448,84.00348342740573,0.19553535,-0.101854205,2023,1465.7138321995735,"{""geodesic"":false,""type"":""Point"",""coordinates"":[84.00348342740573,21.598149460321448]}"
997,20.0,165,2022,1,0,21.37599609055869,84.01884461876416,0.18222585,-0.11281658,2023,1556.5259022712708,"{""geodesic"":false,""type"":""Point"",""coordinates"":[84.01884461876416,21.37599609055869]}"
998,10.0,191,2022,1,0,21.55529982126895,83.93988270529006,0.1347026,-0.017946877,2023,1531.6997517347336,"{""geodesic"":false,""type"":""Point"",""coordinates"":[83.93988270529006,21.55529982126895]}"
999,22.360679774997898,198,2022,1,0,21.58072214380953,84.17173788012131,0.18698092,-0.08627773,2023,1431.8467383384705,"{""geodesic"":false,""type"":""Point"",""coordinates"":[84.17173788012131,21.58072214380953]}"
